{
    "갇": {
        "word": "갇",
        "chosung": "ㄱ",
        "type": "조사",
        "mean": "［옛말］ '같이'의 옛말."
    },
    "갇ㄱ다": {
        "word": "갇ㄱ다",
        "chosung": "ㄱㄱㄷ",
        "type": "동사",
        "mean": "［옛말］ '깎다'의 옛말."
    },
    "갇긴": {
        "word": "갇긴",
        "chosung": "ㄱㄱ",
        "type": "명사",
        "mean": "［옛말］ '갓끈'의 옛말."
    },
    "갇다": {
        "word": "갇다",
        "chosung": "ㄱㄷ",
        "type": "동사",
        "mean": "［옛말］ '걷히다'의 옛말."
    },
    "갇모": {
        "word": "갇모",
        "chosung": "ㄱㅁ",
        "type": "명사",
        "mean": "［옛말］ '갈모'의 옛말."
    },
    "갇지다": {
        "word": "갇지다",
        "chosung": "ㄱㅈㄷ",
        "type": "동사",
        "mean": "［옛말］ 가에 치우치다."
    },
    "갇하다": {
        "word": "갇하다",
        "chosung": "ㄱㅎㄷ",
        "type": "형용사",
        "mean": "［옛말］ '같다'의 옛말."
    },
    "갇히다": {
        "word": "갇히다",
        "chosung": "ㄱㅎㄷ",
        "type": "가처",
        "mean": "), 갇히니[가치-]〕［동사］『 …에』 1. '가두다'의 피동사."
    },
    "갇히우다": {
        "word": "갇히우다",
        "chosung": "ㄱㅎㅇㄷ",
        "type": "동사",
        "mean": "［북한어］ '갇히다'의 북한어."
    }
}