{
    "갉": {
        "word": "갉",
        "chosung": "ㄱ",
        "type": "명사",
        "mean": "［방언］ '가을'의 방언(강원, 충청, 평안)."
    },
    "갉다": {
        "word": "갉다",
        "chosung": "ㄱㄷ",
        "type": "동사",
        "mean": "［옛말］ '갉다'의 옛말."
    },
    "갉아당기다": {
        "word": "갉아당기다",
        "chosung": "ㄱㅇㄷㄱㄷ",
        "type": "동사",
        "mean": "『 …을』 갉아서 앞으로 끌다."
    },
    "갉아먹기": {
        "word": "갉아먹기",
        "chosung": "ㄱㅇㅁㄱ",
        "type": "명사",
        "mean": " 노름의 하나. 돈치기할 때 맞히는 대로 따는 내기를 이른다."
    },
    "갉아먹다": {
        "word": "갉아먹다",
        "chosung": "ㄱㅇㅁㄷ",
        "type": "동사",
        "mean": "『 …을』 1. 남의 재물을 좀스럽고 비열한 방법으로 빼앗아 가지다."
    },
    "갉이": {
        "word": "갉이",
        "chosung": "ㄱㅇ",
        "type": "명사",
        "mean": "금속 세공품을 갉아 윤이 나게 하는 쇠 연장."
    },
    "갉이질": {
        "word": "갉이질",
        "chosung": "ㄱㅇㅈ",
        "type": "명사",
        "mean": " 갉이로 금속 세공품 따위를 갉아서 윤이 나게 하는 일."
    },
    "갉작": {
        "word": "갉작",
        "chosung": "ㄱㅈ",
        "type": "명사",
        "mean": "'갉작거리다'의 어근."
    },
    "갉작갉작": {
        "word": "갉작갉작",
        "chosung": "ㄱㅈㄱㅈ",
        "type": "부사",
        "mean": "1. 날카롭고 뾰족한 끝으로 바닥이나 거죽을 자꾸 문지르는 모양. 2. 되는대로 글이나 그림 따위를 자꾸 쓰거나 그리는 모양."
    },
    "갉죽": {
        "word": "갉죽",
        "chosung": "ㄱㅈ",
        "type": "명사",
        "mean": "'갉죽거리다'의 어근."
    },
    "갉죽갉죽": {
        "word": "갉죽갉죽",
        "chosung": "ㄱㅈㄱㅈ",
        "type": "부사",
        "mean": " 자꾸 무디게 갉는 모양."
    },
    "갉쥬어리다": {
        "word": "갉쥬어리다",
        "chosung": "ㄱㅈㅇㄹㄷ",
        "type": "동사",
        "mean": "［옛말］ '갉죽거리다'의 옛말."
    },
    "갉지르다": {
        "word": "갉지르다",
        "chosung": "ㄱㅈㄹㄷ",
        "type": "동사",
        "mean": "［북한어］ 손톱이나 발톱, 칼 따위의 날카로운 것으로 굳은 물체를 세게 허비다."
    },
    "갉히다": {
        "word": "갉히다",
        "chosung": "ㄱㅎㄷ",
        "type": "동사",
        "mean": "『 …에/에게』 '갉다'의 피동사."
    },
    "갉히우다": {
        "word": "갉히우다",
        "chosung": "ㄱㅎㅇㄷ",
        "type": "동사",
        "mean": "［북한어］ '갉히다'의 북한어."
    }
}