{
    "갋": {
        "word": "갋",
        "chosung": "ㄱ",
        "type": "부사",
        "mean": "［옛말］ 나란히. 함께."
    },
    "갋갋히": {
        "word": "갋갋히",
        "chosung": "ㄱㄱㅎ",
        "type": "부사",
        "mean": "［옛말］ '겹겹이'의 옛말."
    },
    "갋다": {
        "word": "갋다",
        "chosung": "ㄱㄷ",
        "type": "동사",
        "mean": "［옛말］ 가루다. 나란히 하다. 모음으로 시작하는 어미 앞에서는 '□'으로 나타난다."
    },
    "갋하다": {
        "word": "갋하다",
        "chosung": "ㄱㅎㄷ",
        "type": "동사",
        "mean": "［옛말］ '겹쳐지다'의 옛말."
    }
}