{
    "갑": {
        "word": "갑",
        "chosung": "ㄱ",
        "type": "명사",
        "mean": "'갑각(甲殼)'의 북한어."
    },
    "갑가": {
        "word": "갑가",
        "chosung": "ㄱㄱ",
        "type": "명사",
        "mean": " 문벌이 높은 집안."
    },
    "갑가을정": {
        "word": "갑가을정",
        "chosung": "ㄱㄱㅇㅈ",
        "type": "명사",
        "mean": "［북한어］ 갑이라는 집과 을이라는 정자라는 뜻으로, 이 집 저 집을 이르는 말."
    },
    "갑각": {
        "word": "갑각",
        "chosung": "ㄱㄱ",
        "type": "명사",
        "mean": "《동물》갑각류의 체표를 싸고 있는 외골격. 키틴질의 두꺼운 각피에 탄산칼슘이 포함된 단단한 구조로 되어 있다. ≒개갑(介甲) ·두흉갑."
    },
    "갑각강": {
        "word": "갑각강",
        "chosung": "ㄱㄱㄱ",
        "type": "명사",
        "mean": "절지동물의 한 강. 몸은 머리, 가슴, 배의 세 부분이 뚜렷하며, 머리와 가슴이 합하여 두흉부를 형성한다. 두 쌍의 더듬이가 있고 가슴과 배의 부속지는 둘로 나누어져 있다. 게, 새우, 가재 따위가 있다. (Crustacea)"
    },
    "갑각류": {
        "word": "갑각류",
        "chosung": "ㄱㄱㄹ",
        "type": "명사",
        "mean": " 갑각강의 동물을 일상적으로 이르는 말."
    },
    "갑각소": {
        "word": "갑각소",
        "chosung": "ㄱㄱㅅ",
        "type": "명사",
        "mean": "=키틴."
    },
    "갑각질": {
        "word": "갑각질",
        "chosung": "ㄱㄱㅈ",
        "type": "명사",
        "mean": "=키틴질."
    },
    "갑갑": {
        "word": "갑갑",
        "chosung": "ㄱㄱ",
        "type": "명사",
        "mean": "'갑갑하다'의 어근."
    },
    "갑갑궁금": {
        "word": "갑갑궁금",
        "chosung": "ㄱㄱㄱㄱ",
        "type": "명사",
        "mean": "'갑갑궁금하다'의 어근."
    },
    "갑갑증": {
        "word": "갑갑증",
        "chosung": "ㄱㄱㅈ",
        "type": "명사",
        "mean": " 갑갑하게 느껴지는 증세."
    },
    "갑갑하다": {
        "word": "갑갑하다",
        "chosung": "ㄱㄱㅎㄷ",
        "type": "형용사",
        "mean": "［옛말］ '갑갑하다'의 옛말."
    },
    "갑계": {
        "word": "갑계",
        "chosung": "ㄱㄱ",
        "type": "명사",
        "mean": "예전에, 한 절 안에서 중들의 친목과 절의 살림을 돕고자 조직하던 계."
    },
    "갑골": {
        "word": "갑골",
        "chosung": "ㄱㄱ",
        "type": "명사",
        "mean": "=어깨뼈."
    },
    "갑골글자": {
        "word": "갑골글자",
        "chosung": "ㄱㄱㄱㅈ",
        "type": "명사",
        "mean": "'갑골 문자'의 북한어."
    },
    "갑골문": {
        "word": "갑골문",
        "chosung": "ㄱㄱㅁ",
        "type": "명사",
        "mean": "=갑골 문자."
    },
    "갑골문자": {
        "word": "갑골문자",
        "chosung": "ㄱㄱㅁㅈ",
        "type": "명사",
        "mean": "고대 중국에서, 거북의 등딱지나 짐승의 뼈에 새긴 상형 문자. 한자의 가장 오래된 형태를 보여 주는 것으로, 주로 점복(占卜)의 기록에 사용하였다. ≒갑골문·귀갑수골문."
    },
    "갑골학": {
        "word": "갑골학",
        "chosung": "ㄱㄱㅎ",
        "type": "명사",
        "mean": " 갑골 문자를 연구하는 학문."
    },
    "갑곶": {
        "word": "갑곶",
        "chosung": "ㄱㄱ",
        "type": "명사",
        "mean": "《지명》인천광역시 강화군 강화읍에 있는 마을. 고려 23대 고종 때에 몽골군이 침입하자, 집권자였던 최우가 조정을 이끌고 피란한 곳으로, 군사의 갑옷만 벗어 쌓아도 건널 수 있다는 말에서 유래하였다."
    },
    "갑과": {
        "word": "갑과",
        "chosung": "ㄱㄱ",
        "type": "명사",
        "mean": "조선 시대에, 과거 합격자를 성적에 따라 나누던 세 등급 가운데 첫째 등급. 일등인 장원, 이등인 방안, 삼등인 탐화가 이 등급에 속한다."
    },
    "갑관": {
        "word": "갑관",
        "chosung": "ㄱㄱ",
        "type": "명사",
        "mean": "=세자시강원."
    },
    "갑군": {
        "word": "갑군",
        "chosung": "ㄱㄱ",
        "type": "명사",
        "mean": "갑옷을 입은 군사."
    },
    "갑근세": {
        "word": "갑근세",
        "chosung": "ㄱㄱㅅ",
        "type": "명사",
        "mean": "'갑종 근로 소득세'를 줄여 이르는 말."
    },
    "갑기": {
        "word": "갑기",
        "chosung": "ㄱㄱ",
        "type": "명사",
        "mean": "갑옷을 입고 말을 탄 군사."
    },
    "갑기야반": {
        "word": "갑기야반",
        "chosung": "ㄱㄱㅇㅂ",
        "type": "명사",
        "mean": "간지가 갑(甲)이나 기(己)로 된 날의 첫 시."
    },
    "갑기지년": {
        "word": "갑기지년",
        "chosung": "ㄱㄱㅈㄴ",
        "type": "명사",
        "mean": "해의 간지가 갑(甲)이나 기(己)로 된 해."
    },
    "갑남을녀": {
        "word": "갑남을녀",
        "chosung": "ㄱㄴㅇㄴ",
        "type": "명사",
        "mean": " 갑이란 남자와 을이란 여자라는 뜻으로, 평범한 사람들을 이르는 말."
    },
    "갑년": {
        "word": "갑년",
        "chosung": "ㄱㄴ",
        "type": "명사",
        "mean": "천간(天干)이 갑으로 된 해."
    },
    "갑다": {
        "word": "갑다",
        "chosung": "ㄱㄷ",
        "type": "접사",
        "mean": "［옛말］｛ 일부 명사나 동사, 형용사 어간 뒤에 붙어｝ 형용사를 만드는 접미사."
    },
    "갑담배": {
        "word": "갑담배",
        "chosung": "ㄱㄷㅂ",
        "type": "명사",
        "mean": "［북한어］ 갑에 넣은 담배."
    },
    "갑당": {
        "word": "갑당",
        "chosung": "ㄱㄷ",
        "type": "명사",
        "mean": "신라 때에, 갑주(甲胄)를 중심으로 하여 특별히 조직한 군대. 기계나 병기 위주로 조직하여 공격이나 방어의 특수 임무를 맡았다."
    },
    "갑댕이": {
        "word": "갑댕이",
        "chosung": "ㄱㄷㅇ",
        "type": "명사",
        "mean": "［방언］ '대님'의 방언(경상)."
    },
    "갑두": {
        "word": "갑두",
        "chosung": "ㄱㄷ",
        "type": "명사",
        "mean": "운하나 수로, 항구 따위에서 때때로 여닫는 수문(水門)."
    },
    "갑두어": {
        "word": "갑두어",
        "chosung": "ㄱㄷㅇ",
        "type": "명사",
        "mean": "=성대."
    },
    "갑론을박": {
        "word": "갑론을박",
        "chosung": "ㄱㄹㅇㅂ",
        "type": "명사",
        "mean": " 여러 사람이 서로 자신의 주장을 내세우며 상대편의 주장을 반박함."
    },
    "갑류농지세": {
        "word": "갑류농지세",
        "chosung": "ㄱㄹㄴㅈㅅ",
        "type": "명사",
        "mean": "보통 작물을 재배하여 생산하는 농지 소유자에게 기준 수확을 과세 표준으로 하여 부과하는 농지세."
    },
    "갑리": {
        "word": "갑리",
        "chosung": "ㄱㄹ",
        "type": "명사",
        "mean": " =갑변 ."
    },
    "갑리별": {
        "word": "갑리별",
        "chosung": "ㄱㄹㅂ",
        "type": "명사",
        "mean": "［북한어］ '갑이별'의 북한어."
    },
    "갑마": {
        "word": "갑마",
        "chosung": "ㄱㅁ",
        "type": "명사",
        "mean": " 갑옷을 입힌 말."
    },
    "갑모지의": {
        "word": "갑모지의",
        "chosung": "ㄱㅁㅈㅇ",
        "type": "명사",
        "mean": "=갑옷지의."
    },
    "갑문": {
        "word": "갑문",
        "chosung": "ㄱㅁ",
        "type": "명사",
        "mean": "1. 운하나 방수로 따위에서 물 높이가 일정하도록 물의 양을 조절하는 데 쓰는 문. 2. 선박을 높낮이 차가 큰 수면으로 오르내리게 하는 장치."
    },
    "갑문머리부": {
        "word": "갑문머리부",
        "chosung": "ㄱㅁㅁㄹㅂ",
        "type": "명사",
        "mean": "배가 들어갈 수 있도록 만든 수로와 정박하는 부분을 뺀 나머지 갑문의 앞부분."
    },
    "갑문물소비량": {
        "word": "갑문물소비량",
        "chosung": "ㄱㅁㅁㅅㅂㄹ",
        "type": "명사",
        "mean": "배가 갑문을 지날 때 하류로 빠지는 물의 양."
    },
    "갑문물키": {
        "word": "갑문물키",
        "chosung": "ㄱㅁㅁㅋ",
        "type": "명사",
        "mean": "갑문의 위쪽 물 높이와 아래쪽 물 높이와의 차이."
    },
    "갑문발전소": {
        "word": "갑문발전소",
        "chosung": "ㄱㅁㅂㅈㅅ",
        "type": "명사",
        "mean": "갑문 수역(水域)의 낙차를 이용하여 전기를 일으키는 발전소."
    },
    "갑문부두": {
        "word": "갑문부두",
        "chosung": "ㄱㅁㅂㄷ",
        "type": "명사",
        "mean": "갑문에 출입하는 배들이 임시로 머물 수 있도록 갑실의 위쪽과 아래쪽에 만든 부두."
    },
    "갑문비": {
        "word": "갑문비",
        "chosung": "ㄱㅁㅂ",
        "type": "명사",
        "mean": "갑문의 갑실 앞뒤에 설치하는 수문."
    },
    "갑문식운하": {
        "word": "갑문식운하",
        "chosung": "ㄱㅁㅅㅇㅎ",
        "type": "명사",
        "mean": "갑문을 이용하여 선박을 통과시키는 방식의 운하. 수평 운하를 파기 어려울 때 건설하는 운하로, 운하를 많은 갑실로 구분하여 이웃한 갑실을 같은 수위로 조절하여 배를 운항하게 한다. 파나마 운하가 대표적이다. ≒갑문 운하·물문식 운하·수문식 운하·유문식 운하."
    },
    "갑문신호": {
        "word": "갑문신호",
        "chosung": "ㄱㅁㅅㅎ",
        "type": "명사",
        "mean": "갑문을 지나가는 배에 알리는 신호."
    },
    "갑문언제": {
        "word": "갑문언제",
        "chosung": "ㄱㅁㅇㅈ",
        "type": "명사",
        "mean": "갑실과 이어져 있는 둑."
    },
    "갑문운하": {
        "word": "갑문운하",
        "chosung": "ㄱㅁㅇㅎ",
        "type": "명사",
        "mean": "=갑문식 운하."
    },
    "갑문저수지": {
        "word": "갑문저수지",
        "chosung": "ㄱㅁㅈㅅㅈ",
        "type": "명사",
        "mean": "갑문의 건설로 물의 흐름이 막혀서 이루어진 저수지."
    },
    "갑문접근수로": {
        "word": "갑문접근수로",
        "chosung": "ㄱㅁㅈㄱㅅㄹ",
        "type": "명사",
        "mean": "배가 갑실에 편리하고 안전하게 드나들 수 있도록 갑문의 앞부분에 낸 물길."
    },
    "갑문항": {
        "word": "갑문항",
        "chosung": "ㄱㅁㅎ",
        "type": "명사",
        "mean": "갑문 시설을 갖춘 항구."
    },
    "갑문화": {
        "word": "갑문화",
        "chosung": "ㄱㅁㅎ",
        "type": "명사",
        "mean": "하천에 여러 개의 저수지가 계단식으로 연결되도록 갑문과 둑을 건설하여 강물의 수위를 높이고 수로를 늘리는 일."
    },
    "갑반": {
        "word": "갑반",
        "chosung": "ㄱㅂ",
        "type": "명사",
        "mean": " 품질이 아주 좋은 작은 상(床)."
    },
    "갑방": {
        "word": "갑방",
        "chosung": "ㄱㅂ",
        "type": "명사",
        "mean": "이십사방위(方位)의 하나. 정동(正東)에서 북으로 15도의 방위를 중심으로 한 15도 안의 방향이다. ≒갑(甲) ."
    },
    "갑방장수": {
        "word": "갑방장수",
        "chosung": "ㄱㅂㅈㅅ",
        "type": "명사",
        "mean": "고려 시대에, 각 지방에서 뽑혀 올라온 수공(手工) 일을 하던 장인. 궁궐 안에서의 수공업에 약 삼백 일 이상 부역하였다."
    },
    "갑배": {
        "word": "갑배",
        "chosung": "ㄱㅂ",
        "type": "명사",
        "mean": " 여러 겹으로 포개어 붙인 종이로 바름."
    },
    "갑배세": {
        "word": "갑배세",
        "chosung": "ㄱㅂㅅ",
        "type": "명사",
        "mean": "'갑종 배당 이자 소득세'를 줄여 이르는 말."
    },
    "갑번": {
        "word": "갑번",
        "chosung": "ㄱㅂ",
        "type": "명사",
        "mean": "두 편이 번갈아 번을 설 때 먼저 서는 번."
    },
    "갑변": {
        "word": "갑변",
        "chosung": "ㄱㅂ",
        "type": "명사",
        "mean": "조선 시대에, 한 달에 10할 이상의 이자를 받던 일. 공채(公債)·사채(私債)를 막론하고 2할 이상의 이자를 받는 사람은 장(杖) 80대와 2년의 도형(徒刑)에 처했으며, 사적으로 갑변을 받는 사람은 장 100대에 처한 후 정배를 보냈다."
    },
    "갑병": {
        "word": "갑병",
        "chosung": "ㄱㅂ",
        "type": "명사",
        "mean": "갑옷을 입은 병사. ≒갑사(甲士) ·갑졸(甲卒)."
    },
    "갑봉": {
        "word": "갑봉",
        "chosung": "ㄱㅂ",
        "type": "명사",
        "mean": " 고리대금업자들이 변리를 본전에 곱쳐서 받는 일."
    },
    "갑부": {
        "word": "갑부",
        "chosung": "ㄱㅂ",
        "type": "명사",
        "mean": " 수문을 여닫는 일을 하는 사람."
    },
    "갑북": {
        "word": "갑북",
        "chosung": "ㄱㅂ",
        "type": "부사",
        "mean": "［방언］ '가뜩'의 방언(평북)."
    },
    "갑북하다": {
        "word": "갑북하다",
        "chosung": "ㄱㅂㅎㄷ",
        "type": "형용사",
        "mean": "［방언］ '가뿐하다'의 방언(평북)."
    },
    "갑사": {
        "word": "갑사",
        "chosung": "ㄱㅅ",
        "type": "명사",
        "mean": " 품질이 좋은 비단. 얇고 성겨서 여름 옷감으로 많이 쓴다."
    },
    "갑사댕기": {
        "word": "갑사댕기",
        "chosung": "ㄱㅅㄷㄱ",
        "type": "명사",
        "mean": " 갑사로 만든 댕기."
    },
    "갑사쾌자": {
        "word": "갑사쾌자",
        "chosung": "ㄱㅅㅋㅈ",
        "type": "명사",
        "mean": " 갑사로 만든 쾌자."
    },
    "갑삭": {
        "word": "갑삭",
        "chosung": "ㄱㅅ",
        "type": "부사",
        "mean": "［북한어］ 어떤 물건이 몹시 가벼워 보이는 모양."
    },
    "갑삭갑삭": {
        "word": "갑삭갑삭",
        "chosung": "ㄱㅅㄱㅅ",
        "type": "부사",
        "mean": "［북한어］1. 고개나 몸을 가볍게 조금 자꾸 숙이는 모양."
    },
    "갑산": {
        "word": "갑산",
        "chosung": "ㄱㅅ",
        "type": "명사",
        "mean": "함경남도 갑산군에 있는 면. 개마고원의 중심부로, 교통이 불편하고 바다에서 멀리 떨어져 있어서 특유의 풍토병(風土病)이 있다. 갑산군의 군청 소재지이다. 면적은 257.07㎢."
    },
    "갑산군": {
        "word": "갑산군",
        "chosung": "ㄱㅅㄱ",
        "type": "명사",
        "mean": "함경남도 북동부에 있는 군. 쌀, 감자 따위의 농산물과 황동광 따위의 지하자원이 풍부하며, 동인보·운총보·진동보·간의대·여진성 따위의 명승지가 있다. 군청 소재지는 갑산, 면적은 3,755㎢. 북한에서는 1952년 12월 행정 구역 개편으로 일부 지역이 운흥군과 보천군으로 갈라져 나갔으며 그 뒤 1954년 10월 이후 양강도의 한 군으로 현존한다."
    },
    "갑산장진고원": {
        "word": "갑산장진고원",
        "chosung": "ㄱㅅㅈㅈㄱㅇ",
        "type": "명사",
        "mean": "함경남도 갑산·삼수·풍산·장진군과 신흥군의 북부 지방에 걸친 고원. 함남의 약 1/2을 차지하는 광대한 지역으로 서반부는 개마고원에 속하며, 남동쪽은 함경산맥, 북동쪽은 마천령산맥에 의해서 경계 지어진다. 경사가 완만한 구릉지로 삼림이 울창하다. 평균 고도는 1,200미터."
    },
    "갑산제비꽃": {
        "word": "갑산제비꽃",
        "chosung": "ㄱㅅㅈㅂㄲ",
        "type": "명사",
        "mean": "《식물》제비꽃과의 여러해살이풀. 높이는 6cm 정도이고 줄기가 없으며, 잎은 뿌리에서 뭉쳐난다. 5월에 잎 사이에서 여러 갈래의 가는 꽃줄기가 나와 그 끝에 연한 보라색 꽃이 피고 열매는 삭과를 맺는다. 산지에서 자라는데 경기, 함남의 갑산·북청 등지에 분포한다. (Viola kapsanensis)"
    },
    "갑산포아풀": {
        "word": "갑산포아풀",
        "chosung": "ㄱㅅㅍㅇㅍ",
        "type": "명사",
        "mean": "볏과의 여러해살이풀. 높이는 35~80cm이며, 잎은 편평하고 표면이 거칠다. 꽃은 10~20cm의 원추(圓錐) 꽃차례로 핀다. 갑산과 금강산 이북에 분포한다. (Poa ussuriensis)"
    },
    "갑삼지": {
        "word": "갑삼지",
        "chosung": "ㄱㅅㅈ",
        "type": "명사",
        "mean": " 쌈지를 만드는 데 쓰는 두꺼운 종이."
    },
    "갑삼팔": {
        "word": "갑삼팔",
        "chosung": "ㄱㅅㅍ",
        "type": "명사",
        "mean": " 품질이 아주 좋은 삼팔주."
    },
    "갑상": {
        "word": "갑상",
        "chosung": "ㄱㅅ",
        "type": "명사",
        "mean": "검도에서, 허리 부분과 국부를 보호하려고 치마처럼 만들어 두르는 물건."
    },
    "갑상선": {
        "word": "갑상선",
        "chosung": "ㄱㅅㅅ",
        "type": "명사",
        "mean": "후두(喉頭)의 앞쪽 아랫부분에 있는 내분비선. 신체의 발육 및 신진대사에 관계하는 호르몬인 티록신을 분비한다. ≒목밑샘."
    },
    "갑상선기능부전": {
        "word": "갑상선기능부전",
        "chosung": "ㄱㅅㅅㄱㄴㅂㅈ",
        "type": "명사",
        "mean": "=갑상선 기능 저하증."
    },
    "갑상선기능저하증": {
        "word": "갑상선기능저하증",
        "chosung": "ㄱㅅㅅㄱㄴㅈㅎㅈ",
        "type": "명사",
        "mean": "혈액 속에 갑상선 호르몬이 부족하여서 생기는 병. 몸속의 물질대사가 잘 이루어지지 않아 몸이 나른하고 기력이 없어지며 동작이 느슨하여지는 증상이 나타난다. ≒갑상선 기능 부전."
    },
    "갑상선기능항진증": {
        "word": "갑상선기능항진증",
        "chosung": "ㄱㅅㅅㄱㄴㅎㅈㅈ",
        "type": "명사",
        "mean": "혈액 속에 갑상선 호르몬이 과도하게 생기는 병. 신진대사가 과도하게 활발해져 갑상선이 커지며 눈이 튀어나오고, 심장이 빨리 뛰며 손끝이 떨리고 땀을 많이 흘리며, 음식을 많이 먹는데도 체중이 줄어드는 따위의 증상을 보인다."
    },
    "갑상선암": {
        "word": "갑상선암",
        "chosung": "ㄱㅅㅅㅇ",
        "type": "명사",
        "mean": "갑상선에 발생하는 암을 통틀어 이르는 말. 90% 이상이 발육이 느린 선암(腺癌)이며 악성도가 높은 미분화 암, 수양암, 악성 림프종 따위가 있다."
    },
    "갑상선염": {
        "word": "갑상선염",
        "chosung": "ㄱㅅㅅㅇ",
        "type": "명사",
        "mean": "갑상선에 생기는 염증. 열이 나고 갑상선이 부으면서 아픈 급성과, 열은 별로 나지 않고 갑상선이 커지면서 굳어지는 만성이 있다."
    },
    "갑상선자극호르몬": {
        "word": "갑상선자극호르몬",
        "chosung": "ㄱㅅㅅㅈㄱㅎㄹㅁ",
        "type": "명사",
        "mean": "갑상선의 성숙과 갑상선 호르몬의 분비를 촉진하는 호르몬. 뇌하수체 전엽에서 분비된다."
    },
    "갑상선종": {
        "word": "갑상선종",
        "chosung": "ㄱㅅㅅㅈ",
        "type": "명사",
        "mean": "갑상선의 일부 또는 전체가 커지는 현상을 통틀어 이르는 말. 대개 목 앞이 두드러지게 불룩해진다."
    },
    "갑상선중독증": {
        "word": "갑상선중독증",
        "chosung": "ㄱㅅㅅㅈㄷㅈ",
        "type": "명사",
        "mean": "갑상선 호르몬 제제(製劑)의 과용으로 갑상선 기능 항진증 따위와 같은 증상을 보이는 상태. 원인은 불분명하나 임신, 폐경, 갑상선 종양 초기 따위가 유인(誘因)이 될 수 있다."
    },
    "갑상선호르몬": {
        "word": "갑상선호르몬",
        "chosung": "ㄱㅅㅅㅎㄹㅁ",
        "type": "명사",
        "mean": "갑상선에서 분비되는 호르몬. 단백질 분자로 존재하며, 물의 대사를 비롯하여 신체의 기초 대사를 조절하여 몸의 발육을 촉진시킨다."
    },
    "갑상설골막": {
        "word": "갑상설골막",
        "chosung": "ㄱㅅㅅㄱㅁ",
        "type": "명사",
        "mean": "갑상 연골의 위쪽과 설골을 연결하는 막."
    },
    "갑상연골": {
        "word": "갑상연골",
        "chosung": "ㄱㅅㅇㄱ",
        "type": "명사",
        "mean": "후두(喉頭)의 앞면과 좌우를 둘러싼 연골. 후두 연골 가운데 가장 크며, 아래 끝에서 환상 연골과 관절을 이룬다."
    },
    "갑상파열인대": {
        "word": "갑상파열인대",
        "chosung": "ㄱㅅㅍㅇㅇㄷ",
        "type": "명사",
        "mean": "갑상 연골과 환상 연골 사이에 있는 힘줄. 소리를 내는 기관 가운데 하나이다."
    },
    "갑생초": {
        "word": "갑생초",
        "chosung": "ㄱㅅㅊ",
        "type": "명사",
        "mean": " =곡생초."
    },
    "갑석": {
        "word": "갑석",
        "chosung": "ㄱㅅ",
        "type": "명사",
        "mean": " 돌 위에 올려 놓는 납작한 돌."
    },
    "갑선거": {
        "word": "갑선거",
        "chosung": "ㄱㅅㄱ",
        "type": "명사",
        "mean": "선박의 출입과 정박을 위하여 선거(船渠)의 입구에 갑문을 설치하고 선거 안의 수면을 항상 일정한 수위로 유지하는 계선거."
    },
    "갑수": {
        "word": "갑수",
        "chosung": "ㄱㅅ",
        "type": "명사",
        "mean": "1. 갑옷을 입은 병사. 2. 갑옷을 입은 병사의 머리."
    },
    "갑숙하다": {
        "word": "갑숙하다",
        "chosung": "ㄱㅅㅎㄷ",
        "type": "형용사",
        "mean": "［방언］ '갭직하다'의 방언(평남, 황해)."
    },
    "갑술": {
        "word": "갑술",
        "chosung": "ㄱㅅ",
        "type": "명사",
        "mean": "육십갑자의 열한째."
    },
    "갑술옥사": {
        "word": "갑술옥사",
        "chosung": "ㄱㅅㅇㅅ",
        "type": "명사",
        "mean": "조선 숙종 20년(1694)에 당시의 집권층인 남인(南人)이 폐비 민 씨의 복위 운동을 꾀하던 일파를 제거하려다 도리어 화를 입은 사건. 이를 계기로 남인계는 와해되고 소론계가 집권하게 되었으며, 정계는 노론과 소론의 양립 국면으로 전환하였다. ≒갑술환국."
    },
    "갑술환국": {
        "word": "갑술환국",
        "chosung": "ㄱㅅㅎㄱ",
        "type": "명사",
        "mean": "《역사》=갑술옥사."
    },
    "갑시": {
        "word": "갑시",
        "chosung": "ㄱㅅ",
        "type": "명사",
        "mean": "이십사시(二十四時)의 여섯째 시. 오전 네 시 반에서 다섯 시 반까지이다. ≒갑(甲)."
    },
    "갑시다": {
        "word": "갑시다",
        "chosung": "ㄱㅅㄷ",
        "type": "동사",
        "mean": "1. 세찬 바람이나 물 따위가 갑자기 목구멍에 들어갈 때, 숨이 막히게 되다."
    },
    "갑신": {
        "word": "갑신",
        "chosung": "ㄱㅅ",
        "type": "명사",
        "mean": "육십갑자의 스물한째."
    },
    "갑신갑신": {
        "word": "갑신갑신",
        "chosung": "ㄱㅅㄱㅅ",
        "type": "부사",
        "mean": "［북한어］1. 고개나 몸을 멋없이 가볍게 자꾸 숙이는 모양. 2. 채신없이 자꾸 다소 비굴하게 행동하는 모양."
    },
    "갑신정변": {
        "word": "갑신정변",
        "chosung": "ㄱㅅㅈㅂ",
        "type": "명사",
        "mean": "조선 고종 21년(1884)에 김옥균, 박영효 등의 개화당이 민 씨 일파를 몰아내고 혁신적인 정부를 세우기 위하여 일으킨 정변. 거사 이틀 후에 민 씨 등의 수구당과 청나라 군사의 반격을 받아 실패로 돌아갔다."
    },
    "갑실": {
        "word": "갑실",
        "chosung": "ㄱㅅ",
        "type": "명사",
        "mean": " 수위를 맞추어 배들이 갑문을 지나거나 또는 배들이 들어가 있을 수 있게 만든 칸."
    },
    "갑실문": {
        "word": "갑실문",
        "chosung": "ㄱㅅㅁ",
        "type": "명사",
        "mean": "［북한어］ 배들이 갑실에 드나들 때 수위를 조절할 수 있게 위의 단과 아래 단에 설치한 문."
    },
    "갑실신": {
        "word": "갑실신",
        "chosung": "ㄱㅅㅅ",
        "type": "명사",
        "mean": "［방언］ 마소 따위의 가죽을 실같이 오려내어 말려서 그것으로 삼은 신(제주)."
    },
    "갑실안내벽": {
        "word": "갑실안내벽",
        "chosung": "ㄱㅅㅇㄴㅂ",
        "type": "명사",
        "mean": "［북한어］ 배가 갑실에 안전하고 편리하게 드나들 수 있게 수로 오른쪽 기슭에 만든 벽."
    },
    "갑싸다": {
        "word": "갑싸다",
        "chosung": "ㄱㅆㄷ",
        "type": "형용사",
        "mean": "［옛말］ 값이 있다."
    },
    "갑안": {
        "word": "갑안",
        "chosung": "ㄱㅇ",
        "type": "명사",
        "mean": "양쪽 어깨뼈의 한가운데 쪽에살이 움푹 팬 부분."
    },
    "갑야": {
        "word": "갑야",
        "chosung": "ㄱㅇ",
        "type": "명사",
        "mean": " '초경(初更)'을 오야의 하나로 이르는 말."
    },
    "갑연": {
        "word": "갑연",
        "chosung": "ㄱㅇ",
        "type": "명사",
        "mean": " =환갑잔치."
    },
    "갑엽": {
        "word": "갑엽",
        "chosung": "ㄱㅇ",
        "type": "명사",
        "mean": " =갑옷미늘."
    },
    "갑오": {
        "word": "갑오",
        "chosung": "ㄱㅇ",
        "type": "명사",
        "mean": "육십갑자의 서른한째."
    },
    "갑오개혁": {
        "word": "갑오개혁",
        "chosung": "ㄱㅇㄱㅎ",
        "type": "명사",
        "mean": "《역사》조선 고종 31년(1894) 7월부터 고종 33년(1896) 2월 사이에 추진되었던 개혁 운동. 개화당이 정권을 잡아 3차에 이르는 개혁을 통하여, 재래의 문물제도를 근대식으로 고치는 등 정치·경제·사회 전반에 걸쳐 혁신을 단행하였다."
    },
    "갑오경장": {
        "word": "갑오경장",
        "chosung": "ㄱㅇㄱㅈ",
        "type": "명사",
        "mean": "'갑오개혁'의 전 용어."
    },
    "갑오농민전쟁": {
        "word": "갑오농민전쟁",
        "chosung": "ㄱㅇㄴㅁㅈㅈ",
        "type": "명사",
        "mean": "=동학 농민 운동."
    },
    "갑오신정부": {
        "word": "갑오신정부",
        "chosung": "ㄱㅇㅅㅈㅂ",
        "type": "명사",
        "mean": "조선 고종 31년(1894) 갑오개혁 직후에 조직한 최초의 근대적 내각 정부. 김홍집을 중심으로 한 제2차 김홍집 내각을 이른다."
    },
    "갑오징어목": {
        "word": "갑오징어목",
        "chosung": "ㄱㅇㅈㅇㅁ",
        "type": "명사",
        "mean": "《동물》연체동물 두족강의 한 목. 갑오징엇과, 꼬마오징엇과, 꼴뚜깃과 따위가 있다. (Sepioidea)"
    },
    "갑오풀잠자리": {
        "word": "갑오풀잠자리",
        "chosung": "ㄱㅇㅍㅈㅈㄹ",
        "type": "명사",
        "mean": "풀잠자릿과의 곤충. 몸의 길이는 1cm 정도이며 몸 색깔은 녹색이다. 날개는 투명하며 더듬이는 누런빛을 띤 갈색이다. 한국, 일본 등지에 분포한다. (Chrysopa formosa)"
    },
    "갑오혁신": {
        "word": "갑오혁신",
        "chosung": "ㄱㅇㅎㅅ",
        "type": "명사",
        "mean": "'갑오개혁'의 전 용어."
    },
    "갑옷": {
        "word": "갑옷",
        "chosung": "ㄱㅇ",
        "type": "명사",
        "mean": " 예전에, 싸움을 할 때 적의 창검이나 화살을 막기 위하여 입던 옷. 쇠나 가죽의 미늘을 붙여 만들었다. ≒갑(甲) ·갑의·개갑(介甲) ·의갑(衣甲)·혁갑."
    },
    "갑옷린을": {
        "word": "갑옷린을",
        "chosung": "ㄱㅇㄹㅇ",
        "type": "명사",
        "mean": "［옛말］ '갑옷미늘'의 옛말."
    },
    "갑옷미늘": {
        "word": "갑옷미늘",
        "chosung": "ㄱㅇㅁㄴ",
        "type": "명사",
        "mean": " 갑옷에 단 비늘 모양의 가죽 조각이나 쇳조각. ≒갑엽·미늘 ·소찰."
    },
    "갑옷우레기": {
        "word": "갑옷우레기",
        "chosung": "ㄱㅇㅇㄹㄱ",
        "type": "명사",
        "mean": "우레깃과의 바닷물고기. 몸은 타원형이고 옆으로 넓적하며 등 쪽은 잿빛 갈색에 검은 점무늬가 있으며 배 쪽은 잿빛 흰색이다."
    },
    "갑옷지의": {
        "word": "갑옷지의",
        "chosung": "ㄱㅇㅈㅇ",
        "type": "명사",
        "mean": "갑옷지의과의 엽상지의류의 하나. 겉은 노란 밤색에 그물 모양의 줄이 있으며, 밑에 있는 헛뿌리로 물체에 붙어산다. 약재로 쓴다. 산의 나무나 바위에서 자라는데 우리나라 각지에 분포한다. ≒갑모지의."
    },
    "갑옷투구": {
        "word": "갑옷투구",
        "chosung": "ㄱㅇㅌㄱ",
        "type": "명사",
        "mean": " =갑주(甲胄)."
    },
    "갑을": {
        "word": "갑을",
        "chosung": "ㄱㅇ",
        "type": "명사",
        "mean": "=갑을경."
    },
    "갑을경": {
        "word": "갑을경",
        "chosung": "ㄱㅇㄱ",
        "type": "명사",
        "mean": "중국 진(晉)나라의 황보밀(皇甫謐)이 지은 의서(醫書). 침구(鍼灸)의 법을 자세히 다루고 있다. 8권. ≒갑을 ."
    },
    "갑을록": {
        "word": "갑을록",
        "chosung": "ㄱㅇㄹ",
        "type": "명사",
        "mean": "《책명》조선 숙종 때 노론·소론의 분립과 관련이 있는 여 명의 서신, 상소, 차자(箚子) 따위를 모아 엮은 책. 숙종 10년(1684) 갑자년부터 경종 2년(1722) 을축년까지의 당쟁의 전개 양상을 살필 수 있는 자료이다. 5권 5책의 사본(寫本)."
    },
    "갑을창": {
        "word": "갑을창",
        "chosung": "ㄱㅇㅊ",
        "type": "명사",
        "mean": "1. 조선 시대에, 무과에서 갑·을 두 사람을 맞붙여서 규정된 법식대로 창을 쓰게 하던 일. 2. 무인들이 교습할 때 말을 타고 창을 쓰던 법식."
    },
    "갑의": {
        "word": "갑의",
        "chosung": "ㄱㅇ",
        "type": "명사",
        "mean": " =갑옷."
    },
    "갑이별": {
        "word": "갑이별",
        "chosung": "ㄱㅇㅂ",
        "type": "명사",
        "mean": " 서로 사랑하다가 갑자기 헤어짐."
    },
    "갑인": {
        "word": "갑인",
        "chosung": "ㄱㅇ",
        "type": "명사",
        "mean": "육십갑자의 쉰한째."
    },
    "갑인자": {
        "word": "갑인자",
        "chosung": "ㄱㅇㅈ",
        "type": "명사",
        "mean": "조선 세종 16년(1434) 갑인년에 만든 구리 활자. 이천, 김돈, 장영실 등이 왕명으로 , 《논어》 따위를 글자본으로 하여 만든 것으로 활자는 현존하지 않고, 인쇄본으로 《신간대자부음석문삼주》 1권이 전한다. ≒위부인자."
    },
    "갑인자체": {
        "word": "갑인자체",
        "chosung": "ㄱㅇㅈㅊ",
        "type": "명사",
        "mean": "조선 세종 16년(1434)에 갑인자를 만드는 데 사용한 글자본. , 《논어》 따위의 필적을 본뜬 것이다."
    },
    "갑일": {
        "word": "갑일",
        "chosung": "ㄱㅇ",
        "type": "명사",
        "mean": "천간이 갑(甲)으로 된 날. 2. =환갑날."
    },
    "갑자": {
        "word": "갑자",
        "chosung": "ㄱㅈ",
        "type": "명사",
        "mean": "육십갑자의 첫째."
    },
    "갑자기": {
        "word": "갑자기",
        "chosung": "ㄱㅈㄱ",
        "type": "부사",
        "mean": " 미처 생각할 겨를도 없이 급히."
    },
    "갑자꼬리": {
        "word": "갑자꼬리",
        "chosung": "ㄱㅈㄲㄹ",
        "type": "명사",
        "mean": " '갑잡골'의 잘못."
    },
    "갑자르다": {
        "word": "갑자르다",
        "chosung": "ㄱㅈㄹㄷ",
        "type": "동사",
        "mean": "［북한어］1. 힘이 들거나 뜻대로 되지 아니하여 낑낑거리다."
    },
    "갑자사화": {
        "word": "갑자사화",
        "chosung": "ㄱㅈㅅㅎ",
        "type": "명사",
        "mean": "조선 연산군 10년(1504)에 폐비 윤 씨와 관련하여 많은 선비들이 죽음을 당한 사건. 연산군의 생모 윤 씨가 폐위되어 사약을 받고 죽은 일에 관계한 신하들과 윤 씨의 복위를 반대한 사람들이 임금의 노여움을 사게 되어 화를 입었다."
    },
    "갑자원": {
        "word": "갑자원",
        "chosung": "ㄱㅈㅇ",
        "type": "명사",
        "mean": "'고시엔'의 잘못."
    },
    "갑자혁령": {
        "word": "갑자혁령",
        "chosung": "ㄱㅈㅎㄹ",
        "type": "명사",
        "mean": "중국 한나라 때부터 유행하던 참위설에 근거한 사상. 육십갑자가 한 바퀴 도는 60년마다 국가에 변혁이 일어난다는 설이다."
    },
    "갑작": {
        "word": "갑작",
        "chosung": "ㄱㅈ",
        "type": "명사",
        "mean": "《공업》독을 굽는 데 쓰는 갑(匣)을 만드는 공장. ≒모기작."
    },
    "갑작끓기": {
        "word": "갑작끓기",
        "chosung": "ㄱㅈㄲㄱ",
        "type": "명사",
        "mean": "'튐'의 북한어."
    },
    "갑작달리기": {
        "word": "갑작달리기",
        "chosung": "ㄱㅈㄷㄹㄱ",
        "type": "명사",
        "mean": "［북한어］'급출발'을 다듬은 말."
    },
    "갑작도이": {
        "word": "갑작도이",
        "chosung": "ㄱㅈㄷㅇ",
        "type": "부사",
        "mean": "［옛말］ '갑작스레'의 옛말."
    },
    "갑작바람": {
        "word": "갑작바람",
        "chosung": "ㄱㅈㅂㄹ",
        "type": "명사",
        "mean": "［북한어］ '돌풍'의 북한어."
    },
    "갑작변이": {
        "word": "갑작변이",
        "chosung": "ㄱㅈㅂㅇ",
        "type": "명사",
        "mean": "'돌연변이'의 북한어."
    },
    "갑작변이고정": {
        "word": "갑작변이고정",
        "chosung": "ㄱㅈㅂㅇㄱㅈ",
        "type": "명사",
        "mean": "돌연변이에 의하여 손상된 디엔에이(DNA) 사슬이 원래 상태로 되돌아가지 않고 몇 번의 디엔에이 복제(複製)를 거쳐서 원래와는 다른 안정된 상태로 고정되는 일."
    },
    "갑작변이설": {
        "word": "갑작변이설",
        "chosung": "ㄱㅈㅂㅇㅅ",
        "type": "명사",
        "mean": "'돌연변이설'의 북한어."
    },
    "갑작변이유발": {
        "word": "갑작변이유발",
        "chosung": "ㄱㅈㅂㅇㅇㅂ",
        "type": "명사",
        "mean": "1. 어떤 물질이나 시약에 의하여 돌연변이가 생기는 일. 2. 돌연변이가 생기는 원인이나 과정을 통틀어 이르는 말."
    },
    "갑작변이종": {
        "word": "갑작변이종",
        "chosung": "ㄱㅈㅂㅇㅈ",
        "type": "명사",
        "mean": "'돌연변이종'의 북한어."
    },
    "갑작병": {
        "word": "갑작병",
        "chosung": "ㄱㅈㅂ",
        "type": "명사",
        "mean": " 갑자기 앓는 병."
    },
    "갑작부자": {
        "word": "갑작부자",
        "chosung": "ㄱㅈㅂㅈ",
        "type": "명사",
        "mean": "［북한어］ '벼락부자'의 북한어."
    },
    "갑작비": {
        "word": "갑작비",
        "chosung": "ㄱㅈㅂ",
        "type": "명사",
        "mean": "［북한어］ 갑자기 세게 내리는 비."
    },
    "갑작사랑": {
        "word": "갑작사랑",
        "chosung": "ㄱㅈㅅㄹ",
        "type": "명사",
        "mean": " 갑작스럽게 느끼는 사랑."
    },
    "갑작수": {
        "word": "갑작수",
        "chosung": "ㄱㅈㅅ",
        "type": "명사",
        "mean": "［북한어］ 갑자기 꾸며 낸 수나 방법."
    },
    "갑작스럽다": {
        "word": "갑작스럽다",
        "chosung": "ㄱㅈㅅㄹㄷ",
        "type": "형용사",
        "mean": " 미처 생각할 겨를이 없이 급하게 일어난 데가 있다. ≒거졸하다."
    },
    "갑작졸부": {
        "word": "갑작졸부",
        "chosung": "ㄱㅈㅈㅂ",
        "type": "명사",
        "mean": "［북한어］ '벼락부자'의 북한어."
    },
    "갑작죽음": {
        "word": "갑작죽음",
        "chosung": "ㄱㅈㅈㅇ",
        "type": "명사",
        "mean": "'돌연사'의 북한어."
    },
    "갑작출세": {
        "word": "갑작출세",
        "chosung": "ㄱㅈㅊㅅ",
        "type": "명사",
        "mean": "［북한어］ '벼락출세'의 북한어."
    },
    "갑작흐름": {
        "word": "갑작흐름",
        "chosung": "ㄱㅈㅎㄹ",
        "type": "명사",
        "mean": "'돌입 전류'의 북한어."
    },
    "갑잡골": {
        "word": "갑잡골",
        "chosung": "ㄱㅈㄱ",
        "type": "명사",
        "mean": " 골패로 하는 가보잡기 노름."
    },
    "갑장": {
        "word": "갑장",
        "chosung": "ㄱㅈ",
        "type": "명사",
        "mean": "보갑제에서, 갑의 우두머리."
    },
    "갑장지문": {
        "word": "갑장지문",
        "chosung": "ㄱㅈㅈㅁ",
        "type": "명사",
        "mean": "장지문의 덧문으로, 문살 안팎에 종이를 아무렇게나 바른 문."
    },
    "갑저": {
        "word": "갑저",
        "chosung": "ㄱㅈ",
        "type": "명사",
        "mean": "=갑저창."
    },
    "갑저창": {
        "word": "갑저창",
        "chosung": "ㄱㅈㅊ",
        "type": "명사",
        "mean": "발톱을 깎다가 손상된 피부나, 작은 신발을 오래 신어서 압박을 받은 발톱 부위에 생기는 부스럼. ≒감갑창·갑저·조갑창."
    },
    "갑절": {
        "word": "갑절",
        "chosung": "ㄱㅈ",
        "type": "명사",
        "mean": " =배(倍) ."
    },
    "갑제": {
        "word": "갑제",
        "chosung": "ㄱㅈ",
        "type": "명사",
        "mean": " 크고 넓게 아주 잘 지은 집."
    },
    "갑졀": {
        "word": "갑졀",
        "chosung": "ㄱㅈ",
        "type": "명사",
        "mean": "［옛말］ '갑절'의 옛말."
    },
    "갑족": {
        "word": "갑족",
        "chosung": "ㄱㅈ",
        "type": "명사",
        "mean": " 가문이나 문벌이 아주 훌륭한 집안."
    },
    "갑졸": {
        "word": "갑졸",
        "chosung": "ㄱㅈ",
        "type": "명사",
        "mean": "=갑병."
    },
    "갑종": {
        "word": "갑종",
        "chosung": "ㄱㅈ",
        "type": "명사",
        "mean": " 갑, 을, 병 따위로 차례를 매길 때 그 첫째 종류. '1급', '으뜸'으로 순화."
    },
    "갑종근로소득": {
        "word": "갑종근로소득",
        "chosung": "ㄱㅈㄱㄹㅅㄷ",
        "type": "명사",
        "mean": "내국인이나 내국 법인에 근로를 제공하고 벌어들인 소득. 봉급, 보수, 수당, 상여금, 연금, 퇴직금 따위이다."
    },
    "갑종근로소득세": {
        "word": "갑종근로소득세",
        "chosung": "ㄱㅈㄱㄹㅅㄷㅅ",
        "type": "명사",
        "mean": "갑종 근로 소득에 대한 세금."
    },
    "갑종배당이자소득세": {
        "word": "갑종배당이자소득세",
        "chosung": "ㄱㅈㅂㄷㅇㅈㅅㄷㅅ",
        "type": "명사",
        "mean": "소득세의 하나. 국내 법인으로부터 받는 이익이나 잉여금의 배당 또는 분배 소득, 국가나 지방 자치 단체가 발행한 채권이나 증권의 이자, 국내 법인이 발행한 채권의 이자, 외국 법인의 국내 지점 또는 국내 영업소에서 발행한 채권의 이자, 국내에서 지급하는 예금 및 부금(賦金 )의 이자, 국내에서 지급하는 신탁의 이익 따위에 대하여 부과한다."
    },
    "갑좌": {
        "word": "갑좌",
        "chosung": "ㄱㅈ",
        "type": "명사",
        "mean": "묏자리나 집터 따위가 갑방(甲方)을 등진 방향. 또는 그렇게 앉은 자리. 동북쪽을 등지고 남서쪽을 바라보는 자리이다."
    },
    "갑좌경향": {
        "word": "갑좌경향",
        "chosung": "ㄱㅈㄱㅎ",
        "type": "명사",
        "mean": "갑방(甲方)을 등지고 경방(庚方)을 바라보는 방향. 또는 그렇게 앉은 자리. 동북쪽을 등지고 서남쪽을 향하여 앉은 자리이다."
    },
    "갑주": {
        "word": "갑주",
        "chosung": "ㄱㅈ",
        "type": "명사",
        "mean": " 갑옷과 투구를 아울러 이르는 말. ≒갑옷투구·개주."
    },
    "갑주어": {
        "word": "갑주어",
        "chosung": "ㄱㅈㅇ",
        "type": "명사",
        "mean": "고생대의 데본기에 번성했던 원시 어류의 하나. 그 후 멸종하여 현재는 화석으로만 남아 있다. 몸의 길이는 30cm 정도이며, 입에는 이가 없다. 머리와 몸통의 앞 부분은 골판이라고 하는 석회질의 단단한 판으로, 뒷부분은 비늘로 덮였다."
    },
    "갑중": {
        "word": "갑중",
        "chosung": "ㄱㅈ",
        "type": "명사",
        "mean": " 물건을 담는 작은 상자의 속."
    },
    "갑증": {
        "word": "갑증",
        "chosung": "ㄱㅈ",
        "type": "명사",
        "mean": " 품질이 좋고 바탕이 얇은 고급 비단."
    },
    "갑진": {
        "word": "갑진",
        "chosung": "ㄱㅈ",
        "type": "명사",
        "mean": "육십갑자의 마흔한째."
    },
    "갑진개화운동": {
        "word": "갑진개화운동",
        "chosung": "ㄱㅈㄱㅎㅇㄷ",
        "type": "명사",
        "mean": "광무 8년(1904)에 동학 신도들이 주축이 된 진보회가 전국적으로 추진한 대중문화 혁신 운동. 동학 삼대 교주인 손병희가 주도하던 진보회의 회원들은 상투를 자르고 검은 옷을 입으며 생활 개선의 의지를 표명하였다."
    },
    "갑진자": {
        "word": "갑진자",
        "chosung": "ㄱㅈㅈ",
        "type": "명사",
        "mean": "조선 성종 15년(1484)에 만든 구리 활자. 이유인(李 有仁)·권건·이세경(李 世卿) 등이 왕명을 받아 만든 것으로, 활자는 현존하지 않고, 인쇄본으로 《자경편》 1책이 전한다."
    },
    "갑집": {
        "word": "갑집",
        "chosung": "ㄱㅈ",
        "type": "명사",
        "mean": " '호주머니'의 잘못."
    },
    "갑착": {
        "word": "갑착",
        "chosung": "ㄱㅊ",
        "type": "명사",
        "mean": "《한의학》영혈(營血)의 부족으로 살갗이 말라 거칠어진 것. 심하면 고기비늘처럼 된다."
    },
    "갑찰": {
        "word": "갑찰",
        "chosung": "ㄱㅊ",
        "type": "명사",
        "mean": "나라 안이나 한 도(道) 안에서 제일 큰 절."
    },
    "갑창": {
        "word": "갑창",
        "chosung": "ㄱㅊ",
        "type": "명사",
        "mean": "추위나 밝은 빛을 막으려고 안팎으로 두껍게 종이를 발라 미닫이 안쪽에 덧끼우는 미닫이."
    },
    "갑철": {
        "word": "갑철",
        "chosung": "ㄱㅊ",
        "type": "명사",
        "mean": "1. 총알이나 화살을 막기 위하여 배나 차량 따위의 겉에 덮은 철판. 2. =갑장(甲仗)."
    },
    "갑철판": {
        "word": "갑철판",
        "chosung": "ㄱㅊㅍ",
        "type": "명사",
        "mean": "'장갑판'의 전 용어."
    },
    "갑철함": {
        "word": "갑철함",
        "chosung": "ㄱㅊㅎ",
        "type": "명사",
        "mean": "'장갑함'의 전 용어."
    },
    "갑충": {
        "word": "갑충",
        "chosung": "ㄱㅊ",
        "type": "명사",
        "mean": "딱정벌레목의 곤충을 통틀어 이르는 말. 온몸이 단단한 껍데기로 싸여 있고 앞날개가 단단하다. 풍뎅이, 하늘소, 딱정벌레 따위가 있다. ≒개충(介蟲)·딱정벌레 ."
    },
    "갑치다": {
        "word": "갑치다",
        "chosung": "ㄱㅊㄷ",
        "type": "동사",
        "mean": "『 …에게 -고』 마구 서둘거나 조르면서 귀찮게 굴다."
    },
    "갑탁": {
        "word": "갑탁",
        "chosung": "ㄱㅌ",
        "type": "명사",
        "mean": " 식물의 싹이나 눈이 틈."
    },
    "갑태": {
        "word": "갑태",
        "chosung": "ㄱㅌ",
        "type": "명사",
        "mean": "태형(笞刑)에 쓰던 굵은 매."
    },
    "갑판": {
        "word": "갑판",
        "chosung": "ㄱㅍ",
        "type": "명사",
        "mean": " 군함과 같은 큰 배 위에 나무나 철판으로 깔아 놓은 넓고 평평한 바닥."
    },
    "갑판기계": {
        "word": "갑판기계",
        "chosung": "ㄱㅍㄱㄱ",
        "type": "명사",
        "mean": "갑판 위에 있는 하역 기계, 계선기, 구명정 따위와 같이 직접 추진력을 갖지 아니한 보조 기계."
    },
    "갑판보조수": {
        "word": "갑판보조수",
        "chosung": "ㄱㅍㅂㅈㅅ",
        "type": "명사",
        "mean": "배에 근무하며 갑판에 딸린 일을 맡아보는 선원의 하나. 갑판수의 아래이다."
    },
    "갑판사관": {
        "word": "갑판사관",
        "chosung": "ㄱㅍㅅㄱ",
        "type": "명사",
        "mean": "해군에서, 함정의 기계 장치와 포(砲)를 제외한 함상 전체의 청소·정비·출입 통제에 대하여 책임을 맡은 장교."
    },
    "갑판수": {
        "word": "갑판수",
        "chosung": "ㄱㅍㅅ",
        "type": "명사",
        "mean": "배에 근무하며 갑판에 딸린 일을 맡아보는 선원의 하나. 갑판원의 아래, 갑판 보조수의 위이다."
    },
    "갑판실": {
        "word": "갑판실",
        "chosung": "ㄱㅍㅅ",
        "type": "명사",
        "mean": "갑판에 있는 방."
    },
    "갑판여객": {
        "word": "갑판여객",
        "chosung": "ㄱㅍㅇㄱ",
        "type": "명사",
        "mean": "싼 뱃삯을 내고 선실이 아닌 갑판에 앉아 가는 여객."
    },
    "갑판원": {
        "word": "갑판원",
        "chosung": "ㄱㅍㅇ",
        "type": "명사",
        "mean": "배에 근무하며 갑판에 딸린 일을 맡아보는 선원의 하나. 갑판수의 위이다."
    },
    "갑판장": {
        "word": "갑판장",
        "chosung": "ㄱㅍㅈ",
        "type": "명사",
        "mean": "일등 항해사의 지시에 따라 갑판원을 지휘하여 갑판 작업을 책임지는 직위. 또는 그 직위에 있는 사람. ≒수부장."
    },
    "갑풀낭": {
        "word": "갑풀낭",
        "chosung": "ㄱㅍㄴ",
        "type": "명사",
        "mean": "［방언］ '실거리나무'의 방언(제주)."
    },
    "갑피": {
        "word": "갑피",
        "chosung": "ㄱㅍ",
        "type": "명사",
        "mean": " 아직 창을 대지 아니한 구두의 울."
    },
    "갑피병": {
        "word": "갑피병",
        "chosung": "ㄱㅍㅂ",
        "type": "명사",
        "mean": " '개피떡'의 잘못. '개피떡'을 한자를 빌려서 쓴 말이다."
    },
    "갑호": {
        "word": "갑호",
        "chosung": "ㄱㅎ",
        "type": "명사",
        "mean": " 여러 가지 호수(號數)를 갑, 을, 병의 순서로 차례를 매길 때의 그 첫째 호."
    },
    "갑호경계령": {
        "word": "갑호경계령",
        "chosung": "ㄱㅎㄱㄱㄹ",
        "type": "명사",
        "mean": "갑호·을호와 같이 호수(號數)를 붙여 부르는 경계령에서, 첫자리에 속하는 가장 삼엄한 경계령."
    },
    "갑호증": {
        "word": "갑호증",
        "chosung": "ㄱㅎㅈ",
        "type": "명사",
        "mean": "민사 소송의 변론에서, 원고가 제출한 서증(書證). 당사자가 제출하는 서증에 관하여 제출자를 명백히 하기 위하여 관용적으로 사용하는 부호이다."
    },
    "갑화": {
        "word": "갑화",
        "chosung": "ㄱㅎ",
        "type": "명사",
        "mean": " '도깨비불'의 잘못."
    },
    "갑회": {
        "word": "갑회",
        "chosung": "ㄱㅎ",
        "type": "명사",
        "mean": " 소의 내장(內臟)으로 만든 회."
    },
    "갑힐후다": {
        "word": "갑힐후다",
        "chosung": "ㄱㅎㅎㄷ",
        "type": "동사",
        "mean": "［옛말］ 갚다. 보복하다."
    }
}