{
    "갖": {
        "word": "갖",
        "chosung": "ㄱ",
        "type": "명사",
        "mean": "［방언］ '가'의 방언(강원)."
    },
    "갖가지": {
        "word": "갖가지",
        "chosung": "ㄱㄱㅈ",
        "type": "명사",
        "mean": " '가지가지'의 준말."
    },
    "갖갖": {
        "word": "갖갖",
        "chosung": "ㄱㄱ",
        "type": "갇까지",
        "mean": " '가지가지'의 준말.【＜ 갓갓≪석보상절(1447)≫← 갓+갓】"
    },
    "갖구다": {
        "word": "갖구다",
        "chosung": "ㄱㄱㄷ",
        "type": "동사",
        "mean": " '갖추다'의 잘못."
    },
    "갖다": {
        "word": "갖다",
        "chosung": "ㄱㄷ",
        "type": "형용사",
        "mean": "［옛말］ 갖추어져 있다."
    },
    "갖대": {
        "word": "갖대",
        "chosung": "ㄱㄷ",
        "type": "명사",
        "mean": " '개잘량'의 잘못."
    },
    "갖두루마기": {
        "word": "갖두루마기",
        "chosung": "ㄱㄷㄹㅁㄱ",
        "type": "명사",
        "mean": " 짐승의 털가죽으로 안을 댄 두루마기. ≒털두루마기."
    },
    "갖등거리": {
        "word": "갖등거리",
        "chosung": "ㄱㄷㄱㄹ",
        "type": "명사",
        "mean": "［방언］ '털배자'의 방언(평안)."
    },
    "갖바리": {
        "word": "갖바리",
        "chosung": "ㄱㅂㄹ",
        "type": "명사",
        "mean": "［북한어］ 1. 어린 가지가 서너 대 벋어져 난 산삼. 2. ｛수량을 나타내는 말 뒤에 쓰여｝ 어린 가지가 서너 대 벋어져 난 산삼을 세는 단위."
    },
    "갖바치": {
        "word": "갖바치",
        "chosung": "ㄱㅂㅊ",
        "type": "명사",
        "mean": " 예전에, 가죽신을 만드는 일을 직업으로 하던 사람. ≒주피장·혜장(鞋匠)."
    },
    "갖벙거지": {
        "word": "갖벙거지",
        "chosung": "ㄱㅂㄱㅈ",
        "type": "명사",
        "mean": " 가죽으로 만든 벙거지."
    },
    "갖신": {
        "word": "갖신",
        "chosung": "ㄱㅅ",
        "type": "명사",
        "mean": " 가죽으로 만든 우리 고유의 신을 통틀어 이르는 말. 남성용과 여성용이 있는데 모양이 서로 다르다. 황혁리(黃革履), 목화(木靴), 흑피혜 따위가 있다. ≒가죽신 ."
    },
    "갖옷": {
        "word": "갖옷",
        "chosung": "ㄱㅇ",
        "type": "명사",
        "mean": " 짐승의 털가죽으로 안을 댄 옷. ≒모의(毛衣) .【＜ 갓옷≪훈몽자회(예산 문고본)(1527)≫← 갗+옷】"
    },
    "갖은": {
        "word": "갖은",
        "chosung": "ㄱㅇ",
        "type": "관형사",
        "mean": "+-은】"
    },
    "갖은것": {
        "word": "갖은것",
        "chosung": "ㄱㅇㄱ",
        "type": "명사",
        "mean": " 가지가지의 것. 또는 고루고루 다 갖춘 것."
    },
    "갖은그림씨": {
        "word": "갖은그림씨",
        "chosung": "ㄱㅇㄱㄹㅆ",
        "type": "명사",
        "mean": "=완전 형용사 ."
    },
    "갖은금단청": {
        "word": "갖은금단청",
        "chosung": "ㄱㅇㄱㄷㅊ",
        "type": "명사",
        "mean": "부재 중간에 여러 가지 무늬를 그리고 갖가지 색으로 칠한 단청."
    },
    "갖은꽃": {
        "word": "갖은꽃",
        "chosung": "ㄱㅇㄲ",
        "type": "명사",
        "mean": "《식물》=갖춘꽃."
    },
    "갖은남움직씨": {
        "word": "갖은남움직씨",
        "chosung": "ㄱㅇㄴㅇㅈㅆ",
        "type": "명사",
        "mean": "=완전 타동사 ."
    },
    "갖은돼지시변": {
        "word": "갖은돼지시변",
        "chosung": "ㄱㅇㄷㅈㅅㅂ",
        "type": "명사",
        "mean": " 한자 부수의 하나. '貊', '□' 따위에 쓰인 '□'를 이른다."
    },
    "갖은등글월문": {
        "word": "갖은등글월문",
        "chosung": "ㄱㅇㄷㄱㅇㅁ",
        "type": "명사",
        "mean": " 한자 부수의 하나. '段', '殿' 따위에 쓰인 '□'를 이른다."
    },
    "갖은떡": {
        "word": "갖은떡",
        "chosung": "ㄱㅇㄸ",
        "type": "명사",
        "mean": " 격식과 모양을 제대로 갖추어 잘 만든 산병(散餠)."
    },
    "갖은방물": {
        "word": "갖은방물",
        "chosung": "ㄱㅇㅂㅁ",
        "type": "명사",
        "mean": " '갖은색떡'의 잘못."
    },
    "갖은삼거리": {
        "word": "갖은삼거리",
        "chosung": "ㄱㅇㅅㄱㄹ",
        "type": "명사",
        "mean": " 말안장에 장식한 가슴걸이와 그에 딸린 여러 가지 부속품. ≒삼거리 ."
    },
    "갖은삼채": {
        "word": "갖은삼채",
        "chosung": "ㄱㅇㅅㅊ",
        "type": "명사",
        "mean": "모든 악기가 함께 치는 삼채."
    },
    "갖은삼포": {
        "word": "갖은삼포",
        "chosung": "ㄱㅇㅅㅍ",
        "type": "명사",
        "mean": "기둥과 기둥 사이에 삼포를 얹은 처마의 꾸밈새."
    },
    "갖은색떡": {
        "word": "갖은색떡",
        "chosung": "ㄱㅇㅅㄸ",
        "type": "명사",
        "mean": " 꽃, 용, 새 따위의 갖가지 모양을 만들어 붙인 색떡. 밥소라에 골무떡을 수북이 담고 그 위에 웃기로 담는다."
    },
    "갖은소리": {
        "word": "갖은소리",
        "chosung": "ㄱㅇㅅㄹ",
        "type": "명사",
        "mean": " 1. 쓸데없는 여러 가지 말."
    },
    "갖은시루떡": {
        "word": "갖은시루떡",
        "chosung": "ㄱㅇㅅㄹㄸ",
        "type": "명사",
        "mean": " 붉은팥, 거피팥, 녹두, 계핏가루, 석이(石耳), 밤, 잣, 귤병(橘餠) 따위의 여러 가지 고물을 얹어 켜켜로 찌는 시루떡."
    },
    "갖은안장": {
        "word": "갖은안장",
        "chosung": "ㄱㅇㅇㅈ",
        "type": "명사",
        "mean": " 갖가지 치레를 한 안장."
    },
    "갖은움직씨": {
        "word": "갖은움직씨",
        "chosung": "ㄱㅇㅇㅈㅆ",
        "type": "명사",
        "mean": "=완전 동사 ."
    },
    "갖은잎": {
        "word": "갖은잎",
        "chosung": "ㄱㅇㅇ",
        "type": "명사",
        "mean": "《식물》=갖춘잎."
    },
    "갖은자": {
        "word": "갖은자",
        "chosung": "ㄱㅇㅈ",
        "type": "명사",
        "mean": " 한자에서 같은 뜻을 지닌 글자 가운데 보통 쓰는 글자보다 획을 더 많이 써서 모양과 구성이 전혀 다른 글자. '一'에 대한 '壹', '二'에 대한 '貳', '三'에 대한 '參' 따위이다."
    },
    "갖은제움직씨": {
        "word": "갖은제움직씨",
        "chosung": "ㄱㅇㅈㅇㅈㅆ",
        "type": "명사",
        "mean": "=완전 자동사 ."
    },
    "갖은책받침": {
        "word": "갖은책받침",
        "chosung": "ㄱㅇㅊㅂㅊ",
        "type": "명사",
        "mean": " 한자 부수의 하나. '쉬엄쉬엄갈착(□)' 자가 받침으로 쓰일 때의 이름이다."
    },
    "갖은폿집": {
        "word": "갖은폿집",
        "chosung": "ㄱㅇㅍㅈ",
        "type": "명사",
        "mean": "《건설》공포(□包)를 여러 겹으로 받친 집."
    },
    "갖은회상": {
        "word": "갖은회상",
        "chosung": "ㄱㅇㅎㅅ",
        "type": "명사",
        "mean": "현악 영산회상에 이어 천년만세(千年萬歲)의 세 곡을 연주하는 형식."
    },
    "갖저고리": {
        "word": "갖저고리",
        "chosung": "ㄱㅈㄱㄹ",
        "type": "명사",
        "mean": " 짐승의 털가죽을 안에 댄 저고리."
    },
    "갖초다": {
        "word": "갖초다",
        "chosung": "ㄱㅊㄷ",
        "type": "동사",
        "mean": " '갖추다'의 잘못."
    },
    "갖추": {
        "word": "갖추",
        "chosung": "ㄱㅊ",
        "type": "부사",
        "mean": " 고루 있는 대로."
    },
    "갖추갖추": {
        "word": "갖추갖추",
        "chosung": "ㄱㅊㄱㅊ",
        "type": "부사",
        "mean": " 여럿이 모두 있는 대로."
    },
    "갖추다": {
        "word": "갖추다",
        "chosung": "ㄱㅊㄷ",
        "type": "동사",
        "mean": "『 …을』 1. 있어야 할 것을 골고루 준비하여 가지거나 차리다."
    },
    "갖추매": {
        "word": "갖추매",
        "chosung": "ㄱㅊㅁ",
        "type": "명사",
        "mean": "［북한어］ 갖추거나 마련한 모양새나 차림."
    },
    "갖추쓰다": {
        "word": "갖추쓰다",
        "chosung": "ㄱㅊㅆㄷ",
        "type": "동사",
        "mean": "『 …을』 글자, 특히 한자를 약자체로 쓰지 않고 원글자대로 획을 갖추어 쓰다."
    },
    "갖춘꽃": {
        "word": "갖춘꽃",
        "chosung": "ㄱㅊㄲ",
        "type": "명사",
        "mean": "《식물》꽃받침, 꽃잎, 암술과 수술을 완전히 갖춘 꽃. 무궁화 꽃, 벚꽃 따위이다. ≒갖은꽃·구비화·완비화·완전화 ·전비화."
    },
    "갖춘꽃부리": {
        "word": "갖춘꽃부리",
        "chosung": "ㄱㅊㄲㅂㄹ",
        "type": "명사",
        "mean": "=정제 꽃부리."
    },
    "갖춘마디": {
        "word": "갖춘마디",
        "chosung": "ㄱㅊㅁㄷ",
        "type": "명사",
        "mean": "첫 마디부터 끝 마디까지 정해진 박자 수가 다 들어 있는 마디. ≒완전 소절."
    },
    "갖춘마침": {
        "word": "갖춘마침",
        "chosung": "ㄱㅊㅁㅊ",
        "type": "명사",
        "mean": "악곡이 완전히 끝났음을 느끼게 하는 마침. 마지막 으뜸음이 베이스나 소프라노에 있어야 하고, 센박에 놓여야 한다. ≒완전 종지·전종지."
    },
    "갖춘잎": {
        "word": "갖춘잎",
        "chosung": "ㄱㅊㅇ",
        "type": "명사",
        "mean": "《식물》잎새, 잎자루, 턱잎의 세 가지를 완전히 갖춘 잎. ≒갖은잎·완전엽."
    },
    "갖춘탈바꿈": {
        "word": "갖춘탈바꿈",
        "chosung": "ㄱㅊㅌㅂㄲ",
        "type": "명사",
        "mean": "=완전 변태."
    },
    "갖춤새": {
        "word": "갖춤새",
        "chosung": "ㄱㅊㅅ",
        "type": "명사",
        "mean": "［북한어］ 갖추거나 마련하여 차린 형편이나 모양새."
    },
    "갖풀": {
        "word": "갖풀",
        "chosung": "ㄱㅍ",
        "type": "명사",
        "mean": "/갓블≪석보상절(1447)≫ [← 갗+블]】"
    },
    "갖풀관자": {
        "word": "갖풀관자",
        "chosung": "ㄱㅍㄱㅈ",
        "type": "명사",
        "mean": " 망건당줄을 꿸 수 있도록 갖풀로 만들어 망건에 다는 작은 고리."
    },
    "갖풀구조": {
        "word": "갖풀구조",
        "chosung": "ㄱㅍㄱㅈ",
        "type": "명사",
        "mean": "판재나 합판 조각을 아교로 이어 붙여서 보, 기둥, 아치, 라멘, 곡면판을 만든 구조. 작은 단면으로도 큰 치수의 단면을 가진 구조를 만들 수 있으므로 큰 경간(徑間)에 효과적으로 쓴다."
    },
    "갖풀섬유": {
        "word": "갖풀섬유",
        "chosung": "ㄱㅍㅅㅇ",
        "type": "명사",
        "mean": "'교원 섬유'의 북한어."
    }
}