{
    "갤갤": {
        "word": "갤갤",
        "chosung": "ㄱㄱ",
        "type": "부사",
        "mean": "［북한어］ 늘 앓거나 몸이 불편하여 기운이 없이 빌빌하는 모양."
    },
    "갤돌": {
        "word": "갤돌",
        "chosung": "ㄱㄷ",
        "type": "명사",
        "mean": "［북한어］ '막자사발'의 북한어."
    },
    "갤러리": {
        "word": "갤러리",
        "chosung": "ㄱㄹㄹ",
        "type": "명사",
        "mean": " 미술품을 진열·전시하고 판매하는 장소. '그림 방', '화랑(□廊)'으로 순화."
    },
    "갤러빠지다": {
        "word": "갤러빠지다",
        "chosung": "ㄱㄹㅃㅈㄷ",
        "type": "형용사",
        "mean": " '개을러빠지다'의 준말."
    },
    "갤러터지다": {
        "word": "갤러터지다",
        "chosung": "ㄱㄹㅌㅈㄷ",
        "type": "형용사",
        "mean": " '개을러터지다'의 준말."
    },
    "갤러핑인플레이션": {
        "word": "갤러핑인플레이션",
        "chosung": "ㄱㄹㅍㅇㅍㄹㅇㅅ",
        "type": "명사",
        "mean": "물가가 급속히 오르는 악성 인플레이션. ≒폭주 인플레이션."
    },
    "갤런": {
        "word": "갤런",
        "chosung": "ㄱㄹ",
        "type": "명사",
        "mean": "［의존명사］ 야드파운드법에 의한 부피의 단위. 1갤런은 1쿼트의 네 배, 1파인트의 여덟 배로 영국에서는 약 4.545리터, 미국에서는 약 3.785리터에 해당한다. 기호는 gal."
    },
    "갤런틴": {
        "word": "갤런틴",
        "chosung": "ㄱㄹㅌ",
        "type": "명사",
        "mean": " 닭고기나 송아지 고기를 뼈를 발라내고 다진 양념을 넣어 삶아 낸 서양 요리."
    },
    "갤럽": {
        "word": "갤럽",
        "chosung": "ㄱㄹ",
        "type": "명사",
        "mean": "원을 그리며 추는, 4분의2 박자의 경쾌한 춤. 또는 그런 춤곡."
    },
    "갤리": {
        "word": "갤리",
        "chosung": "ㄱㄹ",
        "type": "부사",
        "mean": " '개을리'의 준말."
    },
    "갤리선": {
        "word": "갤리선",
        "chosung": "ㄱㄹㅅ",
        "type": "명사",
        "mean": "고대, 중세에 지중해에서 쓰던 배의 하나. 양쪽 뱃전에 아래위 두 줄로 노가 많이 달렸는데, 전쟁 때에는 무장하여 병선(兵船)으로 썼다. ≒갤리."
    },
    "갤리쇄": {
        "word": "갤리쇄",
        "chosung": "ㄱㄹㅅ",
        "type": "명사",
        "mean": "=교정쇄."
    },
    "갤리어드": {
        "word": "갤리어드",
        "chosung": "ㄱㄹㅇㄷ",
        "type": "명사",
        "mean": "보통 2분의3 박자, 때로는 4분의2 박자로 추는 명랑하고 쾌활한 춤. 16세기 후반 영국에서 성행하였다."
    },
    "갤리언선": {
        "word": "갤리언선",
        "chosung": "ㄱㄹㅇㅅ",
        "type": "명사",
        "mean": " 16~17세기 유럽의 전형적인 외항용(外航用) 돛단배. 돛대가 셋 또는 넷 있는데 대(大)항해 시대 이래 무역선으로 활약하였고 에스파냐, 프랑스, 영국 따위 서유럽 여러 나라 해군의 주력선이었다."
    },
    "갤리인쇄": {
        "word": "갤리인쇄",
        "chosung": "ㄱㄹㅇㅅ",
        "type": "명사",
        "mean": "=교정쇄."
    },
    "갤리지": {
        "word": "갤리지",
        "chosung": "ㄱㄹㅈ",
        "type": "명사",
        "mean": "=교정지."
    },
    "갤쑥갤쑥": {
        "word": "갤쑥갤쑥",
        "chosung": "ㄱㅆㄱㅆ",
        "type": "부사",
        "mean": "［북한어］ 여럿이 다 곱살스러우면서도 트인 맛이 나게 좀 긴 모양."
    },
    "갤쑥하다": {
        "word": "갤쑥하다",
        "chosung": "ㄱㅆㅎㄷ",
        "type": "형용사",
        "mean": "［북한어］ 곱살스러우면서도 트인 맛이 나게 좀 길다."
    },
    "갤씀갤씀": {
        "word": "갤씀갤씀",
        "chosung": "ㄱㅆㄱㅆ",
        "type": "부사",
        "mean": "［북한어］ 여럿이 다 곱살스러우면서도 트인 맛이 나게 갸름한 모양."
    },
    "갤씀하다": {
        "word": "갤씀하다",
        "chosung": "ㄱㅆㅎㄷ",
        "type": "형용사",
        "mean": "［북한어］ 곱살스러우면서도 트인 맛이 나게 갸름하다."
    },
    "갤쭉갤쭉": {
        "word": "갤쭉갤쭉",
        "chosung": "ㄱㅉㄱㅉ",
        "type": "부사",
        "mean": "［북한어］ 여럿이 다 곱게 조금 긴 모양."
    },
    "갤쭉하다": {
        "word": "갤쭉하다",
        "chosung": "ㄱㅉㅎㄷ",
        "type": "형용사",
        "mean": "［북한어］ 곱게 좀 길다."
    },
    "갤쯤갤쯤": {
        "word": "갤쯤갤쯤",
        "chosung": "ㄱㅉㄱㅉ",
        "type": "부사",
        "mean": "［북한어］ 여럿이 다 곱살스레 꽤 갸름한 모양."
    },
    "갤쯤하다": {
        "word": "갤쯤하다",
        "chosung": "ㄱㅉㅎㄷ",
        "type": "형용사",
        "mean": "［북한어］ 곱살스레 꽤 갸름하다."
    },
    "갤찍갤찍": {
        "word": "갤찍갤찍",
        "chosung": "ㄱㅉㄱㅉ",
        "type": "부사",
        "mean": "［북한어］ 여럿이 다 길이가 곱살스럽게 긴 듯한 모양."
    },
    "갤찍하다": {
        "word": "갤찍하다",
        "chosung": "ㄱㅉㅎㄷ",
        "type": "형용사",
        "mean": "［북한어］ 길이가 곱살스럽게 좀 긴 듯하다."
    },
    "갤칼": {
        "word": "갤칼",
        "chosung": "ㄱㅋ",
        "type": "명사",
        "mean": "'팔레트 나이프'의 북한어."
    },
    "갤판": {
        "word": "갤판",
        "chosung": "ㄱㅍ",
        "type": "명사",
        "mean": "수채화나 유화를 그릴 때에, 튜브로부터 그림물감을 짜내어 섞기 위한 판."
    }
}