{
    "갬": {
        "word": "갬",
        "chosung": "ㄱ",
        "type": "명사",
        "mean": "［북한어］ 개펄에서 펄 위에 돋은 소금."
    },
    "갬나무": {
        "word": "갬나무",
        "chosung": "ㄱㄴㅁ",
        "type": "명사",
        "mean": "'개암나무'의 북한어."
    },
    "갬다리": {
        "word": "갬다리",
        "chosung": "ㄱㄷㄹ",
        "type": "명사",
        "mean": "［방언］ '개암'의 방언(평북, 황해)."
    },
    "갬대": {
        "word": "갬대",
        "chosung": "ㄱㄷ",
        "type": "명사",
        "mean": " 풀이나 나물 따위를 캐는 데 쓰는, 칼처럼 생긴 나뭇조각."
    },
    "갬버섯": {
        "word": "갬버섯",
        "chosung": "ㄱㅂㅅ",
        "type": "명사",
        "mean": "'개암버섯'의 북한어."
    },
    "갬상추": {
        "word": "갬상추",
        "chosung": "ㄱㅅㅊ",
        "type": "명사",
        "mean": " 잎이 다 자라서 쌈을 싸 먹을 수 있을 만큼 큰 상추."
    },
    "갬쟁이": {
        "word": "갬쟁이",
        "chosung": "ㄱㅈㅇ",
        "type": "명사",
        "mean": "［방언］ '웃짐'의 방언(평북)."
    },
    "갬치": {
        "word": "갬치",
        "chosung": "ㄱㅊ",
        "type": "명사",
        "mean": "［방언］ '호주머니'의 방언(경남)."
    }
}