{
    "갭": {
        "word": "갭",
        "chosung": "ㄱ",
        "type": "명사",
        "mean": "주가(株價)를 분석하는 도표에 나타나는 공간. 주가가 전날의 고가(高價)보다 훨씬 높은 수준에서 시작하여 계속 오르거나 전날의 저가(低價)보다 훨씬 낮은 수준에서 시작하여 계속 떨어질 때 생긴다. 4. 《컴퓨터》디스크나 테이프 같은 기억 장치에서 기록 매체와 헤드 사이의 간격. 또는 레코드나 블록 사이에 두는 빈 공간."
    },
    "갭직": {
        "word": "갭직",
        "chosung": "ㄱㅈ",
        "type": "명사",
        "mean": "'갭직하다'의 어근."
    },
    "갭직갭직": {
        "word": "갭직갭직",
        "chosung": "ㄱㅈㄱㅈ",
        "type": "부사",
        "mean": " 여럿이 다 생각보다 조금 가벼운 듯한 모양. ≒갭직갭직이."
    },
    "갭직갭직이": {
        "word": "갭직갭직이",
        "chosung": "ㄱㅈㄱㅈㅇ",
        "type": "부사",
        "mean": " =갭직갭직."
    }
}