{
    "겁": {
        "word": "겁",
        "chosung": "ㄱ",
        "type": "명사",
        "mean": " 무서워하는 마음. 또는 그런 심리적 경향."
    },
    "겁간": {
        "word": "겁간",
        "chosung": "ㄱㄱ",
        "type": "명사",
        "mean": " 폭행이나 협박 따위의 불법적인 수단으로 부녀자와 성 관계를 맺음."
    },
    "겁겁": {
        "word": "겁겁",
        "chosung": "ㄱㄱ",
        "type": "명사",
        "mean": "劫劫 '겁겁하다'의 어근."
    },
    "겁겁증": {
        "word": "겁겁증",
        "chosung": "ㄱㄱㅈ",
        "type": "명사",
        "mean": " '갑갑증'의 잘못."
    },
    "겁결": {
        "word": "겁결",
        "chosung": "ㄱㄱ",
        "type": "명사",
        "mean": "｛주로, '겁결에' 꼴로 쓰여｝ 갑자기 겁이 나서 어쩔 줄 몰라 당황한 서슬."
    },
    "겁기": {
        "word": "겁기",
        "chosung": "ㄱㄱ",
        "type": "명사",
        "mean": " 1. 궁지에 몰린 사람의 얼굴에서 드러나는 언짢고 근심스러운 기색. 2. 험한 산의 무시무시한 기운."
    },
    "겁꾸러기": {
        "word": "겁꾸러기",
        "chosung": "ㄱㄲㄹㄱ",
        "type": "명사",
        "mean": " 몹시 겁이 많은 사람."
    },
    "겁나": {
        "word": "겁나",
        "chosung": "ㄱㄴ",
        "type": "명사",
        "mean": "怯懦 '겁나하다'의 어근."
    },
    "겁나게": {
        "word": "겁나게",
        "chosung": "ㄱㄴㄱ",
        "type": "부사",
        "mean": "［방언］ 1. '매우'의 방언(전라, 충남). 2. '아주'의 방언(전라, 충남)."
    },
    "겁나다": {
        "word": "겁나다",
        "chosung": "ㄱㄴㄷ",
        "type": "형용사",
        "mean": "［방언］ 매우 많다(전라)."
    },
    "겁나심": {
        "word": "겁나심",
        "chosung": "ㄱㄴㅅ",
        "type": "명사",
        "mean": " 겁이 많고 나약한 마음."
    },
    "겁내다": {
        "word": "겁내다",
        "chosung": "ㄱㄴㄷ",
        "type": "동사",
        "mean": " 『 …을』『 -기를』 무섭거나 두려운 마음을 나타내다."
    },
    "겁년": {
        "word": "겁년",
        "chosung": "ㄱㄴ",
        "type": "명사",
        "mean": "큰 재앙이 낀 해."
    },
    "겁도": {
        "word": "겁도",
        "chosung": "ㄱㄷ",
        "type": "명사",
        "mean": " 협박하여 빼앗음. 또는 그런 도둑."
    },
    "겁돌이": {
        "word": "겁돌이",
        "chosung": "ㄱㄷㅇ",
        "type": "명사",
        "mean": "［방언］ '겁쟁이'의 방언(함남)."
    },
    "겁뒤": {
        "word": "겁뒤",
        "chosung": "ㄱㄷ",
        "type": "명사",
        "mean": "［방언］ '겁쟁이'의 방언(함남)."
    },
    "겁때기": {
        "word": "겁때기",
        "chosung": "ㄱㄸㄱ",
        "type": "명사",
        "mean": "［방언］ 1. '가죽'의 방언(경북). 2. '껍질'의 방언(경북). 3. '싸개'의 방언(경북)."
    },
    "겁략": {
        "word": "겁략",
        "chosung": "ㄱㄹ",
        "type": "명사",
        "mean": " 위협을 하거나 폭력 따위를 써서 강제로 빼앗음."
    },
    "겁렬": {
        "word": "겁렬",
        "chosung": "ㄱㄹ",
        "type": "명사",
        "mean": "怯劣 '겁렬하다'의 어근."
    },
    "겁맹": {
        "word": "겁맹",
        "chosung": "ㄱㅁ",
        "type": "명사",
        "mean": " 위협하여 억지로 맹세하게 함."
    },
    "겁먹다": {
        "word": "겁먹다",
        "chosung": "ㄱㅁㄷ",
        "type": "동사",
        "mean": "『 …에/에게』 무섭거나 두려워하는 마음을 가지다."
    },
    "겁박": {
        "word": "겁박",
        "chosung": "ㄱㅂ",
        "type": "명사",
        "mean": " 으르고 협박함."
    },
    "겁보": {
        "word": "겁보",
        "chosung": "ㄱㅂ",
        "type": "명사",
        "mean": " 겁이 많은 사람."
    },
    "겁보따리": {
        "word": "겁보따리",
        "chosung": "ㄱㅂㄸㄹ",
        "type": "명사",
        "mean": "［북한어］ 겁이 많은 것이나 그런 사람을 낮잡아 이르는 말."
    },
    "겁부": {
        "word": "겁부",
        "chosung": "ㄱㅂ",
        "type": "명사",
        "mean": " 겁이 많은 남자."
    },
    "겁비": {
        "word": "겁비",
        "chosung": "ㄱㅂ",
        "type": "명사",
        "mean": "［방언］ '소나기'의 방언(제주)."
    },
    "겁살": {
        "word": "겁살",
        "chosung": "ㄱㅅ",
        "type": "명사",
        "mean": "삼살방(三煞方)의 하나. 이 살이 있는 방위를 범하면 살해(殺害)가 있다고 한다."
    },
    "겁석": {
        "word": "겁석",
        "chosung": "ㄱㅅ",
        "type": "부사",
        "mean": "［북한어］ 1. 고개나 목을 가볍게 많이 숙이는 모양. 2. 눈을 매우 가볍거나 내숭스럽게 한 번 감았다가 뜨는 모양."
    },
    "겁석겁석": {
        "word": "겁석겁석",
        "chosung": "ㄱㅅㄱㅅ",
        "type": "부사",
        "mean": "［북한어］ 1. 고개나 몸을 가볍게 많이 자꾸 숙이는 모양. ≒겁성겁성 ."
    },
    "겁설": {
        "word": "겁설",
        "chosung": "ㄱㅅ",
        "type": "명사",
        "mean": "고려 시대에, 궁중에서 번을 갈마들며 숙직을 하던 집사(執事). 몽골 어에서 온 이름이다."
    },
    "겁성": {
        "word": "겁성",
        "chosung": "ㄱㅅ",
        "type": "명사",
        "mean": " 겁이 나서 지르는 소리."
    },
    "겁성거리다": {
        "word": "겁성거리다",
        "chosung": "ㄱㅅㄱㄹㄷ",
        "type": "동사",
        "mean": "［북한어］ 1. =겁석거리다 . 2. =겁석거리다 . 3. =겁석거리다 ."
    },
    "겁성겁성": {
        "word": "겁성겁성",
        "chosung": "ㄱㅅㄱㅅ",
        "type": "부사",
        "mean": "［북한어］ 1. =겁석겁석 . 2. =겁석겁석 . 3. =겁석겁석 ."
    },
    "겁소리": {
        "word": "겁소리",
        "chosung": "ㄱㅅㄹ",
        "type": "명사",
        "mean": "［방언］ '거짓말'의 방언(평북)."
    },
    "겁수": {
        "word": "겁수",
        "chosung": "ㄱㅅ",
        "type": "명사",
        "mean": "세상이 파멸할 때에 일어난다는 큰 물난리."
    },
    "겁쉬": {
        "word": "겁쉬",
        "chosung": "ㄱㅅ",
        "type": "명사",
        "mean": "［방언］ '겁쟁이'의 방언(제주)."
    },
    "겁스럽다": {
        "word": "겁스럽다",
        "chosung": "ㄱㅅㄹㄷ",
        "type": "형용사",
        "mean": "［북한어］ 무던히 겁이 많다."
    },
    "겁신": {
        "word": "겁신",
        "chosung": "ㄱㅅ",
        "type": "부사",
        "mean": "［북한어］ 고개나 몸을 멋없이 크게 숙이는 모양."
    },
    "겁신겁신": {
        "word": "겁신겁신",
        "chosung": "ㄱㅅㄱㅅ",
        "type": "부사",
        "mean": "［북한어］ 1. 고개나 몸을 멋없이 크게 자꾸 숙이는 모양. 2. 채신없이 비굴하게 행동하는 모양."
    },
    "겁심": {
        "word": "겁심",
        "chosung": "ㄱㅅ",
        "type": "명사",
        "mean": " 겁을 내는 마음."
    },
    "겁약": {
        "word": "겁약",
        "chosung": "ㄱㅇ",
        "type": "명사",
        "mean": "怯弱 '겁약하다'의 어근."
    },
    "겁여": {
        "word": "겁여",
        "chosung": "ㄱㅇ",
        "type": "명사",
        "mean": " 위협이나 폭력으로 빼앗긴 뒤라는 뜻으로, 싸움을 하고 난 뒤를 이르는 말."
    },
    "겁옥": {
        "word": "겁옥",
        "chosung": "ㄱㅇ",
        "type": "명사",
        "mean": " 옥에 갇힌 죄수를 폭력으로 빼앗아 냄. ≒겁수(劫囚)."
    },
    "겁욕": {
        "word": "겁욕",
        "chosung": "ㄱㅇ",
        "type": "명사",
        "mean": " 폭행이나 협박을 하여 강제로 부녀자와 성 관계를 가짐."
    },
    "겁운": {
        "word": "겁운",
        "chosung": "ㄱㅇ",
        "type": "명사",
        "mean": " 재앙이 낀 운수. ≒겁수(劫數)·겁회(劫會)."
    },
    "겁의": {
        "word": "겁의",
        "chosung": "ㄱㅇ",
        "type": "명사",
        "mean": " 겁이 나서 어찌할 바를 모름."
    },
    "겁장이": {
        "word": "겁장이",
        "chosung": "ㄱㅈㅇ",
        "type": "명사",
        "mean": " '겁쟁이'의 잘못."
    },
    "겁재": {
        "word": "겁재",
        "chosung": "ㄱㅈ",
        "type": "명사",
        "mean": "세상이 파멸할 때 생기는 화재, 홍수, 강한 바람 따위의 큰 재난을 이르는 말."
    },
    "겁쟁이": {
        "word": "겁쟁이",
        "chosung": "ㄱㅈㅇ",
        "type": "명사",
        "mean": " 겁이 많은 사람을 낮잡아 이르는 말."
    },
    "겁제": {
        "word": "겁제",
        "chosung": "ㄱㅈ",
        "type": "명사",
        "mean": "=겁약(劫藥)."
    },
    "겁주다": {
        "word": "겁주다",
        "chosung": "ㄱㅈㄷ",
        "type": "동사",
        "mean": "『 …에게』『 …을』 상대편에게 겁을 집어먹도록 하다."
    },
    "겁죽": {
        "word": "겁죽",
        "chosung": "ㄱㅈ",
        "type": "명사",
        "mean": "［방언］ '거죽'의 방언(제주)."
    },
    "겁진": {
        "word": "겁진",
        "chosung": "ㄱㅈ",
        "type": "명사",
        "mean": "세상의 생명력이 다함."
    },
    "겁질": {
        "word": "겁질",
        "chosung": "ㄱㅈ",
        "type": "명사",
        "mean": "［옛말］ '껍질'의 옛말."
    },
    "겁채": {
        "word": "겁채",
        "chosung": "ㄱㅊ",
        "type": "명사",
        "mean": " 적의 소굴을 위협하거나 힘으로 빼앗음."
    },
    "겁초": {
        "word": "겁초",
        "chosung": "ㄱㅊ",
        "type": "명사",
        "mean": "세상이 이루어지는 처음. 하늘과 땅이 열리고 중생이 생존하게 되는 시초를 이르는 말이다."
    },
    "겁축": {
        "word": "겁축",
        "chosung": "ㄱㅊ",
        "type": "명사",
        "mean": "［북한어］ '강간(强姦)'의 북한어."
    },
    "겁측": {
        "word": "겁측",
        "chosung": "ㄱㅊ",
        "type": "명사",
        "mean": " 폭행이나 협박을 하여 강제로 부녀자와 성 관계를 갖는 일."
    },
    "겁침": {
        "word": "겁침",
        "chosung": "ㄱㅊ",
        "type": "명사",
        "mean": " 침 맞기를 겁냄."
    },
    "겁타": {
        "word": "겁타",
        "chosung": "ㄱㅌ",
        "type": "명사",
        "mean": "怯惰 '겁타하다'의 어근."
    },
    "겁탁": {
        "word": "겁탁",
        "chosung": "ㄱㅌ",
        "type": "명사",
        "mean": "《불교》세상의 다섯 가지 더러움의 하나. 기근, 질병, 전쟁 따위의 여러 가지 재앙이 일어난다."
    },
    "겁탈": {
        "word": "겁탈",
        "chosung": "ㄱㅌ",
        "type": "명사",
        "mean": "1. 위협하거나 폭력을 써서 빼앗음. 2. 위협하거나 폭력을 써서 성 관계를 맺음."
    },
    "겁탈질": {
        "word": "겁탈질",
        "chosung": "ㄱㅌㅈ",
        "type": "명사",
        "mean": "1. 남의 물건을 위협이나 폭력으로 빼앗는 짓. 2. 위협이나 폭력으로 부녀자와 성 관계를 갖는 짓."
    },
    "겁틱하다": {
        "word": "겁틱하다",
        "chosung": "ㄱㅌㅎㄷ",
        "type": "동사",
        "mean": "［옛말］ 위협하다. 협박하다."
    },
    "겁파": {
        "word": "겁파",
        "chosung": "ㄱㅍ",
        "type": "명사",
        "mean": "=겁(劫)."
    },
    "겁패": {
        "word": "겁패",
        "chosung": "ㄱㅍ",
        "type": "명사",
        "mean": "=목화(木花) ."
    },
    "겁포": {
        "word": "겁포",
        "chosung": "ㄱㅍ",
        "type": "명사",
        "mean": " 겁이 나서 두려워함."
    },
    "겁푸집": {
        "word": "겁푸집",
        "chosung": "ㄱㅍㅈ",
        "type": "명사",
        "mean": "［옛말］ '거푸집'의 옛말."
    },
    "겁풍": {
        "word": "겁풍",
        "chosung": "ㄱㅍ",
        "type": "명사",
        "mean": "세상이 파멸할 때 일어난다고 하는 큰 바람."
    },
    "겁해": {
        "word": "겁해",
        "chosung": "ㄱㅎ",
        "type": "명사",
        "mean": "인간 세상의 헤아릴 수 없는 아득한 세월을 바닷물에 비유하여 이르는 말."
    },
    "겁혼": {
        "word": "겁혼",
        "chosung": "ㄱㅎ",
        "type": "명사",
        "mean": "［북한어］ 위협하고 협박하여 혼인을 맺음. 또는 그런 혼인."
    },
    "겁화": {
        "word": "겁화",
        "chosung": "ㄱㅎ",
        "type": "명사",
        "mean": "세상이 파멸할 때 일어난다고 하는 큰불."
    },
    "겁회": {
        "word": "겁회",
        "chosung": "ㄱㅎ",
        "type": "명사",
        "mean": "세상이 파멸할 때 일어난다고 하는 큰불의 재."
    }
}