{
    "것": {
        "word": "것",
        "chosung": "ㄱ",
        "type": "명사",
        "mean": "［의존명사］1. 사물, 일, 현상 따위를 추상적으로 이르는 말."
    },
    "것ㄱ다": {
        "word": "것ㄱ다",
        "chosung": "ㄱㄱㄷ",
        "type": "동사",
        "mean": "［옛말］1. '꺾다'의 옛말. 자음으로 시작하는 어미 앞에서는 '것-'으로 나타난다."
    },
    "것ㅅ구로": {
        "word": "것ㅅ구로",
        "chosung": "ㄱㅅㄱㄹ",
        "type": "부사",
        "mean": "［옛말］ '거꾸로'의 옛말."
    },
    "것ㅅ구미다": {
        "word": "것ㅅ구미다",
        "chosung": "ㄱㅅㄱㅁㄷ",
        "type": "동사",
        "mean": "［옛말］ '겉꾸미다'의 옛말."
    },
    "것ㅅ보리": {
        "word": "것ㅅ보리",
        "chosung": "ㄱㅅㅂㄹ",
        "type": "명사",
        "mean": "［옛말］ '겉보리'의 옛말."
    },
    "것거디다": {
        "word": "것거디다",
        "chosung": "ㄱㄱㄷㄷ",
        "type": "동사",
        "mean": "［옛말］ '꺾어지다'의 옛말."
    },
    "것거풀": {
        "word": "것거풀",
        "chosung": "ㄱㄱㅍ",
        "type": "명사",
        "mean": "［옛말］ '겉꺼풀'의 옛말."
    },
    "것고지": {
        "word": "것고지",
        "chosung": "ㄱㄱㅈ",
        "type": "명사",
        "mean": "［옛말］ '비녀'의 옛말."
    },
    "것곶다": {
        "word": "것곶다",
        "chosung": "ㄱㄱㄷ",
        "type": "동사",
        "mean": "［옛말］ '꺾꽂이하다'의 옛말."
    },
    "것구러디다": {
        "word": "것구러디다",
        "chosung": "ㄱㄱㄹㄷㄷ",
        "type": "동사",
        "mean": "［옛말］ '거꾸러지다'의 옛말."
    },
    "것구리": {
        "word": "것구리",
        "chosung": "ㄱㄱㄹ",
        "type": "명사",
        "mean": "［방언］ '지렁이'의 방언(경남)."
    },
    "것구리티다": {
        "word": "것구리티다",
        "chosung": "ㄱㄱㄹㅌㄷ",
        "type": "동사",
        "mean": "［옛말］ '거꾸러뜨리다'의 옛말."
    },
    "것긇다": {
        "word": "것긇다",
        "chosung": "ㄱㄱㄷ",
        "type": "동사",
        "mean": "［옛말］ 끓어 넘치다."
    },
    "것다": {
        "word": "것다",
        "chosung": "ㄱㄷ",
        "type": "접사",
        "mean": "［옛말］｛ 명사 뒤에 붙어｝ '그와 같은 부류'의 뜻을 더하고 형용사를 만드는 접미사."
    },
    "것다가": {
        "word": "것다가",
        "chosung": "ㄱㄷㄱ",
        "type": "부사",
        "mean": "［방언］ '게다가'의 방언(평안)."
    },
    "것대": {
        "word": "것대",
        "chosung": "ㄱㄷ",
        "type": "명사",
        "mean": "［옛말］ '겉대'의 옛말."
    },
    "것돌": {
        "word": "것돌",
        "chosung": "ㄱㄷ",
        "type": "명사",
        "mean": "［방언］ '간이역'의 방언(함북)."
    },
    "것듣다": {
        "word": "것듣다",
        "chosung": "ㄱㄷㄷ",
        "type": "동사",
        "mean": "［옛말］ 꺾여 떨어지다."
    },
    "것뛰기": {
        "word": "것뛰기",
        "chosung": "ㄱㄸㄱ",
        "type": "명사",
        "mean": "［방언］ '나막신'의 방언(경기, 함남)."
    },
    "것마난": {
        "word": "것마난",
        "chosung": "ㄱㅁㄴ",
        "type": "어미",
        "mean": "［옛말］｛ 주로 동사, 형용사 어간 뒤에 붙어｝ -건마는."
    },
    "것마는": {
        "word": "것마는",
        "chosung": "ㄱㅁㄴ",
        "type": "어미",
        "mean": "'-건마는'의 잘못."
    },
    "것마라죽다": {
        "word": "것마라죽다",
        "chosung": "ㄱㅁㄹㅈㄷ",
        "type": "동사",
        "mean": "［옛말］ '까무러치다'의 옛말."
    },
    "것목치다": {
        "word": "것목치다",
        "chosung": "ㄱㅁㅊㄷ",
        "type": "동사",
        "mean": "［옛말］ 건목 치다."
    },
    "것바시": {
        "word": "것바시",
        "chosung": "ㄱㅂㅅ",
        "type": "명사",
        "mean": "［옛말］ '거지'의 옛말. 조사 '의' 앞에서는 '것□'으로 나타난다."
    },
    "것보리": {
        "word": "것보리",
        "chosung": "ㄱㅂㄹ",
        "type": "명사",
        "mean": "［옛말］ '겉보리'의 옛말."
    },
    "것부이하다": {
        "word": "것부이하다",
        "chosung": "ㄱㅂㅇㅎㄷ",
        "type": "동사",
        "mean": "［방언］ 들것으로 흙이나 눈을 담아 나르다(평북)."
    },
    "것비치다": {
        "word": "것비치다",
        "chosung": "ㄱㅂㅊㄷ",
        "type": "동사",
        "mean": "［옛말］ 꺾여 삐치다."
    },
    "것셥": {
        "word": "것셥",
        "chosung": "ㄱㅅ",
        "type": "명사",
        "mean": "［옛말］ '겉섶'의 옛말."
    },
    "것위": {
        "word": "것위",
        "chosung": "ㄱㅇ",
        "type": "명사",
        "mean": "［옛말］ '지렁이'의 옛말."
    },
    "것읅ㅅ더보다": {
        "word": "것읅ㅅ더보다",
        "chosung": "ㄱㅇㅅㄷㅂㄷ",
        "type": "동사",
        "mean": "［옛말］ '거들떠보다'의 옛말."
    },
    "것잡다": {
        "word": "것잡다",
        "chosung": "ㄱㅈㄷ",
        "type": "동사",
        "mean": " '걷잡다'의 잘못."
    },
    "것쟈락": {
        "word": "것쟈락",
        "chosung": "ㄱㅈㄹ",
        "type": "명사",
        "mean": "［옛말］ '겉자락'의 옛말."
    },
    "것조": {
        "word": "것조",
        "chosung": "ㄱㅈ",
        "type": "명사",
        "mean": "［옛말］ '겉조'의 옛말."
    },
    "것지르다": {
        "word": "것지르다",
        "chosung": "ㄱㅈㄹㄷ",
        "type": "동사",
        "mean": "『 …을』 아래에서 위로 거슬러 지르다."
    },
    "것지아니하다": {
        "word": "것지아니하다",
        "chosung": "ㄱㅈㅇㄴㅎㄷ",
        "type": "형용사",
        "mean": "［옛말］ '같잖다'의 옛말."
    },
    "것챵": {
        "word": "것챵",
        "chosung": "ㄱㅊ",
        "type": "명사",
        "mean": "［옛말］ 신발의 겉에 대는 창."
    },
    "것치다": {
        "word": "것치다",
        "chosung": "ㄱㅊㄷ",
        "type": "동사",
        "mean": "［옛말］ '거치다'의 옛말."
    },
    "것티다": {
        "word": "것티다",
        "chosung": "ㄱㅌㄷ",
        "type": "동사",
        "mean": "［옛말］ 쳐 꺾다."
    }
}