{
    "겅거래": {
        "word": "겅거래",
        "chosung": "ㄱㄱㄹ",
        "type": "명사",
        "mean": "［방언］ '겅그레'의 방언(경남)."
    },
    "겅겅": {
        "word": "겅겅",
        "chosung": "ㄱㄱ",
        "type": "부사",
        "mean": "［방언］ '멍멍'의 방언(평북)."
    },
    "겅게": {
        "word": "겅게",
        "chosung": "ㄱㄱ",
        "type": "대명사",
        "mean": "［방언］ '거기'의 방언(함북)."
    },
    "겅구": {
        "word": "겅구",
        "chosung": "ㄱㄱ",
        "type": "명사",
        "mean": "［방언］ '식구'의 방언(경남)."
    },
    "겅구지": {
        "word": "겅구지",
        "chosung": "ㄱㄱㅈ",
        "type": "명사",
        "mean": "［방언］ '금줄'의 방언(경남)."
    },
    "겅그게": {
        "word": "겅그게",
        "chosung": "ㄱㄱㄱ",
        "type": "대명사",
        "mean": "［방언］ '거기'의 방언(함북)."
    },
    "겅그럽다": {
        "word": "겅그럽다",
        "chosung": "ㄱㄱㄹㄷ",
        "type": "형용사",
        "mean": "［방언］ '가렵다'의 방언(경남)."
    },
    "겅그레": {
        "word": "겅그레",
        "chosung": "ㄱㄱㄹ",
        "type": "명사",
        "mean": " 솥에 무엇을 찔 때, 찌는 것이 솥 안의 물에 잠기지 않도록 받침으로 놓는 물건. 흔히 댓조각을 얽어서 만드는데, 임시로 나뭇개비를 걸쳐 놓기도 한다."
    },
    "겅금": {
        "word": "겅금",
        "chosung": "ㄱㄱ",
        "type": "명사",
        "mean": "황산 제일철을 물감으로 이르는 말. 검정 물감의 매염제(媒染劑)로 쓴다."
    },
    "겅더리되다": {
        "word": "겅더리되다",
        "chosung": "ㄱㄷㄹㄷㄷ",
        "type": "동사",
        "mean": " 심하게 앓거나 큰 고통을 겪어서 몸이 몹시 파리하고 뼈가 앙상하게 되다."
    },
    "겅둥": {
        "word": "겅둥",
        "chosung": "ㄱㄷ",
        "type": "부사",
        "mean": " 긴 다리로 치신없이 거볍게 뛰는 모양."
    },
    "겅둥겅둥": {
        "word": "겅둥겅둥",
        "chosung": "ㄱㄷㄱㄷ",
        "type": "부사",
        "mean": "1. 긴 다리로 계속해서 치신없이 거볍게 뛰는 모양."
    },
    "겅뚱": {
        "word": "겅뚱",
        "chosung": "ㄱㄸ",
        "type": "부사",
        "mean": "［북한어］ 긴 다리를 매우 가볍게 높이 들어 한 번 솟구치는 모양."
    },
    "겅뚱겅뚱": {
        "word": "겅뚱겅뚱",
        "chosung": "ㄱㄸㄱㄸ",
        "type": "부사",
        "mean": "［북한어］1. 긴 다리를 매우 가볍게 높이 들어 계속 뛰는 모양."
    },
    "겅성드뭇": {
        "word": "겅성드뭇",
        "chosung": "ㄱㅅㄷㅁ",
        "type": "명사",
        "mean": "'겅성드뭇하다'의 어근."
    },
    "겅저이": {
        "word": "겅저이",
        "chosung": "ㄱㅈㅇ",
        "type": "명사",
        "mean": "［방언］ '게으름뱅이'의 방언(함남)."
    },
    "겅정": {
        "word": "겅정",
        "chosung": "ㄱㅈ",
        "type": "부사",
        "mean": " 긴 다리를 모으고 거볍게 내뛰는 모양."
    },
    "겅정겅정": {
        "word": "겅정겅정",
        "chosung": "ㄱㅈㄱㅈ",
        "type": "부사",
        "mean": " 긴 다리를 모으고 거볍게 자꾸 내뛰는 모양."
    },
    "겅정하다": {
        "word": "겅정하다",
        "chosung": "ㄱㅈㅎㄷ",
        "type": "형용사",
        "mean": "［방언］ '게으르다'의 방언(함남)."
    },
    "겅중": {
        "word": "겅중",
        "chosung": "ㄱㅈ",
        "type": "부사",
        "mean": " 긴 다리를 모으고 힘 있게 높이 솟구쳐 뛰는 모양."
    },
    "겅중겅중": {
        "word": "겅중겅중",
        "chosung": "ㄱㅈㄱㅈ",
        "type": "부사",
        "mean": " 긴 다리를 모으고 힘 있게 솟구쳐 뛰면서 계속 걷는 모양."
    },
    "겅충": {
        "word": "겅충",
        "chosung": "ㄱㅊ",
        "type": "부사",
        "mean": "［북한어］1. 겉에 입은 것이 아랫도리가 드러날 정도로 짧은 모양. 2. 매우 짤막한 것이 크게 툭 끊어진 듯한 모양."
    },
    "겅충겅충": {
        "word": "겅충겅충",
        "chosung": "ㄱㅊㄱㅊ",
        "type": "부사",
        "mean": "［북한어］ 긴 다리를 모으고 힘 있게 자꾸 높이 솟구쳐 뛰는 모양."
    }
}