{
    "게": {
        "word": "게",
        "chosung": "ㄱ",
        "type": "명사",
        "mean": "=가타(伽陀)."
    },
    "게ㅂ짐": {
        "word": "게ㅂ짐",
        "chosung": "ㄱㅂㅈ",
        "type": "명사",
        "mean": "［옛말］ '게찜'의 옛말."
    },
    "게가다": {
        "word": "게가다",
        "chosung": "ㄱㄱㄷ",
        "type": "동사",
        "mean": "［방언］ '기어가다'의 방언(함경)."
    },
    "게감정": {
        "word": "게감정",
        "chosung": "ㄱㄱㅈ",
        "type": "명사",
        "mean": " 게의 등딱지를 떼고 그 속에 갖은 양념을 한 소를 넣어 만든 음식."
    },
    "게거미": {
        "word": "게거미",
        "chosung": "ㄱㄱㅁ",
        "type": "명사",
        "mean": "거미강 가운데 중형 거미를 통틀어 이르는 말. 첫째, 둘째 다리가 다른 다리보다 길고 옆으로 자라며 몸 전체가 넓적하고 옆으로 걷는 것이 게와 비슷하다. 20여 속이 있다. 거미줄을 치지 않으며 초목이나 나무껍질 따위에서 생활한다."
    },
    "게거밋과": {
        "word": "게거밋과",
        "chosung": "ㄱㄱㅁㄱ",
        "type": "명사",
        "mean": "절지동물 거미강 거미목의 한 과. 우리나라에는 꼬마게거미속, 털게거미속, 민꽃게거미속, 각시꽃게거미속의 4속 5종이 있다. (Thomisidae)"
    },
    "게거품": {
        "word": "게거품",
        "chosung": "ㄱㄱㅍ",
        "type": "명사",
        "mean": "1. 사람이나 동물이 몹시 괴롭거나 흥분했을 때 입에서 나오는 거품 같은 침."
    },
    "게걸": {
        "word": "게걸",
        "chosung": "ㄱㄱ",
        "type": "명사",
        "mean": " 염치없이 마구 먹거나 가지려고 탐내는 마음."
    },
    "게걸게걸": {
        "word": "게걸게걸",
        "chosung": "ㄱㄱㄱㄱ",
        "type": "부사",
        "mean": " 상스러운 말로 소리를 지르며 불평스럽게 자꾸 떠드는 모양."
    },
    "게걸대거리": {
        "word": "게걸대거리",
        "chosung": "ㄱㄱㄷㄱㄹ",
        "type": "명사",
        "mean": " 염치없이 달려들어 먹으려고 맞서는 일."
    },
    "게걸덕거리다": {
        "word": "게걸덕거리다",
        "chosung": "ㄱㄱㄷㄱㄹㄷ",
        "type": "동사",
        "mean": " '게걸거리다'의 잘못."
    },
    "게걸들다": {
        "word": "게걸들다",
        "chosung": "ㄱㄱㄷㄷ",
        "type": "동사",
        "mean": " =게걸들리다."
    },
    "게걸들리다": {
        "word": "게걸들리다",
        "chosung": "ㄱㄱㄷㄹㄷ",
        "type": "동사",
        "mean": " 몹시 먹고 싶거나 하고 싶은 욕심에 사로잡히다. ≒게걸들다."
    },
    "게걸스럽다": {
        "word": "게걸스럽다",
        "chosung": "ㄱㄱㅅㄹㄷ",
        "type": "형용사",
        "mean": "1. 몹시 먹고 싶거나 하고 싶은 욕심에 사로잡힌 듯하다."
    },
    "게걸음": {
        "word": "게걸음",
        "chosung": "ㄱㄱㅇ",
        "type": "명사",
        "mean": "봉산 탈춤 따위에서, 발을 떼지 않고 무릎을 굽혔다 폈다 하며 나가는 사위."
    },
    "게걸쟁이": {
        "word": "게걸쟁이",
        "chosung": "ㄱㄱㅈㅇ",
        "type": "명사",
        "mean": " 몹시 게걸스러운 사람을 낮잡아 이르는 말."
    },
    "게걸증": {
        "word": "게걸증",
        "chosung": "ㄱㄱㅈ",
        "type": "명사",
        "mean": "'다식증'의 북한어."
    },
    "게검스럽다": {
        "word": "게검스럽다",
        "chosung": "ㄱㄱㅅㄹㄷ",
        "type": "형용사",
        "mean": " 음식을 욕심껏 먹어 대는 꼴이 보기에 매우 흉하다."
    },
    "게검츠레하다": {
        "word": "게검츠레하다",
        "chosung": "ㄱㄱㅊㄹㅎㄷ",
        "type": "형용사",
        "mean": " '거슴츠레하다'의 잘못."
    },
    "게게": {
        "word": "게게",
        "chosung": "ㄱㄱ",
        "type": "부사",
        "mean": "1. 코나 침을 보기 흉하게 흘리는 모양."
    },
    "게게므레하다": {
        "word": "게게므레하다",
        "chosung": "ㄱㄱㅁㄹㅎㄷ",
        "type": "형용사",
        "mean": "［방언］ '거슴츠레하다'의 방언(평북)."
    },
    "게겐": {
        "word": "게겐",
        "chosung": "ㄱㄱ",
        "type": "어미",
        "mean": "［방언］ '-자꾸나'의 방언(제주)."
    },
    "게겐바우어": {
        "word": "게겐바우어",
        "chosung": "ㄱㄱㅂㅇㅇ",
        "type": "명사",
        "mean": "독일의 해부학자(1826~1903). 비교 해부학에 정통하여 진화론적 입장에서 해부학을 연구하였다. 저서인 은 해부학의 기초 도서로 알려져 있다."
    },
    "게겜츠레하다": {
        "word": "게겜츠레하다",
        "chosung": "ㄱㄱㅊㄹㅎㄷ",
        "type": "형용사",
        "mean": "［방언］ '거슴츠레하다'의 방언(평북)."
    },
    "게고둥": {
        "word": "게고둥",
        "chosung": "ㄱㄱㄷ",
        "type": "명사",
        "mean": "껍데기 속에 속살이게, 집게 따위의 게가 들어가 사는 고둥을 통틀어 이르는 말."
    },
    "게골뱅이": {
        "word": "게골뱅이",
        "chosung": "ㄱㄱㅂㅇ",
        "type": "명사",
        "mean": "갑각류의 하나. 빈 골뱅이 속에 들어가 사는데 세 쌍의 다리를 밖에 내놓고 껍데기를 끌고 다닌다."
    },
    "게골창": {
        "word": "게골창",
        "chosung": "ㄱㄱㅊ",
        "type": "명사",
        "mean": "［방언］ '도랑'의 방언(전남)."
    },
    "게구": {
        "word": "게구",
        "chosung": "ㄱㄱ",
        "type": "명사",
        "mean": "부처의 공덕이나 가르침을 찬탄하는 노래인 가타(伽陀)의 글귀. 네 구(句)를 한 게(偈)로, 다섯 자나 일곱 자를 한 구로 하여 한시(漢詩)처럼 짓는다. ≒게문(偈文)."
    },
    "게구이": {
        "word": "게구이",
        "chosung": "ㄱㄱㅇ",
        "type": "명사",
        "mean": " 게딱지 속의 장과 짓이긴 발을 한데 버무려 양념한 것을 중탕하여 찐 음식."
    },
    "게국": {
        "word": "게국",
        "chosung": "ㄱㄱ",
        "type": "명사",
        "mean": "［북한어］1. '겟국'의 북한어. 2. '겟국'의 북한어."
    },
    "게그르다": {
        "word": "게그르다",
        "chosung": "ㄱㄱㄹㄷ",
        "type": "형용사",
        "mean": "［방언］ '게으르다'의 방언(강원, 경북, 함경)."
    },
    "게그름뱅이": {
        "word": "게그름뱅이",
        "chosung": "ㄱㄱㄹㅂㅇ",
        "type": "명사",
        "mean": "［방언］ '게으름뱅이'의 방언(강원)."
    },
    "게그밧다": {
        "word": "게그밧다",
        "chosung": "ㄱㄱㅂㄷ",
        "type": "형용사",
        "mean": "［방언］ '게으르다'의 방언(경북)."
    },
    "게글르다": {
        "word": "게글르다",
        "chosung": "ㄱㄱㄹㄷ",
        "type": "형용사",
        "mean": "［방언］ '게으르다'의 방언(강원)."
    },
    "게긏다": {
        "word": "게긏다",
        "chosung": "ㄱㄱㄷ",
        "type": "형용사",
        "mean": "［방언］ '궂다'의 방언(경상)."
    },
    "게기": {
        "word": "게기",
        "chosung": "ㄱㄱ",
        "type": "명사",
        "mean": " 기록하여 내어 붙이거나 걸어 두어서 여러 사람이 보게 함. 또는 그런 기록."
    },
    "게꼬리": {
        "word": "게꼬리",
        "chosung": "ㄱㄲㄹ",
        "type": "명사",
        "mean": " '게꽁지'의 잘못."
    },
    "게꽁지": {
        "word": "게꽁지",
        "chosung": "ㄱㄲㅈ",
        "type": "명사",
        "mean": " 지식이나 재주 따위가 아주 짧거나 보잘것없는 것을 비유적으로 이르는 말."
    },
    "게꿈": {
        "word": "게꿈",
        "chosung": "ㄱㄲ",
        "type": "명사",
        "mean": "［방언］ '거품'의 방언(제주)."
    },
    "게끔": {
        "word": "게끔",
        "chosung": "ㄱㄲ",
        "type": "어미",
        "mean": "｛ 주로 동사 어간이나 어미 '-으시-'뒤에 붙어 앞의 내용이 뒤에서 가리키는｝ 사태의 목적이나 결과, 방식, 정도 따위가 됨을 나타내는 연결 어미. '-게'보다 강조된 의미를 나타낸다."
    },
    "게끼": {
        "word": "게끼",
        "chosung": "ㄱㄲ",
        "type": "명사",
        "mean": " 매달 음력 5, 6일과 20, 21일쯤의 서해안의 조수(潮水)."
    },
    "게나": {
        "word": "게나",
        "chosung": "ㄱㄴ",
        "type": "어미",
        "mean": "｛ 동사 어간이나 어미 '-으시-'뒤에 붙어｝ '-게'의 뜻을 좀 더 친근하게 나타내는 종결 어미."
    },
    "게나네": {
        "word": "게나네",
        "chosung": "ㄱㄴㄴ",
        "type": "부사",
        "mean": "［방언］ '그러니까'의 방언(제주)."
    },
    "게나른하다": {
        "word": "게나른하다",
        "chosung": "ㄱㄴㄹㅎㄷ",
        "type": "형용사",
        "mean": "［북한어］ 매우 나른하다."
    },
    "게나리봇짐": {
        "word": "게나리봇짐",
        "chosung": "ㄱㄴㄹㅂㅈ",
        "type": "명사",
        "mean": " '괴나리봇짐'의 잘못."
    },
    "게나예나": {
        "word": "게나예나",
        "chosung": "ㄱㄴㅇㄴ",
        "type": "명사",
        "mean": "'거기나 여기나'가 줄어든 말."
    },
    "게냥": {
        "word": "게냥",
        "chosung": "ㄱㄴ",
        "type": "명사",
        "mean": " '겨냥'의 잘못."
    },
    "게네": {
        "word": "게네",
        "chosung": "ㄱㄴ",
        "type": "대명사",
        "mean": " 말하는 이와 듣는 이가 아닌 사람의 무리를 조금 낮잡아 이르는 삼인칭 대명사."
    },
    "게네랄파우제": {
        "word": "게네랄파우제",
        "chosung": "ㄱㄴㄹㅍㅇㅈ",
        "type": "명사",
        "mean": "합주곡이나 합창곡에서, 모든 악기나 각 성부(聲部)가 일제히 쉬는 일. 악곡의 흐름을 갑자기 정지시키는 효과적인 기법으로, 18세기 중엽 만하임악파에서 쓰기 시작했다. 보통 온쉼표 위에 'G.P.'라고 써서 표시한다. ≒모두쉼표·총휴부."
    },
    "게네랄프로베": {
        "word": "게네랄프로베",
        "chosung": "ㄱㄴㄹㅍㄹㅂ",
        "type": "명사",
        "mean": "합주 단체가 공연 전에 하는 마지막 총연습."
    },
    "게노센샤프트": {
        "word": "게노센샤프트",
        "chosung": "ㄱㄴㅅㅅㅍㅌ",
        "type": "명사",
        "mean": "구성원의 협동을 기초로 하여 인위적으로 형성된 사회 형태. 독일의 법학자 기르케가 사용한 술어로서 공동 사회와 이익 사회를 종합한 개념으로 볼 수 있다."
    },
    "게노스": {
        "word": "게노스",
        "chosung": "ㄱㄴㅅ",
        "type": "명사",
        "mean": "고대 그리스의 씨족 단위."
    },
    "게놈": {
        "word": "게놈",
        "chosung": "ㄱㄴ",
        "type": "명사",
        "mean": "낱낱의 생물체가 가진 한 쌍의 염색체. 생물이 생존하는 것을 가능하게 하는 최소한의 염색체이다."
    },
    "게놈갑작변이": {
        "word": "게놈갑작변이",
        "chosung": "ㄱㄴㄱㅈㅂㅇ",
        "type": "명사",
        "mean": "자연적이거나 인공적인 작용에 의하여 어떤 생물의 염색체 수가 변화하여 생기는 돌연변이."
    },
    "게놈분석": {
        "word": "게놈분석",
        "chosung": "ㄱㄴㅂㅅ",
        "type": "명사",
        "mean": "비슷한 점이 많은 생물의 게놈이 같고 다름을 조사·비교하여 계통(系統)과 유연(類 緣)을 밝히는 일."
    },
    "게놈설": {
        "word": "게놈설",
        "chosung": "ㄱㄴㅅ",
        "type": "명사",
        "mean": "게놈의 개념을 기초로 하여 유전(遺傳)의 모든 현상을 해석하려는 학설."
    },
    "게눈": {
        "word": "게눈",
        "chosung": "ㄱㄴ",
        "type": "명사",
        "mean": "박공널이나 추녀 끝에 소용돌이 모양으로 새긴 무늬. ≒해안각."
    },
    "게눈모": {
        "word": "게눈모",
        "chosung": "ㄱㄴㅁ",
        "type": "명사",
        "mean": " 게눈 모양으로 둥글게 도드라진 모."
    },
    "게눔": {
        "word": "게눔",
        "chosung": "ㄱㄴ",
        "type": "명사",
        "mean": "［방언］ '겨냥'의 방언(평북)."
    },
    "게다": {
        "word": "게다",
        "chosung": "ㄱㄷ",
        "type": "부사",
        "mean": "1. '게다가'의 준말."
    },
    "게다가": {
        "word": "게다가",
        "chosung": "ㄱㄷㄱ",
        "type": "부사",
        "mean": "1. 그러한 데다가."
    },
    "게다짝": {
        "word": "게다짝",
        "chosung": "ㄱㄷㅉ",
        "type": "명사",
        "mean": "1. '게다'를 낮잡아 이르는 말."
    },
    "게대": {
        "word": "게대",
        "chosung": "ㄱㄷ",
        "type": "명사",
        "mean": "'계대(繼隊)'의 잘못."
    },
    "게더랑": {
        "word": "게더랑",
        "chosung": "ㄱㄷㄹ",
        "type": "명사",
        "mean": "［방언］ '겨드랑이'의 방언(경남)."
    },
    "게더분하다": {
        "word": "게더분하다",
        "chosung": "ㄱㄷㅂㅎㄷ",
        "type": "형용사",
        "mean": "［방언］ '지저분하다'의 방언(제주)."
    },
    "게데": {
        "word": "게데",
        "chosung": "ㄱㄷ",
        "type": "명사",
        "mean": "［방언］ '차별'의 방언(평북)."
    },
    "게두덜": {
        "word": "게두덜",
        "chosung": "ㄱㄷㄷ",
        "type": "명사",
        "mean": "'게두덜거리다'의 어근."
    },
    "게두덜게두덜": {
        "word": "게두덜게두덜",
        "chosung": "ㄱㄷㄷㄱㄷㄷ",
        "type": "부사",
        "mean": " 굵고 거친 목소리로 자꾸 불평하는 모양."
    },
    "게둥대둥": {
        "word": "게둥대둥",
        "chosung": "ㄱㄷㄷㄷ",
        "type": "부사",
        "mean": " '귀둥대둥'의 잘못."
    },
    "게드": {
        "word": "게드",
        "chosung": "ㄱㄷ",
        "type": "명사",
        "mean": "프랑스의 사회주의자(1845~1922). 집산주의(集産主義) 이론의 창시자로, 1882년 프랑스 노동당의 창립을 주도하였다."
    },
    "게드레기": {
        "word": "게드레기",
        "chosung": "ㄱㄷㄹㄱ",
        "type": "명사",
        "mean": "［방언］ '소라게'의 방언(제주)."
    },
    "게들다": {
        "word": "게들다",
        "chosung": "ㄱㄷㄷ",
        "type": "동사",
        "mean": "『 …에게』 기를 쓰며 달려들다."
    },
    "게따가나": {
        "word": "게따가나",
        "chosung": "ㄱㄸㄱㄴ",
        "type": "부사",
        "mean": "［방언］ '가뜩이나'의 방언(평안)."
    },
    "게딱지": {
        "word": "게딱지",
        "chosung": "ㄱㄸㅈ",
        "type": "명사",
        "mean": "1. 게의 등딱지. 2. 집이 작고 허술함을 비유적으로 이르는 말."
    },
    "게뚜더기": {
        "word": "게뚜더기",
        "chosung": "ㄱㄸㄷㄱ",
        "type": "명사",
        "mean": " 눈두덩 위의 살이 헐거나 다친 자국이 있어 꿰맨 것같이 보이는 눈. 또는 그런 눈을 가진 사람."
    },
    "게뚜시": {
        "word": "게뚜시",
        "chosung": "ㄱㄸㅅ",
        "type": "명사",
        "mean": " '게뚜더기'의 잘못."
    },
    "게뚜지": {
        "word": "게뚜지",
        "chosung": "ㄱㄸㅈ",
        "type": "명사",
        "mean": " '게뚜더기'의 잘못."
    },
    "게뚝": {
        "word": "게뚝",
        "chosung": "ㄱㄸ",
        "type": "명사",
        "mean": "［방언］ '굴뚝'의 방언(경상)."
    },
    "게라": {
        "word": "게라",
        "chosung": "ㄱㄹ",
        "type": "어미",
        "mean": "［옛말］｛ 주로 부정의 '몯-'과 함께 쓰여｝ -어라. -겠네."
    },
    "게라니올": {
        "word": "게라니올",
        "chosung": "ㄱㄹㄴㅇ",
        "type": "명사",
        "mean": "불포화 사슬을 지닌 알코올. 장미유·게라늄유·시트로넬라유(citronella油) 따위의 주성분이며, 장미 향기의 향료와 화장품의 원료가 된다. 화학식은 C10H18O."
    },
    "게라시모프": {
        "word": "게라시모프",
        "chosung": "ㄱㄹㅅㅁㅍ",
        "type": "명사",
        "mean": "소련의 토양학자·지리학자(1905~1986). 토양의 분류와 지리적 분포를 연구하여 소련의 토양도와 세계 토양도를 작성하였다."
    },
    "게락": {
        "word": "게락",
        "chosung": "ㄱㄹ",
        "type": "명사",
        "mean": "［방언］ '홍수'의 방언(강원)."
    },
    "게랍다": {
        "word": "게랍다",
        "chosung": "ㄱㄹㄷ",
        "type": "형용사",
        "mean": "［방언］ '괴롭다'의 방언(경남)."
    },
    "게랭": {
        "word": "게랭",
        "chosung": "ㄱㄹ",
        "type": "명사",
        "mean": "프랑스의 신고전파 화가(1774~1833). 제리코·들라크루아의 스승으로, 드라마틱한 수법의 역사화(歷史畵)에 뛰어났다. 작품에 가 있다."
    },
    "게량맞다": {
        "word": "게량맞다",
        "chosung": "ㄱㄹㅁㄷ",
        "type": "형용사",
        "mean": " '거령스럽다'의 잘못."
    },
    "게레": {
        "word": "게레",
        "chosung": "ㄱㄹ",
        "type": "조사",
        "mean": "［방언］ '그려'의 방언(평북)."
    },
    "게레기": {
        "word": "게레기",
        "chosung": "ㄱㄹㄱ",
        "type": "명사",
        "mean": "［방언］ '기러기'의 방언(평남)."
    },
    "게레눅": {
        "word": "게레눅",
        "chosung": "ㄱㄹㄴ",
        "type": "명사",
        "mean": "솟과의 포유동물. 키는 90~100cm, 몸의 길이는 150cm 정도이며, 등은 짙은 다갈색, 배와 눈 둘레는 흰색이다. 수컷의 뿔의 길이는 40cm 정도이며 떼를 지어 낮에 활동하는데 아프리카 동부 및 케냐의 초원 지대에 분포한다. (Litocranius walleri)"
    },
    "게레치": {
        "word": "게레치",
        "chosung": "ㄱㄹㅊ",
        "type": "명사",
        "mean": "게레칫과의 바닷물고기. 몸의 길이는 20cm 정도이고 긴 타원형으로 납작하다. 몸은 은백색인데, 등 쪽은 잿빛 청색이고 등지느러미 가장자리는 검은 갈색이며 비늘에 싸여 있다. 모랫바닥에 살며 한국, 일본 등지에 분포한다. (Gerres oyena)"
    },
    "게로": {
        "word": "게로",
        "chosung": "ㄱㄹ",
        "type": "조사",
        "mean": "｛ 주로 인칭 대명사 '내', '네', '제' 따위 뒤에 붙거나, 예스러운 표현으로는 '너희', '저희', '우리', '뉘' 따위 뒤에도 붙어｝ '에게로'의 준말."
    },
    "게로기": {
        "word": "게로기",
        "chosung": "ㄱㄹㄱ",
        "type": "명사",
        "mean": "=모싯대.【＜ 계로기≪훈몽자회(예산 문고본)(1527)≫ 】"
    },
    "게루기": {
        "word": "게루기",
        "chosung": "ㄱㄹㄱ",
        "type": "명사",
        "mean": "'게로기'의 북한어."
    },
    "게루빔": {
        "word": "게루빔",
        "chosung": "ㄱㄹㅂ",
        "type": "명사",
        "mean": "=지품 천사."
    },
    "게류": {
        "word": "게류",
        "chosung": "ㄱㄹ",
        "type": "명사",
        "mean": "흐름의 방향이 바뀌기에 앞서 잠시 정지하고 있는 상태의 조류(潮流)."
    },
    "게르": {
        "word": "게르",
        "chosung": "ㄱㄹ",
        "type": "어미",
        "mean": "［방언］ '-게'의 방언(강원)."
    },
    "게르니카": {
        "word": "게르니카",
        "chosung": "ㄱㄹㄴㅋ",
        "type": "명사",
        "mean": "에스파냐 북부, 비스케이 만 연안에 있는 도시. 1937년 내란 때에 독일 공군의 무차별 폭격으로 파괴되었다. 주요 산업은 식품 가공·가구 제조·금속 가공·무기 제조업이며, 관광업도 주요한 수입원이 되고 있다."
    },
    "게르다": {
        "word": "게르다",
        "chosung": "ㄱㄹㄷ",
        "type": "형용사",
        "mean": " '게으르다'의 준말."
    },
    "게르마늄": {
        "word": "게르마늄",
        "chosung": "ㄱㄹㅁㄴ",
        "type": "명사",
        "mean": "회백색의 금속 원소. 부스러지기 쉬우며, 황화 광물을 제련하거나 석탄을 태울 때 부산물로 얻는다. 특수한 조건에서만 금속으로서의 물리·화학적 성질을 나타내는 반도체이며, 반도체 소자·트랜지스터·광학 유리·각종 합금 따위의 주요 재료로 쓴다. 원자 기호는 Ge, 원자 번호는 32, 원자량은 72.59."
    },
    "게르마늄정류기": {
        "word": "게르마늄정류기",
        "chosung": "ㄱㄹㅁㄴㅈㄹㄱ",
        "type": "명사",
        "mean": "반도체 정류기의 하나. 게르마늄 반도체의 정류 작용을 이용한 것이다."
    },
    "게르마니스트": {
        "word": "게르마니스트",
        "chosung": "ㄱㄹㅁㄴㅅㅌ",
        "type": "명사",
        "mean": "역사 법학파의 주장에 동조하면서도 독일 민족 고유의 게르만법과 독일 고유법의 연구를 중시한 학자들."
    },
    "게르마니아": {
        "word": "게르마니아",
        "chosung": "ㄱㄹㅁㄴㅇ",
        "type": "명사",
        "mean": "로마의 역사가 타키투스가 지은 역사책. 고대 독일의 지형, 풍속 및 게르마니아에 살던 게르만 족의 생활상을 46장으로 나누어 기술하였다. 2. 《지명》고대 유럽, 민족 대이동 이전에 게르만 족이 거주하던 지역. 동쪽은 비스와 강, 서쪽은 라인 강, 남쪽은 다뉴브 강, 북쪽은 발트 해에 이르는 중부 유럽 일대로, 지금의 독일·폴란드·체코·슬로바키아에 해당한다."
    },
    "게르마니움야금": {
        "word": "게르마니움야금",
        "chosung": "ㄱㄹㅁㄴㅇㅇㄱ",
        "type": "명사",
        "mean": "아연이나 납, 구리를 제련하거나 석탄을 처리할 때 나오는 폐기물에서 게르마늄을 뽑아내는 일. ※ 게르마늄 야금."
    },
    "게르마니쿠스카이사르": {
        "word": "게르마니쿠스카이사르",
        "chosung": "ㄱㄹㅁㄴㅋㅅㅋㅇㅅㄹ",
        "type": "명사",
        "mean": "로마의 장군·정치가(B.C.15~A.D.19). 라인, 카파도키아, 시리아 등지의 전투에 종군(從軍)하여 공을 세우고 집정관이 되었으나, 안티오키아에서 갑자기 죽었다."
    },
    "게르만": {
        "word": "게르만",
        "chosung": "ㄱㄹㅁ",
        "type": "명사",
        "mean": "수소화게르마늄 또는 'R4Ge'의 일반식으로 표시되는 유기 화합물. 정사면체의 구조를 가지며, 전기 전도성(傳導性)이 있다."
    },
    "게르만민족의대이동": {
        "word": "게르만민족의대이동",
        "chosung": "ㄱㄹㅁㅁㅈㅇㄷㅇㄷ",
        "type": "명사",
        "mean": "=민족 대이동."
    },
    "게르만법": {
        "word": "게르만법",
        "chosung": "ㄱㄹㅁㅂ",
        "type": "명사",
        "mean": "게르만 족의 옛 법. 후세에 로마법과 더불어 여러 국가의 법의 중심이 되었다. 동·서·북의 세 계통이 있으며, 관습주의·상징주의·공법(公法)과 사법(私法)의 미분리(未分離)·단체주의 따위의 특색이 있다."
    },
    "게르만어파": {
        "word": "게르만어파",
        "chosung": "ㄱㄹㅁㅇㅍ",
        "type": "명사",
        "mean": "인도·유럽 어족에 속한 어파의 하나. 영어, 독일어, 네덜란드 어, 덴마크 어, 스웨덴 어, 노르웨이 어, 아이슬란드 어 따위가 있다."
    },
    "게르만적생산양식": {
        "word": "게르만적생산양식",
        "chosung": "ㄱㄹㅁㅈㅅㅅㅇㅅ",
        "type": "명사",
        "mean": "독립된 농민 가족이 세습된 집이나 농지 외에 촌락 공동체의 규제 아래 있는 일정한 경지를 점유하고 촌락의 공유지까지도 개별적으로 사용하여 농업을 영위하는 생산 양식. 중세 게르만의 여러 부족에서 전형적으로 볼 수 있는 것으로 로마 사회의 유제(遺制)와 더불어 유럽 봉건 사회를 이루게 되었다."
    },
    "게르만족": {
        "word": "게르만족",
        "chosung": "ㄱㄹㅁㅈ",
        "type": "명사",
        "mean": "게르만 어파에 속한 언어를 쓰는 민족. 백색 인종으로 키가 크고 금발이며 눈이 푸르다. 원주지는 스칸디나비아 반도의 남부에서 유틀란트 반도와 북독일에 이르는 지역이었으나 점차 흑해 연안에서 라인 강 유역까지 퍼져 나갔고 민족 대이동이 있던 시기에 게르만 왕국을 유럽 각지에 건설하여 독일, 네덜란드, 영국 및 북유럽 여러 나라를 이루었다. ≒게르만(German)."
    },
    "게르버교": {
        "word": "게르버교",
        "chosung": "ㄱㄹㅂㄱ",
        "type": "명사",
        "mean": "연속 교량의 중간 중간에 경첩을 적당히 달아 고정한 구조의 다리. 1866년 독일의 게르버(Gerber, J.G.H.)가 고안하였다. ≒게르버 다리."
    },
    "게르버다리": {
        "word": "게르버다리",
        "chosung": "ㄱㄹㅂㄷㄹ",
        "type": "명사",
        "mean": "=게르버교."
    },
    "게르비누스": {
        "word": "게르비누스",
        "chosung": "ㄱㄹㅂㄴㅅ",
        "type": "명사",
        "mean": "독일의 역사가·정치가(1805~1871). 삼월 혁명 전후의 독일 자유주의 사상의 대표자 가운데 한 사람으로, 하노버 왕조의 헌법 무시에 항거하였으며 독일 국민의 교화에 힘썼다. 저서에 , ,  따위가 있다."
    },
    "게르첸": {
        "word": "게르첸",
        "chosung": "ㄱㄹㅊ",
        "type": "명사",
        "mean": "제정 러시아의 소설가·사상가(1812~1870). 혁명적 민주주의를 제창하고, 농노(農奴) 해방 운동에 힘썼다. 특히, 러시아 농민 사회주의의 이론을 창시하여 나로드니키 사상의 시조라 불린다. 작품에 소설 와 회고록 따위가 있다."
    },
    "게르치": {
        "word": "게르치",
        "chosung": "ㄱㄹㅊ",
        "type": "명사",
        "mean": "게르칫과의 바닷물고기. 몸의 길이는 50cm 정도로 가늘고 길며, 검은 자주색이다. 한국, 일본, 남태평양 연해에 분포한다. ≒상피리·석필어(石□魚). (Scombrops boops)"
    },
    "게르치다": {
        "word": "게르치다",
        "chosung": "ㄱㄹㅊㄷ",
        "type": "동사",
        "mean": "［방언］ '가르치다'의 방언(경남)."
    },
    "게르칫과": {
        "word": "게르칫과",
        "chosung": "ㄱㄹㅊㄱ",
        "type": "명사",
        "mean": "조기강 농어목의 한 과. 우리나라에는 게르치 한 종만이 알려져 있다. (Pomatomidae)"
    },
    "게르트너": {
        "word": "게르트너",
        "chosung": "ㄱㄹㅌㄴ",
        "type": "명사",
        "mean": "독일의 건축가(1792~1847). 로마네스크 건축의 주창자였다. 작품에 , 따위가 있다."
    },
    "게르트너균": {
        "word": "게르트너균",
        "chosung": "ㄱㄹㅌㄴㄱ",
        "type": "명사",
        "mean": "독일의 세균학자 게르트너가 발견한 간균(杆菌). 가축이나 야생 동물에 옮아 널리 퍼지며 집단 식중독이나 심한 장염(腸炎)을 일으킨다. ≒장염균."
    },
    "게르하르트": {
        "word": "게르하르트",
        "chosung": "ㄱㄹㅎㄹㅌ",
        "type": "명사",
        "mean": "독일의 성악가(1883~1961). 오라토리오와 독일 리트에 뛰어났다."
    },
    "게를라호프스키봉": {
        "word": "게를라호프스키봉",
        "chosung": "ㄱㄹㄹㅎㅍㅅㅋㅂ",
        "type": "명사",
        "mean": "슬로바키아의 북부에 있는 산. 카르파티아 산맥에 속하는 타트라 산지의 최고봉이다. 높이는 2,663미터."
    },
    "게를라흐": {
        "word": "게를라흐",
        "chosung": "ㄱㄹㄹㅎ",
        "type": "명사",
        "mean": "독일의 물리학자(1889~1979). 1921년에 슈테른(Stern, O.)과의 실험을 통해 원자 구조론에 공헌하였다. 저서에 , 《자기학》, ,  따위가 있다."
    },
    "게름": {
        "word": "게름",
        "chosung": "ㄱㄹ",
        "type": "명사",
        "mean": " '게으름'의 준말."
    },
    "게름때": {
        "word": "게름때",
        "chosung": "ㄱㄹㄸ",
        "type": "명사",
        "mean": "［방언］ '겨릅대'의 방언(평북)."
    },
    "게름뱅이": {
        "word": "게름뱅이",
        "chosung": "ㄱㄹㅂㅇ",
        "type": "명사",
        "mean": " '게으름뱅이'의 준말."
    },
    "게름보": {
        "word": "게름보",
        "chosung": "ㄱㄹㅂ",
        "type": "명사",
        "mean": "［방언］ '게으름뱅이'의 방언(전남)."
    },
    "게름쟁이": {
        "word": "게름쟁이",
        "chosung": "ㄱㄹㅈㅇ",
        "type": "명사",
        "mean": " '게으름쟁이'의 준말."
    },
    "게릅댕이": {
        "word": "게릅댕이",
        "chosung": "ㄱㄹㄷㅇ",
        "type": "명사",
        "mean": "［방언］ '겨릅대'의 방언(평북)."
    },
    "게리": {
        "word": "게리",
        "chosung": "ㄱㄹ",
        "type": "명사",
        "mean": "미국 인디애나 주의 북서부, 미시간 호 남쪽에 있는 공업 도시. 1905년 유에스(US) 스틸 회사가 서부의 광산 지대와 동부의 탄전 지대 중간 지역을 사들여 공장을 건설함으로써 도시가 생겨났다. 시카고 대도시권의 일부이며, 세계적인 철강 도시로 칼메트 공업 지역의 중심지이다."
    },
    "게리기": {
        "word": "게리기",
        "chosung": "ㄱㄹㄱ",
        "type": "명사",
        "mean": "［방언］ '기러기'의 방언(평남)."
    },
    "게리다": {
        "word": "게리다",
        "chosung": "ㄱㄹㄷ",
        "type": "접사",
        "mean": "［방언］ '-거리다'의 방언(평북)."
    },
    "게리맨더링": {
        "word": "게리맨더링",
        "chosung": "ㄱㄹㅁㄷㄹ",
        "type": "명사",
        "mean": "자기 정당에 유리하게 선거구를 변경하는 일. 1812년 미국의 매사추세츠 주지사인 게리(Gerry, E.)가 고친 선거구의 모양이 전설상의 괴물 샐러맨더(salamander), 곧 도롱뇽과 비슷하다고 하여 반대당에서 게리의 이름을 붙여 게리맨더라고 야유한 데서 유래한다."
    },
    "게리시스템": {
        "word": "게리시스템",
        "chosung": "ㄱㄹㅅㅅㅌ",
        "type": "명사",
        "mean": "학교 시설을 최대한으로 활용하기 위한 반 편성 방식. 학생을 플래툰(platoon)이라는 두 그룹으로 나누어, 교실과 강당, 실습실 따위를 교대로 이용할 수 있게 한 것이다. 1908년 미국 게리 시의 초대 교육장 워트(Wirt, W.)가 실시하였다."
    },
    "게리케": {
        "word": "게리케",
        "chosung": "ㄱㄹㅋ",
        "type": "명사",
        "mean": "독일의 정치가·물리학자(1602~1686). 마그데부르크(Magdeburg)의 시장을 지냈다. 진공 펌프를 만들었으며 1654년에 대기 압력의 강도를 나타내기 위하여 공개한 '마그데부르크의 반구 실험'은 유명하다."
    },
    "게릴라": {
        "word": "게릴라",
        "chosung": "ㄱㄹㄹ",
        "type": "명사",
        "mean": "1. =유격대 . 2. 일정한 진지 없이 불규칙적으로 벌이는 유격전. 또는 그런 전법."
    },
    "게릴라전": {
        "word": "게릴라전",
        "chosung": "ㄱㄹㄹㅈ",
        "type": "명사",
        "mean": "=유격전(遊擊戰)."
    },
    "게릴라전술": {
        "word": "게릴라전술",
        "chosung": "ㄱㄹㄹㅈㅅ",
        "type": "명사",
        "mean": "적의 배후나 측면을 소규모의 유격대가 기습 공격함으로써 적을 교란시키는 전술."
    },
    "게마인샤프트": {
        "word": "게마인샤프트",
        "chosung": "ㄱㅁㅇㅅㅍㅌ",
        "type": "명사",
        "mean": "=공동 사회."
    },
    "게막": {
        "word": "게막",
        "chosung": "ㄱㅁ",
        "type": "명사",
        "mean": " 게를 잡기 위하여 치는 대발의 한쪽 끝에 원뿔 모양으로 세운 막."
    },
    "게먹다": {
        "word": "게먹다",
        "chosung": "ㄱㅁㄷ",
        "type": "동사",
        "mean": " 『 …에게』 상대편에게 지근덕지근덕 따지고 들다."
    },
    "게면스럽다": {
        "word": "게면스럽다",
        "chosung": "ㄱㅁㅅㄹㄷ",
        "type": "형용사",
        "mean": "［북한어］ 겸연쩍은 데가 있거나 매우 겸연쩍은 듯하다."
    },
    "게면쩍다": {
        "word": "게면쩍다",
        "chosung": "ㄱㅁㅉㄷ",
        "type": "형용사",
        "mean": "1. '겸연쩍다'의 잘못. 2. ［북한어］ '겸연쩍다'의 북한어."
    },
    "게명": {
        "word": "게명",
        "chosung": "ㄱㅁ",
        "type": "명사",
        "mean": "［방언］ '고명'의 방언(강원)."
    },
    "게목": {
        "word": "게목",
        "chosung": "ㄱㅁ",
        "type": "명사",
        "mean": "《식물》=개자리."
    },
    "게목나물": {
        "word": "게목나물",
        "chosung": "ㄱㅁㄴㅁ",
        "type": "명사",
        "mean": " 거여목의 줄기를 살짝 데쳐 껍질을 벗기고 잘라서 소금, 기름, 고추장에 무친 나물."
    },
    "게문": {
        "word": "게문",
        "chosung": "ㄱㅁ",
        "type": "명사",
        "mean": "=게구(偈句)."
    },
    "게바라": {
        "word": "게바라",
        "chosung": "ㄱㅂㄹ",
        "type": "명사",
        "mean": "아르헨티나 태생의 쿠바 혁명가(1928~1967). 카스트로(Castro, F.)와 함께 쿠바 혁명에 참가하였으며 카스트로 정권에서 국립 은행 총재, 공업 장관을 지냈다. 1965년부터 볼리비아에서 무장 게릴라 투쟁을 지도하다가 1967년 정부군에게 체포되어 총살되었다. 저서에 , 《게릴라전》 따위가 있다."
    },
    "게바라다니다": {
        "word": "게바라다니다",
        "chosung": "ㄱㅂㄹㄷㄴㄷ",
        "type": "동사",
        "mean": "［북한어］ 게처럼 함부로 이리저리 돌아다니다."
    },
    "게바라오르다": {
        "word": "게바라오르다",
        "chosung": "ㄱㅂㄹㅇㄹㄷ",
        "type": "동사",
        "mean": "［북한어］1. 낮은 곳에서 높은 곳으로 기듯이 올라가다."
    },
    "게바르다": {
        "word": "게바르다",
        "chosung": "ㄱㅂㄹㄷ",
        "type": "동사",
        "mean": "［북한어］ 지저분하게 바르다."
    },
    "게박": {
        "word": "게박",
        "chosung": "ㄱㅂ",
        "type": "명사",
        "mean": " 쉬며 머무름."
    },
    "게박쥐나물": {
        "word": "게박쥐나물",
        "chosung": "ㄱㅂㅈㄴㅁ",
        "type": "명사",
        "mean": "국화과의 여러해살이풀. 높이는 60~100cm이며, 잎은 마주나고 다섯 갈래로 갈라진다. 6~9월에 대롱 모양의 흰 꽃이 원추(圓錐) 꽃차례로 피고 열매는 수과(瘦果)를 맺는다. 어린잎은 식용하고 깊은 산의 그늘진 곳에 자라는데 함경북도 백두산에 분포한다. (Cacalia adenostyloides)"
    },
    "게발걸음": {
        "word": "게발걸음",
        "chosung": "ㄱㅂㄱㅇ",
        "type": "명사",
        "mean": " =게걸음 ."
    },
    "게발글씨": {
        "word": "게발글씨",
        "chosung": "ㄱㅂㄱㅆ",
        "type": "명사",
        "mean": " 아무렇게나 또는 서투르게 써 알아보기 힘든 글씨."
    },
    "게발리다": {
        "word": "게발리다",
        "chosung": "ㄱㅂㄹㄷ",
        "type": "동사",
        "mean": "［북한어］ '게바르다'의 피동사."
    },
    "게발새발": {
        "word": "게발새발",
        "chosung": "ㄱㅂㅅㅂ",
        "type": "명사",
        "mean": " '괴발개발'의 잘못."
    },
    "게발선인장": {
        "word": "게발선인장",
        "chosung": "ㄱㅂㅅㅇㅈ",
        "type": "명사",
        "mean": "선인장과의 여러해살이풀. 높이는 30~50cm이고 마디가 사방으로 뻗으며 모습이 게의 발과 비슷하다. 2~3월에 붉은 자주색 꽃이 마디 끝에 한송이 핀다. 관상용이고 브라질이 원산지이다. (Epiphyllum truncatus)"
    },
    "게발이끼": {
        "word": "게발이끼",
        "chosung": "ㄱㅂㅇㄲ",
        "type": "명사",
        "mean": "게발이낏과의 하나. 잎은 둥근 모양이고 서로 떨어져 있거나 접하여 있는데 잎 세포막은 누런 밤색이다. 산지(山地)의 습한 땅이나 썩은 나무에서 자라는데 우리나라 북부와 중부에 분포한다."
    },
    "게발조대": {
        "word": "게발조대",
        "chosung": "ㄱㅂㅈㄷ",
        "type": "명사",
        "mean": "［북한어］ 게의 집게발로 꼭지를 만든 담뱃대."
    },
    "게발톱점": {
        "word": "게발톱점",
        "chosung": "ㄱㅂㅌㅈ",
        "type": "명사",
        "mean": "인쇄 기호 '\"\"'의 용어. 인용 부호로 쓴다. ≒게발톱표."
    },
    "게발톱표": {
        "word": "게발톱표",
        "chosung": "ㄱㅂㅌㅍ",
        "type": "명사",
        "mean": "=게발톱점."
    },
    "게밥": {
        "word": "게밥",
        "chosung": "ㄱㅂ",
        "type": "명사",
        "mean": "［북한어］ '게거품'의 북한어."
    },
    "게방": {
        "word": "게방",
        "chosung": "ㄱㅂ",
        "type": "명사",
        "mean": " 여러 사람이 볼 수 있도록 글을 써서 내다 붙임. 또는 그 글."
    },
    "게베": {
        "word": "게베",
        "chosung": "ㄱㅂ",
        "type": "명사",
        "mean": "［방언］ '호주머니'의 방언(전남)."
    },
    "게별자리": {
        "word": "게별자리",
        "chosung": "ㄱㅂㅈㄹ",
        "type": "명사",
        "mean": "'게자리'의 북한어."
    },
    "게부리": {
        "word": "게부리",
        "chosung": "ㄱㅂㄹ",
        "type": "명사",
        "mean": "게부릿과의 해초. 짝지발 모양으로 많이 갈라지며, 서로 안쪽으로 구부러진다. 식용하거나 접착제의 원료 또는 식료 공업과 화학 공업, 세균 배양 따위에 쓴다. 바다의 1~2미터 깊이에서 바위나 다른 해초에 붙어산다. (Ceramium rubrum)"
    },
    "게부입연": {
        "word": "게부입연",
        "chosung": "ㄱㅂㅇㅇ",
        "type": "명사",
        "mean": " 도끼를 들고 산으로 가지 않고 물에 들어간다는 뜻으로, 쓸데없는 짓을 함을 이르는 말."
    },
    "게분": {
        "word": "게분",
        "chosung": "ㄱㅂ",
        "type": "명사",
        "mean": " 게딱지를 잘게 부순 가루. 흔히 사료나 비료로 쓴다. ≒겟가루 ."
    },
    "게브": {
        "word": "게브",
        "chosung": "ㄱㅂ",
        "type": "명사",
        "mean": "=기가전자볼트."
    },
    "게비다": {
        "word": "게비다",
        "chosung": "ㄱㅂㄷ",
        "type": "동사",
        "mean": "［방언］ '괴다'의 방언(경남)."
    },
    "게뻬우": {
        "word": "게뻬우",
        "chosung": "ㄱㅃㅇ",
        "type": "명사",
        "mean": "'게페우'의 북한어."
    },
    "게삐": {
        "word": "게삐",
        "chosung": "ㄱㅃ",
        "type": "명사",
        "mean": "［방언］ '고삐'의 방언(함경)."
    },
    "게사": {
        "word": "게사",
        "chosung": "ㄱㅅ",
        "type": "어미",
        "mean": "［옛말］｛ 주로 동사, 형용사 어간 뒤에 붙어｝ -어야."
    },
    "게사니": {
        "word": "게사니",
        "chosung": "ㄱㅅㄴ",
        "type": "명사",
        "mean": "1. ［방언］ '거위'의 방언(강원, 경기, 함경). 2. ［북한어］ '거위'의 북한어."
    },
    "게사니걸음": {
        "word": "게사니걸음",
        "chosung": "ㄱㅅㄴㄱㅇ",
        "type": "명사",
        "mean": "［북한어］ '거위걸음'의 북한어."
    },
    "게사니목청": {
        "word": "게사니목청",
        "chosung": "ㄱㅅㄴㅁㅊ",
        "type": "명사",
        "mean": "［북한어］ 거위가 우는 소리와 같이 목청을 높여 갑자기 꽥꽥 지르는 소리. ≒게사니청."
    },
    "게사니소리": {
        "word": "게사니소리",
        "chosung": "ㄱㅅㄴㅅㄹ",
        "type": "명사",
        "mean": "［북한어］1. 거위가 우는 소리. 2. 꽥꽥거리며 말하는 소리를 비유적으로 이르는 말."
    },
    "게사니영장": {
        "word": "게사니영장",
        "chosung": "ㄱㅅㄴㅇㅈ",
        "type": "명사",
        "mean": "［북한어］ 몸이 여위어 가냘프고 목이 길며 키가 큰 사람을 거위에 비유하여 이르는 말."
    },
    "게사니젓": {
        "word": "게사니젓",
        "chosung": "ㄱㅅㄴㅈ",
        "type": "명사",
        "mean": "［북한어］ 거위 고기를 잘게 썰고 술과 소금을 쳐서 담근 젓."
    },
    "게사니청": {
        "word": "게사니청",
        "chosung": "ㄱㅅㄴㅊ",
        "type": "명사",
        "mean": "［북한어］ =게사니목청."
    },
    "게사니포": {
        "word": "게사니포",
        "chosung": "ㄱㅅㄴㅍ",
        "type": "명사",
        "mean": "［북한어］ 거위 고기로 만든 포."
    },
    "게사리": {
        "word": "게사리",
        "chosung": "ㄱㅅㄹ",
        "type": "명사",
        "mean": "［방언］ '고사리'의 방언(경상)."
    },
    "게살": {
        "word": "게살",
        "chosung": "ㄱㅅ",
        "type": "명사",
        "mean": " 게의 살. 또는 게의 살을 말린 식품."
    },
    "게삽노잇가": {
        "word": "게삽노잇가",
        "chosung": "ㄱㅅㄴㅇㄱ",
        "type": "어미",
        "mean": "［옛말］｛ 주로 동사, 형용사 어간 뒤에 붙어｝ -겠습니까."
    },
    "게상어": {
        "word": "게상어",
        "chosung": "ㄱㅅㅇ",
        "type": "명사",
        "mean": "［방언］ '별상어'의 방언(충남)."
    },
    "게서": {
        "word": "게서",
        "chosung": "ㄱㅅ",
        "type": "조사",
        "mean": "｛ 주로 인칭 대명사 '내', '네', '제' 따위 뒤에 붙거나, 예스러운 표현으로는 '너희', '저희', '우리', '뉘' 따위 뒤에도 붙어｝ '에게서'의 준말."
    },
    "게성운": {
        "word": "게성운",
        "chosung": "ㄱㅅㅇ",
        "type": "명사",
        "mean": "황도 십이궁(黃道十二宮)의 황소자리에 있는 게 모양의 성운. 가스 상태이며 1054년에 폭발한 초신성(超新星)의 잔해로 추정되는데, 팽창 속도가 매우 커서 매초 1,200km에 이른다. 강력한 전파원(電波源)으로, 지구에서의 거리는 약 6,400광년이다. ≒해성운(蟹星雲)."
    },
    "게송": {
        "word": "게송",
        "chosung": "ㄱㅅ",
        "type": "명사",
        "mean": "부처의 공덕이나 가르침을 찬탄하는 노래. 외우기 쉽게 게구(偈句)로 지었다. ≒송문(頌文)."
    },
    "게쇠다": {
        "word": "게쇠다",
        "chosung": "ㄱㅅㄷ",
        "type": "동사",
        "mean": "［방언］ '쇠다'의 방언(평북)."
    },
    "게수": {
        "word": "게수",
        "chosung": "ㄱㅅ",
        "type": "명사",
        "mean": " '연못'의 잘못."
    },
    "게슈타포": {
        "word": "게슈타포",
        "chosung": "ㄱㅅㅌㅍ",
        "type": "명사",
        "mean": "나치스 독일 정권의 비밀 국가 경찰. 독재 체제를 강화하기 위하여 1933년 친위대(親衛隊) 안에 창설되어, 공산주의자와 사회주의자의 탄압, 유대 인의 추방과 학살 등을 통해 공포 분위기를 조성하는 등 나치스 체제의 확립을 위하여 활동하였다."
    },
    "게슈탈트": {
        "word": "게슈탈트",
        "chosung": "ㄱㅅㅌㅌ",
        "type": "명사",
        "mean": "=형태(形態) ."
    },
    "게슈탈트심리학": {
        "word": "게슈탈트심리학",
        "chosung": "ㄱㅅㅌㅌㅅㄹㅎ",
        "type": "명사",
        "mean": "=형태 심리학."
    },
    "게스너": {
        "word": "게스너",
        "chosung": "ㄱㅅㄴ",
        "type": "명사",
        "mean": "스위스의 박물학자·의사(1516~1565). 저서에 과거의 동물학 지식을 집대성한 가 있다."
    },
    "게스타포": {
        "word": "게스타포",
        "chosung": "ㄱㅅㅌㅍ",
        "type": "명사",
        "mean": "'게슈타포'의 북한어."
    },
    "게스트": {
        "word": "게스트",
        "chosung": "ㄱㅅㅌ",
        "type": "명사",
        "mean": " 라디오나 텔레비전의 프로그램에서 특별히 초대한 사람. '손님', '특별 출연자'로 순화."
    },
    "게슴츠레": {
        "word": "게슴츠레",
        "chosung": "ㄱㅅㅊㄹ",
        "type": "부사",
        "mean": " =거슴츠레."
    },
    "게슴치레하다": {
        "word": "게슴치레하다",
        "chosung": "ㄱㅅㅊㄹㅎㄷ",
        "type": "형용사",
        "mean": " '거슴츠레하다'의 잘못."
    },
    "게시": {
        "word": "게시",
        "chosung": "ㄱㅅ",
        "type": "명사",
        "mean": " 여러 사람에게 알리기 위하여 내붙이거나 내걸어 두루 보게 함. 또는 그런 물건."
    },
    "게시교육": {
        "word": "게시교육",
        "chosung": "ㄱㅅㄱㅇ",
        "type": "명사",
        "mean": "그림, 사진, 기록표 따위를 학생들의 눈에 잘 뜨이는 곳에 걸어서 학생의 주의를 끌어 교육 효과를 얻으려는 교육 방법."
    },
    "게시리": {
        "word": "게시리",
        "chosung": "ㄱㅅㄹ",
        "type": "어미",
        "mean": "'-게끔'의 잘못."
    },
    "게시문": {
        "word": "게시문",
        "chosung": "ㄱㅅㅁ",
        "type": "명사",
        "mean": " 여러 사람에게 알리기 위하여 내붙이거나 내걸어 두루 보게 하는 글. ≒방서."
    },
    "게시물": {
        "word": "게시물",
        "chosung": "ㄱㅅㅁ",
        "type": "명사",
        "mean": " 여러 사람에게 알리기 위하여 내붙이거나 내걸어 두루 보게 한 물건이나 글."
    },
    "게시시": {
        "word": "게시시",
        "chosung": "ㄱㅅㅅ",
        "type": "부사",
        "mean": "［북한어］ 눈이 풀려서 정기가 없이 매우 흐리멍덩한 모양."
    },
    "게시장": {
        "word": "게시장",
        "chosung": "ㄱㅅㅈ",
        "type": "명사",
        "mean": " 여러 사람에게 알릴 내용을 내붙이거나 내걸어 두루 볼 수 있게 한 곳."
    },
    "게시판": {
        "word": "게시판",
        "chosung": "ㄱㅅㅍ",
        "type": "명사",
        "mean": " 여러 사람에게 알릴 내용을 내붙이거나 내걸어 두루 보게 붙이는 판(板). '알림판'으로 순화. ≒게판(揭板) ."
    },
    "게식": {
        "word": "게식",
        "chosung": "ㄱㅅ",
        "type": "명사",
        "mean": " 잠깐 쉬어 숨을 돌림."
    },
    "게식다": {
        "word": "게식다",
        "chosung": "ㄱㅅㄷ",
        "type": "형용사",
        "mean": "［방언］ '헤식다'의 방언(제주)."
    },
    "게실": {
        "word": "게실",
        "chosung": "ㄱㅅ",
        "type": "명사",
        "mean": "=곁주머니."
    },
    "게실게실": {
        "word": "게실게실",
        "chosung": "ㄱㅅㄱㅅ",
        "type": "부사",
        "mean": "［북한어］ 여기저기 지저분하게 널려 있는 모양."
    },
    "게심": {
        "word": "게심",
        "chosung": "ㄱㅅ",
        "type": "명사",
        "mean": "［방언］ '게염'의 방언(제주)."
    },
    "게아": {
        "word": "게아",
        "chosung": "ㄱㅇ",
        "type": "어미",
        "mean": "［옛말］｛ 주로 동사, 형용사 어간 뒤에 붙어｝ -어야."
    },
    "게아재비": {
        "word": "게아재비",
        "chosung": "ㄱㅇㅈㅂ",
        "type": "명사",
        "mean": "장구애빗과의 곤충. 몸의 길이는 4cm 정도로 사마귀와 비슷하게 가늘고 길며, 엷은 누런빛을 띤 갈색이다. 배 끝에서 나온 호흡관이 암컷은 몸의 길이와 같고 수컷은 더욱 길다. 못이나 늪에서 어린 물고기나 곤충의 애벌레를 잡아먹고 사는데 한국, 중국, 시베리아 등지에 분포한다. (Ranatra chinensis)"
    },
    "게아찜": {
        "word": "게아찜",
        "chosung": "ㄱㅇㅉ",
        "type": "명사",
        "mean": "［방언］ '호주머니'의 방언(전남)."
    },
    "게알밧다": {
        "word": "게알밧다",
        "chosung": "ㄱㅇㅂㄷ",
        "type": "형용사",
        "mean": "［방언］ '게으르다'의 방언(경북)."
    },
    "게알젓": {
        "word": "게알젓",
        "chosung": "ㄱㅇㅈ",
        "type": "명사",
        "mean": " 게의 알을 소금에 절여 삭힌 음식."
    },
    "게알탕건": {
        "word": "게알탕건",
        "chosung": "ㄱㅇㅌㄱ",
        "type": "명사",
        "mean": " 아주 곱게 뜬 탕건."
    },
    "게암": {
        "word": "게암",
        "chosung": "ㄱㅇ",
        "type": "명사",
        "mean": "［방언］ '고욤'의 방언(강원, 경남)."
    },
    "게야": {
        "word": "게야",
        "chosung": "ㄱㅇ",
        "type": "어미",
        "mean": "［옛말］｛ 주로 동사, 형용사 어간 뒤에 붙어｝ -어야."
    },
    "게야단법석": {
        "word": "게야단법석",
        "chosung": "ㄱㅇㄷㅂㅅ",
        "type": "명사",
        "mean": " 몹시 어수선하고 소란스러운 일."
    },
    "게양": {
        "word": "게양",
        "chosung": "ㄱㅇ",
        "type": "명사",
        "mean": " 기(旗) 따위를 높이 걺. '닮', '올림'으로 순화."
    },
    "게양대": {
        "word": "게양대",
        "chosung": "ㄱㅇㄷ",
        "type": "명사",
        "mean": " 기(旗) 따위를 높이 걸기 위하여 만들어 놓은 대(臺)."
    },
    "게어내다": {
        "word": "게어내다",
        "chosung": "ㄱㅇㄴㄷ",
        "type": "동사",
        "mean": "［방언］ '게우다'의 방언(경남)."
    },
    "게여목": {
        "word": "게여목",
        "chosung": "ㄱㅇㅁ",
        "type": "명사",
        "mean": "［옛말］ '거여목'의 옛말."
    },
    "게여미": {
        "word": "게여미",
        "chosung": "ㄱㅇㅁ",
        "type": "명사",
        "mean": "［방언］ '개미'의 방언(제주)."
    },
    "게여미탈": {
        "word": "게여미탈",
        "chosung": "ㄱㅇㅁㅌ",
        "type": "명사",
        "mean": "［방언］ '뱀딸기'의 방언(제주)."
    },
    "게여이": {
        "word": "게여이",
        "chosung": "ㄱㅇㅇ",
        "type": "부사",
        "mean": "［북한어］ 우람하게 또는 크고 씩씩하게."
    },
    "게염": {
        "word": "게염",
        "chosung": "ㄱㅇ",
        "type": "명사",
        "mean": " 부러워하며 시샘하여 탐내는 마음."
    },
    "게염나다": {
        "word": "게염나다",
        "chosung": "ㄱㅇㄴㄷ",
        "type": "동사",
        "mean": "『 …에/에게』 부러운 마음으로 샘을 내어 탐내는 마음이 생기다."
    },
    "게염내다": {
        "word": "게염내다",
        "chosung": "ㄱㅇㄴㄷ",
        "type": "동사",
        "mean": "『 …에/에게』 '게염나다'의 사동사."
    },
    "게염스럽다": {
        "word": "게염스럽다",
        "chosung": "ㄱㅇㅅㄹㄷ",
        "type": "형용사",
        "mean": " 보기에 부러워하며 시샘하여 탐내는 마음이 있다."
    },
    "게염지": {
        "word": "게염지",
        "chosung": "ㄱㅇㅈ",
        "type": "명사",
        "mean": "［방언］ '개미'의 방언(제주)."
    },
    "게염지탈": {
        "word": "게염지탈",
        "chosung": "ㄱㅇㅈㅌ",
        "type": "명사",
        "mean": "［방언］ '뱀딸기'의 방언(제주)."
    },
    "게엽다": {
        "word": "게엽다",
        "chosung": "ㄱㅇㄷ",
        "type": "형용사",
        "mean": "［옛말］ 굳세고 씩씩하다. 모음으로 시작하는 어미 앞에서는 '게□ -'으로 나타난다."
    },
    "게오르게": {
        "word": "게오르게",
        "chosung": "ㄱㅇㄹㄱ",
        "type": "명사",
        "mean": "독일의 시인(1868~1933). 자연주의적 예술관에 반대하고 순수한 언어 예술을 추구하는 독일 시의 원천을 개척하였다. 작품에 시집 , ,  따위가 있다."
    },
    "게오르기우데지": {
        "word": "게오르기우데지",
        "chosung": "ㄱㅇㄹㄱㅇㄷㅈ",
        "type": "명사",
        "mean": "루마니아의 노동 운동가·정치가(1901~1965). 18세에 혁명 운동에 참가하였고 1933년에 총파업을 지도하였다. 노동당 제1서기장, 국가 평의회 의장 따위를 지냈다."
    },
    "게오르크이세": {
        "word": "게오르크이세",
        "chosung": "ㄱㅇㄹㅋㅇㅅ",
        "type": "명사",
        "mean": "독일의 예술 후원자 겸 연출가(1826~1914). 작센 마이닝겐 공(Sachsen Meiningen公)으로, 마이닝겐 극단을 창설하고 스스로 연출과 장치를 맡아 순회공연을 하였으며 근대 유럽 연극에 큰 영향을 끼쳤다."
    },
    "게오이드": {
        "word": "게오이드",
        "chosung": "ㄱㅇㅇㄷ",
        "type": "명사",
        "mean": "'지오이드'의 북한어."
    },
    "게옴": {
        "word": "게옴",
        "chosung": "ㄱㅇ",
        "type": "명사",
        "mean": "［방언］ '샘'의 방언(제주)."
    },
    "게옹": {
        "word": "게옹",
        "chosung": "ㄱㅇ",
        "type": "명사",
        "mean": "프랑스의 극작가(1875~1944). 기독교 정신에 입각한 작품을 써서 민중적 종교극을 부활하는 데 힘썼다. 작품에 , 따위가 있다."
    },
    "게와": {
        "word": "게와",
        "chosung": "ㄱㅇ",
        "type": "부사",
        "mean": " '겨우'의 잘못."
    },
    "게와쌈": {
        "word": "게와쌈",
        "chosung": "ㄱㅇㅆ",
        "type": "명사",
        "mean": "［방언］ '호주머니'의 방언(제주)."
    },
    "게우다": {
        "word": "게우다",
        "chosung": "ㄱㅇㄷ",
        "type": "동사",
        "mean": "『 …을』1. 먹은 것을 삭이지 못하고 도로 입 밖으로 내어 놓다. ≒토하다(吐―) ."
    },
    "게우르다": {
        "word": "게우르다",
        "chosung": "ㄱㅇㄹㄷ",
        "type": "형용사",
        "mean": " '게으르다'의 잘못."
    },
    "게욱질": {
        "word": "게욱질",
        "chosung": "ㄱㅇㅈ",
        "type": "명사",
        "mean": "［방언］ '구역질'의 방언(전남)."
    },
    "게움멎이약": {
        "word": "게움멎이약",
        "chosung": "ㄱㅇㅁㅇㅇ",
        "type": "명사",
        "mean": "'제토제(制吐劑)'의 북한어."
    },
    "게움약": {
        "word": "게움약",
        "chosung": "ㄱㅇㅇ",
        "type": "명사",
        "mean": "'최토제'의 북한어."
    },
    "게웆다": {
        "word": "게웆다",
        "chosung": "ㄱㅇㄷ",
        "type": "형용사",
        "mean": "［옛말］ 게접스럽고 궂다."
    },
    "게유": {
        "word": "게유",
        "chosung": "ㄱㅇ",
        "type": "명사",
        "mean": "'거위'의 잘못."
    },
    "게으르다": {
        "word": "게으르다",
        "chosung": "ㄱㅇㄹㄷ",
        "type": "형용사",
        "mean": " 행동이 느리고 움직이거나 일하기를 싫어하는 성미나 버릇이 있다."
    },
    "게으른푸른벌레말": {
        "word": "게으른푸른벌레말",
        "chosung": "ㄱㅇㄹㅍㄹㅂㄹㅁ",
        "type": "명사",
        "mean": "푸른벌레말과의 단세포 민물 조류. 긴 원통형으로 앞부분은 약간 길쭉하고 뒤는 짧은 쐐기 모양이다. 몸은 녹색을 띠며 고인 물과 약간 짠 물에서 산다."
    },
    "게으름": {
        "word": "게으름",
        "chosung": "ㄱㅇㄹ",
        "type": "명사",
        "mean": " 행동이 느리고 움직이거나 일하기를 싫어하는 태도나 버릇. ≒해타(懈惰)·해태(懈怠) ."
    },
    "게으름뱅이": {
        "word": "게으름뱅이",
        "chosung": "ㄱㅇㄹㅂㅇ",
        "type": "명사",
        "mean": "'나무늘보'의 북한어."
    },
    "게으름성": {
        "word": "게으름성",
        "chosung": "ㄱㅇㄹㅅ",
        "type": "명사",
        "mean": " 게으른 성질."
    },
    "게으름장이": {
        "word": "게으름장이",
        "chosung": "ㄱㅇㄹㅈㅇ",
        "type": "명사",
        "mean": " '게으름쟁이'의 잘못."
    },
    "게으름쟁이": {
        "word": "게으름쟁이",
        "chosung": "ㄱㅇㄹㅈㅇ",
        "type": "명사",
        "mean": " 습성이나 태도가 게으른 사람. ≒완낭."
    },
    "게으쭈루": {
        "word": "게으쭈루",
        "chosung": "ㄱㅇㅉㄹ",
        "type": "감탄사",
        "mean": "조선 시대에, 병조 판서·관찰사·병마절도사와 같이 병권이 있는 높은 벼슬아치의 행차를 호위하는 순령수가 사람들의 통행을 금하는 뜻으로 외치던 소리."
    },
    "게을러빠지다": {
        "word": "게을러빠지다",
        "chosung": "ㄱㅇㄹㅃㅈㄷ",
        "type": "형용사",
        "mean": " 몹시 게으르다. ≒게을러터지다."
    },
    "게을러터지다": {
        "word": "게을러터지다",
        "chosung": "ㄱㅇㄹㅌㅈㄷ",
        "type": "형용사",
        "mean": " =게을러빠지다."
    },
    "게을리": {
        "word": "게을리",
        "chosung": "ㄱㅇㄹ",
        "type": "부사",
        "mean": " 움직이거나 일하기를 몹시 싫어하는 모양."
    },
    "게을이": {
        "word": "게을이",
        "chosung": "ㄱㅇㅇ",
        "type": "부사",
        "mean": "［옛말］ '게을리'의 옛말."
    },
    "게을타": {
        "word": "게을타",
        "chosung": "ㄱㅇㅌ",
        "type": "형용사",
        "mean": "［방언］ '게으르다'의 방언(경남)."
    },
    "게이": {
        "word": "게이",
        "chosung": "ㄱㅇ",
        "type": "명사",
        "mean": "［방언］ '고기'의 방언(경남)."
    },
    "게이다": {
        "word": "게이다",
        "chosung": "ㄱㅇㄷ",
        "type": "어미",
        "mean": "［옛말］｛ 주로 부정의 '못'과 함께 쓰여｝ -겠습니다."
    },
    "게이뤼삭": {
        "word": "게이뤼삭",
        "chosung": "ㄱㅇㄹㅅ",
        "type": "명사",
        "mean": "프랑스의 화학자·물리학자(1778~1850). '기체 반응의 법칙'을 발견하였으며, 황산 제조법을 개량하고, '게이뤼삭탑'을 발명하였다."
    },
    "게이뤼삭산": {
        "word": "게이뤼삭산",
        "chosung": "ㄱㅇㄹㅅㅅ",
        "type": "명사",
        "mean": "황산 제조를 목적으로 하는 연실법(鉛室法)에서 게이뤼삭탑을 통하여 얻은 생성물. 황산과 질소 산화물의 혼합물이다."
    },
    "게이뤼삭의법칙": {
        "word": "게이뤼삭의법칙",
        "chosung": "ㄱㅇㄹㅅㅇㅂㅊ",
        "type": "명사",
        "mean": "기체의 온도와 부피와의 관계를 나타내는 법칙. 제일 법칙은 '샤를의 법칙'이라 하고, 제이 법칙은 '기체 반응의 법칙'이라고 한다."
    },
    "게이뤼삭의제이법칙": {
        "word": "게이뤼삭의제이법칙",
        "chosung": "ㄱㅇㄹㅅㅇㅈㅇㅂㅊ",
        "type": "명사",
        "mean": "=기체 반응의 법칙."
    },
    "게이뤼삭의제일법칙": {
        "word": "게이뤼삭의제일법칙",
        "chosung": "ㄱㅇㄹㅅㅇㅈㅇㅂㅊ",
        "type": "명사",
        "mean": "=샤를의 법칙."
    },
    "게이뤼삭탑": {
        "word": "게이뤼삭탑",
        "chosung": "ㄱㅇㄹㅅㅌ",
        "type": "명사",
        "mean": "연실(鉛室) 황산 제조법에서 가스 속의 질소 산화물을 회수하기 위하여 마련한, 원통형에 납을 입힌 탑. 1827년 게이뤼삭이 발명했다."
    },
    "게이블": {
        "word": "게이블",
        "chosung": "ㄱㅇㅂ",
        "type": "명사",
        "mean": "=박공(□□)."
    },
    "게이블지붕": {
        "word": "게이블지붕",
        "chosung": "ㄱㅇㅂㅈㅂ",
        "type": "명사",
        "mean": "=박공지붕."
    },
    "게이샤": {
        "word": "게이샤",
        "chosung": "ㄱㅇㅅ",
        "type": "명사",
        "mean": " 일본의 기녀(妓女). 연회에서 노래와 춤으로 흥을 돋우는 일을 한다."
    },
    "게이세리쿠스": {
        "word": "게이세리쿠스",
        "chosung": "ㄱㅇㅅㄹㅋㅅ",
        "type": "명사",
        "mean": "반달(Vandal) 왕국의 왕(?390~477). 반달 족을 이끌고 에스파냐에서 북아프리카로 침입하여 카르타고를 멸망시키고 439년에 반달 왕국을 세웠다. 또한 로마 시를 공격하고 그리스 방면을 침략하여 비잔틴 제국을 압박하였다."
    },
    "게이지": {
        "word": "게이지",
        "chosung": "ㄱㅇㅈ",
        "type": "명사",
        "mean": "공작물을 재거나 검사할 때에, 길이·각도·모양 따위의 기준이 되는 것을 통틀어 이르는 말. 한계 게이지, 표준 게이지, 각도 게이지, 나사 게이지 따위가 있다. 2. 《공업》조판의 넓이와 길이의 치수를 결정하는 일. 3. 《교통》철도 레일의 두부(頭部) 안쪽 사이의 거리. 4. 《수공》뜨개질에서, 일정한 면적 안에 들어가는 코와 단의 수."
    },
    "게이지강": {
        "word": "게이지강",
        "chosung": "ㄱㅇㅈㄱ",
        "type": "명사",
        "mean": "게이지를 만드는 데 쓰는 강철. 단단하고 녹슬지 않으며 틀어지지 않는 고크롬강이나 고탄소강 따위를 주로 쓴다."
    },
    "게이지글라스": {
        "word": "게이지글라스",
        "chosung": "ㄱㅇㅈㄱㄹㅅ",
        "type": "명사",
        "mean": "용기 안에 들어 있는 액체의 높이를 밖에서 볼 수 있도록 눈금을 새긴 유리관."
    },
    "게이지변환": {
        "word": "게이지변환",
        "chosung": "ㄱㅇㅈㅂㅎ",
        "type": "명사",
        "mean": "전자기학에서, 전자기 퍼텐셜의 게이지 부여 방법을 바꾸는 변환."
    },
    "게이지불변성": {
        "word": "게이지불변성",
        "chosung": "ㄱㅇㅈㅂㅂㅅ",
        "type": "명사",
        "mean": "게이지 변환에 대하여 이론적 형식이 변하지 않고 유지되는 성질. 양자 전자기 역학에서는 이 성질에서 전하의 보존 법칙이 도출된다."
    },
    "게이지압력": {
        "word": "게이지압력",
        "chosung": "ㄱㅇㅈㅇㄹ",
        "type": "명사",
        "mean": "대기압을 기준으로 하여 재는 압력."
    },
    "게이지이론": {
        "word": "게이지이론",
        "chosung": "ㄱㅇㅈㅇㄹ",
        "type": "명사",
        "mean": "소립자 따위의 장(場)의 양에 대한 운동 방정식을 불변으로 하는 게이지 변환을 다루는 이론."
    },
    "게이징": {
        "word": "게이징",
        "chosung": "ㄱㅇㅈ",
        "type": "명사",
        "mean": "물질이 흡수하는 방사선의 양에 의하여 두께, 밀도, 양 따위를 측정하는 일."
    },
    "게이트": {
        "word": "게이트",
        "chosung": "ㄱㅇㅌ",
        "type": "명사",
        "mean": "입력 단자, 출력 단자, 제어 단자를 하나씩 가지며, 제어 신호가 특정한 조건을 만족한 경우에만 입력 신호가 출력 단자에 나타나는 회로."
    },
    "게이트볼": {
        "word": "게이트볼",
        "chosung": "ㄱㅇㅌㅂ",
        "type": "명사",
        "mean": "나무망치로 공을 쳐서 3개의 문을 차례로 통과시키고, 마지막으로 중앙의 골대에 맞히면 이기는 경기."
    },
    "게이트웨이": {
        "word": "게이트웨이",
        "chosung": "ㄱㅇㅌㅇㅇ",
        "type": "명사",
        "mean": "구조가 서로 다른 두 개의 통신 네트워크를 연결하는 장치."
    },
    "게이트키퍼": {
        "word": "게이트키퍼",
        "chosung": "ㄱㅇㅌㅋㅍ",
        "type": "명사",
        "mean": "사회적 사건이 대중 매체를 통하여 대중에게 전달되기 전에 미디어 기업 내부의 각 부문에서 취사선택하고 검열하는 직책. 또는 그런 기능. 각 부문을 거치는 동안 사건의 문안에 대하여 가필, 정정, 보류 따위의 조작이 이루어진다."
    },
    "게이트펄스": {
        "word": "게이트펄스",
        "chosung": "ㄱㅇㅌㅍㅅ",
        "type": "명사",
        "mean": "회로를 여닫게 하며 시간 간격을 조종하는 신호."
    },
    "게이트회로": {
        "word": "게이트회로",
        "chosung": "ㄱㅇㅌㅎㄹ",
        "type": "명사",
        "mean": "입력 신호의 조합에 따라 출력을 결정하는 회로. 입력 신호와 출력 신호 사이의 논리 조건에 따라 앤드(AND) 게이트, 오어(OR) 게이트, 부정(NOT) 게이트 따위로 분류한다."
    },
    "게인즈버러": {
        "word": "게인즈버러",
        "chosung": "ㄱㅇㅈㅂㄹ",
        "type": "명사",
        "mean": "영국의 초상화가(1727~1788). 귀족의 초상을 많이 그렸으나, 풍경화에도 뛰어났다. 작품에, 따위가 있다."
    },
    "게일": {
        "word": "게일",
        "chosung": "ㄱㅇ",
        "type": "명사",
        "mean": "미국의 소설가·극작가(1874~1938). 희곡 로 퓰리처상을 받았다. 작품에 , 《탄생》, 따위가 있다."
    },
    "게임": {
        "word": "게임",
        "chosung": "ㄱㅇ",
        "type": "명사",
        "mean": "1. 규칙을 정해 놓고 승부를 겨루는 놀이. '경기', '놀이', '내기'로 순화."
    },
    "게임광": {
        "word": "게임광",
        "chosung": "ㄱㅇㄱ",
        "type": "명사",
        "mean": " 컴퓨터 따위를 이용하여 전자오락을 열광적으로 즐기는 병적인 버릇. 또는 그런 사람."
    },
    "게임기": {
        "word": "게임기",
        "chosung": "ㄱㅇㄱ",
        "type": "명사",
        "mean": " 소형 컴퓨터를 이용하여 게임을 즐길 수 있도록 만든 전자 장치."
    },
    "게임메이커": {
        "word": "게임메이커",
        "chosung": "ㄱㅇㅁㅇㅋ",
        "type": "명사",
        "mean": "놀이나 경기에서 실마리를 풀어 가는 중심적인 선수. '주도 선수'로 순화."
    },
    "게임이론": {
        "word": "게임이론",
        "chosung": "ㄱㅇㅇㄹ",
        "type": "명사",
        "mean": "이해가 대립되는 집단의 행동을 수학적으로 다룬 이론. 수학자 노이만과 경제학자 모르겐슈테른(Morgenstern, O.)이 경제 이론에 도입하였으며, 주로 경쟁 기업의 행동 따위와 같은 경제 현상의 분석에 적용된다."
    },
    "게임차": {
        "word": "게임차",
        "chosung": "ㄱㅇㅊ",
        "type": "명사",
        "mean": "프로 야구·축구 따위에서, 각 팀 사이의 성적 차이를 보는 방법 중 하나. 산출 방법은 (상위 팀의 이긴 수－ 하위 팀의 이긴 수)+(하위 팀의 패한 수－ 상위 팀의 패한 수)÷2 이다."
    },
    "게임포인트": {
        "word": "게임포인트",
        "chosung": "ㄱㅇㅍㅇㅌ",
        "type": "명사",
        "mean": "game point 탁구, 테니스, 배드민턴 따위에서 승패를 결정하는 중요한 득점."
    },
    "게자리": {
        "word": "게자리",
        "chosung": "ㄱㅈㄹ",
        "type": "명사",
        "mean": "［방언］ '거저리'의 방언(평북)."
    },
    "게잘싸하다": {
        "word": "게잘싸하다",
        "chosung": "ㄱㅈㅆㅎㄷ",
        "type": "형용사",
        "mean": "［북한어］ (구어체로) 몹시 너절하고 지저분하다."
    },
    "게잡이개": {
        "word": "게잡이개",
        "chosung": "ㄱㅈㅇㄱ",
        "type": "명사",
        "mean": "갯과의 하나. 털은 옅은 적색으로 호랑이 털과 비슷하고 귀는 곧게 서며 주둥이는 뾰족하다. 사슴이나 작은 짐승, 게, 조류 따위를 잡아먹고 사는데 콜롬비아, 파라과이 등지에 분포한다. (Dusicyon thous)"
    },
    "게잡이원숭이": {
        "word": "게잡이원숭이",
        "chosung": "ㄱㅈㅇㅇㅅㅇ",
        "type": "명사",
        "mean": "긴꼬리원숭잇과의 하나. 몸과 꼬리가 각각 50cm 정도이다. 몸의 색깔은 갈색 계통이고 얼굴은 어두운 갈색인데 눈꺼풀이 청백색이다. 협낭과 엉덩이는 가죽이 두꺼우며 털이 없는 부분이다. 게를 즐겨 먹고 해안의 나무숲에서 20~100마리가 무리를 지어 사는데 미얀마, 타이, 말레이시아, 필리핀 등지에 분포한다. (Macaca irus)"
    },
    "게장": {
        "word": "게장",
        "chosung": "ㄱㅈ",
        "type": "명사",
        "mean": "1. =게젓."
    },
    "게재": {
        "word": "게재",
        "chosung": "ㄱㅈ",
        "type": "명사",
        "mean": " 글이나 그림 따위를 신문이나 잡지 따위에 실음."
    },
    "게재비구멍": {
        "word": "게재비구멍",
        "chosung": "ㄱㅈㅂㄱㅁ",
        "type": "명사",
        "mean": "가래, 보습 따위의 날 위쪽으로 벌어진 틈. 홈처럼 되어 있어 나무 바탕을 끼운다."
    },
    "게저냐": {
        "word": "게저냐",
        "chosung": "ㄱㅈㄴ",
        "type": "명사",
        "mean": " 게를 살짝 삶아서 발끝만 잘라 버리고 밀가루와 달걀을 씌워 지진 저냐. ≒게전유어."
    },
    "게저분": {
        "word": "게저분",
        "chosung": "ㄱㅈㅂ",
        "type": "명사",
        "mean": "'게저분하다'의 어근."
    },
    "게적지근": {
        "word": "게적지근",
        "chosung": "ㄱㅈㅈㄱ",
        "type": "명사",
        "mean": "'게적지근하다'의 어근."
    },
    "게전유어": {
        "word": "게전유어",
        "chosung": "ㄱㅈㅇㅇ",
        "type": "명사",
        "mean": " =게저냐."
    },
    "게접스럽다": {
        "word": "게접스럽다",
        "chosung": "ㄱㅈㅅㄹㄷ",
        "type": "형용사",
        "mean": " 약간 지저분하고 더럽다."
    },
    "게젓": {
        "word": "게젓",
        "chosung": "ㄱㅈ",
        "type": "명사",
        "mean": " 끓여 식힌 간장이나 소금물에 산 게를 담가 삭힌 음식. ≒게장 ·장해(醬蟹)·해서(蟹胥) ·해해(蟹□)."
    },
    "게젓머리": {
        "word": "게젓머리",
        "chosung": "ㄱㅈㅁㄹ",
        "type": "명사",
        "mean": "［방언］ '개좆부리'의 방언(전남)."
    },
    "게정": {
        "word": "게정",
        "chosung": "ㄱㅈ",
        "type": "명사",
        "mean": " 불평을 품고 떠드는 말과 행동."
    },
    "게정게정": {
        "word": "게정게정",
        "chosung": "ㄱㅈㄱㅈ",
        "type": "부사",
        "mean": " 불평을 품은 말과 행동을 자꾸 하는 모양."
    },
    "게정꾼": {
        "word": "게정꾼",
        "chosung": "ㄱㅈㄲ",
        "type": "명사",
        "mean": " 게정을 부리는 사람."
    },
    "게정내다": {
        "word": "게정내다",
        "chosung": "ㄱㅈㄴㄷ",
        "type": "동사",
        "mean": " 말과 행동에 불평을 나타내다."
    },
    "게정눈": {
        "word": "게정눈",
        "chosung": "ㄱㅈㄴ",
        "type": "명사",
        "mean": "［방언］ '거적눈'의 방언(평남)."
    },
    "게정머리": {
        "word": "게정머리",
        "chosung": "ㄱㅈㅁㄹ",
        "type": "명사",
        "mean": " '게정'을 낮잡아 이르는 말."
    },
    "게정먹다": {
        "word": "게정먹다",
        "chosung": "ㄱㅈㅁㄷ",
        "type": "동사",
        "mean": " '게정내다'의 잘못."
    },
    "게정스럽다": {
        "word": "게정스럽다",
        "chosung": "ㄱㅈㅅㄹㄷ",
        "type": "형용사",
        "mean": " 불평스러운 말과 행동을 드러내는 태도가 있다."
    },
    "게정이": {
        "word": "게정이",
        "chosung": "ㄱㅈㅇ",
        "type": "명사",
        "mean": "［방언］ '게정'의 방언(평북)."
    },
    "게제": {
        "word": "게제",
        "chosung": "ㄱㅈ",
        "type": "명사",
        "mean": "부처의 공덕을 찬탄한 게구(偈句)의 참뜻이라는 뜻으로, 불교의 오묘한 진리를 이르는 말."
    },
    "게젤": {
        "word": "게젤",
        "chosung": "ㄱㅈ",
        "type": "명사",
        "mean": "미국의 심리학자·소아과 의사(1880~1961). 예일 대학에 아동 발달 임상 연구소를 창설하고 유유아(乳幼兒)의 발달 진단법을 확립하였다. 저서에 이 있다."
    },
    "게젤샤프트": {
        "word": "게젤샤프트",
        "chosung": "ㄱㅈㅅㅍㅌ",
        "type": "명사",
        "mean": "=이익 사회."
    },
    "게조": {
        "word": "게조",
        "chosung": "ㄱㅈ",
        "type": "명사",
        "mean": "밀물과 썰물이 바뀔 때에 일어나는 조류의 정지 상태. ≒휴조(休潮)."
    },
    "게좌": {
        "word": "게좌",
        "chosung": "ㄱㅈ",
        "type": "명사",
        "mean": "=게자리."
    },
    "게줄": {
        "word": "게줄",
        "chosung": "ㄱㅈ",
        "type": "명사",
        "mean": " 줄다리기를 할 때에, 여러 사람이 쥐고 당길 수 있도록 굵은 줄의 양쪽에 맨 여러 가닥의 작은 줄. ≒곁줄 ."
    },
    "게줄다리기": {
        "word": "게줄다리기",
        "chosung": "ㄱㅈㄷㄹㄱ",
        "type": "명사",
        "mean": "게줄을 가지고 하는 줄다리기. ≒해색전(蟹索戰)."
    },
    "게중": {
        "word": "게중",
        "chosung": "ㄱㅈ",
        "type": "부사",
        "mean": " '가장'의 잘못."
    },
    "게중거리다": {
        "word": "게중거리다",
        "chosung": "ㄱㅈㄱㄹㄷ",
        "type": "동사",
        "mean": "［방언］ '게정거리다'의 방언(평북)."
    },
    "게중게중": {
        "word": "게중게중",
        "chosung": "ㄱㅈㄱㅈ",
        "type": "부사",
        "mean": "［방언］ '게정게정'의 방언(평북)."
    },
    "게즈어": {
        "word": "게즈어",
        "chosung": "ㄱㅈㅇ",
        "type": "명사",
        "mean": "고전 에티오피아 어. 셈 어족에 속하는 언어로, 지금은 문어(文語)로만 쓰인다."
    },
    "게증": {
        "word": "게증",
        "chosung": "ㄱㅈ",
        "type": "명사",
        "mean": "［방언］ '샘'의 방언(평안)."
    },
    "게증하다": {
        "word": "게증하다",
        "chosung": "ㄱㅈㅎㄷ",
        "type": "형용사",
        "mean": "［방언］ '게으르다'의 방언(함북)."
    },
    "게지": {
        "word": "게지",
        "chosung": "ㄱㅈ",
        "type": "명사",
        "mean": " 일을 하다가 잠깐 쉼."
    },
    "게지개": {
        "word": "게지개",
        "chosung": "ㄱㅈㄱ",
        "type": "명사",
        "mean": " '기지개'의 잘못."
    },
    "게지레": {
        "word": "게지레",
        "chosung": "ㄱㅈㄹ",
        "type": "부사",
        "mean": "［북한어］ 침이나 코 따위를 더럽고 보기 싫게 흘리는 모양."
    },
    "게지짐": {
        "word": "게지짐",
        "chosung": "ㄱㅈㅈ",
        "type": "명사",
        "mean": " 고추장과 간장, 밀가루를 물에 푼 다음에 게를 잘라 넣고 생강과 두부를 넣어 익힌 음식."
    },
    "게질거리다": {
        "word": "게질거리다",
        "chosung": "ㄱㅈㄱㄹㄷ",
        "type": "동사",
        "mean": "［북한어］1. 질깃한 물건을 입을 흉하게 놀리어 자꾸 씹다. ≒게질대다 . 2. 내키지 않는 음식을 억지로 먹듯 하다. ≒게질대다 ."
    },
    "게질게질": {
        "word": "게질게질",
        "chosung": "ㄱㅈㄱㅈ",
        "type": "부사",
        "mean": "［북한어］1. 질깃한 물건을 보기 흉하게 입을 놀리며 자꾸 씹는 모양. 2. 내키지 않는 음식을 자꾸 억지로 먹듯 하는 모양."
    },
    "게질대다": {
        "word": "게질대다",
        "chosung": "ㄱㅈㄷㄷ",
        "type": "동사",
        "mean": "［북한어］1. =게질거리다 . 2. =게질거리다 ."
    },
    "게집": {
        "word": "게집",
        "chosung": "ㄱㅈ",
        "type": "명사",
        "mean": " 게가 사는 구멍."
    },
    "게집아": {
        "word": "게집아",
        "chosung": "ㄱㅈㅇ",
        "type": "명사",
        "mean": " '계집애'의 잘못."
    },
    "게찜": {
        "word": "게찜",
        "chosung": "ㄱㅉ",
        "type": "명사",
        "mean": " 게의 속을 긁어내어 양념에 버무린 다음 다시 게딱지 속에 넣고 밀가루와 달걀을 씌워 찜통에 찐 음식."
    },
    "게철": {
        "word": "게철",
        "chosung": "ㄱㅊ",
        "type": "명사",
        "mean": "［방언］ '열쇠'의 방언(제주)."
    },
    "게철쒜": {
        "word": "게철쒜",
        "chosung": "ㄱㅊㅆ",
        "type": "명사",
        "mean": "［방언］ '열쇠'의 방언(제주)."
    },
    "게첩": {
        "word": "게첩",
        "chosung": "ㄱㅊ",
        "type": "명사",
        "mean": " 내어 걸어 붙임. 또는 그런 문서. '내붙임'으로 순화."
    },
    "게춤": {
        "word": "게춤",
        "chosung": "ㄱㅊ",
        "type": "명사",
        "mean": "［방언］ '가래침'의 방언(제주)."
    },
    "게카베": {
        "word": "게카베",
        "chosung": "ㄱㅋㅂ",
        "type": "명사",
        "mean": "소련의 국가 보안 위원회. 정치, 경찰, 국가 보안 사무를 통할하는 기관으로 1954년 4월에 설치되었다.【Gosudarstvenny Komitet Bezopasnosti】"
    },
    "게타르": {
        "word": "게타르",
        "chosung": "ㄱㅌㄹ",
        "type": "명사",
        "mean": "프랑스의 지질학자(1715~1786). 조직적인 지질 조사를 통해 프랑스 각지의 지질도를 최초로 만들었다. 또한 프랑스 중부에 있는 산맥이 화산 기원임을 추정하였다."
    },
    "게탕": {
        "word": "게탕",
        "chosung": "ㄱㅌ",
        "type": "명사",
        "mean": "［북한어］1. '겟국'의 북한어. 2. '겟국'의 북한어."
    },
    "게터": {
        "word": "게터",
        "chosung": "ㄱㅌ",
        "type": "명사",
        "mean": "진공 장치 안의 기체 분자를 흡착하여 진공의 정도가 높은 상태로 만드는 물질. 진공 장치 안의 진공 상태를 강화하거나 유지하는 데 쓴다."
    },
    "게터럭": {
        "word": "게터럭",
        "chosung": "ㄱㅌㄹ",
        "type": "명사",
        "mean": "［방언］ '솜털'의 방언(전남)."
    },
    "게터합금": {
        "word": "게터합금",
        "chosung": "ㄱㅌㅎㄱ",
        "type": "명사",
        "mean": "가스가 잘 들러붙는 성분이 첨가된 금속 합금의 하나. 티탄, 지르코늄, 니오브, 탄탈 따위의 가루들을 가스 흡착제로 쓴다."
    },
    "게토": {
        "word": "게토",
        "chosung": "ㄱㅌ",
        "type": "명사",
        "mean": "1. 예전에, 유대 인들이 모여 살도록 법으로 규정해 놓은 거주 지역. 2. 미국에서, 흑인 또는 소수 민족이 사는 빈민가."
    },
    "게통발": {
        "word": "게통발",
        "chosung": "ㄱㅌㅂ",
        "type": "명사",
        "mean": "가는 댓조각이나 싸리를 엮어서 통같이 만든 게잡이 도구. 미끼의 냄새에 이끌려 게가 테의 구멍을 따라 거슬러 들어가 게잡이 도구 바닥에 떨어져 잡히게 된다. 수심이 40~70미터인 감탕에 설치한다."
    },
    "게툴레하다": {
        "word": "게툴레하다",
        "chosung": "ㄱㅌㄹㅎㄷ",
        "type": "형용사",
        "mean": "［방언］ 일의 돌아가는 형편이나 모습 또는 사람의 차림새가 말끔하지 못하고 너저분하다(함남)."
    },
    "게툴루다": {
        "word": "게툴루다",
        "chosung": "ㄱㅌㄹㄷ",
        "type": "동사",
        "mean": "［방언］ '게트림하다'의 방언(제주)."
    },
    "게트름": {
        "word": "게트름",
        "chosung": "ㄱㅌㄹ",
        "type": "명사",
        "mean": "［방언］ '트림'의 방언(충청)."
    },
    "게트림": {
        "word": "게트림",
        "chosung": "ㄱㅌㄹ",
        "type": "명사",
        "mean": " 거만스럽게 거드름을 피우며 하는 트림."
    },
    "게틀레기": {
        "word": "게틀레기",
        "chosung": "ㄱㅌㄹㄱ",
        "type": "명사",
        "mean": "［방언］ '게트림'의 방언(제주)."
    },
    "게티즈버그": {
        "word": "게티즈버그",
        "chosung": "ㄱㅌㅈㅂㄱ",
        "type": "명사",
        "mean": "미국 펜실베이니아 주 남부에 있는 도시. 가구·직물 제조업이 발달하였으며, 농산물의 집산지이다. 남북 전쟁의 격전지로, 국립묘지와 국립 군사 공원이 있다."
    },
    "게티즈버그연설": {
        "word": "게티즈버그연설",
        "chosung": "ㄱㅌㅈㅂㄱㅇㅅ",
        "type": "명사",
        "mean": "미국 제16대 대통령 링컨이 1863년 11월 19일에 남북 전쟁의 격전지였던 게티즈버그에서 행한 연설. 국민의, 국민에 의한, 국민을 위한 정치를 지상에서 소멸해서는 안 된다는 구절은 미국 정치의 민주주의 정신을 한마디로 나타낸 것으로 널리 알려져 있다."
    },
    "게판": {
        "word": "게판",
        "chosung": "ㄱㅍ",
        "type": "명사",
        "mean": "1. 시문(詩文)을 새겨 누각에 걸어 두는 나무 판. 2. =게시판."
    },
    "게페우": {
        "word": "게페우",
        "chosung": "ㄱㅍㅇ",
        "type": "명사",
        "mean": "소련의 비밀경찰인 국가 정치 보안부. 1922년 체카를 개편한 것으로 반혁명 인사를 찾아내고 처벌하는 일을 하였다. 1934년에 내무 인민 위원회로 바뀌었다. ≒오그푸.【Gosudarstvennoe Politicheskoe Upravlenie】"
    },
    "게포": {
        "word": "게포",
        "chosung": "ㄱㅍ",
        "type": "명사",
        "mean": " 농게의 살을 뽑아서 말린 포. ≒해포(蟹脯)."
    },
    "게포무침": {
        "word": "게포무침",
        "chosung": "ㄱㅍㅁㅊ",
        "type": "명사",
        "mean": " 게포를 두드려서 부풀리어 기름, 간장 따위를 넣고 무친 반찬."
    },
    "게풋하다": {
        "word": "게풋하다",
        "chosung": "ㄱㅍㅎㄷ",
        "type": "형용사",
        "mean": "［방언］ '가볍다'의 방언(전남)."
    },
    "게피": {
        "word": "게피",
        "chosung": "ㄱㅍ",
        "type": "명사",
        "mean": "1. '거피(去皮)'의 잘못. 2. ［북한어］ '거피'의 북한어."
    },
    "게회": {
        "word": "게회",
        "chosung": "ㄱㅎ",
        "type": "명사",
        "mean": " 허물 벗을 때 잡은 말랑말랑한 게를 날로 소금에 찍어 먹는 음식."
    },
    "게휴": {
        "word": "게휴",
        "chosung": "ㄱㅎ",
        "type": "명사",
        "mean": " =휴게(休憩)."
    }
}