{
    "겐": {
        "word": "겐",
        "chosung": "ㄱ",
        "type": "어미",
        "mean": "［방언］ '-자고'의 방언(제주)."
    },
    "겐카이나다": {
        "word": "겐카이나다",
        "chosung": "ㄱㅋㅇㄴㄷ",
        "type": "명사",
        "mean": "《지명》대한 해협 남쪽, 일본 후쿠오카 현(福岡縣) 서북쪽에 있는 바다. 우리나라와 규슈(九州)를 잇는 통로로, 수심이 얕고 풍파가 심하다. 쓰시마(對馬) 해류가 북동쪽으로 흐르고 동해 해류가 남쪽으로 흐르며, 방어·대구·정어리 따위의 난류성 어류가 많이 잡힌다."
    },
    "겐타마이신": {
        "word": "겐타마이신",
        "chosung": "ㄱㅌㅁㅇㅅ",
        "type": "명사",
        "mean": "내열성 균인 미크로모노스포라균(micromonospora菌)이 만드는 아미노글리코사이드계 항생 물질. 기관지염, 수막염, 세균의 피부 감염에 쓴다."
    },
    "겐트": {
        "word": "겐트",
        "chosung": "ㄱㅌ",
        "type": "명사",
        "mean": "벨기에 북서부에 있는 도시. 중세 이후 유럽 최대의 모직물 공업 도시로 번영하였으며, 금속·화학·석유 공업이 발달하였다."
    },
    "겐티아나": {
        "word": "겐티아나",
        "chosung": "ㄱㅌㅇㄴ",
        "type": "명사",
        "mean": "용담과의 여러해살이풀. 높이는 1미터 정도이며, 잎은 타원형이다. 여름과 가을에 누런색 꽃이 피고 열매는 삭과(□果)로 11월에 익는다. 뿌리는 건위제로 쓴다. 유럽이 원산지이다. (Gentiana lutea)"
    },
    "겐티아나근": {
        "word": "겐티아나근",
        "chosung": "ㄱㅌㅇㄴㄱ",
        "type": "명사",
        "mean": "겐티아나의 뿌리를 말린 생약. 소화 불량, 식욕 부진, 위염 따위를 치료하는 데 쓴다."
    }
}