{
    "겟": {
        "word": "겟",
        "chosung": "ㄱ",
        "type": "어미",
        "mean": "［옛말］｛ 다른 어미 앞에 붙어｝ -겠-."
    },
    "겟가루": {
        "word": "겟가루",
        "chosung": "ㄱㄱㄹ",
        "type": "명사",
        "mean": "1. 게살을 말려서 가루로 만든 것."
    },
    "겟국": {
        "word": "겟국",
        "chosung": "ㄱㄱ",
        "type": "명사",
        "mean": "1. 생게를 넣고 끓인 국. 2. 게의 속을 긁어내어 양념에 버무린 다음 다시 게딱지 속에 넣고 맑은장국에 넣어 끓인 국. 3. 게포를 두드려 물에 담갔다가 건진 다음 달걀에 버무려 쇠고기와 함께 끓인 국. ≒해탕."
    },
    "겟노니": {
        "word": "겟노니",
        "chosung": "ㄱㄴㄴ",
        "type": "어미",
        "mean": "［옛말］｛ 주로 동사, 형용사 어간 뒤에 붙어｝ -었노니."
    },
    "겟물": {
        "word": "겟물",
        "chosung": "ㄱㅁ",
        "type": "명사",
        "mean": "［방언］1. '바다'의 방언(전남). 2. '바닷물'의 방언(전남)."
    },
    "겟부닥": {
        "word": "겟부닥",
        "chosung": "ㄱㅂㄷ",
        "type": "명사",
        "mean": "［방언］1. '바다'의 방언(전남). 2. '바닷가'의 방언(전남)."
    },
    "겟부티": {
        "word": "겟부티",
        "chosung": "ㄱㅂㅌ",
        "type": "명사",
        "mean": "［방언］ '더부살이'의 방언(평북)."
    },
    "겟세마네": {
        "word": "겟세마네",
        "chosung": "ㄱㅅㅁㄴ",
        "type": "명사",
        "mean": "예루살렘의 동쪽 감람산 기슭에 있는 동산. 예수가 처형되기 전날 최후의 기도를 한 곳으로 유명하다."
    },
    "겟주이": {
        "word": "겟주이",
        "chosung": "ㄱㅈㅇ",
        "type": "명사",
        "mean": "［방언］ '호주머니'의 방언(경북)."
    },
    "겟집": {
        "word": "겟집",
        "chosung": "ㄱㅈ",
        "type": "명사",
        "mean": "［방언］ '호주머니'의 방언(평북)."
    },
    "겟투": {
        "word": "겟투",
        "chosung": "ㄱㅌ",
        "type": "명사",
        "mean": "=병살(倂殺)."
    }
}