{
    "겡": {
        "word": "겡",
        "chosung": "ㄱ",
        "type": "명사",
        "mean": "［방언］ '바다'의 방언(전남)."
    },
    "겡가리": {
        "word": "겡가리",
        "chosung": "ㄱㄱㄹ",
        "type": "명사",
        "mean": "［방언］ '끈'의 방언(경북)."
    },
    "겡글랑겡글랑": {
        "word": "겡글랑겡글랑",
        "chosung": "ㄱㄱㄹㄱㄱㄹ",
        "type": "부사",
        "mean": "［방언］ '어슬렁어슬렁'의 방언(제주)."
    },
    "겡매": {
        "word": "겡매",
        "chosung": "ㄱㅁ",
        "type": "명사",
        "mean": "［방언］ '경마'의 방언(평북)."
    },
    "겡물": {
        "word": "겡물",
        "chosung": "ㄱㅁ",
        "type": "명사",
        "mean": "［방언］ '바닷물'의 방언(전남)."
    },
    "겡베리": {
        "word": "겡베리",
        "chosung": "ㄱㅂㄹ",
        "type": "명사",
        "mean": "［방언］ '올챙이'의 방언(제주)."
    },
    "겡아지": {
        "word": "겡아지",
        "chosung": "ㄱㅇㅈ",
        "type": "명사",
        "mean": "［방언］ '강아지'의 방언(전남)."
    },
    "겡왕": {
        "word": "겡왕",
        "chosung": "ㄱㅇ",
        "type": "명사",
        "mean": "［방언］ '경황'의 방언(평북)."
    },
    "겡우": {
        "word": "겡우",
        "chosung": "ㄱㅇ",
        "type": "명사",
        "mean": "［방언］ '경위(涇渭)'의 방언(평북)."
    },
    "겡울": {
        "word": "겡울",
        "chosung": "ㄱㅇ",
        "type": "명사",
        "mean": "［방언］ '거울'의 방언(함경)."
    },
    "겡이": {
        "word": "겡이",
        "chosung": "ㄱㅇ",
        "type": "명사",
        "mean": "［방언］ '옹이'의 방언(경남)."
    },
    "겡자리": {
        "word": "겡자리",
        "chosung": "ㄱㅈㄹ",
        "type": "명사",
        "mean": "［방언］ 모심을 논이나 못자리에 밑거름으로 넣는 생풀(경남)."
    }
}