{
    "견": {
        "word": "견",
        "chosung": "ㄱ",
        "type": "명사",
        "mean": "［북한어］ '고치'의 북한어."
    },
    "견가": {
        "word": "견가",
        "chosung": "ㄱㄱ",
        "type": "명사",
        "mean": " 엄격하게 나무람."
    },
    "견각": {
        "word": "견각",
        "chosung": "ㄱㄱ",
        "type": "명사",
        "mean": " 남에게 거절을 당함. ≒견퇴(見退)."
    },
    "견감": {
        "word": "견감",
        "chosung": "ㄱㄱ",
        "type": "명사",
        "mean": " 조세 따위의 일부를 면제하여 줌."
    },
    "견갑": {
        "word": "견갑",
        "chosung": "ㄱㄱ",
        "type": "명사",
        "mean": "《의학》어깨뼈가 있는 자리."
    },
    "견갑골": {
        "word": "견갑골",
        "chosung": "ㄱㄱㄱ",
        "type": "명사",
        "mean": "=어깨뼈."
    },
    "견갑골염": {
        "word": "견갑골염",
        "chosung": "ㄱㄱㄱㅇ",
        "type": "명사",
        "mean": "'견비통(肩臂痛)'의 북한어."
    },
    "견갑골점법": {
        "word": "견갑골점법",
        "chosung": "ㄱㄱㄱㅈㅂ",
        "type": "명사",
        "mean": "고대에 점치던 방법의 하나. 동물의 어깨뼈나 거북의 등딱지를 불에 구워서, 그 갈라지는 금을 보아 길흉(吉凶)을 점쳤다. 부여(扶餘)의 우제 점법, 중국의 갑골 점법 따위가 있다."
    },
    "견갑관절": {
        "word": "견갑관절",
        "chosung": "ㄱㄱㄱㅈ",
        "type": "명사",
        "mean": "=견관절(肩關節)."
    },
    "견갑근": {
        "word": "견갑근",
        "chosung": "ㄱㄱㄱ",
        "type": "명사",
        "mean": "어깨뼈 자리에 붙어 있는 근육."
    },
    "견갑리병": {
        "word": "견갑리병",
        "chosung": "ㄱㄱㄹㅂ",
        "type": "명사",
        "mean": "［북한어］ '견갑이병'의 북한어."
    },
    "견갑부": {
        "word": "견갑부",
        "chosung": "ㄱㄱㅂ",
        "type": "명사",
        "mean": "어깨 뒤에 있는, 삼각형의 넓적한 뼈가 있는 부분."
    },
    "견갑이병": {
        "word": "견갑이병",
        "chosung": "ㄱㄱㅇㅂ",
        "type": "명사",
        "mean": " 튼튼한 갑옷과 날카로운 무기를 갖춘 군사."
    },
    "견강": {
        "word": "견강",
        "chosung": "ㄱㄱ",
        "type": "명사",
        "mean": " 누에가 튼 고치 껍데기 안의 빈 공간."
    },
    "견강남차": {
        "word": "견강남차",
        "chosung": "ㄱㄱㄴㅊ",
        "type": "명사",
        "mean": "콩과의 여러해살이풀. 높이는 1미터 정도이며, 6~8월에 노란 꽃이 잎겨드랑이에서 핀다. 활처럼 굽은 꼬투리 속에 네모진 열매가 한 줄로 들어 있다. 약초로 재배하며 북아메리카가 원산지이다."
    },
    "견강부회": {
        "word": "견강부회",
        "chosung": "ㄱㄱㅂㅎ",
        "type": "명사",
        "mean": " 이치에 맞지 않는 말을 억지로 끌어 붙여 자기에게 유리하게 함. ≒부회."
    },
    "견개": {
        "word": "견개",
        "chosung": "ㄱㄱ",
        "type": "명사",
        "mean": "종기가 벌겋게 달아오르면서 고름이 나오고 가려운 증상. 피부 질환을 앓는 과정에서 풍열(風熱)이 살갗에 잠복하여 생긴다."
    },
    "견결": {
        "word": "견결",
        "chosung": "ㄱㄱ",
        "type": "명사",
        "mean": "신견(身見), 변견(邊見), 사견(邪見)의 삼혹(三惑). 중생은 여기에 결박되어 살생·도둑질·음행·거짓말의 나쁜 짓을 하고, 결국 고(苦)를 벗어나지 못한다."
    },
    "견결성": {
        "word": "견결성",
        "chosung": "ㄱㄱㅅ",
        "type": "명사",
        "mean": " 의지나 태도가 굳센 성질."
    },
    "견경": {
        "word": "견경",
        "chosung": "ㄱㄱ",
        "type": "명사",
        "mean": " 남에게 업신여김을 당함."
    },
    "견고": {
        "word": "견고",
        "chosung": "ㄱㄱ",
        "type": "명사",
        "mean": " 1. 잘못이나 허물을 꾸짖는 뜻을 알림. 2. 귀신이 천변지이를 내려 인간을 꾸짖음."
    },
    "견고기지": {
        "word": "견고기지",
        "chosung": "ㄱㄱㄱㅈ",
        "type": "명사",
        "mean": "핵 공격에 대비하여 튼튼하고 안전하게 만든 미사일 발사 기지."
    },
    "견고성": {
        "word": "견고성",
        "chosung": "ㄱㄱㅅ",
        "type": "명사",
        "mean": " 굳고 단단한 성질."
    },
    "견고지면": {
        "word": "견고지면",
        "chosung": "ㄱㄱㅈㅁ",
        "type": "명사",
        "mean": "1. 물자를 저장하기 위하여 단단하게 만든 지면. 2. 차량을 주차할 수 있도록 평탄하게 고른 지역."
    },
    "견고해변": {
        "word": "견고해변",
        "chosung": "ㄱㄱㅎㅂ",
        "type": "명사",
        "mean": "견고한 표면이 물속까지 이어지도록 만든 해변의 일부분. 부두에 들어온 배에 직접 짐을 싣거나 내리는 데에 쓴다."
    },
    "견고화": {
        "word": "견고화",
        "chosung": "ㄱㄱㅎ",
        "type": "명사",
        "mean": "핵 전략에서 무기 체계가 적의 공격으로 파괴되거나 손상되지 않도록, 외부 노출을 피하여 지하에 감추어 두는 일."
    },
    "견곤": {
        "word": "견곤",
        "chosung": "ㄱㄱ",
        "type": "명사",
        "mean": " 곤란을 당함."
    },
    "견골": {
        "word": "견골",
        "chosung": "ㄱㄱ",
        "type": "명사",
        "mean": "=어깨뼈."
    },
    "견공": {
        "word": "견공",
        "chosung": "ㄱㄱ",
        "type": "명사",
        "mean": " '개'를 의인화하여 높여 이르는 말."
    },
    "견과": {
        "word": "견과",
        "chosung": "ㄱㄱ",
        "type": "명사",
        "mean": "=갯과(-科)."
    },
    "견관절": {
        "word": "견관절",
        "chosung": "ㄱㄱㅈ",
        "type": "명사",
        "mean": "어깨뼈와 위팔뼈 사이에 있는 관절. 앞뒤, 좌우, 위아래로 자유롭게 움직일 수 있다. ≒견갑 관절."
    },
    "견광": {
        "word": "견광",
        "chosung": "ㄱㄱ",
        "type": "명사",
        "mean": " 과장이 심하거나 극단에 치우친 행동을 하는 사람."
    },
    "견교": {
        "word": "견교",
        "chosung": "ㄱㄱ",
        "type": "명사",
        "mean": "=세리신(sericin)."
    },
    "견구": {
        "word": "견구",
        "chosung": "ㄱㄱ",
        "type": "명사",
        "mean": "=줄다리기 ."
    },
    "견굴": {
        "word": "견굴",
        "chosung": "ㄱㄱ",
        "type": "명사",
        "mean": " 남에게 굽힘을 당함."
    },
    "견권": {
        "word": "견권",
        "chosung": "ㄱㄱ",
        "type": "명사",
        "mean": "고려 태조 때의 장군(?~?). 태조 19년(936)에 견훤과 함께 후백제를 멸망시켰다."
    },
    "견권선": {
        "word": "견권선",
        "chosung": "ㄱㄱㅅ",
        "type": "명사",
        "mean": "전선에 명주실을 감아서 절연이 되도록 한 코일."
    },
    "견권지정": {
        "word": "견권지정",
        "chosung": "ㄱㄱㅈㅈ",
        "type": "명사",
        "mean": " 마음속에 굳게 맺혀 잊혀지지 않는 정."
    },
    "견귀": {
        "word": "견귀",
        "chosung": "ㄱㄱ",
        "type": "명사",
        "mean": " 본래 있던 곳으로 보냄."
    },
    "견금대": {
        "word": "견금대",
        "chosung": "ㄱㄱㄷ",
        "type": "명사",
        "mean": "［방언］ '바지랑대'의 방언(강원)."
    },
    "견급": {
        "word": "견급",
        "chosung": "ㄱㄱ",
        "type": "명사",
        "mean": "□急 '견급하다'의 어근."
    },
    "견기": {
        "word": "견기",
        "chosung": "ㄱㄱ",
        "type": "명사",
        "mean": " 1. 낌새를 알아챔. 2. 기회를 엿봄."
    },
    "견기이작": {
        "word": "견기이작",
        "chosung": "ㄱㄱㅇㅈ",
        "type": "명사",
        "mean": " 낌새를 알아채고 미리 조치함."
    },
    "견기지재": {
        "word": "견기지재",
        "chosung": "ㄱㄱㅈㅈ",
        "type": "명사",
        "mean": " 낌새를 알아채는 재주나 기회를 엿보는 재주. 또는 그런 재주가 있는 사람."
    },
    "견노": {
        "word": "견노",
        "chosung": "ㄱㄴ",
        "type": "명사",
        "mean": " 성내어 꾸짖음."
    },
    "견당": {
        "word": "견당",
        "chosung": "ㄱㄷ",
        "type": "명사",
        "mean": " 당나라에 사신을 보냄."
    },
    "견당매물사": {
        "word": "견당매물사",
        "chosung": "ㄱㄷㅁㅁㅅ",
        "type": "명사",
        "mean": "신라 흥덕왕 때에, 장보고가 당나라에 보내던 무역 사절."
    },
    "견당사": {
        "word": "견당사",
        "chosung": "ㄱㄷㅅ",
        "type": "명사",
        "mean": "1. 통일 신라 시대에, 중국 당나라에 보내던 사신. 유학생이나 승려들로 파견하였는데, 이들을 통하여 신라와 당나라 사이에 무역이 행해졌다. 2. 일본에서, 나라(奈良 )·헤이안(平安) 시대 초기에 당나라에 파견하던 사신. 당나라의 황제에게 외교 문서, 공물을 바치는 것이 임무였다."
    },
    "견당선": {
        "word": "견당선",
        "chosung": "ㄱㄷㅅ",
        "type": "명사",
        "mean": "통일 신라 시대에, 견당사가 당나라에 갈 때에 타고 가던 배."
    },
    "견대": {
        "word": "견대",
        "chosung": "ㄱㄷ",
        "type": "명사",
        "mean": "《미술》절에 있는 범종 윗부분에 띠처럼 두른 무늬."
    },
    "견대미": {
        "word": "견대미",
        "chosung": "ㄱㄷㅁ",
        "type": "명사",
        "mean": " 실을 둥글게 감아 놓기 위해서 어긋나게 감을 때에, 실 가락을 가로 걸치는 작은 틀."
    },
    "견대팔": {
        "word": "견대팔",
        "chosung": "ㄱㄷㅍ",
        "type": "명사",
        "mean": " 어깻죽지와 팔꿈치 사이의 부분."
    },
    "견덕": {
        "word": "견덕",
        "chosung": "ㄱㄷ",
        "type": "명사",
        "mean": "《불교》조계종에서 비구 법계의 5급을 이르는 말. 중덕(中德)보다 아래로 최하위이며, 나이는 25세 이상이고 중이 되어 구족계를 받은 지 5년 이상 된 자에게 준다."
    },
    "견도": {
        "word": "견도",
        "chosung": "ㄱㄷ",
        "type": "명사",
        "mean": "삼도(三道)의 첫째 단계. 처음으로 지혜를 얻어 번뇌와 미혹(迷惑)을 벗어나 진리를 보는 단계이다. ≒견제도(見諦道)."
    },
    "견독": {
        "word": "견독",
        "chosung": "ㄱㄷ",
        "type": "명사",
        "mean": "《지명》=연독."
    },
    "견돈": {
        "word": "견돈",
        "chosung": "ㄱㄷ",
        "type": "명사",
        "mean": " 1. =개돼지 . 2. =개돼지 ."
    },
    "견두": {
        "word": "견두",
        "chosung": "ㄱㄷ",
        "type": "명사",
        "mean": " =어깨 ."
    },
    "견두류": {
        "word": "견두류",
        "chosung": "ㄱㄷㄹ",
        "type": "명사",
        "mean": "고생대 데본기 말기에서 중생대 트라이아스기에 서식하였던 원시적인 양서류를 통틀어 이르는 말. 물고기에서 진화하여 처음으로 육상 생활을 한 양서류로, 머리뼈가 딱딱한 골판으로 둘러싸였고 파충류로 갈라지게 된 것으로 보인다."
    },
    "견득": {
        "word": "견득",
        "chosung": "ㄱㄷ",
        "type": "명사",
        "mean": "《불교》수도위(修道位)에 있는 사람 가운데 지혜가 밝은 사람. 지견이 뛰어나서 스스로 법을 보고 이치를 깨달을 수 있다."
    },
    "견등": {
        "word": "견등",
        "chosung": "ㄱㄷ",
        "type": "명사",
        "mean": "산통계(算筒契)에서, 추첨하여 당첨된 번호의 바로 앞뒤 번호. 이런 번호를 뽑은 사람은 얼마씩의 곗돈을 탔다."
    },
    "견듸다": {
        "word": "견듸다",
        "chosung": "ㄱㄷㄷ",
        "type": "동사",
        "mean": "［옛말］ '견디다'의 옛말."
    },
    "견딀셩": {
        "word": "견딀셩",
        "chosung": "ㄱㄷㅅ",
        "type": "명사",
        "mean": "［옛말］ '견딜성'의 옛말."
    },
    "견디다": {
        "word": "견디다",
        "chosung": "ㄱㄷㄷ",
        "type": "동사",
        "mean": "｛기간을 나타내는 부사어와 함께 쓰여｝ 1. 사람이나 생물이 일정한 기간 동안 어려운 환경에 굴복하거나 죽지 않고 계속해서 버티면서 살아 나가는 상태가 되다."
    },
    "견딜성": {
        "word": "견딜성",
        "chosung": "ㄱㄷㅅ",
        "type": "명사",
        "mean": " 1. 잘 참아 견디어 내는 성질."
    },
    "견딜힘": {
        "word": "견딜힘",
        "chosung": "ㄱㄷㅎ",
        "type": "명사",
        "mean": " 잘 참아 견디어 내는 힘."
    },
    "견띠": {
        "word": "견띠",
        "chosung": "ㄱㄸ",
        "type": "명사",
        "mean": "［북한어］ 어깨에 메는 띠."
    },
    "견락시권": {
        "word": "견락시권",
        "chosung": "ㄱㄹㅅㄱ",
        "type": "명사",
        "mean": "조선 시대에, 합격하지 못하고 떨어진 권자(券子)를 이르던 말."
    },
    "견련": {
        "word": "견련",
        "chosung": "ㄱㄹ",
        "type": "명사",
        "mean": " 서로 얽히어 관계를 가짐. 또는 그렇게 관계시킴."
    },
    "견련관할": {
        "word": "견련관할",
        "chosung": "ㄱㄹㄱㅎ",
        "type": "명사",
        "mean": "=관련 재판적."
    },
    "견련범": {
        "word": "견련범",
        "chosung": "ㄱㄹㅂ",
        "type": "명사",
        "mean": "범죄의 수단 또는 결과인 행위가 여러 개의 죄명에 해당하는 범죄."
    },
    "견련사건": {
        "word": "견련사건",
        "chosung": "ㄱㄹㅅㄱ",
        "type": "명사",
        "mean": "=관련 사건."
    },
    "견련파산": {
        "word": "견련파산",
        "chosung": "ㄱㄹㅍㅅ",
        "type": "명사",
        "mean": "파산을 예방하기 위한 화의나 회사 정리가 일단 시작된 후에, 신청에 의하거나 법원의 직권으로 선고하는 파산."
    },
    "견련페인트": {
        "word": "견련페인트",
        "chosung": "ㄱㄹㅍㅇㅌ",
        "type": "명사",
        "mean": "색소에 보일유 따위의 기름을 조금 넣어 만든 페인트."
    },
    "견련화의": {
        "word": "견련화의",
        "chosung": "ㄱㄹㅎㅇ",
        "type": "명사",
        "mean": "회사 정리에 대하여 이의를 가진 채권자들을 강제로 양보시키기 위하여 회사의 신청이나 법원의 직권으로 명하는 화의."
    },
    "견록": {
        "word": "견록",
        "chosung": "ㄱㄹ",
        "type": "명사",
        "mean": " 명주실로 짜서 만든 고운 체."
    },
    "견론": {
        "word": "견론",
        "chosung": "ㄱㄹ",
        "type": "명사",
        "mean": "모든 법의 이치를 모르는 그릇된 견해. 아무런 뜻도 소용도 없는 이론을 이른다."
    },
    "견뢰": {
        "word": "견뢰",
        "chosung": "ㄱㄹ",
        "type": "명사",
        "mean": "堅牢 '견뢰하다'의 어근."
    },
    "견뢰도": {
        "word": "견뢰도",
        "chosung": "ㄱㄹㄷ",
        "type": "명사",
        "mean": " 굳고 튼튼한 정도."
    },
    "견뢰지신": {
        "word": "견뢰지신",
        "chosung": "ㄱㄹㅈㅅ",
        "type": "명사",
        "mean": "대지를 받들고 굳게 지키는 신. 붉은 살색의 몸에 왼손에는 아름다운 꽃을 심은 화분을 받들고 있다고 한다."
    },
    "견룡": {
        "word": "견룡",
        "chosung": "ㄱㄹ",
        "type": "명사",
        "mean": "고려 시대에, 대궐을 지키던 경비 장교."
    },
    "견루": {
        "word": "견루",
        "chosung": "ㄱㄹ",
        "type": "명사",
        "mean": "칠루의 하나. 견도(見道)에서 끊는 여러 가지 사견(邪見)이다."
    },
    "견리": {
        "word": "견리",
        "chosung": "ㄱㄹ",
        "type": "명사",
        "mean": " 이익을 봄."
    },
    "견리망의": {
        "word": "견리망의",
        "chosung": "ㄱㄹㅁㅇ",
        "type": "명사",
        "mean": " 눈앞의 이익을 보면 의리를 잊음."
    },
    "견리사의": {
        "word": "견리사의",
        "chosung": "ㄱㄹㅅㅇ",
        "type": "명사",
        "mean": " 눈앞의 이익을 보면 의리를 먼저 생각함."
    },
    "견마": {
        "word": "견마",
        "chosung": "ㄱㅁ",
        "type": "명사",
        "mean": " 사람의 어깨와 어깨가 서로 스친다는 뜻으로, 길이나 교통이 몹시 혼잡함을 이르는 말."
    },
    "견마곡격": {
        "word": "견마곡격",
        "chosung": "ㄱㅁㄱㄱ",
        "type": "명사",
        "mean": " 사람의 어깨와 어깨가 스치고 수레의 바퀴통이 서로 닿는다는 뜻으로, 교통이 매우 혼잡함을 이르는 말."
    },
    "견마군": {
        "word": "견마군",
        "chosung": "ㄱㅁㄱ",
        "type": "명사",
        "mean": "［북한어］ '경마잡이'의 북한어."
    },
    "견마배": {
        "word": "견마배",
        "chosung": "ㄱㅁㅂ",
        "type": "명사",
        "mean": "조선 시대에, 사복시에 속하여 임금, 세자, 군이 탄 말을 끌던 종칠품 잡직. ≒견마부."
    },
    "견마부": {
        "word": "견마부",
        "chosung": "ㄱㅁㅂ",
        "type": "명사",
        "mean": "=견마배."
    },
    "견마전": {
        "word": "견마전",
        "chosung": "ㄱㅁㅈ",
        "type": "명사",
        "mean": "함경도에서 행하던 혼인 풍속. 혼인날 신랑, 신부 양쪽에서 횃불잡이를 보내어 마주친 지점에서 횃불 싸움을 벌이는데 승부에 관계없이 신부 측이 패하여 신랑이 신부를 빼앗아 간다고 한다."
    },
    "견마지년": {
        "word": "견마지년",
        "chosung": "ㄱㅁㅈㄴ",
        "type": "명사",
        "mean": " =견마지치."
    },
    "견마지로": {
        "word": "견마지로",
        "chosung": "ㄱㅁㅈㄹ",
        "type": "명사",
        "mean": " 개나 말 정도의 하찮은 힘이라는 뜻으로, 윗사람에게 충성을 다하는 자신의 노력을 낮추어 이르는 말. ≒견마지역."
    },
    "견마지류": {
        "word": "견마지류",
        "chosung": "ㄱㅁㅈㄹ",
        "type": "명사",
        "mean": " 개나 말 따위라는 뜻으로, 낮고 천한 사람들을 낮잡아 이르는 말."
    },
    "견마지성": {
        "word": "견마지성",
        "chosung": "ㄱㅁㅈㅅ",
        "type": "명사",
        "mean": "1. 임금이나 나라에 바치는 충성을 낮추어 이르는 말. 2. 개나 말의 정성이라는 뜻으로, 자신의 정성을 낮추어 이르는 말."
    },
    "견마지심": {
        "word": "견마지심",
        "chosung": "ㄱㅁㅈㅅ",
        "type": "명사",
        "mean": " 개나 말이 주인을 위하는 마음이라는 뜻으로, 신하나 백성이 임금이나 나라에 충성하는 마음을 낮추어 이르는 말."
    },
    "견마지역": {
        "word": "견마지역",
        "chosung": "ㄱㅁㅈㅇ",
        "type": "명사",
        "mean": " =견마지로."
    },
    "견마지충": {
        "word": "견마지충",
        "chosung": "ㄱㅁㅈㅊ",
        "type": "명사",
        "mean": " 주인에 대한 개나 말의 충성이라는 뜻으로, 신하나 백성이 임금이나 나라에 바치는 충성을 낮추어 이르는 말."
    },
    "견마지치": {
        "word": "견마지치",
        "chosung": "ㄱㅁㅈㅊ",
        "type": "명사",
        "mean": " 개나 말처럼 보람 없이 헛되게 먹은 나이라는 뜻으로, 남에게 자기의 나이를 낮추어 이르는 말. ≒견마지년."
    },
    "견만": {
        "word": "견만",
        "chosung": "ㄱㅁ",
        "type": "명사",
        "mean": " 손을 잡아 이끎."
    },
    "견망": {
        "word": "견망",
        "chosung": "ㄱㅁ",
        "type": "명사",
        "mean": "［북한어］ 기억에서 지워짐."
    },
    "견맥": {
        "word": "견맥",
        "chosung": "ㄱㅁ",
        "type": "명사",
        "mean": "《한의학》=진맥(診脈)."
    },
    "견면": {
        "word": "견면",
        "chosung": "ㄱㅁ",
        "type": "명사",
        "mean": " 누에가 고치를 만들 때에, 고치 겉면을 둘러쌀 솜 층으로 토하여 놓는 물질. ≒겉풀솜·고치솜."
    },
    "견면교직물": {
        "word": "견면교직물",
        "chosung": "ㄱㅁㄱㅈㅁ",
        "type": "명사",
        "mean": "견사와 면을 섞어서 짠 직물."
    },
    "견명": {
        "word": "견명",
        "chosung": "ㄱㅁ",
        "type": "명사",
        "mean": " 중국 명나라에 사신을 보냄."
    },
    "견모": {
        "word": "견모",
        "chosung": "ㄱㅁ",
        "type": "명사",
        "mean": " 업신여김을 당함."
    },
    "견목": {
        "word": "견목",
        "chosung": "ㄱㅁ",
        "type": "명사",
        "mean": "《건설》목재를 재질에 따라 나눌 때 활엽수에 속하는 목재. 떡갈나무, 졸참나무 따위가 있다."
    },
    "견묘": {
        "word": "견묘",
        "chosung": "ㄱㅁ",
        "type": "명사",
        "mean": " 개와 고양이를 아울러 이르는 말."
    },
    "견묘지간": {
        "word": "견묘지간",
        "chosung": "ㄱㅁㅈㄱ",
        "type": "명사",
        "mean": "［북한어］ 개와 고양이 사이라는 뜻으로, 서로 좋지 못한 사이를 이르는 말."
    },
    "견문": {
        "word": "견문",
        "chosung": "ㄱㅁ",
        "type": "명사",
        "mean": "1. 보고 들음. ≒도문(睹聞). 2. 보거나 듣거나 하여 깨달아 얻은 지식. ≒문견(聞見)."
    },
    "견문각지": {
        "word": "견문각지",
        "chosung": "ㄱㅁㄱㅈ",
        "type": "명사",
        "mean": "눈으로 빛을 보고, 귀로 소리를 듣고, 코·혀·몸으로 냄새·맛·촉감을 감각하고, 뜻으로 법을 아는 육식(六 識) 작용. 외경을 식별·인식하는 마음의 작용을 이르는 말이다."
    },
    "견문고검": {
        "word": "견문고검",
        "chosung": "ㄱㅁㄱㄱ",
        "type": "명사",
        "mean": " 보고 들은 것을 헤아려 보고 검사함."
    },
    "견문록": {
        "word": "견문록",
        "chosung": "ㄱㅁㄹ",
        "type": "명사",
        "mean": " 보고 들은 지식을 기록하여 놓은 글."
    },
    "견문발검": {
        "word": "견문발검",
        "chosung": "ㄱㅁㅂㄱ",
        "type": "명사",
        "mean": " 모기를 보고 칼을 뺀다는 뜻으로, 사소한 일에 크게 성내어 덤빔을 이르는 말."
    },
    "견문생": {
        "word": "견문생",
        "chosung": "ㄱㅁㅅ",
        "type": "명사",
        "mean": "삼생(三生)의 하나. 과거세에 노사나불을 친견하고, 보현보살의 법문을 들어 미래에 부처가 될 종자를 얻는 자리로, 여기서는 부처의 광명을 받게 된다. ≒견문위."
    },
    "견문위": {
        "word": "견문위",
        "chosung": "ㄱㅁㅇ",
        "type": "명사",
        "mean": "=견문생."
    },
    "견문일치": {
        "word": "견문일치",
        "chosung": "ㄱㅁㅇㅊ",
        "type": "명사",
        "mean": " 보고 들은 바가 꼭 같음."
    },
    "견물": {
        "word": "견물",
        "chosung": "ㄱㅁ",
        "type": "명사",
        "mean": "=견직물(絹織物)."
    },
    "견물생심": {
        "word": "견물생심",
        "chosung": "ㄱㅁㅅㅅ",
        "type": "명사",
        "mean": " 어떠한 실물을 보게 되면 그것을 가지고 싶은 욕심이 생김."
    },
    "견물우환": {
        "word": "견물우환",
        "chosung": "ㄱㅁㅇㅎ",
        "type": "명사",
        "mean": "［북한어］ 보는 것이 탈이란 뜻으로, 보지 않아서 모르고 있으면 그만인데 눈으로 보면 무엇인가 문제가 생겨 우환이 있게 됨을 이르는 말."
    },
    "견미하다": {
        "word": "견미하다",
        "chosung": "ㄱㅁㅎㄷ",
        "type": "형용사",
        "mean": "［북한어］ 물건이 튼튼하고 아름답다."
    },
    "견민": {
        "word": "견민",
        "chosung": "ㄱㅁ",
        "type": "명사",
        "mean": " 답답한 속을 풂. ≒소민."
    },
    "견박": {
        "word": "견박",
        "chosung": "ㄱㅂ",
        "type": "명사",
        "mean": "《불교》진리가 판명되지 않는 견혹. 사람을 속박하여 자유롭지 못하게 한다."
    },
    "견박골": {
        "word": "견박골",
        "chosung": "ㄱㅂㄱ",
        "type": "명사",
        "mean": "어깨의 바깥쪽 위팔의 윗머리 부분의 뼈."
    },
    "견반": {
        "word": "견반",
        "chosung": "ㄱㅂ",
        "type": "명사",
        "mean": " 예전에, 갱(坑) 속에서 사용하던 나침반."
    },
    "견발": {
        "word": "견발",
        "chosung": "ㄱㅂ",
        "type": "명사",
        "mean": " 재능이 있는지 없는지를 잘 헤아려서 인재를 뽑아 씀."
    },
    "견방": {
        "word": "견방",
        "chosung": "ㄱㅂ",
        "type": "명사",
        "mean": "'견사 방적(絹絲紡績)'을 줄여 이르는 말."
    },
    "견방사": {
        "word": "견방사",
        "chosung": "ㄱㅂㅅ",
        "type": "명사",
        "mean": " =방적견사."
    },
    "견방적": {
        "word": "견방적",
        "chosung": "ㄱㅂㅈ",
        "type": "명사",
        "mean": "《공업》=견사 방적."
    },
    "견방적실": {
        "word": "견방적실",
        "chosung": "ㄱㅂㅈㅅ",
        "type": "명사",
        "mean": "［북한어］ '방적견사(紡績絹絲)'의 북한어."
    },
    "견방주": {
        "word": "견방주",
        "chosung": "ㄱㅂㅈ",
        "type": "명사",
        "mean": "［북한어］ 풀솜에서 켜낸 실로 짠 천. '풀솜천'으로 다듬음."
    },
    "견방직": {
        "word": "견방직",
        "chosung": "ㄱㅂㅈ",
        "type": "명사",
        "mean": "《공업》비단천을 짜는 일."
    },
    "견배": {
        "word": "견배",
        "chosung": "ㄱㅂ",
        "type": "명사",
        "mean": " 어버이를 여읨."
    },
    "견배통": {
        "word": "견배통",
        "chosung": "ㄱㅂㅌ",
        "type": "명사",
        "mean": "어깨와 등이 아픈 병."
    },
    "견백동이": {
        "word": "견백동이",
        "chosung": "ㄱㅂㄷㅇ",
        "type": "명사",
        "mean": " 중국 전국 시대 조나라의 문인 공손룡이 논한 궤변. 단단하고 흰 돌은 눈으로 보아 흰 것은 알 수 있으나 단단한지는 모르며, 손으로 만져 보아 단단한 것은 알 수 있으나 빛이 흰지는 모르므로, 단단한 돌과 흰 돌은 동시에 성립하는 개념이 아니라고 하였다. ≒견백론·견석백마."
    },
    "견백론": {
        "word": "견백론",
        "chosung": "ㄱㅂㄹ",
        "type": "명사",
        "mean": " =견백동이."
    },
    "견벌": {
        "word": "견벌",
        "chosung": "ㄱㅂ",
        "type": "명사",
        "mean": " 꾸짖어 처벌함."
    },
    "견법": {
        "word": "견법",
        "chosung": "ㄱㅂ",
        "type": "명사",
        "mean": "《불교》불도를 수행하는 이가 깨끗하고 진실한 마음으로 실상을 자세히 관찰하여 그 참된 뜻에 통달하는 일."
    },
    "견벽": {
        "word": "견벽",
        "chosung": "ㄱㅂ",
        "type": "명사",
        "mean": "［북한어］1. 튼튼한 벽. 2. 견고하게 가로놓인 장애물을 비유적으로 이르는 말."
    },
    "견벽불출": {
        "word": "견벽불출",
        "chosung": "ㄱㅂㅂㅊ",
        "type": "명사",
        "mean": " 굳건한 벽으로 둘러싸인 곳에서 나오지 않는다는 뜻으로, 안전한 곳에 들어앉아서 남의 침범으로부터 몸을 지킴을 이르는 말."
    },
    "견벽청야": {
        "word": "견벽청야",
        "chosung": "ㄱㅂㅊㅇ",
        "type": "명사",
        "mean": "［북한어］ 성에 들어가 지키며 적에게 먹을 것을 주지 않기 위해 들판을 비움."
    },
    "견벽청야정책": {
        "word": "견벽청야정책",
        "chosung": "ㄱㅂㅊㅇㅈㅊ",
        "type": "명사",
        "mean": "［북한어］ 성에 들어가 지키며 적에게 먹을 것을 주지 않기 위해 들판을 비우는 전술이라는 뜻으로, 일제가 항일 독립군을 토벌할 때 집단 부락을 만들어 농민들을 강제로 몰아넣고 주변에 한 채의 집도 없게 하여 독립군과 주민과의 연계를 끊어 보려고 한 흉책을 이르는 말."
    },
    "견별": {
        "word": "견별",
        "chosung": "ㄱㅂ",
        "type": "명사",
        "mean": " 뚜렷하게 나눔."
    },
    "견병": {
        "word": "견병",
        "chosung": "ㄱㅂ",
        "type": "명사",
        "mean": " 와견(臥繭)의 무늬를 놓아 만든 병."
    },
    "견보일": {
        "word": "견보일",
        "chosung": "ㄱㅂㅇ",
        "type": "명사",
        "mean": "명주실로 짠 피륙의 하나. 날실과 씨실에 높은 꼬임을 준 명주실을 써서 짠 것으로 얇고 성기며 여름 치마나 적삼을 만드는 데 쓴다."
    },
    "견복": {
        "word": "견복",
        "chosung": "ㄱㅂ",
        "type": "명사",
        "mean": "《역사》조선 시대에, 나이가 많아 벼슬에서 물러난 사람이 견차(甄差)에 응하여 다시 벼슬길에 나가던 일."
    },
    "견본": {
        "word": "견본",
        "chosung": "ㄱㅂ",
        "type": "명사",
        "mean": " 전체 상품의 품질이나 상태 따위를 알아볼 수 있도록 본보기로 보이는 물건. '보기', '본보기'로 순화. ≒견품(見品)."
    },
    "견본매매": {
        "word": "견본매매",
        "chosung": "ㄱㅂㅁㅁ",
        "type": "명사",
        "mean": "견본을 보고 상품을 사고팔 것을 결정하는 상품 거래 방법."
    },
    "견본쇄": {
        "word": "견본쇄",
        "chosung": "ㄱㅂㅅ",
        "type": "명사",
        "mean": "견본으로 사용하기 위한 인쇄. 또는 그런 인쇄물."
    },
    "견본시": {
        "word": "견본시",
        "chosung": "ㄱㅂㅅ",
        "type": "명사",
        "mean": "=견본 시장."
    },
    "견본시장": {
        "word": "견본시장",
        "chosung": "ㄱㅂㅅㅈ",
        "type": "명사",
        "mean": "판매 촉진을 위하여 임시로 상품의 견본을 진열하고 선전과 소개를 하는 시장. 국제 견본 시장과 국내 견본 시장이 있다. ≒견본시."
    },
    "견본책": {
        "word": "견본책",
        "chosung": "ㄱㅂㅊ",
        "type": "명사",
        "mean": "［북한어］1. 본보기로 만든 책. 2. =상품알림."
    },
    "견본천": {
        "word": "견본천",
        "chosung": "ㄱㅂㅊ",
        "type": "명사",
        "mean": "［북한어］ 본보기로 보이는 천."
    },
    "견본포": {
        "word": "견본포",
        "chosung": "ㄱㅂㅍ",
        "type": "명사",
        "mean": "［북한어］ 본보기로 만든 논밭."
    },
    "견본품": {
        "word": "견본품",
        "chosung": "ㄱㅂㅍ",
        "type": "명사",
        "mean": " 본보기로 쓰는 상품."
    },
    "견봉": {
        "word": "견봉",
        "chosung": "ㄱㅂ",
        "type": "명사",
        "mean": "낙타처럼 소의 어깨 끝에 달린, 근육 조직으로 된 혹. '어깨마루'로 다듬음."
    },
    "견부": {
        "word": "견부",
        "chosung": "ㄱㅂ",
        "type": "명사",
        "mean": " 남에게 신용을 얻음."
    },
    "견분": {
        "word": "견분",
        "chosung": "ㄱㅂ",
        "type": "명사",
        "mean": "사분(四分)의 하나. 객관의 사물을 인식하기에 적합하도록 주관에 나타나는 영상인 상분(相分)을 인식하는 작용을 이른다."
    },
    "견불": {
        "word": "견불",
        "chosung": "ㄱㅂ",
        "type": "명사",
        "mean": "수행이나 신앙의 힘에 의지하여 부처를 본다는 뜻으로, 자기의 내부에 있는 불성을 깨달음을 이르는 말."
    },
    "견불문법": {
        "word": "견불문법",
        "chosung": "ㄱㅂㅁㅂ",
        "type": "명사",
        "mean": "《불교》눈으로 대자대비한 부처를 보고, 귀로 오묘한 교법을 들음."
    },
    "견비": {
        "word": "견비",
        "chosung": "ㄱㅂ",
        "type": "명사",
        "mean": " 어깨와 팔."
    },
    "견비통": {
        "word": "견비통",
        "chosung": "ㄱㅂㅌ",
        "type": "명사",
        "mean": "신경통의 하나. 어깨에서 팔까지 저리고 아파서 팔을 잘 움직이지 못한다."
    },
    "견빙": {
        "word": "견빙",
        "chosung": "ㄱㅂ",
        "type": "명사",
        "mean": " 단단하게 굳은 얼음."
    },
    "견사": {
        "word": "견사",
        "chosung": "ㄱㅅ",
        "type": "명사",
        "mean": " 누에고치에서 켠 실. 마사, 면사처럼 천연 섬유이다. ≒깁실·비단실·잠사(蠶絲)·진사(眞絲)·천연견사."
    },
    "견사방적": {
        "word": "견사방적",
        "chosung": "ㄱㅅㅂㅈ",
        "type": "명사",
        "mean": "고치실을 원료로 하여 실을 만드는 일. ≒견방적."
    },
    "견사상파면": {
        "word": "견사상파면",
        "chosung": "ㄱㅅㅅㅍㅁ",
        "type": "명사",
        "mean": "가늘고 무딘 모양의 금속을 잘라 낸 부분에 보이는 조직. 단단한 금속의 특징적 현상이다."
    },
    "견사생풍": {
        "word": "견사생풍",
        "chosung": "ㄱㅅㅅㅍ",
        "type": "명사",
        "mean": " 일을 당하면 손바람이 난다는 뜻으로, 일을 빨리 처리함을 이르는 말."
    },
    "견사선": {
        "word": "견사선",
        "chosung": "ㄱㅅㅅ",
        "type": "명사",
        "mean": "=실샘 ."
    },
    "견사자": {
        "word": "견사자",
        "chosung": "ㄱㅅㅈ",
        "type": "명사",
        "mean": "'대사자(大使者)'의 잘못."
    },
    "견사혹": {
        "word": "견사혹",
        "chosung": "ㄱㅅㅎ",
        "type": "명사",
        "mean": "《불교》삼혹(三惑)의 하나. 우주의 진리와 낱낱의 사물의 진상을 알지 못하여 일어나는 번뇌. 견혹과 사혹을 아울러 이르는 말이다."
    },
    "견삭": {
        "word": "견삭",
        "chosung": "ㄱㅅ",
        "type": "명사",
        "mean": "1. 새나 짐승을 잡는 밧줄. 2. 《불교》부처나 보살이 중생을 여러 방편으로 구제하는 것을 상징하는, 여러 색실로 꼰 줄. 부동명왕, 불공견삭관음, 천수관음 등이 가지고 있다."
    },
    "견상": {
        "word": "견상",
        "chosung": "ㄱㅅ",
        "type": "명사",
        "mean": "선종에서, 자기보다 윗자리에 있는 이를 이르는 말."
    },
    "견새": {
        "word": "견새",
        "chosung": "ㄱㅅ",
        "type": "명사",
        "mean": " 방비가 튼튼한 요새. ≒고새."
    },
    "견색": {
        "word": "견색",
        "chosung": "ㄱㅅ",
        "type": "명사",
        "mean": "［북한어］ 굳게 막음."
    },
    "견석": {
        "word": "견석",
        "chosung": "ㄱㅅ",
        "type": "명사",
        "mean": " 단단한 돌."
    },
    "견석백마": {
        "word": "견석백마",
        "chosung": "ㄱㅅㅂㅁ",
        "type": "명사",
        "mean": " =견백동이."
    },
    "견설고골": {
        "word": "견설고골",
        "chosung": "ㄱㅅㄱㄱ",
        "type": "명사",
        "mean": " 개가 말라 빠진 뼈를 핥는다는 뜻으로, 음식이 아무 맛도 없음을 이르는 말."
    },
    "견성": {
        "word": "견성",
        "chosung": "ㄱㅅ",
        "type": "명사",
        "mean": "=현성(現成)."
    },
    "견성리갑": {
        "word": "견성리갑",
        "chosung": "ㄱㅅㄹㄱ",
        "type": "명사",
        "mean": "［북한어］ 방비가 튼튼한 성과 훌륭한 갑옷이란 뜻으로, 적과 싸워 이길 만한 만반의 준비를 이르는 말. ※ 견성이갑."
    },
    "견성성공": {
        "word": "견성성공",
        "chosung": "ㄱㅅㅅㄱ",
        "type": "명사",
        "mean": "자기 본래의 성품인 자성을 깨달아 불과(佛果)를 얻는 일."
    },
    "견성성불": {
        "word": "견성성불",
        "chosung": "ㄱㅅㅅㅂ",
        "type": "명사",
        "mean": "자기 본래의 성품인 자성을 깨달아 부처가 됨. ≒견성 ."
    },
    "견속": {
        "word": "견속",
        "chosung": "ㄱㅅ",
        "type": "명사",
        "mean": " 견제하여 행동의 자유를 속박함."
    },
    "견쇄관절": {
        "word": "견쇄관절",
        "chosung": "ㄱㅅㄱㅈ",
        "type": "명사",
        "mean": "어깨뼈와 빗장뼈 사이에 있는 넓적한 관절."
    },
    "견수": {
        "word": "견수",
        "chosung": "ㄱㅅ",
        "type": "명사",
        "mean": " 윗사람과 함께 걸어갈 때에, 예(禮 )를 갖추는 의미에서, 약간 뒤에 떨어져 따라감."
    },
    "견수사": {
        "word": "견수사",
        "chosung": "ㄱㅅㅅ",
        "type": "명사",
        "mean": "각종 문물제도를 수입하기 위하여 일본에서 중국 수나라로 보내던 사신."
    },
    "견순": {
        "word": "견순",
        "chosung": "ㄱㅅ",
        "type": "명사",
        "mean": "입술에 생기는 병의 하나. 입술이 오그라져서 마음대로 입을 벌리지 못하는 급성병으로, 어린아이에게 많다. ≒긴순(緊脣)·심순(瀋脣)."
    },
    "견순증": {
        "word": "견순증",
        "chosung": "ㄱㅅㅈ",
        "type": "명사",
        "mean": "입술이 오그라져서 마음대로 입을 벌리지 못하고, 음식도 섭취하지 못하는 증상."
    },
    "견습": {
        "word": "견습",
        "chosung": "ㄱㅅ",
        "type": "명사",
        "mean": " '수습(修習)'으로 순화."
    },
    "견습공": {
        "word": "견습공",
        "chosung": "ㄱㅅㄱ",
        "type": "명사",
        "mean": " '수습공'으로 순화."
    },
    "견습기자": {
        "word": "견습기자",
        "chosung": "ㄱㅅㄱㅈ",
        "type": "명사",
        "mean": " '수습기자'로 순화."
    },
    "견습사원": {
        "word": "견습사원",
        "chosung": "ㄱㅅㅅㅇ",
        "type": "명사",
        "mean": " '수습사원'으로 순화."
    },
    "견습생": {
        "word": "견습생",
        "chosung": "ㄱㅅㅅ",
        "type": "명사",
        "mean": " '수습생'으로 순화."
    },
    "견시항법": {
        "word": "견시항법",
        "chosung": "ㄱㅅㅎㅂ",
        "type": "명사",
        "mean": "땅이나 바다 위에 있는 방위 목표와 지형지물을 보면서 비행기를 조종하는 항법."
    },
    "견식": {
        "word": "견식",
        "chosung": "ㄱㅅ",
        "type": "명사",
        "mean": " 견문과 학식."
    },
    "견신": {
        "word": "견신",
        "chosung": "ㄱㅅ",
        "type": "명사",
        "mean": " 신의 시현(示現)을 마음속으로 느껴 아는 일."
    },
    "견신공정": {
        "word": "견신공정",
        "chosung": "ㄱㅅㄱㅈ",
        "type": "명사",
        "mean": "'연신 공정(延伸工程)'의 북한어."
    },
    "견신례": {
        "word": "견신례",
        "chosung": "ㄱㅅㄹ",
        "type": "명사",
        "mean": "가톨릭 교회에서, 7성사(聖事) 중 세례 성사 다음에 받는 의식. 신자의 신앙생활을 굳세고 강하게 하기 위하여 베푸는 의식이다."
    },
    "견실": {
        "word": "견실",
        "chosung": "ㄱㅅ",
        "type": "명사",
        "mean": " 자기도 모르게 잃어버리거나 떠내려 보내 없어짐."
    },
    "견실성": {
        "word": "견실성",
        "chosung": "ㄱㅅㅅ",
        "type": "명사",
        "mean": " 하는 일이나 생각, 태도 따위가 믿음직스럽게 굳고 착실한 성질."
    },
    "견실주의": {
        "word": "견실주의",
        "chosung": "ㄱㅅㅈㅇ",
        "type": "명사",
        "mean": " 모든 일을 믿음직스럽게 굳고 착실하게 하려는 일관된 생각이나 태도."
    },
    "견아": {
        "word": "견아",
        "chosung": "ㄱㅇ",
        "type": "명사",
        "mean": "=아자(牙子)."
    },
    "견아방해석": {
        "word": "견아방해석",
        "chosung": "ㄱㅇㅂㅎㅅ",
        "type": "명사",
        "mean": "개의 이빨처럼 뾰족한 결정을 가진 방해석. ≒견아석."
    },
    "견아상제": {
        "word": "견아상제",
        "chosung": "ㄱㅇㅅㅈ",
        "type": "명사",
        "mean": " 땅의 경계가 일직선으로 되어 있지 않고 개의 이빨처럼 들쭉날쭉 서로 어긋남. ≒견아상착."
    },
    "견아상착": {
        "word": "견아상착",
        "chosung": "ㄱㅇㅅㅊ",
        "type": "명사",
        "mean": " =견아상제."
    },
    "견아상치": {
        "word": "견아상치",
        "chosung": "ㄱㅇㅅㅊ",
        "type": "명사",
        "mean": " 개의 이빨처럼 서로 어긋남."
    },
    "견아석": {
        "word": "견아석",
        "chosung": "ㄱㅇㅅ",
        "type": "명사",
        "mean": "《광업》=견아 방해석."
    },
    "견아성": {
        "word": "견아성",
        "chosung": "ㄱㅇㅅ",
        "type": "명사",
        "mean": "신라와 백제가 동맹을 맺은 뒤, 고구려의 남진(南進) 공격을 물리쳤던 신라 때의 성. 경상북도 문경 부근에 있었다."
    },
    "견아차호": {
        "word": "견아차호",
        "chosung": "ㄱㅇㅊㅎ",
        "type": "명사",
        "mean": " 개의 이빨처럼 사물이 서로 어긋남."
    },
    "견암": {
        "word": "견암",
        "chosung": "ㄱㅇ",
        "type": "명사",
        "mean": "접촉 변성 작용을 받아 단단하게 굳어진 점판암의 하나."
    },
    "견애": {
        "word": "견애",
        "chosung": "ㄱㅇ",
        "type": "명사",
        "mean": "□隘 '견애하다'의 어근."
    },
    "견약": {
        "word": "견약",
        "chosung": "ㄱㅇ",
        "type": "명사",
        "mean": " 굳게 약속함. 또는 그런 약속."
    },
    "견양": {
        "word": "견양",
        "chosung": "ㄱㅇ",
        "type": "명사",
        "mean": " =겨냥 . '서식', '보기', '본보기'로 순화."
    },
    "견양도서": {
        "word": "견양도서",
        "chosung": "ㄱㅇㄷㅅ",
        "type": "명사",
        "mean": "우리나라에서 새겨서 미리 일본에 보내 놓던 인장의 양식. 일본에서 온 문서에 찍힌 도장과 맞대 보는 데에 쓰던 표본이다."
    },
    "견양돈": {
        "word": "견양돈",
        "chosung": "ㄱㅇㄷ",
        "type": "명사",
        "mean": "［옛말］ 동전의 거푸집을 만들기 위한 본."
    },
    "견양지": {
        "word": "견양지",
        "chosung": "ㄱㅇㅈ",
        "type": "명사",
        "mean": "1. 창호지로 쓰는 종이의 하나. 2. 실물에 겨누어 치수와 양식을 정하는 데 쓰는 종이. 백지보다 좀 넓고 도톰하다."
    },
    "견양지질": {
        "word": "견양지질",
        "chosung": "ㄱㅇㅈㅈ",
        "type": "명사",
        "mean": " 개나 양과 같은 소질이라는 뜻으로, 재능이 없이 태어난 바탕을 이르는 말."
    },
    "견여": {
        "word": "견여",
        "chosung": "ㄱㅇ",
        "type": "명사",
        "mean": " 큰 상여를 쓰는 행상(行喪)에서, 좁은 길을 지날 때 임시로 쓰는 간단한 상여."
    },
    "견여금석": {
        "word": "견여금석",
        "chosung": "ㄱㅇㄱㅅ",
        "type": "명사",
        "mean": " 서로 맺은 언약이나 맹세가 금석과 같이 단단함."
    },
    "견여반석": {
        "word": "견여반석",
        "chosung": "ㄱㅇㅂㅅ",
        "type": "명사",
        "mean": " 기초가 반석처럼 튼튼함. ≒완여반석."
    },
    "견염": {
        "word": "견염",
        "chosung": "ㄱㅇ",
        "type": "명사",
        "mean": " =고염(固鹽)."
    },
    "견예": {
        "word": "견예",
        "chosung": "ㄱㅇ",
        "type": "명사",
        "mean": " =견인(牽引)."
    },
    "견오": {
        "word": "견오",
        "chosung": "ㄱㅇ",
        "type": "명사",
        "mean": " =견증(見憎)."
    },
    "견온병": {
        "word": "견온병",
        "chosung": "ㄱㅇㅂ",
        "type": "명사",
        "mean": "=디스템퍼 ."
    },
    "견외": {
        "word": "견외",
        "chosung": "ㄱㅇ",
        "type": "명사",
        "mean": " 외국으로 파견함."
    },
    "견욕": {
        "word": "견욕",
        "chosung": "ㄱㅇ",
        "type": "명사",
        "mean": " =봉욕(逢辱)."
    },
    "견용": {
        "word": "견용",
        "chosung": "ㄱㅇ",
        "type": "명사",
        "mean": "［북한어］ '탁용(擢用)'의 북한어."
    },
    "견용동물": {
        "word": "견용동물",
        "chosung": "ㄱㅇㄷㅁ",
        "type": "명사",
        "mean": " 소나 말처럼 수레나 농기구 따위를 끄는 동물."
    },
    "견우": {
        "word": "견우",
        "chosung": "ㄱㅇ",
        "type": "명사",
        "mean": "=어깨깃."
    },
    "견우성": {
        "word": "견우성",
        "chosung": "ㄱㅇㅅ",
        "type": "명사",
        "mean": "독수리자리에서 가장 밝은 별. 실시 등급 1등급의 별로, 은하수를 경계로 직녀성과 마주하고 있다. ≒견우(牽牛) ·알타이르·하고(河鼓)·하고성(河鼓星)·황고(黃姑)."
    },
    "견우자": {
        "word": "견우자",
        "chosung": "ㄱㅇㅈ",
        "type": "명사",
        "mean": "나팔꽃의 씨를 한방에서 이르는 말. 붉은 꽃의 씨는 흑축(黑丑), 흰 꽃의 씨는 백축(白丑)이라 하는데, 맛이 쓰고 성질이 차며 대소변을 통하게 한다. 변비, 부종, 적취(積聚), 요통 따위의 치료에 쓴다. ≒초금령·흑견우자·흑축(黑丑)."
    },
    "견우직녀": {
        "word": "견우직녀",
        "chosung": "ㄱㅇㅈㄴ",
        "type": "명사",
        "mean": "1. 견우와 직녀를 아울러 이르는 말. 2. 견우성과 직녀성을 아울러 이르는 말."
    },
    "견우직녀설화": {
        "word": "견우직녀설화",
        "chosung": "ㄱㅇㅈㄴㅅㅎ",
        "type": "명사",
        "mean": "칠월 칠석에 견우와 직녀가 1년에 한 번 만나게 된다는 설화. 칠월 칠석이 되면 견우성과 직녀성이 가까워지는 자연현상에서 생겨난 것으로 본다. 옥황상제의 손녀인 직녀와 목동인 견우가 혼인을 했는데 자신들의 의무를 게을리 하여 그 벌로 옥황상제는 두 사람을 1년에 한 번만 만날 수 있게 하였다. 그런데 은하수가 그들을 가로막아 만날 수가 없게 되자 수많은 까마귀와 까치가 머리를 맞대어 다리를 놓아 주었다. 그 다리를 '오작교'라 하며, 이날 오는 비, 곧 칠석우(七夕雨)는 견우와 직녀가 기뻐서 흘리는 눈물이라 한다."
    },
    "견우화": {
        "word": "견우화",
        "chosung": "ㄱㅇㅎ",
        "type": "명사",
        "mean": "=나팔꽃."
    },
    "견운모": {
        "word": "견운모",
        "chosung": "ㄱㅇㅁ",
        "type": "명사",
        "mean": "칼륨, 알루미늄 따위를 함유한 함수 규산염 광물. 단사 정계에 속하며, 비늘 모양으로 명주실과 같은 광택이 난다. 종이, 도자기, 농약 따위를 만드는 데 쓴다."
    },
    "견운모편암": {
        "word": "견운모편암",
        "chosung": "ㄱㅇㅁㅍㅇ",
        "type": "명사",
        "mean": "명주실과 같은 광택이 나는 결정 편암의 하나. 견운모와 석영, 장석 따위로 이루어진 변성암이며, 편상 조직이 발달하여 잘 벗겨진다."
    },
    "견원": {
        "word": "견원",
        "chosung": "ㄱㅇ",
        "type": "명사",
        "mean": " 개와 원숭이라는 뜻으로, 서로 사이가 나쁜 두 사람을 비유적으로 이르는 말."
    },
    "견원지간": {
        "word": "견원지간",
        "chosung": "ㄱㅇㅈㄱ",
        "type": "명사",
        "mean": " 개와 원숭이의 사이라는 뜻으로, 사이가 매우 나쁜 두 사람의 관계를 비유적으로 이르는 말."
    },
    "견월": {
        "word": "견월",
        "chosung": "ㄱㅇ",
        "type": "명사",
        "mean": " 동의가 필요한 다른 관청의 문건 따위가 심의에서 통과되지 않고 그냥 넘어가 버림."
    },
    "견위": {
        "word": "견위",
        "chosung": "ㄱㅇ",
        "type": "명사",
        "mean": " 굳게 포위함."
    },
    "견위치명": {
        "word": "견위치명",
        "chosung": "ㄱㅇㅊㅁ",
        "type": "명사",
        "mean": " 나라가 위태로울 때 자기의 몸을 나라에 바침."
    },
    "견유": {
        "word": "견유",
        "chosung": "ㄱㅇ",
        "type": "명사",
        "mean": "1. 견유학파에 속하는 사람. 2. 사회에서 이미 받아들여지고 있는 모든 것들을 멸시하고, 세상을 비꼬며 냉소적인 눈으로 보는 학자."
    },
    "견유주의": {
        "word": "견유주의",
        "chosung": "ㄱㅇㅈㅇ",
        "type": "명사",
        "mean": "인간이 인위적으로 정한 사회의 관습, 전통, 도덕, 법률, 제도 따위를 부정하고, 인간의 본성에 따라 자연스럽게 생활할 것을 주장하는 태도나 사상. ≒냉소주의·시니시즘."
    },
    "견유포": {
        "word": "견유포",
        "chosung": "ㄱㅇㅍ",
        "type": "명사",
        "mean": "=오일실크."
    },
    "견유학파": {
        "word": "견유학파",
        "chosung": "ㄱㅇㅎㅍ",
        "type": "명사",
        "mean": "=키니코스학파."
    },
    "견융": {
        "word": "견융",
        "chosung": "ㄱㅇ",
        "type": "명사",
        "mean": " 중국 고대에, 산시 성(陝西省)에 살던 서융(西戎)의 일족. 전국 시대에, 진나라의 압박을 받아 쇠퇴하였다. ≒견이(犬夷)."
    },
    "견응": {
        "word": "견응",
        "chosung": "ㄱㅇ",
        "type": "명사",
        "mean": "목줄기로부터 어깨에 걸쳐 일어나는 근육통을 통틀어 이르는 말. 피로가 주된 원인이며 대개 어깨에 둔통이 있다."
    },
    "견의": {
        "word": "견의",
        "chosung": "ㄱㅇ",
        "type": "명사",
        "mean": " 비단으로 만든 옷."
    },
    "견이": {
        "word": "견이",
        "chosung": "ㄱㅇ",
        "type": "명사",
        "mean": " =견융(犬戎)."
    },
    "견이김": {
        "word": "견이김",
        "chosung": "ㄱㅇㄱ",
        "type": "명사",
        "mean": "생사(生絲)나 생사로 짠 천을 뒤집으면서 두드리는 일."
    },
    "견이불식": {
        "word": "견이불식",
        "chosung": "ㄱㅇㅂㅅ",
        "type": "명사",
        "mean": " 눈앞에 보고도 먹지 못한다는 뜻으로, 아무리 탐나는 것이 있어도 이용할 수 없거나 차지할 수 없음을 이르는 말."
    },
    "견이지지": {
        "word": "견이지지",
        "chosung": "ㄱㅇㅈㅈ",
        "type": "명사",
        "mean": " 실지로 보고 앎."
    },
    "견인": {
        "word": "견인",
        "chosung": "ㄱㅇ",
        "type": "명사",
        "mean": " 끌어서 당김. ≒견예(牽曳)·인견(引牽)."
    },
    "견인기": {
        "word": "견인기",
        "chosung": "ㄱㅇㄱ",
        "type": "명사",
        "mean": "'견인 기관차'의 북한어."
    },
    "견인기관차": {
        "word": "견인기관차",
        "chosung": "ㄱㅇㄱㄱㅊ",
        "type": "명사",
        "mean": "화차나 객차를 뒤에 달아서 끌고 가는 기관차."
    },
    "견인능력": {
        "word": "견인능력",
        "chosung": "ㄱㅇㄴㄹ",
        "type": "명사",
        "mean": "운수 기관차, 트랙터 따위가 짐을 끌 수 있는 능력. '끌능력'으로 다듬음."
    },
    "견인대수": {
        "word": "견인대수",
        "chosung": "ㄱㅇㄷㅅ",
        "type": "명사",
        "mean": "범죄자가 사람을 대신 보내어 자수하는 일."
    },
    "견인력": {
        "word": "견인력",
        "chosung": "ㄱㅇㄹ",
        "type": "명사",
        "mean": "1. 어떠한 사물을 끌어서 당기는 힘. 2. 차량을 움직이는 원동력이 되는, 끌어당기는 힘."
    },
    "견인변전소": {
        "word": "견인변전소",
        "chosung": "ㄱㅇㅂㅈㅅ",
        "type": "명사",
        "mean": "전기 철도에서, 화차나 객차를 끌 수 있는 전력을 공급하는 변전소."
    },
    "견인봉": {
        "word": "견인봉",
        "chosung": "ㄱㅇㅂ",
        "type": "명사",
        "mean": "［북한어］ 증기 기관차에서 기관차와 탄수차를 잇는 쇠막대기. '끌대'로 다듬음."
    },
    "견인불발": {
        "word": "견인불발",
        "chosung": "ㄱㅇㅂㅂ",
        "type": "명사",
        "mean": " 굳게 참고 견디어 마음이 흔들리지 않음."
    },
    "견인불발성": {
        "word": "견인불발성",
        "chosung": "ㄱㅇㅂㅂㅅ",
        "type": "명사",
        "mean": " 굳게 참고 견디어 마음이 흔들리지 않는 성질."
    },
    "견인비행": {
        "word": "견인비행",
        "chosung": "ㄱㅇㅂㅎ",
        "type": "명사",
        "mean": "비행기가 글라이더 따위를 이끌며 날아감. 또는 비행기가 글라이더 따위를 끄는 일."
    },
    "견인사": {
        "word": "견인사",
        "chosung": "ㄱㅇㅅ",
        "type": "명사",
        "mean": "각 염색체의 동원체와 양극(兩極)을 연결하는 방추사."
    },
    "견인선": {
        "word": "견인선",
        "chosung": "ㄱㅇㅅ",
        "type": "명사",
        "mean": "'예인선'의 북한어."
    },
    "견인성": {
        "word": "견인성",
        "chosung": "ㄱㅇㅅ",
        "type": "명사",
        "mean": " 굳게 참고 견디는 성질."
    },
    "견인시험기": {
        "word": "견인시험기",
        "chosung": "ㄱㅇㅅㅎㄱ",
        "type": "명사",
        "mean": "공작 재료의 항장력을 재는 기계. 재료의 양 끝을 잡고 유압의 힘으로 잡아당겨 장력의 세기를 잰다."
    },
    "견인요법": {
        "word": "견인요법",
        "chosung": "ㄱㅇㅇㅂ",
        "type": "명사",
        "mean": "변형을 일으킨 관절을 본래의 정상 상태로 만들기 위하여 특수한 기구를 써서 바로잡는 정형외과의 물리 치료법."
    },
    "견인운반차": {
        "word": "견인운반차",
        "chosung": "ㄱㅇㅇㅂㅊ",
        "type": "명사",
        "mean": "'견인차'의 북한어."
    },
    "견인자동차": {
        "word": "견인자동차",
        "chosung": "ㄱㅇㅈㄷㅊ",
        "type": "명사",
        "mean": " =견인차 ."
    },
    "견인전동기": {
        "word": "견인전동기",
        "chosung": "ㄱㅇㅈㄷㄱ",
        "type": "명사",
        "mean": "전기를 이용하여 어떤 물체를 끌어당기는 전동기."
    },
    "견인정량": {
        "word": "견인정량",
        "chosung": "ㄱㅇㅈㄹ",
        "type": "명사",
        "mean": "일정한 구역에서 기관차가 한 번에 끌어야 할 정량. '끌기정량'으로 다듬음."
    },
    "견인정수": {
        "word": "견인정수",
        "chosung": "ㄱㅇㅈㅅ",
        "type": "명사",
        "mean": "일정한 운전 속도로 한 번에 기관차가 끌 수 있는 최대 차량 수."
    },
    "견인주의": {
        "word": "견인주의",
        "chosung": "ㄱㅇㅈㅇ",
        "type": "명사",
        "mean": " 욕정이나 욕망 따위를 의지의 힘으로 굳게 참고 견디어 억제하려는 도덕적·종교적 태도."
    },
    "견인중량": {
        "word": "견인중량",
        "chosung": "ㄱㅇㅈㄹ",
        "type": "명사",
        "mean": "일정한 경사도를 이룬 구간에서 견인차가 일정한 속도로 끌 수 있는 짐의 무게. '끌무게'로 다듬음."
    },
    "견인증": {
        "word": "견인증",
        "chosung": "ㄱㅇㅈ",
        "type": "명사",
        "mean": "근육이 땅기고 쑤시고 아픈 증상."
    },
    "견인지구": {
        "word": "견인지구",
        "chosung": "ㄱㅇㅈㄱ",
        "type": "명사",
        "mean": " 굳게 참고 견디어 오래 버팀."
    },
    "견인지종": {
        "word": "견인지종",
        "chosung": "ㄱㅇㅈㅈ",
        "type": "명사",
        "mean": " 끝까지 굳게 참고 견딤."
    },
    "견인차": {
        "word": "견인차",
        "chosung": "ㄱㅇㅊ",
        "type": "명사",
        "mean": "포나 파손된 차량을 끌어서 운반하는 차."
    },
    "견인통": {
        "word": "견인통",
        "chosung": "ㄱㅇㅌ",
        "type": "명사",
        "mean": "신경통의 하나. 근육이 땅겨서 쑤시고 아프다."
    },
    "견인팔": {
        "word": "견인팔",
        "chosung": "ㄱㅇㅍ",
        "type": "명사",
        "mean": "기관차의 한 회귀가 맞물리는 구간. 기관차가 갔다가 돌아오며 운행하는 일정한 구역을 이른다."
    },
    "견인팔꿈치": {
        "word": "견인팔꿈치",
        "chosung": "ㄱㅇㅍㄲㅊ",
        "type": "명사",
        "mean": "팔꿈치 관절의 인대가 어긋난 상태. 2~4세의 유아에게 많은데 아이의 손을 잡아끌어 일으키려고 할 때 주로 일어난다."
    },
    "견인포": {
        "word": "견인포",
        "chosung": "ㄱㅇㅍ",
        "type": "명사",
        "mean": "자체의 기동 수단이 없어서, 차량이나 동물과 같은 다른 기동 수단에 끌려서 이동하는 포. ≒이동포(移動砲)."
    },
    "견인표적": {
        "word": "견인표적",
        "chosung": "ㄱㅇㅍㅈ",
        "type": "명사",
        "mean": "대공 사격 연습을 위하여 항공기 뒤에 매달아 놓은 표적."
    },
    "견일": {
        "word": "견일",
        "chosung": "ㄱㅇ",
        "type": "명사",
        "mean": "음력 정월 이튿날을 달리 이르는 말."
    },
    "견자": {
        "word": "견자",
        "chosung": "ㄱㅈ",
        "type": "명사",
        "mean": " 보는 사람."
    },
    "견잠": {
        "word": "견잠",
        "chosung": "ㄱㅈ",
        "type": "명사",
        "mean": " 고치를 지은 누에."
    },
    "견장": {
        "word": "견장",
        "chosung": "ㄱㅈ",
        "type": "명사",
        "mean": " 군인, 경찰관 등이 제복의 어깨에 붙이는, 직위나 계급을 밝히는 표장."
    },
    "견적": {
        "word": "견적",
        "chosung": "ㄱㅈ",
        "type": "명사",
        "mean": " 어떤 일을 하는 데 필요한 비용 따위를 미리 어림잡아 계산함. 또는 그런 계산. '어림셈'으로 순화."
    },
    "견적가격": {
        "word": "견적가격",
        "chosung": "ㄱㅈㄱㄱ",
        "type": "명사",
        "mean": "공매할 때 세무서장 등이 매각 재산의 객관적인 시가를 기준으로 하여 결정한 최저 가격."
    },
    "견적도": {
        "word": "견적도",
        "chosung": "ㄱㅈㄷ",
        "type": "명사",
        "mean": " 견적서에 붙여서 조회자에게 주는 도면."
    },
    "견적서": {
        "word": "견적서",
        "chosung": "ㄱㅈㅅ",
        "type": "명사",
        "mean": " 어떤 일을 하는 데 필요한 비용 따위를 계산하여 구체적으로 적은 서류. '추산서'로 순화."
    },
    "견적원가": {
        "word": "견적원가",
        "chosung": "ㄱㅈㅇㄱ",
        "type": "명사",
        "mean": "예상되는 실제 원가를 과거의 실적치(實績値)에다 장래의 변동 사정을 고려하여 사전에 견적하는 원가. 매출 가격의 결정, 경상적 이익 계획 설정 따위의 신속한 계산을 위해 간단한 물량 예정에 따라 산출한다."
    },
    "견전": {
        "word": "견전",
        "chosung": "ㄱㅈ",
        "type": "명사",
        "mean": "=견전제."
    },
    "견전제": {
        "word": "견전제",
        "chosung": "ㄱㅈㅈ",
        "type": "명사",
        "mean": "발인할 때에, 문 앞에서 지내는 제사. ≒견전·노전(路 奠)·노제."
    },
    "견절": {
        "word": "견절",
        "chosung": "ㄱㅈ",
        "type": "명사",
        "mean": "섬유를 잡아 늘이면서 자르는 일."
    },
    "견절기": {
        "word": "견절기",
        "chosung": "ㄱㅈㄱ",
        "type": "명사",
        "mean": "실 따위를 잡아 늘이면서 자르는 기계. 롤러를 이용하여 당기면서 적당한 길이로 자를 때 쓴다."
    },
    "견절섬유": {
        "word": "견절섬유",
        "chosung": "ㄱㅈㅅㅇ",
        "type": "명사",
        "mean": "견절기에서 섬유를 당겨 끊거나 롤러의 칼날로 끊어서 만드는 짧은 길이의 섬유. 보통 길이는 3~7cm이다."
    },
    "견정": {
        "word": "견정",
        "chosung": "ㄱㅈ",
        "type": "명사",
        "mean": " 어떤 생각을 나타냄."
    },
    "견정불굴": {
        "word": "견정불굴",
        "chosung": "ㄱㅈㅂㄱ",
        "type": "명사",
        "mean": "［북한어］ 의지, 지조 따위가 굳세고 곧아서 쉽게 굽어 들지 않음."
    },
    "견제": {
        "word": "견제",
        "chosung": "ㄱㅈ",
        "type": "명사",
        "mean": "아군의 공격이 수월하도록 적의 일부를 다른 곳에 묶어 두는 전술적 행동."
    },
    "견제공격": {
        "word": "견제공격",
        "chosung": "ㄱㅈㄱㄱ",
        "type": "명사",
        "mean": "적이 아군의 주요 공격 방향을 파악하지 못하도록 주요 목표 지점이 아닌 다른 목표 지점을 공격하는 일."
    },
    "견제구": {
        "word": "견제구",
        "chosung": "ㄱㅈㄱ",
        "type": "명사",
        "mean": "야구에서, 주자의 도루를 막거나 베이스에서 떨어져 있는 주자를 잡기 위하여 투수나 포수가 주자가 있는 베이스의 수비수에게 던지는 공."
    },
    "견제균형의원리": {
        "word": "견제균형의원리",
        "chosung": "ㄱㅈㄱㅎㅇㅇㄹ",
        "type": "명사",
        "mean": "국가의 여러 권력을 상호 대립·억제시켜 하나의 권력이 지배하는 것을 막으려는 통치 조직의 원리."
    },
    "견제도": {
        "word": "견제도",
        "chosung": "ㄱㅈㄷ",
        "type": "명사",
        "mean": "=견도(見道)."
    },
    "견제력": {
        "word": "견제력",
        "chosung": "ㄱㅈㄹ",
        "type": "명사",
        "mean": " 견제할 수 있는 힘."
    },
    "견제사격": {
        "word": "견제사격",
        "chosung": "ㄱㅈㅅㄱ",
        "type": "명사",
        "mean": "적의 주의를 분산하여 자유롭게 활동하지 못하도록 하기 위하여 하는 사격."
    },
    "견제상륙": {
        "word": "견제상륙",
        "chosung": "ㄱㅈㅅㄹ",
        "type": "명사",
        "mean": "적의 주의를 분산할 목적으로 주요 상륙 지역이 아닌 다른 곳에 부대를 상륙하게 하는 일."
    },
    "견제전투": {
        "word": "견제전투",
        "chosung": "ㄱㅈㅈㅌ",
        "type": "명사",
        "mean": "적의 기동이나 공격을 미리 막거나 누르기 위하여 진행하는 전투."
    },
    "견조": {
        "word": "견조",
        "chosung": "ㄱㅈ",
        "type": "명사",
        "mean": "주가의 시세가 내리지 않고 높은 상태에 계속 머물러 있음."
    },
    "견조ㅂ즈다": {
        "word": "견조ㅂ즈다",
        "chosung": "ㄱㅈㅂㅈㄷ",
        "type": "동사",
        "mean": "［옛말］ '견주다'의 옛말."
    },
    "견족": {
        "word": "견족",
        "chosung": "ㄱㅈ",
        "type": "명사",
        "mean": "《한의학》심한 마찰로 손바닥이나 발바닥에 꽈리처럼 부풀어 오른 물집."
    },
    "견졸": {
        "word": "견졸",
        "chosung": "ㄱㅈ",
        "type": "명사",
        "mean": "［북한어］ 지금 있는 병졸."
    },
    "견주": {
        "word": "견주",
        "chosung": "ㄱㅈ",
        "type": "명사",
        "mean": "=산동주(山東紬)."
    },
    "견주다": {
        "word": "견주다",
        "chosung": "ㄱㅈㄷ",
        "type": "동사",
        "mean": "『 (…과) …을』『 …을 (…과)』『 …을 …에』｛'…과'가 나타나지 않을 때는 여럿임을 뜻하는 말이 주어나 목적어로 온다｝ 둘 이상의 사물을 질(質)이나 양(量 ) 따위에서 어떠한 차이가 있는지 알기 위하여 서로 대어 보다."
    },
    "견죽": {
        "word": "견죽",
        "chosung": "ㄱㅈ",
        "type": "명사",
        "mean": "《음악》=견(□)."
    },
    "견줄비": {
        "word": "견줄비",
        "chosung": "ㄱㅈㅂ",
        "type": "명사",
        "mean": " 한자 부수의 하나. '毗', '毖' 따위에 쓰인 '比'를 이른다."
    },
    "견줌그림씨": {
        "word": "견줌그림씨",
        "chosung": "ㄱㅈㄱㄹㅆ",
        "type": "명사",
        "mean": "=비교 형용사."
    },
    "견줌급": {
        "word": "견줌급",
        "chosung": "ㄱㅈㄱ",
        "type": "명사",
        "mean": "《언어》=비교급."
    },
    "견줌꼴": {
        "word": "견줌꼴",
        "chosung": "ㄱㅈㄲ",
        "type": "명사",
        "mean": "=비교형."
    },
    "견줌법": {
        "word": "견줌법",
        "chosung": "ㄱㅈㅂ",
        "type": "명사",
        "mean": "《언어》=비교법."
    },
    "견줌부피": {
        "word": "견줌부피",
        "chosung": "ㄱㅈㅂㅍ",
        "type": "명사",
        "mean": "'비부피(比-)'의 북한어."
    },
    "견줌스펙트럼": {
        "word": "견줌스펙트럼",
        "chosung": "ㄱㅈㅅㅍㅌㄹ",
        "type": "명사",
        "mean": "=비교 스펙트럼."
    },
    "견줌앉은키": {
        "word": "견줌앉은키",
        "chosung": "ㄱㅈㅇㅇㅋ",
        "type": "명사",
        "mean": " =비좌고(比坐高)."
    },
    "견줌어찌씨": {
        "word": "견줌어찌씨",
        "chosung": "ㄱㅈㅇㅉㅆ",
        "type": "명사",
        "mean": "=정도 부사."
    },
    "견줌자리": {
        "word": "견줌자리",
        "chosung": "ㄱㅈㅈㄹ",
        "type": "명사",
        "mean": "=비교격."
    },
    "견줌자리토씨": {
        "word": "견줌자리토씨",
        "chosung": "ㄱㅈㅈㄹㅌㅆ",
        "type": "명사",
        "mean": "=비교격 조사."
    },
    "견중": {
        "word": "견중",
        "chosung": "ㄱㅈ",
        "type": "명사",
        "mean": " 남에게 소중하게 여겨짐."
    },
    "견증": {
        "word": "견증",
        "chosung": "ㄱㅈ",
        "type": "명사",
        "mean": " 남에게 미움을 받음. ≒견오(見□)."
    },
    "견지": {
        "word": "견지",
        "chosung": "ㄱㅈ",
        "type": "명사",
        "mean": " 대나무로 만든 납작한 외짝 얼레. 물고기를 낚시로 잡을 때에 낚싯줄을 감았다 늦추었다 하는 데 쓴다."
    },
    "견지낚시": {
        "word": "견지낚시",
        "chosung": "ㄱㅈㄴㅅ",
        "type": "명사",
        "mean": "강에서 견지를 사용하여 하는 낚시."
    },
    "견지낚싯대": {
        "word": "견지낚싯대",
        "chosung": "ㄱㅈㄴㅅㄷ",
        "type": "명사",
        "mean": "견지 모양으로 된 낚싯대. 길이는 cm 정도이다."
    },
    "견지다": {
        "word": "견지다",
        "chosung": "ㄱㅈㄷ",
        "type": "동사",
        "mean": "［옛말］ '겨누다'의 옛말."
    },
    "견지뼈": {
        "word": "견지뼈",
        "chosung": "ㄱㅈㅃ",
        "type": "명사",
        "mean": "=어깨뼈."
    },
    "견지질": {
        "word": "견지질",
        "chosung": "ㄱㅈㅈ",
        "type": "명사",
        "mean": "낚시에서, 견지로 물고기를 낚는 일."
    },
    "견직": {
        "word": "견직",
        "chosung": "ㄱㅈ",
        "type": "명사",
        "mean": "《수공》=견직물."
    },
    "견직공": {
        "word": "견직공",
        "chosung": "ㄱㅈㄱ",
        "type": "명사",
        "mean": "［북한어］ 견직물을 짜는 노동자."
    },
    "견직기": {
        "word": "견직기",
        "chosung": "ㄱㅈㄱ",
        "type": "명사",
        "mean": "견직물을 짜는 기계."
    },
    "견직물": {
        "word": "견직물",
        "chosung": "ㄱㅈㅁ",
        "type": "명사",
        "mean": "명주실로 짠 피륙. '비단'으로 순화. ≒견물·견직."
    },
    "견진": {
        "word": "견진",
        "chosung": "ㄱㅈ",
        "type": "명사",
        "mean": "공리(空理)를 관찰하는 지혜로 진제(眞諦)의 이치를 꿰뚫어 보는 일."
    },
    "견진성사": {
        "word": "견진성사",
        "chosung": "ㄱㅈㅅㅅ",
        "type": "명사",
        "mean": "성세 성사를 받은 신자에게 성령과 그 선물을 주어 신앙을 성숙하게 하는 성사. ≒견신(堅信)·견진(堅振)."
    },
    "견진자": {
        "word": "견진자",
        "chosung": "ㄱㅈㅈ",
        "type": "명사",
        "mean": "견진 성사를 받을 신자."
    },
    "견질": {
        "word": "견질",
        "chosung": "ㄱㅈ",
        "type": "명사",
        "mean": " 누에고치의 품질."
    },
    "견집": {
        "word": "견집",
        "chosung": "ㄱㅈ",
        "type": "명사",
        "mean": " 남에게 붙잡힘."
    },
    "견짓살": {
        "word": "견짓살",
        "chosung": "ㄱㅈㅅ",
        "type": "명사",
        "mean": " 닭의 겨드랑이에 붙어 있는 흰 살."
    },
    "견차": {
        "word": "견차",
        "chosung": "ㄱㅊ",
        "type": "명사",
        "mean": "선가에서, 자기보다 아랫자리에 있는 이를 이르는 말. ≒견하(肩下)."
    },
    "견착식화기": {
        "word": "견착식화기",
        "chosung": "ㄱㅊㅅㅎㄱ",
        "type": "명사",
        "mean": "어깨로 받치거나 메어서 쏘는 화기. 소총이나 로켓포 따위가 있다. ≒어깨식 화기."
    },
    "견책": {
        "word": "견책",
        "chosung": "ㄱㅊ",
        "type": "명사",
        "mean": "1. 허물이나 잘못을 꾸짖고 나무람. ≒감발(勘發)."
    },
    "견책소설": {
        "word": "견책소설",
        "chosung": "ㄱㅊㅅㅅ",
        "type": "명사",
        "mean": "19세기 말에서 20세기 초 사이에 중국에서 유행한 소설. 중국 봉건 지배 계층의 부패상을 폭로하고 질책한 것으로, 사회 비판의 성격이 짙게 나타난다."
    },
    "견척": {
        "word": "견척",
        "chosung": "ㄱㅊ",
        "type": "명사",
        "mean": " 배척을 당함."
    },
    "견철": {
        "word": "견철",
        "chosung": "ㄱㅊ",
        "type": "명사",
        "mean": " =견제(牽制) ."
    },
    "견첩록": {
        "word": "견첩록",
        "chosung": "ㄱㅊㄹ",
        "type": "명사",
        "mean": "《책명》조선 시대의 문물·제도·사회·풍속 따위를 수록한 책. 총 류로 분류된, 야사적 성격을 띤 유서(類 書)로, 저자와 연대는 알 수 없다. 6권 6책."
    },
    "견추다": {
        "word": "견추다",
        "chosung": "ㄱㅊㄷ",
        "type": "동사",
        "mean": "［옛말］ '겨누다'의 옛말."
    },
    "견축": {
        "word": "견축",
        "chosung": "ㄱㅊ",
        "type": "명사",
        "mean": " 다른 곳으로 쫓겨남."
    },
    "견출": {
        "word": "견출",
        "chosung": "ㄱㅊ",
        "type": "명사",
        "mean": " 있던 곳에서 강제로 나가게 됨."
    },
    "견출지": {
        "word": "견출지",
        "chosung": "ㄱㅊㅈ",
        "type": "명사",
        "mean": " 책이나 서류 따위에서 분류를 목적으로 붙이는 작은 종이. 흔히 책이나 서류 따위의 가장자리에 밖으로 튀어나오도록 붙이고 표시한다. '찾아보기 표'로 순화."
    },
    "견취견": {
        "word": "견취견",
        "chosung": "ㄱㅊㄱ",
        "type": "명사",
        "mean": "오견의 하나. 졸렬한 지견(知見)이나 졸렬한 일을 고집하고 스스로 훌륭한 견해라고 여기는 그릇된 견해를 이른다."
    },
    "견취도": {
        "word": "견취도",
        "chosung": "ㄱㅊㄷ",
        "type": "명사",
        "mean": " =겨냥도."
    },
    "견층": {
        "word": "견층",
        "chosung": "ㄱㅊ",
        "type": "명사",
        "mean": "누에고치에서 번데기와 허물을 빼낸 껍데기. ≒고치층."
    },
    "견층량": {
        "word": "견층량",
        "chosung": "ㄱㅊㄹ",
        "type": "명사",
        "mean": "누에고치에서 번데기와 허물을 빼낸 껍데기만의 무게. 곧 누에가 내놓은 실의 양을 이른다."
    },
    "견치": {
        "word": "견치",
        "chosung": "ㄱㅊ",
        "type": "명사",
        "mean": "'송곳니'를 전문적으로 이르는 말."
    },
    "견치석": {
        "word": "견치석",
        "chosung": "ㄱㅊㅅ",
        "type": "명사",
        "mean": "《건설》=견칫돌. '축댓돌'로 순화."
    },
    "견칫돌": {
        "word": "견칫돌",
        "chosung": "ㄱㅊㄷ",
        "type": "명사",
        "mean": "석축을 쌓는 데 쓰는, 사각뿔 모양의 석재. ≒간지석(間知石)·견치석·송곳닛돌."
    },
    "견탁": {
        "word": "견탁",
        "chosung": "ㄱㅌ",
        "type": "명사",
        "mean": "《불교》말법(末法) 시대에 이르러 사악한 사상과 견해가 무성하게 일어나 더러움이 넘쳐흐름."
    },
    "견탄": {
        "word": "견탄",
        "chosung": "ㄱㅌ",
        "type": "명사",
        "mean": " 단단한 숯."
    },
    "견탈": {
        "word": "견탈",
        "chosung": "ㄱㅌ",
        "type": "명사",
        "mean": " 남에게 빼앗김."
    },
    "견탕": {
        "word": "견탕",
        "chosung": "ㄱㅌ",
        "type": "명사",
        "mean": " 예전에, 미처 내지 못한 조세 따위를 면제하여 주던 일."
    },
    "견태": {
        "word": "견태",
        "chosung": "ㄱㅌ",
        "type": "명사",
        "mean": " 관직에서 파면됨."
    },
    "견토지쟁": {
        "word": "견토지쟁",
        "chosung": "ㄱㅌㅈㅈ",
        "type": "명사",
        "mean": " 개와 토끼의 다툼이라는 뜻으로, 두 사람의 싸움에 제삼자가 이익을 봄을 이르는 말."
    },
    "견퇴": {
        "word": "견퇴",
        "chosung": "ㄱㅌ",
        "type": "명사",
        "mean": " =견각(見却)."
    },
    "견파": {
        "word": "견파",
        "chosung": "ㄱㅍ",
        "type": "명사",
        "mean": "관원의 실수를 탓하여 파면하던 일."
    },
    "견패": {
        "word": "견패",
        "chosung": "ㄱㅍ",
        "type": "명사",
        "mean": " 상급 관청에서 하급 관청으로 보내는 공문."
    },
    "견폐": {
        "word": "견폐",
        "chosung": "ㄱㅍ",
        "type": "명사",
        "mean": " 비를 맞지 않기 위하여 입는 간단한 서양식 복장. 아주 짧은 망토로 어깨만 가리게 되어 있다."
    },
    "견폐성해수": {
        "word": "견폐성해수",
        "chosung": "ㄱㅍㅅㅎㅅ",
        "type": "명사",
        "mean": "개가 짖는 소리처럼 목 안 깊은 곳에서 우러나오는 기침. 후두염 환자에게서 많이 볼 수 있다. ≒개기침소리."
    },
    "견포": {
        "word": "견포",
        "chosung": "ㄱㅍ",
        "type": "명사",
        "mean": "1. =비단(緋緞). 2. 비단과 무명을 아울러 이르는 말."
    },
    "견표": {
        "word": "견표",
        "chosung": "ㄱㅍ",
        "type": "명사",
        "mean": "1. 뚜렷이 밝혀 나타냄. 2. 기특한 행동을 밝혀 드러냄."
    },
    "견품": {
        "word": "견품",
        "chosung": "ㄱㅍ",
        "type": "명사",
        "mean": " =견본(見本)."
    },
    "견풍독": {
        "word": "견풍독",
        "chosung": "ㄱㅍㄷ",
        "type": "명사",
        "mean": "《한의학》어깨 끝 견우 부위에 나는 종기."
    },
    "견피": {
        "word": "견피",
        "chosung": "ㄱㅍ",
        "type": "명사",
        "mean": " 개의 가죽."
    },
    "견하": {
        "word": "견하",
        "chosung": "ㄱㅎ",
        "type": "명사",
        "mean": "=견차(肩次)."
    },
    "견학": {
        "word": "견학",
        "chosung": "ㄱㅎ",
        "type": "명사",
        "mean": " 실지로 보고 그 일에 관한 구체적인 지식을 넓힘. '보고 배우기'로 순화."
    },
    "견학단": {
        "word": "견학단",
        "chosung": "ㄱㅎㄷ",
        "type": "명사",
        "mean": " 견학을 목적으로 만든 단체."
    },
    "견합": {
        "word": "견합",
        "chosung": "ㄱㅎ",
        "type": "명사",
        "mean": " 서로 끌어당겨서 합침."
    },
    "견해": {
        "word": "견해",
        "chosung": "ㄱㅎ",
        "type": "명사",
        "mean": " 어떤 사물이나 현상에 대한 자기의 의견이나 생각."
    },
    "견해차": {
        "word": "견해차",
        "chosung": "ㄱㅎㅊ",
        "type": "명사",
        "mean": " 둘 이상의 사람 사이에서 나타나는 생각의 차이."
    },
    "견행력": {
        "word": "견행력",
        "chosung": "ㄱㅎㄹ",
        "type": "명사",
        "mean": "《역사》고려 시대에, 한위행(韓爲行)이 만든 역법. 문종 6년(1052)에 중국의 역법에 의한 오차를 줄이고자 편찬하였다."
    },
    "견협": {
        "word": "견협",
        "chosung": "ㄱㅎ",
        "type": "명사",
        "mean": "□狹 '견협하다'의 어근."
    },
    "견형": {
        "word": "견형",
        "chosung": "ㄱㅎ",
        "type": "명사",
        "mean": " 고치의 모양."
    },
    "견혹": {
        "word": "견혹",
        "chosung": "ㄱㅎ",
        "type": "명사",
        "mean": "《불교》불도를 수행하는 가운데 온갖 지식으로 욕계와 색계, 무색계의 사제(四諦)의 이치를 깨달음으로써 없어지는 번뇌와 미혹."
    },
    "견혼식": {
        "word": "견혼식",
        "chosung": "ㄱㅎㅅ",
        "type": "명사",
        "mean": " 결혼 45주년이 되는 날을 축하하는 예식. 부부가 비단옷을 선물로 주고받아 기념한다."
    },
    "견확": {
        "word": "견확",
        "chosung": "ㄱㅎ",
        "type": "명사",
        "mean": "堅確 '견확하다'의 어근."
    },
    "견회요": {
        "word": "견회요",
        "chosung": "ㄱㅎㅇ",
        "type": "명사",
        "mean": "조선 광해군 10년(1618)에 윤선도가 함경도 경원에서 귀양살이하면서 지은 다섯 수의 연시조. 사친, 충효를 노래한 것으로 《고산유고》에 전한다."
    },
    "견효": {
        "word": "견효",
        "chosung": "ㄱㅎ",
        "type": "명사",
        "mean": "［북한어］ 개의 보람이라는 뜻으로, 자기의 공로를 아주 낮추어 이르는 말."
    },
    "견훤": {
        "word": "견훤",
        "chosung": "ㄱㅎ",
        "type": "명사",
        "mean": "후백제의 시조(?~936). 본성은 이(李 ). 신라의 비장(裨將)으로 있다가 효공왕 4년(900)에 완산에 도읍하고 후백제를 세웠다. 929년 고창(古昌)에서 왕건의 군사에게 크게 패한 뒤 차츰 형세가 기울자 936년에 고려에 항복하였다."
    },
    "견훤성": {
        "word": "견훤성",
        "chosung": "ㄱㅎㅅ",
        "type": "명사",
        "mean": "견훤이 강원도 원주시 문막읍 후용리에 쌓았다고 전하는 성. 견훤이 왕건과 싸워 승리한 곳으로 현재는 그 흔적만 남아 있다."
    }
}