{
    "겸": {
        "word": "겸",
        "chosung": "ㄱ",
        "type": "명사",
        "mean": "=겸괘."
    },
    "겸가": {
        "word": "겸가",
        "chosung": "ㄱㄱ",
        "type": "명사",
        "mean": "=갈대."
    },
    "겸각": {
        "word": "겸각",
        "chosung": "ㄱㄱ",
        "type": "명사",
        "mean": "《동물》=집게발."
    },
    "겸감목": {
        "word": "겸감목",
        "chosung": "ㄱㄱㅁ",
        "type": "명사",
        "mean": "《역사》=겸감목관."
    },
    "겸감목관": {
        "word": "겸감목관",
        "chosung": "ㄱㄱㅁㄱ",
        "type": "명사",
        "mean": "조선 시대에, 지방 수령이나 첨절제사(僉節制使)가 겸임하여 지방의 목장에 관한 일을 맡아보던 벼슬. ≒겸감목."
    },
    "겸검서": {
        "word": "겸검서",
        "chosung": "ㄱㄱㅅ",
        "type": "명사",
        "mean": "조선 시대에, 다른 직책에 겸임하여 규장각의 각신(閣臣)을 도와 서책의 교정 및 서사(書寫)를 맡아보던 벼슬."
    },
    "겸겸": {
        "word": "겸겸",
        "chosung": "ㄱㄱ",
        "type": "부사",
        "mean": " 겸손하고 공경하는 모양."
    },
    "겸곡": {
        "word": "겸곡",
        "chosung": "ㄱㄱ",
        "type": "명사",
        "mean": "'박은식'의 호."
    },
    "겸공": {
        "word": "겸공",
        "chosung": "ㄱㄱ",
        "type": "명사",
        "mean": " 자기를 낮추고 남을 높이는 태도가 있음."
    },
    "겸과": {
        "word": "겸과",
        "chosung": "ㄱㄱ",
        "type": "명사",
        "mean": "［북한어］ 두 가지 학과나 과목을 겸함. 또는 그 학과나 과목."
    },
    "겸관": {
        "word": "겸관",
        "chosung": "ㄱㄱ",
        "type": "명사",
        "mean": " 자기가 맡고 있는 관직 이외에 다른 관직을 겸하여 관장함. ≒관섭(管攝)."
    },
    "겸괘": {
        "word": "겸괘",
        "chosung": "ㄱㄱ",
        "type": "명사",
        "mean": "육십사괘(六 十四卦)의 하나. 곤괘(坤卦)와 간괘(艮卦)가 거듭된 것으로 땅 밑에 산이 있음을 상징한다. ≒겸(謙)."
    },
    "겸교리": {
        "word": "겸교리",
        "chosung": "ㄱㄱㄹ",
        "type": "명사",
        "mean": "조선 후기에, 규장각의 직각(直閣)이 겸임하던, 교서관(校書館)의 종오품 벼슬."
    },
    "겸교수": {
        "word": "겸교수",
        "chosung": "ㄱㄱㅅ",
        "type": "명사",
        "mean": "1. 조선 시대에, 문관들이 겸임하여 실용 기술을 가르치던 일을 맡아보던 종육품 벼슬. 호조, 형조, 관상감, 사역원, 혜민서 따위에 두었다. 본디 기술직이었으나 역관들의 횡포를 견제하기 위하여 각 분야에 조예가 있는 문관들로 일부 겸직시켰다. 2. 조선 후기에, 서울의 사학(四學)에 설치하였던 종육품 벼슬."
    },
    "겸구": {
        "word": "겸구",
        "chosung": "ㄱㄱ",
        "type": "명사",
        "mean": " 1. 입을 다물고 말하지 않음. 2. 언론의 자유를 제한함을 비유적으로 이르는 말."
    },
    "겸구고장": {
        "word": "겸구고장",
        "chosung": "ㄱㄱㄱㅈ",
        "type": "명사",
        "mean": " 입에 재갈을 물리고 창자를 말린다는 뜻으로, 궁지에 빠져 말을 못함을 이르는 말."
    },
    "겸구령": {
        "word": "겸구령",
        "chosung": "ㄱㄱㄹ",
        "type": "명사",
        "mean": " =함구령."
    },
    "겸구물설": {
        "word": "겸구물설",
        "chosung": "ㄱㄱㅁㅅ",
        "type": "명사",
        "mean": " 입을 다물고 말을 하지 않음."
    },
    "겸근": {
        "word": "겸근",
        "chosung": "ㄱㄱ",
        "type": "명사",
        "mean": " 겸손하고 삼감."
    },
    "겸금": {
        "word": "겸금",
        "chosung": "ㄱㄱ",
        "type": "명사",
        "mean": " 품질이 뛰어나 값이 보통 금보다 갑절이 되는 좋은 황금."
    },
    "겸기": {
        "word": "겸기",
        "chosung": "ㄱㄱ",
        "type": "명사",
        "mean": " 남을 시기하고 미워하여 해를 끼치려 함."
    },
    "겸낭청": {
        "word": "겸낭청",
        "chosung": "ㄱㄴㅊ",
        "type": "명사",
        "mean": "조선 시대에, 다른 관아의 벼슬아치가 겸임하던 종친부(宗親府)의 종구품 벼슬."
    },
    "겸내취": {
        "word": "겸내취",
        "chosung": "ㄱㄴㅊ",
        "type": "명사",
        "mean": "1. 조선 시대에, 선전 관아에 속한 악대. 임금의 앞에서는 군악을 연주하고, 임금이 궁성 밖으로 나들이할 때나 정전(正殿)으로 들어갈 때는 시위(侍衛)를 하였다. 2. 조선 시대에, 오영문(五營門)에서 군악을 연주하며 북을 치던 사람. ≒내취(內吹)."
    },
    "겸년": {
        "word": "겸년",
        "chosung": "ㄱㄴ",
        "type": "명사",
        "mean": " 1. =흉년(凶年) ."
    },
    "겸노": {
        "word": "겸노",
        "chosung": "ㄱㄴ",
        "type": "명사",
        "mean": " =겸도(鉗徒)."
    },
    "겸노상전": {
        "word": "겸노상전",
        "chosung": "ㄱㄴㅅㅈ",
        "type": "명사",
        "mean": " 종을 거느릴 형편이 못 되어 종이 할 일까지 몸소 하는 가난한 양반."
    },
    "겸달": {
        "word": "겸달",
        "chosung": "ㄱㄷ",
        "type": "명사",
        "mean": " 여러 가지 것에 두루 통달함."
    },
    "겸대": {
        "word": "겸대",
        "chosung": "ㄱㄷ",
        "type": "명사",
        "mean": "조선 시대에, 서장관이 겸임하여 벼슬아치의 부정을 규탄하는 일을 맡아보던 사헌부의 벼슬. 직위는 낮아도 권한은 매우 강하였다."
    },
    "겸덕": {
        "word": "겸덕",
        "chosung": "ㄱㄷ",
        "type": "명사",
        "mean": " 겸손한 덕성."
    },
    "겸도": {
        "word": "겸도",
        "chosung": "ㄱㄷ",
        "type": "명사",
        "mean": " 목에 칼을 쓴 죄인. ≒겸노."
    },
    "겸도사": {
        "word": "겸도사",
        "chosung": "ㄱㄷㅅ",
        "type": "명사",
        "mean": "조선 후기에, 충훈부(忠勳府)에 속하여 벼슬아치에 대한 감찰이나 규탄 따위를 맡아보던 종오품 벼슬. 고종 2년(1865)에 임시직이었던 가도사(假都事) 1인을 정직인 이것으로 고쳤다. 공신의 적자나 장손 가운데 육품 이상의 벼슬에 있던 사람으로 추천하여 임명하였다."
    },
    "겸도승지": {
        "word": "겸도승지",
        "chosung": "ㄱㄷㅅㅈ",
        "type": "명사",
        "mean": "조선 후기에, 정이품 이상의 사람으로 임명한 승정원(承政院) 정삼품 벼슬."
    },
    "겸도평의사사사": {
        "word": "겸도평의사사사",
        "chosung": "ㄱㄷㅍㅇㅅㅅㅅ",
        "type": "명사",
        "mean": "고려 시대에, 다른 관아의 벼슬아치들이 겸임한 도평의사사의 으뜸 벼슬."
    },
    "겸두겸두": {
        "word": "겸두겸두",
        "chosung": "ㄱㄷㄱㄷ",
        "type": "부사",
        "mean": " '겸사겸사'의 잘못."
    },
    "겸득": {
        "word": "겸득",
        "chosung": "ㄱㄷ",
        "type": "명사",
        "mean": " 여러 가지를 아울러 얻음."
    },
    "겸랑": {
        "word": "겸랑",
        "chosung": "ㄱㄹ",
        "type": "명사",
        "mean": "겸임하는 직책을 가진 당하관."
    },
    "겸렴": {
        "word": "겸렴",
        "chosung": "ㄱㄹ",
        "type": "명사",
        "mean": "謙廉 '겸렴하다'의 어근."
    },
    "겸령": {
        "word": "겸령",
        "chosung": "ㄱㄹ",
        "type": "명사",
        "mean": " 둘 이상을 아울러 점령함."
    },
    "겸록부장": {
        "word": "겸록부장",
        "chosung": "ㄱㄹㅂㅈ",
        "type": "명사",
        "mean": "조선 시대에, 포도청에서 강도를 색출하고 체포하는 일을 맡아보던 벼슬. 숙종 때 좌·우포도청에 설치한 군관직이다."
    },
    "겸료": {
        "word": "겸료",
        "chosung": "ㄱㄹ",
        "type": "명사",
        "mean": "=가료(伽料)."
    },
    "겸마": {
        "word": "겸마",
        "chosung": "ㄱㅁ",
        "type": "명사",
        "mean": " 말의 입에 재갈을 물림."
    },
    "겸명": {
        "word": "겸명",
        "chosung": "ㄱㅁ",
        "type": "명사",
        "mean": "둘 이상의 개념을 포함하는 명사. 백마(白馬), 견백석(堅白石) 따위가 있다."
    },
    "겸무": {
        "word": "겸무",
        "chosung": "ㄱㅁ",
        "type": "명사",
        "mean": " 본디 맡고 있는 직무 이외에 다른 직무를 아울러 맡아봄. 또는 그 직무."
    },
    "겸묵": {
        "word": "겸묵",
        "chosung": "ㄱㅁ",
        "type": "명사",
        "mean": "謙默 '겸묵하다'의 어근."
    },
    "겸문학": {
        "word": "겸문학",
        "chosung": "ㄱㅁㅎ",
        "type": "명사",
        "mean": "《역사》조선 중기·후기에, 세자시강원에서 왕세자에게 글을 가르치는 일을 맡아보던 정오품 벼슬."
    },
    "겸방": {
        "word": "겸방",
        "chosung": "ㄱㅂ",
        "type": "명사",
        "mean": "서로 다른 작용을 하는 약재를 하나의 처방에 배합·조성하여 함께 쓰는 일."
    },
    "겸방어사": {
        "word": "겸방어사",
        "chosung": "ㄱㅂㅇㅅ",
        "type": "명사",
        "mean": "조선 시대에, 수령이 자기 원래 직무 이외에 방어사 직무를 아울러 맡아봄."
    },
    "겸별장": {
        "word": "겸별장",
        "chosung": "ㄱㅂㅈ",
        "type": "명사",
        "mean": "조선 후기에, 여주 목사 및 이천 부사가 겸임하던 수어청(守御廳) 정삼품 무관 벼슬."
    },
    "겸병": {
        "word": "겸병",
        "chosung": "ㄱㅂ",
        "type": "명사",
        "mean": " 둘 이상의 것을 하나로 합치어 가짐."
    },
    "겸병지도": {
        "word": "겸병지도",
        "chosung": "ㄱㅂㅈㄷ",
        "type": "명사",
        "mean": " 겸병(兼倂)을 일삼는 무리."
    },
    "겸보": {
        "word": "겸보",
        "chosung": "ㄱㅂ",
        "type": "명사",
        "mean": " 본디의 직책 이외에 다른 직책을 겸하여 맡김."
    },
    "겸보덕": {
        "word": "겸보덕",
        "chosung": "ㄱㅂㄷ",
        "type": "명사",
        "mean": "《역사》조선 중기·후기에, 세자시강원의 정삼품 벼슬. 학문과 문장이 뛰어난 홍문관 벼슬아치 가운데서 뽑았다."
    },
    "겸복": {
        "word": "겸복",
        "chosung": "ㄱㅂ",
        "type": "명사",
        "mean": " 1. 겹치거나 포개어 덮음. 2. ［북한어］ 빠짐없이 싸 덮음."
    },
    "겸비": {
        "word": "겸비",
        "chosung": "ㄱㅂ",
        "type": "명사",
        "mean": " 겸손하게 자기를 낮춤. ≒겸하."
    },
    "겸사": {
        "word": "겸사",
        "chosung": "ㄱㅅ",
        "type": "명사",
        "mean": " 1. 겸손하게 사양함. 2. 겸손의 말."
    },
    "겸사겸사": {
        "word": "겸사겸사",
        "chosung": "ㄱㅅㄱㅅ",
        "type": "부사",
        "mean": " 한 번에 여러 가지 일을 아울러 하는 모양을 나타내는 말."
    },
    "겸사말": {
        "word": "겸사말",
        "chosung": "ㄱㅅㅁ",
        "type": "명사",
        "mean": "=겸양어."
    },
    "겸사복": {
        "word": "겸사복",
        "chosung": "ㄱㅅㅂ",
        "type": "명사",
        "mean": "《역사》조선 시대에, 기마병으로 편성한 금군(禁軍). 100명씩으로 편성한 두 부대가 임금의 신변 보호를 맡았다."
    },
    "겸사복장": {
        "word": "겸사복장",
        "chosung": "ㄱㅅㅂㅈ",
        "type": "명사",
        "mean": "조선 시대에, 다른 관아의 벼슬아치가 겸직하던 겸사복의 으뜸 벼슬. 종이품의 무관 벼슬로 100명씩 두 부대에 각각 한 사람씩 두어 통솔하게 하였다."
    },
    "겸사서": {
        "word": "겸사서",
        "chosung": "ㄱㅅㅅ",
        "type": "명사",
        "mean": "조선 시대에, 홍문관 등 다른 관아의 벼슬아치가 겸임하던 세자시강원의 정육품 벼슬. 세자에게 사서(四書)와 경서를 가르치는 일을 맡아보았다."
    },
    "겸상": {
        "word": "겸상",
        "chosung": "ㄱㅅ",
        "type": "명사",
        "mean": " 둘 또는 그 이상의 사람이 함께 음식을 먹을 수 있도록 차린 상. 또는 그렇게 차려 먹음."
    },
    "겸상밥": {
        "word": "겸상밥",
        "chosung": "ㄱㅅㅂ",
        "type": "명사",
        "mean": "［북한어］ 둘 또는 그 이상의 사람이 함께 먹을 수 있도록 차린 밥."
    },
    "겸선": {
        "word": "겸선",
        "chosung": "ㄱㅅ",
        "type": "명사",
        "mean": " 자기 자신만이 아니라 다른 사람도 감화하여 착하게 함."
    },
    "겸설서": {
        "word": "겸설서",
        "chosung": "ㄱㅅㅅ",
        "type": "명사",
        "mean": "조선 시대에, 홍문관과 예문관의 벼슬아치 가운데서 겸임하던 세자시강원의 정칠품 벼슬. 세자에게 경사(經史)에 관한 학문을 가르치는 일을 맡아보았다."
    },
    "겸섬": {
        "word": "겸섬",
        "chosung": "ㄱㅅ",
        "type": "명사",
        "mean": " 하찮은 일에 구애되어 겁을 냄."
    },
    "겸섭": {
        "word": "겸섭",
        "chosung": "ㄱㅅ",
        "type": "명사",
        "mean": " 본디 맡은 직무 이외에 다른 직무를 아울러 맡아봄."
    },
    "겸세": {
        "word": "겸세",
        "chosung": "ㄱㅅ",
        "type": "명사",
        "mean": " 1. =흉년 . 2. =흉년 ."
    },
    "겸손": {
        "word": "겸손",
        "chosung": "ㄱㅅ",
        "type": "명사",
        "mean": " 남을 존중하고 자기를 내세우지 않는 태도가 있음. ≒손순."
    },
    "겸손법": {
        "word": "겸손법",
        "chosung": "ㄱㅅㅂ",
        "type": "명사",
        "mean": "《언어》=객체 높임법."
    },
    "겸손성": {
        "word": "겸손성",
        "chosung": "ㄱㅅㅅ",
        "type": "명사",
        "mean": " 겸손한 품성."
    },
    "겸손스럽다": {
        "word": "겸손스럽다",
        "chosung": "ㄱㅅㅅㄹㄷ",
        "type": "형용사",
        "mean": " 남을 존중하고 자기를 내세우지 않는 듯하다."
    },
    "겸수": {
        "word": "겸수",
        "chosung": "ㄱㅅ",
        "type": "명사",
        "mean": " 여러 가지를 목표로 세워 아울러 수련함."
    },
    "겸수익": {
        "word": "겸수익",
        "chosung": "ㄱㅅㅇ",
        "type": "명사",
        "mean": " 겸손하면 이익을 보게 됨."
    },
    "겸순": {
        "word": "겸순",
        "chosung": "ㄱㅅ",
        "type": "명사",
        "mean": " 순(旬)을 겸한다는 뜻으로, 기간이 열흘 이상 걸림을 이르는 말."
    },
    "겸습독관": {
        "word": "겸습독관",
        "chosung": "ㄱㅅㄷㄱ",
        "type": "명사",
        "mean": "조선 시대에, 훈련원(訓鍊院)에 속하여 병서 및 말타기, 활쏘기를 가르치는 일을 맡아보던 종구품 벼슬."
    },
    "겸승": {
        "word": "겸승",
        "chosung": "ㄱㅅ",
        "type": "명사",
        "mean": " 싸워서 두 적을 모두 이김."
    },
    "겸신": {
        "word": "겸신",
        "chosung": "ㄱㅅ",
        "type": "명사",
        "mean": " 겸손하여 삼감."
    },
    "겸애": {
        "word": "겸애",
        "chosung": "ㄱㅇ",
        "type": "명사",
        "mean": " 가리지 않고 모든 사람을 똑같이 두루 사랑함."
    },
    "겸애교리설": {
        "word": "겸애교리설",
        "chosung": "ㄱㅇㄱㄹㅅ",
        "type": "명사",
        "mean": "=겸애사상."
    },
    "겸애사상": {
        "word": "겸애사상",
        "chosung": "ㄱㅇㅅㅅ",
        "type": "명사",
        "mean": "하느님이 모든 사람을 똑같이 사랑하듯이 사람들도 서로 사랑하고 이롭게 하여야 한다는 사상. 고대 중국의 철학자인 묵자가 주장하였다. ≒겸애교리설·겸애설."
    },
    "겸애설": {
        "word": "겸애설",
        "chosung": "ㄱㅇㅅ",
        "type": "명사",
        "mean": "=겸애사상."
    },
    "겸양": {
        "word": "겸양",
        "chosung": "ㄱㅇ",
        "type": "명사",
        "mean": " 겸손한 태도로 남에게 양보하거나 사양함. ≒겸억(謙抑)."
    },
    "겸양가": {
        "word": "겸양가",
        "chosung": "ㄱㅇㄱ",
        "type": "명사",
        "mean": "［북한어］ 겸양하는 품성을 가진 사람."
    },
    "겸양법": {
        "word": "겸양법",
        "chosung": "ㄱㅇㅂ",
        "type": "명사",
        "mean": "《언어》=객체 높임법."
    },
    "겸양사": {
        "word": "겸양사",
        "chosung": "ㄱㅇㅅ",
        "type": "명사",
        "mean": "=겸양어."
    },
    "겸양어": {
        "word": "겸양어",
        "chosung": "ㄱㅇㅇ",
        "type": "명사",
        "mean": "자기를 낮춤으로써 상대편을 높이는 말. '저희', '여쭈다' 따위가 있다. ≒겸사말·겸양사·경양어."
    },
    "겸양지덕": {
        "word": "겸양지덕",
        "chosung": "ㄱㅇㅈㄷ",
        "type": "명사",
        "mean": " 겸손한 태도로 남에게 양보하거나 사양하는 아름다운 마음씨나 행동."
    },
    "겸어": {
        "word": "겸어",
        "chosung": "ㄱㅇ",
        "type": "명사",
        "mean": " 겸손한 말."
    },
    "겸억": {
        "word": "겸억",
        "chosung": "ㄱㅇ",
        "type": "명사",
        "mean": " =겸양(謙讓)."
    },
    "겸업": {
        "word": "겸업",
        "chosung": "ㄱㅇ",
        "type": "명사",
        "mean": " 주된 직업 외에 다른 일을 겸하여 함. 또는 그렇게 하는 일."
    },
    "겸업농가": {
        "word": "겸업농가",
        "chosung": "ㄱㅇㄴㄱ",
        "type": "명사",
        "mean": " 농사 이외에 다른 일을 겸하여 하는 농가."
    },
    "겸역": {
        "word": "겸역",
        "chosung": "ㄱㅇ",
        "type": "명사",
        "mean": "［북한어］ 어떤 맡은 역 외에 다른 역을 겸함. 또는 그 역."
    },
    "겸연": {
        "word": "겸연",
        "chosung": "ㄱㅇ",
        "type": "명사",
        "mean": "慊然/□然 '겸연하다'의 어근."
    },
    "겸연스럽다": {
        "word": "겸연스럽다",
        "chosung": "ㄱㅇㅅㄹㄷ",
        "type": "형용사",
        "mean": "『 …이』『 -기가』 쑥스럽거나 미안하여 어색한 느낌이 있다."
    },
    "겸연적다": {
        "word": "겸연적다",
        "chosung": "ㄱㅇㅈㄷ",
        "type": "형용사",
        "mean": " '겸연쩍다'의 잘못."
    },
    "겸연쩍다": {
        "word": "겸연쩍다",
        "chosung": "ㄱㅇㅉㄷ",
        "type": "형용사",
        "mean": " 『 …이』『 -기가』 쑥스럽거나 미안하여 어색하다."
    },
    "겸영": {
        "word": "겸영",
        "chosung": "ㄱㅇ",
        "type": "명사",
        "mean": " 둘 이상의 사업을 같이 경영함."
    },
    "겸영장": {
        "word": "겸영장",
        "chosung": "ㄱㅇㅈ",
        "type": "명사",
        "mean": "조선 시대에, 지방 수령이 겸임하여 각 지방 진영(鎭營)의 군사를 통솔하는 일을 맡아보던 무관 벼슬."
    },
    "겸용": {
        "word": "겸용",
        "chosung": "ㄱㅇ",
        "type": "명사",
        "mean": " 한 가지를 여러 가지 목적으로 씀. '두루 씀'으로 순화."
    },
    "겸용논도랑": {
        "word": "겸용논도랑",
        "chosung": "ㄱㅇㄴㄷㄹ",
        "type": "명사",
        "mean": "논바닥에 물을 대거나 빼는 논도랑. 물을 댈 때에는 도랑의 수면을 높이고, 물을 뺄 때에는 수면을 낮춘다."
    },
    "겸용종": {
        "word": "겸용종",
        "chosung": "ㄱㅇㅈ",
        "type": "명사",
        "mean": " 가축 가운데 두 가지 이상의 목적으로 이용할 수 있는 품종. 젖과 고기를 제공하는 소나 달걀과 고기를 제공하는 닭, 털과 고기를 제공하는 면양 따위를 이른다."
    },
    "겸유": {
        "word": "겸유",
        "chosung": "ㄱㅇ",
        "type": "명사",
        "mean": "謙柔 '겸유하다'의 어근."
    },
    "겸의": {
        "word": "겸의",
        "chosung": "ㄱㅇ",
        "type": "명사",
        "mean": " 합사 비단으로 지은 옷."
    },
    "겸이포": {
        "word": "겸이포",
        "chosung": "ㄱㅇㅍ",
        "type": "명사",
        "mean": "일제 강점기에, 황해도 '송림'을 이르던 말."
    },
    "겸이포사건": {
        "word": "겸이포사건",
        "chosung": "ㄱㅇㅍㅅㄱ",
        "type": "명사",
        "mean": "1920년에, 정인복(鄭仁福)이 황해도 겸이포에 있는 일본인 제철소에 폭탄을 던진 사건. 그는 재만(在滿) 독립 운동 단체인 청년단 연합회에 소속되어 있었다."
    },
    "겸이포선": {
        "word": "겸이포선",
        "chosung": "ㄱㅇㅍㅅ",
        "type": "명사",
        "mean": "'송림선(松林線)'의 옛 이름."
    },
    "겸익": {
        "word": "겸익",
        "chosung": "ㄱㅇ",
        "type": "명사",
        "mean": "백제 성왕 때의 중(?~?). 율종(律 宗)의 시조로, 530년에 범승(梵僧) 배달다삼장(倍達多三藏) 등과 함께 산스크리트 어로 된 율문을 번역·소개하여 백제 불교의 계율을 정립하였다."
    },
    "겸인": {
        "word": "겸인",
        "chosung": "ㄱㅇ",
        "type": "명사",
        "mean": "=청지기."
    },
    "겸인의": {
        "word": "겸인의",
        "chosung": "ㄱㅇㅇ",
        "type": "명사",
        "mean": "조선 시대에, 통례원(通禮院)에 속하여 조회나 제사 따위의 의식을 행할 때 식순(式順)을 읽는 일을 맡아보던 종구품 벼슬. 일정한 기간이 지나면 인의(引儀)로 승진하였다."
    },
    "겸인지력": {
        "word": "겸인지력",
        "chosung": "ㄱㅇㅈㄹ",
        "type": "명사",
        "mean": " 혼자서 몇 사람을 당해 낼 수 있는 힘."
    },
    "겸인지용": {
        "word": "겸인지용",
        "chosung": "ㄱㅇㅈㅇ",
        "type": "명사",
        "mean": " 혼자서 능히 몇 사람을 당해 낼 만한 용기."
    },
    "겸임": {
        "word": "겸임",
        "chosung": "ㄱㅇ",
        "type": "명사",
        "mean": " 두 가지 이상의 직무를 아울러 맡아봄. 또는 그 직무. ≒겸대(兼帶)."
    },
    "겸임교원": {
        "word": "겸임교원",
        "chosung": "ㄱㅇㄱㅇ",
        "type": "명사",
        "mean": "1. 학급을 둘 이상 맡은 교원. 2. 다른 직무와 교수 활동을 겸하는 교원."
    },
    "겸임국": {
        "word": "겸임국",
        "chosung": "ㄱㅇㄱ",
        "type": "명사",
        "mean": " 한 나라에 주재하는 외교관이 그 나라 외에 외교 업무를 겸하고 있는 나라."
    },
    "겸임지": {
        "word": "겸임지",
        "chosung": "ㄱㅇㅈ",
        "type": "명사",
        "mean": " 한 지역을 관장하고 있는 관리가 그 지역 외에 맡고 있는 지역."
    },
    "겸입기": {
        "word": "겸입기",
        "chosung": "ㄱㅇㄱ",
        "type": "명사",
        "mean": " 벼나 보리, 밀을 베야 할 시기."
    },
    "겸자": {
        "word": "겸자",
        "chosung": "ㄱㅈ",
        "type": "명사",
        "mean": "날이 서지 않은 가위 모양으로 생긴 외과 수술 기구. 조직이나 기관을 집어서 누르거나 고정하는 데에 쓴다. 산과(産科) 겸자, 지혈 겸자 따위가 있다."
    },
    "겸자군": {
        "word": "겸자군",
        "chosung": "ㄱㅈㄱ",
        "type": "명사",
        "mean": "조선 선조 30년(1597)에, 임진왜란에 참전한 명나라의 군마에게 먹일 꼴을 베게 하기 위하여 두었던 군대."
    },
    "겸자분만": {
        "word": "겸자분만",
        "chosung": "ㄱㅈㅂㅁ",
        "type": "명사",
        "mean": "자연 분만이 어려울 때, 산과(産科) 겸자로 태아의 머리를 집어서 끌어내는 분만."
    },
    "겸장": {
        "word": "겸장",
        "chosung": "ㄱㅈ",
        "type": "명사",
        "mean": " 두 가지 이상의 일을 겸하여 맡아 관장함."
    },
    "겸장군": {
        "word": "겸장군",
        "chosung": "ㄱㅈㄱ",
        "type": "명사",
        "mean": "장기에서, 말을 한 번 움직여 동시에 두 군데로 장군이 걸리게 하는 일. ≒겸장(兼將)·겹장군."
    },
    "겸장례": {
        "word": "겸장례",
        "chosung": "ㄱㅈㄹ",
        "type": "명사",
        "mean": "대한 제국 때에, 다른 관청의 관리가 겸하여 맡은 장례원의 관직."
    },
    "겸재": {
        "word": "겸재",
        "chosung": "ㄱㅈ",
        "type": "명사",
        "mean": "'정선'의 호."
    },
    "겸저": {
        "word": "겸저",
        "chosung": "ㄱㅈ",
        "type": "명사",
        "mean": " 합사 비단과 종이를 아울러 이르는 말. 흔히 서화(書□)의 재료로 쓴다."
    },
    "겸전": {
        "word": "겸전",
        "chosung": "ㄱㅈ",
        "type": "명사",
        "mean": " 여러 가지를 완전하게 갖춤."
    },
    "겸전의": {
        "word": "겸전의",
        "chosung": "ㄱㅈㅇ",
        "type": "명사",
        "mean": "조선 후기에, 태의원(太醫院)에 속하여 전의(典醫)를 도와 약품 및 진료에 관한 일을 맡아보던 벼슬. 뒤에 전의보(典醫補)로 고쳤다가 고종 33년(1896)에 없앴다."
    },
    "겸제": {
        "word": "겸제",
        "chosung": "ㄱㅈ",
        "type": "명사",
        "mean": " 말에 재갈을 물린다는 뜻으로, 자유를 구속하여 억누름을 이르는 말."
    },
    "겸종": {
        "word": "겸종",
        "chosung": "ㄱㅈ",
        "type": "명사",
        "mean": "=청지기."
    },
    "겸지겸지": {
        "word": "겸지겸지",
        "chosung": "ㄱㅈㄱㅈ",
        "type": "부사",
        "mean": " '겸사겸사'의 잘못."
    },
    "겸지사": {
        "word": "겸지사",
        "chosung": "ㄱㅈㅅ",
        "type": "명사",
        "mean": "고려 말기에, 사헌부(司憲府)에서 벼슬아치 및 국정의 감찰을 맡아보던 종삼품 벼슬."
    },
    "겸지왕": {
        "word": "겸지왕",
        "chosung": "ㄱㅈㅇ",
        "type": "명사",
        "mean": "가야의 제9대 왕(?~ 521). 질지왕(□知王)의 아들로서, 재위 기간은 492~521년이다. ≒김겸왕."
    },
    "겸지우겸": {
        "word": "겸지우겸",
        "chosung": "ㄱㅈㅇㄱ",
        "type": "명사",
        "mean": " 여러 가지를 겸한 위에 다른 것을 또 겸함."
    },
    "겸직": {
        "word": "겸직",
        "chosung": "ㄱㅈ",
        "type": "명사",
        "mean": " 자기의 본디 직무 외에 다른 직무를 겸함. 또는 그 직무. ≒겸관 ."
    },
    "겸직금지": {
        "word": "겸직금지",
        "chosung": "ㄱㅈㄱㅈ",
        "type": "명사",
        "mean": "헌법이나 법령에서, 둘 이상의 직위를 겸할 수 없도록 규정한 일. 대통령, 공무원, 국회의원, 법관 등은 법률이 정하는 공사(公私)의 직을 겸할 수 없다."
    },
    "겸직중대": {
        "word": "겸직중대",
        "chosung": "ㄱㅈㅈㄷ",
        "type": "명사",
        "mean": "고려 현종 때에, 중대성(中臺省)에 속하여 직중대를 도와 나라의 기밀 사무를 맡아보던 벼슬."
    },
    "겸찰": {
        "word": "겸찰",
        "chosung": "ㄱㅊ",
        "type": "명사",
        "mean": "현임 대장(大將)이 임시로 다른 직무를 맡아보던 일."
    },
    "겸찰방": {
        "word": "겸찰방",
        "chosung": "ㄱㅊㅂ",
        "type": "명사",
        "mean": "조선 중기·후기에, 중앙의 벼슬아치가 겸임하여 민정(民情)을 살펴 임금에게 직접 보고하는 일을 맡아보던 벼슬."
    },
    "겸창": {
        "word": "겸창",
        "chosung": "ㄱㅊ",
        "type": "명사",
        "mean": "'가마쿠라'의 잘못."
    },
    "겸춘추": {
        "word": "겸춘추",
        "chosung": "ㄱㅊㅊ",
        "type": "명사",
        "mean": "=겸사(兼史)."
    },
    "겸치": {
        "word": "겸치",
        "chosung": "ㄱㅊ",
        "type": "명사",
        "mean": " 겸하여 다스림."
    },
    "겸치다": {
        "word": "겸치다",
        "chosung": "ㄱㅊㄷ",
        "type": "처",
        "mean": "), -치니〕［동사］ 1. 『 …에』 두 가지 이상의 일이 함께 생기다."
    },
    "겸칭": {
        "word": "겸칭",
        "chosung": "ㄱㅊ",
        "type": "명사",
        "mean": " 자신을 낮추어 겸손하게 이름. 또는 그런 칭호."
    },
    "겸탄": {
        "word": "겸탄",
        "chosung": "ㄱㅌ",
        "type": "명사",
        "mean": " 겸손한 태도로 어려워함."
    },
    "겸토포사": {
        "word": "겸토포사",
        "chosung": "ㄱㅌㅍㅅ",
        "type": "명사",
        "mean": "조선 후기에, 지방의 수령이나 진영장(鎭營將)이 겸임하여 도적을 잡는 일을 맡아보던 벼슬."
    },
    "겸퇴": {
        "word": "겸퇴",
        "chosung": "ㄱㅌ",
        "type": "명사",
        "mean": " 겸손히 사양하고 물러남."
    },
    "겸편수관": {
        "word": "겸편수관",
        "chosung": "ㄱㅍㅅㄱ",
        "type": "명사",
        "mean": "고려 시대에, 춘추관(春秋館)에 속하여 국사를 편찬하고, 잘못된 부분을 고치는 일을 맡아보던 정삼품 이하의 벼슬. 충숙왕 12년(1325)에 두었다."
    },
    "겸폐": {
        "word": "겸폐",
        "chosung": "ㄱㅍ",
        "type": "명사",
        "mean": " 흉년이 들어 백성들이 곤궁함."
    },
    "겸필선": {
        "word": "겸필선",
        "chosung": "ㄱㅍㅅ",
        "type": "명사",
        "mean": "조선 시대에, 다른 관아의 벼슬아치가 겸임하던 세자시강원의 정사품 벼슬. 세자에게 학문을 강론하는 일을 맡아보았다."
    },
    "겸하": {
        "word": "겸하",
        "chosung": "ㄱㅎ",
        "type": "명사",
        "mean": " =겸비(謙卑)."
    },
    "겸학": {
        "word": "겸학",
        "chosung": "ㄱㅎ",
        "type": "명사",
        "mean": " 여러 학문을 아울러 배움."
    },
    "겸함": {
        "word": "겸함",
        "chosung": "ㄱㅎ",
        "type": "명사",
        "mean": "일정한 직책이 있는 벼슬아치가 다른 직책을 겸하던 일. 또는 그렇게 겸하여 가지는 직함."
    },
    "겸행": {
        "word": "겸행",
        "chosung": "ㄱㅎ",
        "type": "명사",
        "mean": " 1. 쉴 시간이나 쉬지 않을 시간이나 가리지 않고 계속 일함. 2. 여러 가지 일을 겸하여 함."
    },
    "겸허": {
        "word": "겸허",
        "chosung": "ㄱㅎ",
        "type": "명사",
        "mean": " 스스로 자신을 낮추고 비우는 태도가 있음."
    },
    "겸허심": {
        "word": "겸허심",
        "chosung": "ㄱㅎㅅ",
        "type": "명사",
        "mean": "［북한어］ 스스로 자신을 낮추고 비우는 마음. 또는 그런 마음씨."
    },
    "겸화": {
        "word": "겸화",
        "chosung": "ㄱㅎ",
        "type": "명사",
        "mean": " 마음씨나 태도가 겸손하고 온화함."
    },
    "겸황": {
        "word": "겸황",
        "chosung": "ㄱㅎ",
        "type": "명사",
        "mean": " 흉년이 들어 농작물 수확이 형편없음."
    },
    "겸황지년": {
        "word": "겸황지년",
        "chosung": "ㄱㅎㅈㄴ",
        "type": "명사",
        "mean": " 흉년이 든 해."
    }
}