{
    "겹": {
        "word": "겹",
        "chosung": "ㄱ",
        "type": "명사",
        "mean": " 1. ｛주로 '겹으로' 꼴로 쓰여｝ 물체의 면과 면 또는 선과 선이 포개진 상태. 또는 그러한 상태로 된 것."
    },
    "겹가루받이": {
        "word": "겹가루받이",
        "chosung": "ㄱㄱㄹㅂㅇ",
        "type": "명사",
        "mean": "=중복 수정."
    },
    "겹간통": {
        "word": "겹간통",
        "chosung": "ㄱㄱㅌ",
        "type": "명사",
        "mean": "겹집의 앞 칸과 뒤 칸을 하나로 통하게 한 것."
    },
    "겹갈이": {
        "word": "겹갈이",
        "chosung": "ㄱㄱㅇ",
        "type": "명사",
        "mean": "한 골을 가면서 갈고, 돌아오면서 그 위를 또다시 가는 밭갈이."
    },
    "겹개념": {
        "word": "겹개념",
        "chosung": "ㄱㄱㄴ",
        "type": "명사",
        "mean": "=복합적 개념."
    },
    "겹거미": {
        "word": "겹거미",
        "chosung": "ㄱㄱㅁ",
        "type": "명사",
        "mean": "겹거밋과의 하나. 몸의 길이는 8~12mm이며, 갈색이다. 배는 타원형이고 윗면에 변화가 심한 아롱무늬가 있으며 발이 길어서 크게 보인다. 한국, 일본 등지에 분포한다. (Selenops bursarius)"
    },
    "겹거밋과": {
        "word": "겹거밋과",
        "chosung": "ㄱㄱㅁㄱ",
        "type": "명사",
        "mean": "절지동물 거미강 거미목의 한 과. 겹거미 따위가 있다. (Selenopidae)"
    },
    "겹것": {
        "word": "겹것",
        "chosung": "ㄱㄱ",
        "type": "명사",
        "mean": " 1. 겹으로 된 물건을 통틀어 이르는 말. 2. =겹옷."
    },
    "겹겹": {
        "word": "겹겹",
        "chosung": "ㄱㄱ",
        "type": "명사",
        "mean": "｛주로 '겹겹으로' 꼴로 쓰여｝ 여러 겹."
    },
    "겹겹산": {
        "word": "겹겹산",
        "chosung": "ㄱㄱㅅ",
        "type": "명사",
        "mean": " 여러 산이 연이어 겹으로 둘러 있는 산."
    },
    "겹겹이": {
        "word": "겹겹이",
        "chosung": "ㄱㄱㅇ",
        "type": "부사",
        "mean": " 여러 겹으로."
    },
    "겹겹히": {
        "word": "겹겹히",
        "chosung": "ㄱㄱㅎ",
        "type": "부사",
        "mean": " 1. '겹겹이'의 잘못. 2. ［북한어］ '겹겹이'의 북한어."
    },
    "겹경기": {
        "word": "겹경기",
        "chosung": "ㄱㄱㄱ",
        "type": "명사",
        "mean": "=복합 경기."
    },
    "겹경사": {
        "word": "겹경사",
        "chosung": "ㄱㄱㅅ",
        "type": "명사",
        "mean": " 둘 이상 겹친 기쁜 일."
    },
    "겹고깔": {
        "word": "겹고깔",
        "chosung": "ㄱㄱㄲ",
        "type": "명사",
        "mean": " 농악대들이 쓰는 고깔의 하나. 흔히 창호지를 겹으로 접어 고깔을 만든 후 그 위에 세 개 또는 다섯 개의 색종이로 만든 꽃을 달아 완성한다."
    },
    "겹고리매듭": {
        "word": "겹고리매듭",
        "chosung": "ㄱㄱㄹㅁㄷ",
        "type": "명사",
        "mean": "［북한어］ '겹풍삭매듭'을 다듬은 말."
    },
    "겹고리무늬": {
        "word": "겹고리무늬",
        "chosung": "ㄱㄱㄹㅁㄴ",
        "type": "명사",
        "mean": " 큰 동그라미 안에 작은 동그라미가 들어가 있는 모양의 무늬. ≒동심원문."
    },
    "겹고무뜨개": {
        "word": "겹고무뜨개",
        "chosung": "ㄱㄱㅁㄸㄱ",
        "type": "명사",
        "mean": "고무뜨개를 겹으로 뜨는 뜨개. ≒량면뜨개."
    },
    "겹고팽이": {
        "word": "겹고팽이",
        "chosung": "ㄱㄱㅍㅇ",
        "type": "명사",
        "mean": "단청에서, 소라 껍데기 모양이 겹쳐져 감아 돌아간 무늬."
    },
    "겹곱수": {
        "word": "겹곱수",
        "chosung": "ㄱㄱㅅ",
        "type": "명사",
        "mean": "경제 분석에 이용하는 수치의 하나. 투자 증가분이 소득 증가에 미치는 효과와 그 소득 증가가 일으키는 효과를 종합하여 나타낸다."
    },
    "겹관": {
        "word": "겹관",
        "chosung": "ㄱㄱ",
        "type": "명사",
        "mean": "=복합관(複合管)."
    },
    "겹구도": {
        "word": "겹구도",
        "chosung": "ㄱㄱㄷ",
        "type": "명사",
        "mean": "동일한 형태와 선의 구도가 겹쳐 놓인 무용 구도."
    },
    "겹구름": {
        "word": "겹구름",
        "chosung": "ㄱㄱㄹ",
        "type": "명사",
        "mean": " 비슷한 모양의 것이 여러 개 겹쳐 있는 구름."
    },
    "겹궁": {
        "word": "겹궁",
        "chosung": "ㄱㄱ",
        "type": "명사",
        "mean": "북이나 장구의 북편을 왼손으로 '쿠궁' 소리가 나게 겹으로 치는 일."
    },
    "겹그림씨": {
        "word": "겹그림씨",
        "chosung": "ㄱㄱㄹㅆ",
        "type": "명사",
        "mean": "=합성 형용사."
    },
    "겹극": {
        "word": "겹극",
        "chosung": "ㄱㄱ",
        "type": "명사",
        "mean": "'쌍극(雙極)'의 북한어."
    },
    "겹글자": {
        "word": "겹글자",
        "chosung": "ㄱㄱㅈ",
        "type": "명사",
        "mean": "같은 자가 겹쳐져 이루어진 글자. 한글의 'ㄲ', 'ㄸ', 'ㅃ', 'ㅆ', 'ㅉ'이나 한자의 '姦', '林', '森', '比', '品' 따위를 이른다."
    },
    "겹깔다": {
        "word": "겹깔다",
        "chosung": "ㄱㄲㄷ",
        "type": "동사",
        "mean": "『 …을 …에』 포개어 덧깔다."
    },
    "겹꺾임": {
        "word": "겹꺾임",
        "chosung": "ㄱㄲㅇ",
        "type": "명사",
        "mean": "=복굴절."
    },
    "겹꼭지잔줄거울": {
        "word": "겹꼭지잔줄거울",
        "chosung": "ㄱㄲㅈㅈㅈㄱㅇ",
        "type": "명사",
        "mean": "=다뉴세문경."
    },
    "겹꼰실": {
        "word": "겹꼰실",
        "chosung": "ㄱㄲㅅ",
        "type": "명사",
        "mean": "'합연사(合撚 絲)'를 다듬은 말."
    },
    "겹꽃": {
        "word": "겹꽃",
        "chosung": "ㄱㄲ",
        "type": "명사",
        "mean": "《식물》여러 겹의 꽃잎으로 된 꽃. 국화, 장미꽃 따위이다. ≒겹잎꽃·중판화·천엽화."
    },
    "겹꽃받침": {
        "word": "겹꽃받침",
        "chosung": "ㄱㄲㅂㅊ",
        "type": "명사",
        "mean": "한 개의 꽃에 두 개 이상으로 된 꽃받침. ≒복악(複□)."
    },
    "겹꽃벗나무": {
        "word": "겹꽃벗나무",
        "chosung": "ㄱㄲㅂㄴㅁ",
        "type": "명사",
        "mean": "'벚나무'의 북한어. ※ 겹꽃벚나무."
    },
    "겹꽃울": {
        "word": "겹꽃울",
        "chosung": "ㄱㄲㅇ",
        "type": "명사",
        "mean": "'이중 화피화'의 북한어."
    },
    "겹꽃잎": {
        "word": "겹꽃잎",
        "chosung": "ㄱㄲㅇ",
        "type": "명사",
        "mean": "《식물》여러 겹으로 된 꽃잎. ≒겹잎 ·복엽 ·복판(複瓣)·중판(重瓣)·천엽 ."
    },
    "겹꽃차례": {
        "word": "겹꽃차례",
        "chosung": "ㄱㄲㅊㄹ",
        "type": "명사",
        "mean": "'복합 화서'의 북한어."
    },
    "겹꽃홍매": {
        "word": "겹꽃홍매",
        "chosung": "ㄱㄲㅎㅁ",
        "type": "명사",
        "mean": "'홍매'의 북한어."
    },
    "겹끌기": {
        "word": "겹끌기",
        "chosung": "ㄱㄲㄱ",
        "type": "명사",
        "mean": "'중련견인'을 다듬은 말."
    },
    "겹나사": {
        "word": "겹나사",
        "chosung": "ㄱㄴㅅ",
        "type": "명사",
        "mean": "평행한 둘 또는 그 이상의 나선을 따라 나사선이 있는 나사."
    },
    "겹나이테": {
        "word": "겹나이테",
        "chosung": "ㄱㄴㅇㅌ",
        "type": "명사",
        "mean": "=중연륜."
    },
    "겹낚시": {
        "word": "겹낚시",
        "chosung": "ㄱㄴㅅ",
        "type": "명사",
        "mean": " 낚싯대 하나에 여러 개의 낚싯바늘을 단 낚시."
    },
    "겹낫표": {
        "word": "겹낫표",
        "chosung": "ㄱㄴㅍ",
        "type": "명사",
        "mean": "따옴표의 하나. 세로쓰기에 쓰는 문장 부호 '『 』'의 이름이다. 글 가운데서 직접 대화를 표시하거나 남의 말을 인용할 때에 쓴다."
    },
    "겹낱말": {
        "word": "겹낱말",
        "chosung": "ㄱㄴㅁ",
        "type": "명사",
        "mean": "=복합어."
    },
    "겹내림": {
        "word": "겹내림",
        "chosung": "ㄱㄴㄹ",
        "type": "명사",
        "mean": "내림표로 반음 내린 음을 다시 반음 내림."
    },
    "겹내림표": {
        "word": "겹내림표",
        "chosung": "ㄱㄴㄹㅍ",
        "type": "명사",
        "mean": "반음 내린 음을 다시 반음 더 내리게 하는 기호. 'bb'로 표시한다. ≒더블 플랫·중변기호."
    },
    "겹널마루": {
        "word": "겹널마루",
        "chosung": "ㄱㄴㅁㄹ",
        "type": "명사",
        "mean": " 널빤지를 겹으로 깐 마루."
    },
    "겹넘나물": {
        "word": "겹넘나물",
        "chosung": "ㄱㄴㄴㅁ",
        "type": "명사",
        "mean": "'큰원추리'의 북한어."
    },
    "겹녹화": {
        "word": "겹녹화",
        "chosung": "ㄱㄴㅎ",
        "type": "명사",
        "mean": "단청에서, 기둥이나 들보의 머리 부분에 겹쳐 그린 녹색의 꽃무늬."
    },
    "겹녹화머리초": {
        "word": "겹녹화머리초",
        "chosung": "ㄱㄴㅎㅁㄹㅊ",
        "type": "명사",
        "mean": "단청에서, 녹색의 꽃무늬를 겹치거나 잇따라 그린 머리초."
    },
    "겹놓다": {
        "word": "겹놓다",
        "chosung": "ㄱㄴㄷ",
        "type": "동사",
        "mean": "［북한어］ 겹쳐서 놓다."
    },
    "겹놓이다": {
        "word": "겹놓이다",
        "chosung": "ㄱㄴㅇㄷ",
        "type": "동사",
        "mean": "［북한어］ '겹놓다'의 피동사."
    },
    "겹눈": {
        "word": "겹눈",
        "chosung": "ㄱㄴ",
        "type": "명사",
        "mean": "'복아(複芽)'의 북한어."
    },
    "겹다": {
        "word": "겹다",
        "chosung": "ㄱㄷ",
        "type": "형용사",
        "mean": " ━ ⅰ『 …에』 1. 정도나 양이 지나쳐 참거나 견뎌 내기 어렵다."
    },
    "겹다드래기": {
        "word": "겹다드래기",
        "chosung": "ㄱㄷㄷㄹㄱ",
        "type": "명사",
        "mean": "경상남도 사천 농악에서, 쇠가락의 하나. 홑다드래기 장단의 변형으로 두 장단을 단위로 같은 리듬이 반복되며, 징은 매 박자의 첫 박에 한 점씩 친다."
    },
    "겹단": {
        "word": "겹단",
        "chosung": "ㄱㄷ",
        "type": "명사",
        "mean": " 겹으로 이루어진 옷의 단."
    },
    "겹단코": {
        "word": "겹단코",
        "chosung": "ㄱㄷㅋ",
        "type": "명사",
        "mean": "대바늘뜨기에서, 시작하는 부분을 겹단으로 접고자 할 때 잡는 코."
    },
    "겹담": {
        "word": "겹담",
        "chosung": "ㄱㄷ",
        "type": "명사",
        "mean": " 겹으로 맞대어 쌓은 담."
    },
    "겹닿소리": {
        "word": "겹닿소리",
        "chosung": "ㄱㄷㅅㄹ",
        "type": "명사",
        "mean": "=복자음."
    },
    "겹대위법": {
        "word": "겹대위법",
        "chosung": "ㄱㄷㅇㅂ",
        "type": "명사",
        "mean": "《음악》=이중 대위법."
    },
    "겹대이름씨": {
        "word": "겹대이름씨",
        "chosung": "ㄱㄷㅇㄹㅆ",
        "type": "명사",
        "mean": "=복합 대명사."
    },
    "겹대패": {
        "word": "겹대패",
        "chosung": "ㄱㄷㅍ",
        "type": "명사",
        "mean": "=덧날대패."
    },
    "겹도르래": {
        "word": "겹도르래",
        "chosung": "ㄱㄷㄹㄹ",
        "type": "명사",
        "mean": "고정 도르래와 움직도르래를 두 개 이상 결합한 도르래. ≒겹활차(―滑車)·복활차(復滑車)."
    },
    "겹돌림버꾸": {
        "word": "겹돌림버꾸",
        "chosung": "ㄱㄷㄹㅂㄲ",
        "type": "명사",
        "mean": "경기 농악에서, 기수와 태평소 부는 사람은 비켜 서고 나머지는 오른쪽으로 돌다가 버꾸잡이들이 안으로 들어가 겹 동그라미를 그리며 노는 놀이."
    },
    "겹두도막형식": {
        "word": "겹두도막형식",
        "chosung": "ㄱㄷㄷㅁㅎㅅ",
        "type": "명사",
        "mean": "악곡의 응용 형식의 하나. 두도막 형식을 복식화한 것으로, 두 부분으로 되어 있으며, 각 부분은 몇 개의 큰 악절로 이루어진다. 예를 들어 큰악절 하나로 된 한도막 형식과 큰악절 둘로 된 두도막 형식을 서로 합한 것 따위이다. ≒복합 이부 형식."
    },
    "겹두루마기": {
        "word": "겹두루마기",
        "chosung": "ㄱㄷㄹㅁㄱ",
        "type": "명사",
        "mean": " 안찝을 넣어 겹으로 만든 두루마기."
    },
    "겹들다": {
        "word": "겹들다",
        "chosung": "ㄱㄷㄷ",
        "type": "동사",
        "mean": "［북한어］ 겹쳐서 생기거나 일어나다."
    },
    "겹들이다": {
        "word": "겹들이다",
        "chosung": "ㄱㄷㅇㄷ",
        "type": "동사",
        "mean": "［북한어］ '겹들다'의 피동사."
    },
    "겹떡잎": {
        "word": "겹떡잎",
        "chosung": "ㄱㄸㅇ",
        "type": "명사",
        "mean": "《식물》=쌍떡잎."
    },
    "겹뜨개": {
        "word": "겹뜨개",
        "chosung": "ㄱㄸㄱ",
        "type": "명사",
        "mean": "뜨개질에서, 두 개의 바늘 판 또는 재봉틀로 안팎이 겹이 되도록 뜨는 일. ≒두겹뜨개."
    },
    "겹뜻": {
        "word": "겹뜻",
        "chosung": "ㄱㄸ",
        "type": "명사",
        "mean": "［북한어］ 그때그때의 문맥에 따라 어떤 말의 본디의 뜻에 겹쳐서 나타나는 뜻."
    },
    "겹렌즈": {
        "word": "겹렌즈",
        "chosung": "ㄱㄹㅈ",
        "type": "명사",
        "mean": "영상이 똑똑히 잘 보이도록 두 개 이상을 겹쳐서 만든 렌즈."
    },
    "겹리": {
        "word": "겹리",
        "chosung": "ㄱㄹ",
        "type": "명사",
        "mean": "=복리(複利)."
    },
    "겹리드": {
        "word": "겹리드",
        "chosung": "ㄱㄹㄷ",
        "type": "명사",
        "mean": "'겹서'의 잘못."
    },
    "겹리자": {
        "word": "겹리자",
        "chosung": "ㄱㄹㅈ",
        "type": "명사",
        "mean": "'복리(複利)'의 북한어. ※ 겹이자."
    },
    "겹마고자": {
        "word": "겹마고자",
        "chosung": "ㄱㅁㄱㅈ",
        "type": "명사",
        "mean": " 안찝을 넣어 겹으로 지은 마고자."
    },
    "겹마치": {
        "word": "겹마치",
        "chosung": "ㄱㅁㅊ",
        "type": "명사",
        "mean": "경기도 한강 이남 지역의 무속 음악에 쓰는 장단의 하나. 8분의 6박자 넷이 모여 한 장단을 이룬다."
    },
    "겹말": {
        "word": "겹말",
        "chosung": "ㄱㅁ",
        "type": "명사",
        "mean": "［옛말］ '수수께끼'의 옛말."
    },
    "겹매기": {
        "word": "겹매기",
        "chosung": "ㄱㅁㄱ",
        "type": "명사",
        "mean": " 겹으로 지은 옷."
    },
    "겹매듭": {
        "word": "겹매듭",
        "chosung": "ㄱㅁㄷ",
        "type": "명사",
        "mean": " 1. 여러 번 겹으로 묶은 매듭."
    },
    "겹머리사위": {
        "word": "겹머리사위",
        "chosung": "ㄱㅁㄹㅅㅇ",
        "type": "명사",
        "mean": "살풀이춤에서, 두 팔을 동시에 머리 위로 올려 돌리는 춤사위."
    },
    "겹메아리": {
        "word": "겹메아리",
        "chosung": "ㄱㅁㅇㄹ",
        "type": "명사",
        "mean": "10미터 이상 떨어져 서로 마주 보고 있는 벽 사이에서나 천장과 바닥 사이에서 소리가 계속 반사되어 오가면서 여러 번 되풀이되어 들려오는 메아리."
    },
    "겹명제": {
        "word": "겹명제",
        "chosung": "ㄱㅁㅈ",
        "type": "명사",
        "mean": "=합성 명제."
    },
    "겹모음": {
        "word": "겹모음",
        "chosung": "ㄱㅁㅇ",
        "type": "명사",
        "mean": "'이중 모음'의 북한어."
    },
    "겹무늬": {
        "word": "겹무늬",
        "chosung": "ㄱㅁㄴ",
        "type": "명사",
        "mean": "두 가지 또는 그 이상의 무늬를 겹치거나 서로 교차하여 구성한 무늬. 바탕무늬와 기본 무늬로 이루어져 있으며, 여러 가지 교차 형식을 통하여 일정한 장식성을 표현한다."
    },
    "겹무늬천": {
        "word": "겹무늬천",
        "chosung": "ㄱㅁㄴㅊ",
        "type": "명사",
        "mean": "'겹문직물'을 다듬은 말."
    },
    "겹무대": {
        "word": "겹무대",
        "chosung": "ㄱㅁㄷ",
        "type": "명사",
        "mean": " 무대 위에 그보다 한 단 높게 설치한 무대."
    },
    "겹문자": {
        "word": "겹문자",
        "chosung": "ㄱㅁㅈ",
        "type": "명사",
        "mean": " 같은 뜻의 말이나 문자가 겹쳐 이루어진 말. '홀홀 단신', '역전 앞', '일락 서산에 해 떨어지고', '월출 동녘에 달이 뜨고' 따위가 있다."
    },
    "겹문장": {
        "word": "겹문장",
        "chosung": "ㄱㅁㅈ",
        "type": "명사",
        "mean": "한 문장의 성분 속에 두 개 이상의 절이 종속적인 관계로 겹쳐진 문장. 한 개의 홑문장이 다른 문장 속에 한 성분으로 들어가 있는 '안은문장'과 홑문장이 서로 이어져 있는 '이어진문장'이 있다."
    },
    "겹문직물": {
        "word": "겹문직물",
        "chosung": "ㄱㅁㅈㅁ",
        "type": "명사",
        "mean": "날실과 씨실을 두 겹 이상으로 엮어서 무늬를 나타내는 천. '겹무늬천'으로 다듬음."
    },
    "겹물결": {
        "word": "겹물결",
        "chosung": "ㄱㅁㄱ",
        "type": "명사",
        "mean": "［북한어］ 겹겹으로 놓이거나 겹겹으로 움직이는 상태를 비유적으로 이르는 말."
    },
    "겹바닥": {
        "word": "겹바닥",
        "chosung": "ㄱㅂㄷ",
        "type": "명사",
        "mean": " 사이에 공간을 두고 겹으로 만든 배의 바닥."
    },
    "겹바디": {
        "word": "겹바디",
        "chosung": "ㄱㅂㄷ",
        "type": "명사",
        "mean": "［옛말］ '겹바지'의 옛말."
    },
    "겹바지": {
        "word": "겹바지",
        "chosung": "ㄱㅂㅈ",
        "type": "명사",
        "mean": " 솜을 두지 않고 거죽과 안을 맞추어 겹으로 지은 바지.【＜ 겹바디≪역해유해(1690)≫← 겹+바디】"
    },
    "겹박자": {
        "word": "겹박자",
        "chosung": "ㄱㅂㅈ",
        "type": "명사",
        "mean": "같은 종류의 홑박자가 여러 개 합쳐진 박자. 6박자, 9박자, 12박자는 각각 3박자가 2개, 3개, 4개 합쳐진 것이다. ≒복합 박자·혼합 박자."
    },
    "겹받침": {
        "word": "겹받침",
        "chosung": "ㄱㅂㅊ",
        "type": "명사",
        "mean": "서로 다른 두 개의 자음으로 이루어진 받침. 'ㄳ', 'ㄵ', 'ㄺ', 'ㄻ', 'ㄼ', 'ㄾ', 'ㅄ' 따위가 있다."
    },
    "겹발굽": {
        "word": "겹발굽",
        "chosung": "ㄱㅂㄱ",
        "type": "명사",
        "mean": "《동물》포유동물의 발굽에서 퇴화하여 흔적만 남은 것."
    },
    "겹버선": {
        "word": "겹버선",
        "chosung": "ㄱㅂㅅ",
        "type": "명사",
        "mean": " 솜을 대지 않고 겹으로 만든 버선."
    },
    "겹벚꽃": {
        "word": "겹벚꽃",
        "chosung": "ㄱㅂㄲ",
        "type": "명사",
        "mean": "《식물》꽃잎이 여러 겹으로 피는 벚꽃."
    },
    "겹보": {
        "word": "겹보",
        "chosung": "ㄱㅂ",
        "type": "명사",
        "mean": " 거죽과 안을 맞추어 겹으로 만든 보자기."
    },
    "겹보이기": {
        "word": "겹보이기",
        "chosung": "ㄱㅂㅇㄱ",
        "type": "명사",
        "mean": "'복시(複視)'의 북한어."
    },
    "겹복": {
        "word": "겹복",
        "chosung": "ㄱㅂ",
        "type": "명사",
        "mean": "바둑에서, 두 점을 접어 주고 두는 것."
    },
    "겹부재": {
        "word": "겹부재",
        "chosung": "ㄱㅂㅈ",
        "type": "명사",
        "mean": "성질이 서로 다른 재료를 몇 개 겹쳐서 만든 부재."
    },
    "겹부호": {
        "word": "겹부호",
        "chosung": "ㄱㅂㅎ",
        "type": "명사",
        "mean": "=복부호."
    },
    "겹북": {
        "word": "겹북",
        "chosung": "ㄱㅂ",
        "type": "명사",
        "mean": "'겹궁'의 잘못."
    },
    "겹분수": {
        "word": "겹분수",
        "chosung": "ㄱㅂㅅ",
        "type": "명사",
        "mean": "=번분수."
    },
    "겹분수식": {
        "word": "겹분수식",
        "chosung": "ㄱㅂㅅㅅ",
        "type": "명사",
        "mean": "《수학》=번분수식."
    },
    "겹비례": {
        "word": "겹비례",
        "chosung": "ㄱㅂㄹ",
        "type": "명사",
        "mean": "=복비례."
    },
    "겹빔": {
        "word": "겹빔",
        "chosung": "ㄱㅂ",
        "type": "명사",
        "mean": "먼저 꼬임을 준 두 가닥 이상의 실을 합쳐서 다시 꼬임을 주어 합치는 일."
    },
    "겹빛": {
        "word": "겹빛",
        "chosung": "ㄱㅂ",
        "type": "명사",
        "mean": "《물리》=복색광."
    },
    "겹뿔": {
        "word": "겹뿔",
        "chosung": "ㄱㅃ",
        "type": "명사",
        "mean": "'문사각'을 달리 이르는 말. 보통 두 겹으로 되어 있어서 이렇게 이른다."
    },
    "겹사돈": {
        "word": "겹사돈",
        "chosung": "ㄱㅅㄷ",
        "type": "명사",
        "mean": " 이미 사돈 관계에 있는 사람끼리 또 사돈 관계를 맺은 사이. 또는 그런 사람."
    },
    "겹사라지": {
        "word": "겹사라지",
        "chosung": "ㄱㅅㄹㅈ",
        "type": "명사",
        "mean": " 헝겊이나 종이를 겹쳐 만들어서 기름에 결은 담배쌈지."
    },
    "겹사위": {
        "word": "겹사위",
        "chosung": "ㄱㅅㅇ",
        "type": "명사",
        "mean": "윷놀이에서, 윷을 한 번 놀아 상대편의 말을 잡을 수 있는 자기의 말이 둘 이상이 되는 사위."
    },
    "겹사회": {
        "word": "겹사회",
        "chosung": "ㄱㅅㅎ",
        "type": "명사",
        "mean": "=복합 사회."
    },
    "겹산": {
        "word": "겹산",
        "chosung": "ㄱㅅ",
        "type": "명사",
        "mean": " 여러 겹으로 된 산."
    },
    "겹산철쭉": {
        "word": "겹산철쭉",
        "chosung": "ㄱㅅㅊㅉ",
        "type": "명사",
        "mean": "《식물》철쭉과의 낙엽 활엽 관목. 4월에 붉은 자줏빛의 겹꽃이 2~3개씩 꼭대기에 피고 열매는 삭과(□果)로 10월에 익는다. 산지(山地)에 드물게 나고 인가 부근에 심는데 한국의 경기·평안·황해 지역과 일본 등지에 분포한다. ≒겹철쭉·천엽철쭉. (Rhododendron yedoense)"
    },
    "겹산형꽃": {
        "word": "겹산형꽃",
        "chosung": "ㄱㅅㅎㄲ",
        "type": "명사",
        "mean": "겹산형 꽃차례로 피는 꽃을 통틀어 이르는 말. ≒복산형화."
    },
    "겹산형꽃차례": {
        "word": "겹산형꽃차례",
        "chosung": "ㄱㅅㅎㄲㅊㄹ",
        "type": "명사",
        "mean": "산형(□形) 꽃차례의 꽃대 끝에 다시 부챗살 모양으로 갈라져 피는 꽃차례. 미나리, 당근 따위가 있다. ≒겹산형 화서·복산형 꽃차례·복산형 화서·복산 화서·복합 산형 꽃차례·복합 산형 화서."
    },
    "겹산형화서": {
        "word": "겹산형화서",
        "chosung": "ㄱㅅㅎㅎㅅ",
        "type": "명사",
        "mean": "=겹산형 꽃차례."
    },
    "겹살림": {
        "word": "겹살림",
        "chosung": "ㄱㅅㄹ",
        "type": "명사",
        "mean": " 1. 한 가족이 서로 나뉘어 따로 차리는 살림."
    },
    "겹삼단논법": {
        "word": "겹삼단논법",
        "chosung": "ㄱㅅㄷㄴㅂ",
        "type": "명사",
        "mean": "=복합적 삼단 논법."
    },
    "겹삼부분형식": {
        "word": "겹삼부분형식",
        "chosung": "ㄱㅅㅂㅂㅎㅅ",
        "type": "명사",
        "mean": "'겹세도막 형식'의 북한어."
    },
    "겹상": {
        "word": "겹상",
        "chosung": "ㄱㅅ",
        "type": "명사",
        "mean": "=이중상 ."
    },
    "겹새김": {
        "word": "겹새김",
        "chosung": "ㄱㅅㄱ",
        "type": "명사",
        "mean": " 나무, 돌, 쇠붙이 따위에 깊고 얕게 여러 겹으로 새긴 새김. 또는 음각과 양각을 겸한 새김."
    },
    "겹새끼": {
        "word": "겹새끼",
        "chosung": "ㄱㅅㄲ",
        "type": "명사",
        "mean": " 여러 겹으로 꼰 새끼."
    },
    "겹샘": {
        "word": "겹샘",
        "chosung": "ㄱㅅ",
        "type": "명사",
        "mean": "=다세포샘."
    },
    "겹서": {
        "word": "겹서",
        "chosung": "ㄱㅅ",
        "type": "명사",
        "mean": "당피리, 향피리, 세피리 따위의 피리와 태평소에서처럼 두 겹으로 된 서. 피리는 대나무 껍질을 깎아 구리철사로 감고, 태평소는 갈대를 잘라 한쪽을 실로 잘록하게 감아 쓴다. ≒쌍황."
    },
    "겹서다": {
        "word": "겹서다",
        "chosung": "ㄱㅅㄷ",
        "type": "동사",
        "mean": "［북한어］ 겹쳐서 서다."
    },
    "겹서악기": {
        "word": "겹서악기",
        "chosung": "ㄱㅅㅇㄱ",
        "type": "명사",
        "mean": "두 겹으로 된 서를 가진 목관 악기를 통틀어 이르는 말. 피리나 오보에 따위를 이른다."
    },
    "겹선": {
        "word": "겹선",
        "chosung": "ㄱㅅ",
        "type": "명사",
        "mean": " 두 가닥으로 겹친 선."
    },
    "겹선분기기": {
        "word": "겹선분기기",
        "chosung": "ㄱㅅㅂㄱㄱ",
        "type": "명사",
        "mean": "주선과 분리선 가운데 어느 한 선이 겹선으로 된 전철기."
    },
    "겹성": {
        "word": "겹성",
        "chosung": "ㄱㅅ",
        "type": "명사",
        "mean": "=짓소리."
    },
    "겹섶": {
        "word": "겹섶",
        "chosung": "ㄱㅅ",
        "type": "명사",
        "mean": "［북한어］ 앞섶이 겹으로 놓이게 만든 양복저고리. 또는 그렇게 지은 옷."
    },
    "겹섶옷": {
        "word": "겹섶옷",
        "chosung": "ㄱㅅㅇ",
        "type": "명사",
        "mean": "［북한어］ 앞섶이 겹으로 놓이게 지은 옷."
    },
    "겹세다": {
        "word": "겹세다",
        "chosung": "ㄱㅅㄷ",
        "type": "동사",
        "mean": "『 …을』 센 것을 또 세어 넣다."
    },
    "겹세도막형식": {
        "word": "겹세도막형식",
        "chosung": "ㄱㅅㄷㅁㅎㅅ",
        "type": "명사",
        "mean": "악곡의 응용 형식의 하나. 세도막 형식을 복식화한 것으로, 세 부분으로 되어 있으며, 각 부분은 몇 개의 큰악절로 이루어진다. ≒복합 삼부 형식."
    },
    "겹세로줄": {
        "word": "겹세로줄",
        "chosung": "ㄱㅅㄹㅈ",
        "type": "명사",
        "mean": "오선(五線) 위에 그은 두 개의 세로줄. 두 줄의 굵기가 같은 것은 악곡의 단락을 가리킬 때나 박자, 조(調)가 바뀔 때 쓰고, 오른쪽이 굵은 것은 마침을 표시하는 데 쓴다. ≒복종선."
    },
    "겹세모벌": {
        "word": "겹세모벌",
        "chosung": "ㄱㅅㅁㅂ",
        "type": "명사",
        "mean": "=복합 삼각주."
    },
    "겹세우다": {
        "word": "겹세우다",
        "chosung": "ㄱㅅㅇㄷ",
        "type": "동사",
        "mean": "［북한어］ '겹서다'의 사동사."
    },
    "겹세포": {
        "word": "겹세포",
        "chosung": "ㄱㅅㅍ",
        "type": "명사",
        "mean": "=다세포."
    },
    "겹세포생물": {
        "word": "겹세포생물",
        "chosung": "ㄱㅅㅍㅅㅁ",
        "type": "명사",
        "mean": "=다세포 생물."
    },
    "겹세포식물": {
        "word": "겹세포식물",
        "chosung": "ㄱㅅㅍㅅㅁ",
        "type": "명사",
        "mean": "=다세포 식물."
    },
    "겹셈": {
        "word": "겹셈",
        "chosung": "ㄱㅅ",
        "type": "명사",
        "mean": "=복수(複數) ."
    },
    "겹소리": {
        "word": "겹소리",
        "chosung": "ㄱㅅㄹ",
        "type": "명사",
        "mean": "좌수영 어방놀이의 첫째 마당 내왕소리 가운데, 작은 줄을 꼴 때 부르는 소리."
    },
    "겹손": {
        "word": "겹손",
        "chosung": "ㄱㅅ",
        "type": "명사",
        "mean": "태권도에서, 한 손을 아랫배에 두고 다른 한 손을 그 위에 포개어 놓는 동작."
    },
    "겹손톱묶음표": {
        "word": "겹손톱묶음표",
        "chosung": "ㄱㅅㅌㅁㅇㅍ",
        "type": "명사",
        "mean": "인쇄 기호 '(( ))'의 이름."
    },
    "겹송이꽃차례": {
        "word": "겹송이꽃차례",
        "chosung": "ㄱㅅㅇㄲㅊㄹ",
        "type": "명사",
        "mean": "'겹총상 꽃차례'의 북한어."
    },
    "겹수": {
        "word": "겹수",
        "chosung": "ㄱㅅ",
        "type": "명사",
        "mean": "［북한어］ 여러 겹으로 된 물건에서 겹의 수효."
    },
    "겹수상꽃차례": {
        "word": "겹수상꽃차례",
        "chosung": "ㄱㅅㅅㄲㅊㄹ",
        "type": "명사",
        "mean": "무한 꽃차례의 하나. 수상(穗狀) 꽃차례에서 꽃대가 두서너 갈래로 피는 꽃차례로 보리 따위에서 볼 수 있다. ≒겹이삭 꽃차례·복수상 꽃차례·복수상 화서."
    },
    "겹수정": {
        "word": "겹수정",
        "chosung": "ㄱㅅㅈ",
        "type": "명사",
        "mean": "'중복 수정'의 북한어."
    },
    "겹술": {
        "word": "겹술",
        "chosung": "ㄱㅅ",
        "type": "명사",
        "mean": "1. 거문고 연주법의 하나. 문현(文絃)을 타고 유현(遊絃)을 거쳐 대현(大絃)에서 짚은 음을 내고 술대가 괘상청(□上淸)에서 머무는 연주법으로, 현재의 슬기둥 따위이다. 2. 향비파 연주법의 하나. 먼저 무현(武絃)과 청현(淸絃)을 친 다음, 짚은 줄의 음을 내는 주법이다."
    },
    "겹신기다": {
        "word": "겹신기다",
        "chosung": "ㄱㅅㄱㄷ",
        "type": "동사",
        "mean": "［북한어］ '겹신다'의 사동사."
    },
    "겹신다": {
        "word": "겹신다",
        "chosung": "ㄱㅅㄷ",
        "type": "동사",
        "mean": "［북한어］ 겹쳐서 신다."
    },
    "겹실": {
        "word": "겹실",
        "chosung": "ㄱㅅ",
        "type": "명사",
        "mean": " 두 올 이상으로 드린 실. ≒겹올실·복사(複絲)."
    },
    "겹쌈솔": {
        "word": "겹쌈솔",
        "chosung": "ㄱㅆㅅ",
        "type": "명사",
        "mean": " 옷감 겉에서 박고 박은 곳을 안에서 꺾어 박은 솔기."
    },
    "겹쌍홍잡이": {
        "word": "겹쌍홍잡이",
        "chosung": "ㄱㅆㅎㅈㅇ",
        "type": "명사",
        "mean": "줄타기 재주의 하나. 줄을 타고 앉았다가 몸을 날려 줄 위에 쪼그리고 앉는다."
    },
    "겹쌓다": {
        "word": "겹쌓다",
        "chosung": "ㄱㅆㄷ",
        "type": "싸쏘",
        "mean": "〕［동사］『 …에 …을』 여러 겹으로 포개어 쌓다."
    },
    "겹쌓이다": {
        "word": "겹쌓이다",
        "chosung": "ㄱㅆㅇㄷ",
        "type": "동사",
        "mean": " 1. 『 …에』 '겹쌓다'의 피동사."
    },
    "겹쐐기피대": {
        "word": "겹쐐기피대",
        "chosung": "ㄱㅆㄱㅍㄷ",
        "type": "명사",
        "mean": "안쪽에 여러 줄의 쐐기 모양으로 된 돌출부가 있는 피대."
    },
    "겹쓰기": {
        "word": "겹쓰기",
        "chosung": "ㄱㅆㄱ",
        "type": "명사",
        "mean": "［북한어］ '복기(復記)'를 다듬은 말."
    },
    "겹쓰다": {
        "word": "겹쓰다",
        "chosung": "ㄱㅆㄷ",
        "type": "동사",
        "mean": "［북한어］ 1. 수건이나 안경 따위를 겹쳐서 쓰다."
    },
    "겹쓰이다": {
        "word": "겹쓰이다",
        "chosung": "ㄱㅆㅇㄷ",
        "type": "동사",
        "mean": "［북한어］ '겹쓰다'의 피동사."
    },
    "겹씌우다": {
        "word": "겹씌우다",
        "chosung": "ㄱㅆㅇㄷ",
        "type": "동사",
        "mean": "［북한어］ 1. '겹쓰다'의 피동사. 2. '겹쓰다'의 피동사."
    },
    "겹씨": {
        "word": "겹씨",
        "chosung": "ㄱㅆ",
        "type": "명사",
        "mean": "=합성어(合成語)."
    },
    "겹씨방": {
        "word": "겹씨방",
        "chosung": "ㄱㅆㅂ",
        "type": "명사",
        "mean": "두 개 이상의 칸으로 이루어진 씨방. 난초, 참나리 따위의 씨방이다. ≒복실자방·복자방."
    },
    "겹아가리": {
        "word": "겹아가리",
        "chosung": "ㄱㅇㄱㄹ",
        "type": "명사",
        "mean": "토기의 입술을 뒤집어 겹으로 만든 상태."
    },
    "겹암꽃술": {
        "word": "겹암꽃술",
        "chosung": "ㄱㅇㄲㅅ",
        "type": "명사",
        "mean": "=겹암술."
    },
    "겹암술": {
        "word": "겹암술",
        "chosung": "ㄱㅇㅅ",
        "type": "명사",
        "mean": "두 개 이상의 심피(心皮)로 된 암꽃술. ≒겹암꽃술·복자예."
    },
    "겹앞꾸밈음": {
        "word": "겹앞꾸밈음",
        "chosung": "ㄱㅇㄲㅁㅇ",
        "type": "명사",
        "mean": "선율을 구성하는 음 앞에 붙여진 두 음 이상의 꾸밈음. 악센트는 주요 음(主要音)에 있다. ≒복전타음."
    },
    "겹어찌씨": {
        "word": "겹어찌씨",
        "chosung": "ㄱㅇㅉㅆ",
        "type": "명사",
        "mean": "=합성 부사."
    },
    "겹여밈": {
        "word": "겹여밈",
        "chosung": "ㄱㅇㅁ",
        "type": "명사",
        "mean": " 옷자락을 겹으로 여민 것."
    },
    "겹열매": {
        "word": "겹열매",
        "chosung": "ㄱㅇㅁ",
        "type": "명사",
        "mean": "여러 개의 꽃이 꽃차례를 이룬 채 성숙하여 한 개의 열매처럼 생긴 것. 오디, 무화과 따위이다. ≒다화과·복과(複果)·복합과·복화과."
    },
    "겹염": {
        "word": "겹염",
        "chosung": "ㄱㅇ",
        "type": "명사",
        "mean": "1. 가수 분해로 두 개의 다른 음이온과 양이온을 생성하는 염. 2. 두 가지 염이 분자 결합한 것 가운데 각각의 성분 이온이 그대로 존재하는 염. 염화칼륨, 염화마그네슘 따위이다."
    },
    "겹엽": {
        "word": "겹엽",
        "chosung": "ㄱㅇ",
        "type": "명사",
        "mean": "《건설》단청에서, 잎사귀가 겹쳐지거나 두 잎이 한데 붙은 모양으로 그린 무늬."
    },
    "겹오염": {
        "word": "겹오염",
        "chosung": "ㄱㅇㅇ",
        "type": "명사",
        "mean": " 두 가지 이상의 독성 물질에 의하여 오염됨."
    },
    "겹온음표": {
        "word": "겹온음표",
        "chosung": "ㄱㅇㅇㅍ",
        "type": "명사",
        "mean": "온음의 두 배 길이를 나타내는 음표. ≒배온음표·배전음부."
    },
    "겹올림": {
        "word": "겹올림",
        "chosung": "ㄱㅇㄹ",
        "type": "명사",
        "mean": "올림표로 반음 올린 음을 다시 반음 올림."
    },
    "겹올림표": {
        "word": "겹올림표",
        "chosung": "ㄱㅇㄹㅍ",
        "type": "명사",
        "mean": "반음 올린 음을 다시 반음 더 올릴 것을 지시하는 기호. 평균율(平均律 )에서는 온음을 올리는 것과 같으나 실제는 다르며, 음표 머리의 왼쪽에 ''로 표시한다. ≒더블 샤프·중영기호."
    },
    "겹올실": {
        "word": "겹올실",
        "chosung": "ㄱㅇㅅ",
        "type": "명사",
        "mean": " =겹실."
    },
    "겹옷": {
        "word": "겹옷",
        "chosung": "ㄱㅇ",
        "type": "명사",
        "mean": " 솜을 두지 않고 거죽과 안을 맞붙여 지은 옷. ≒겹것 .【겹옷≪분류두공부시언해(초간본)(1481)≫← 겹+옷】"
    },
    "겹우산꽃차례": {
        "word": "겹우산꽃차례",
        "chosung": "ㄱㅇㅅㄲㅊㄹ",
        "type": "명사",
        "mean": "'겹산형 꽃차례'의 북한어."
    },
    "겹움직씨": {
        "word": "겹움직씨",
        "chosung": "ㄱㅇㅈㅆ",
        "type": "명사",
        "mean": "=복합 동사."
    },
    "겹원추리": {
        "word": "겹원추리",
        "chosung": "ㄱㅇㅊㄹ",
        "type": "명사",
        "mean": "'큰원추리'의 북한어."
    },
    "겹월": {
        "word": "겹월",
        "chosung": "ㄱㅇ",
        "type": "명사",
        "mean": "=복문(複文)."
    },
    "겹유리": {
        "word": "겹유리",
        "chosung": "ㄱㅇㄹ",
        "type": "명사",
        "mean": " 겹으로 된 유리. 방음이나 보온을 위하여 또는 깨어져도 파편이 튀지 않게 중간에 합성수지 판 따위를 끼워 만든다."
    },
    "겹음정": {
        "word": "겹음정",
        "chosung": "ㄱㅇㅈ",
        "type": "명사",
        "mean": "한 옥타브가 넘는 두 음 사이의 음정. 보통 한 옥타브 좁혀진 음정으로 고쳐 9도는 2도, 10도는 3도와 같이 부른다. ≒벌린음정·복음정."
    },
    "겹이름수": {
        "word": "겹이름수",
        "chosung": "ㄱㅇㄹㅅ",
        "type": "명사",
        "mean": "'복명수'의 북한어."
    },
    "겹이름씨": {
        "word": "겹이름씨",
        "chosung": "ㄱㅇㄹㅆ",
        "type": "명사",
        "mean": "=복합 명사."
    },
    "겹이부분형식": {
        "word": "겹이부분형식",
        "chosung": "ㄱㅇㅂㅂㅎㅅ",
        "type": "명사",
        "mean": "'겹두도막 형식'의 북한어."
    },
    "겹이불": {
        "word": "겹이불",
        "chosung": "ㄱㅇㅂ",
        "type": "명사",
        "mean": " 솜을 두지 않고 거죽과 안을 맞대어 여민 이불.【＜ 겹니블≪가례언해(1632)≫← 겹+니블】"
    },
    "겹이삭꽃차례": {
        "word": "겹이삭꽃차례",
        "chosung": "ㄱㅇㅅㄲㅊㄹ",
        "type": "명사",
        "mean": "=겹수상 꽃차례."
    },
    "겹이차방정식": {
        "word": "겹이차방정식",
        "chosung": "ㄱㅇㅊㅂㅈㅅ",
        "type": "명사",
        "mean": "'복이차 방정식'의 북한어."
    },
    "겹입다": {
        "word": "겹입다",
        "chosung": "ㄱㅇㄷ",
        "type": "동사",
        "mean": "［북한어］ 겹쳐서 입다."
    },
    "겹입성": {
        "word": "겹입성",
        "chosung": "ㄱㅇㅅ",
        "type": "명사",
        "mean": "［방언］ '겹옷'의 방언(평북)."
    },
    "겹입히다": {
        "word": "겹입히다",
        "chosung": "ㄱㅇㅎㄷ",
        "type": "동사",
        "mean": "［북한어］ '겹입다'의 사동사."
    },
    "겹잎": {
        "word": "겹잎",
        "chosung": "ㄱㅇ",
        "type": "겸니피",
        "mean": "《식물》1. 한 잎자루에 여러 개의 낱 잎이 붙어 겹을 이룬 잎. 탱자나무, 아카시아 따위의 잎이다. 2. =겹꽃잎."
    },
    "겹잎꽃": {
        "word": "겹잎꽃",
        "chosung": "ㄱㅇㄲ",
        "type": "겸닙꼬치",
        "mean": "《식물》=겹꽃."
    },
    "겹자락": {
        "word": "겹자락",
        "chosung": "ㄱㅈㄹ",
        "type": "명사",
        "mean": " 양복 저고리나 외투의 섶을 깊이 겹치게 하여 두 줄로 단추를 단 것. 또는 그렇게 지은 옷."
    },
    "겹자리": {
        "word": "겹자리",
        "chosung": "ㄱㅈㄹ",
        "type": "명사",
        "mean": "=복수(複數) ."
    },
    "겹자망": {
        "word": "겹자망",
        "chosung": "ㄱㅈㅁ",
        "type": "명사",
        "mean": "두 겹 또는 세 겹으로 된 자망. 숭어, 잉어, 도미 따위의 날쌔고 빠른 물고기를 잡는 데 흔히 쓴다."
    },
    "겹자음": {
        "word": "겹자음",
        "chosung": "ㄱㅈㅇ",
        "type": "명사",
        "mean": "'어두 자음군'의 북한어."
    },
    "겹잡다": {
        "word": "겹잡다",
        "chosung": "ㄱㅈㄷ",
        "type": "동사",
        "mean": "［북한어］ 여러 개를 겹쳐서 잡다."
    },
    "겹장": {
        "word": "겹장",
        "chosung": "ㄱㅈ",
        "type": "명사",
        "mean": "탈놀이에서, 한 개의 탈을 가지고 두 배역으로 쓰는 일."
    },
    "겹장구머리초": {
        "word": "겹장구머리초",
        "chosung": "ㄱㅈㄱㅁㄹㅊ",
        "type": "명사",
        "mean": "단청에서, 두 개의 장구머리초가 맞붙어서 이룬 머리초."
    },
    "겹장군": {
        "word": "겹장군",
        "chosung": "ㄱㅈㄱ",
        "type": "명사",
        "mean": "=겸장군."
    },
    "겹장부": {
        "word": "겹장부",
        "chosung": "ㄱㅈㅂ",
        "type": "명사",
        "mean": " 돈이나 상품의 거래 내용을 숨기기 위하여 거짓으로 적는 또 하나의 장부."
    },
    "겹장탈": {
        "word": "겹장탈",
        "chosung": "ㄱㅈㅌ",
        "type": "명사",
        "mean": "한 가지로 두 가지 이상의 배역에 쓰는 탈."
    },
    "겹저고리": {
        "word": "겹저고리",
        "chosung": "ㄱㅈㄱㄹ",
        "type": "명사",
        "mean": " 솜을 두지 않고 거죽과 안을 맞추어 지은 저고리."
    },
    "겹전배": {
        "word": "겹전배",
        "chosung": "ㄱㅈㅂ",
        "type": "명사",
        "mean": "겹으로 세우던 전배."
    },
    "겹전신": {
        "word": "겹전신",
        "chosung": "ㄱㅈㅅ",
        "type": "명사",
        "mean": "=이중 전신."
    },
    "겹점": {
        "word": "겹점",
        "chosung": "ㄱㅈ",
        "type": "명사",
        "mean": "음표나 쉼표의 오른쪽에 나란히 붙인 두 개의 점. 제2점이 제1점의 2분의 1 길이를 나타내므로 본디 길이의 4분의 3 길이를 더한다. ≒복부점."
    },
    "겹점쉼표": {
        "word": "겹점쉼표",
        "chosung": "ㄱㅈㅅㅍ",
        "type": "명사",
        "mean": "점쉼표에 또 하나의 점이 붙은 쉼표. 원래의 쉼표 길이에 2분의 1과 4분의 1의 길이를 더하게 한다. ≒복부점 휴지부."
    },
    "겹점음표": {
        "word": "겹점음표",
        "chosung": "ㄱㅈㅇㅍ",
        "type": "명사",
        "mean": "점음표에 또 하나의 점이 붙은 음표. 원래의 음표 길이에 2분의 1과 4분의 1의 길이를 더하게 한다. ≒복부점 음부·복부점 음표."
    },
    "겹접": {
        "word": "겹접",
        "chosung": "ㄱㅈ",
        "type": "명사",
        "mean": "［북한어］ 옷을 지을 때 겹이 되게 접음."
    },
    "겹제약설": {
        "word": "겹제약설",
        "chosung": "ㄱㅈㅇㅅ",
        "type": "명사",
        "mean": "=복합 제약설."
    },
    "겹제자리표": {
        "word": "겹제자리표",
        "chosung": "ㄱㅈㅈㄹㅍ",
        "type": "명사",
        "mean": "겹올림표나 겹내림표에 의하여 장2도 올리거나 내린 음을 원음으로 되돌릴 때 쓰는 기호. '□□'로 표시한다."
    },
    "겹조직": {
        "word": "겹조직",
        "chosung": "ㄱㅈㅈ",
        "type": "명사",
        "mean": "날실과 씨실을 두 겹 이상으로 엮어서 직물을 짜는 일. '겹짜임'으로 다듬음."
    },
    "겹족두리": {
        "word": "겹족두리",
        "chosung": "ㄱㅈㄷㄹ",
        "type": "명사",
        "mean": " =화관(花冠) ."
    },
    "겹주름위": {
        "word": "겹주름위",
        "chosung": "ㄱㅈㄹㅇ",
        "type": "명사",
        "mean": "반추위의 제삼 위. ≒제삼위·중추위·중판위."
    },
    "겹줄": {
        "word": "겹줄",
        "chosung": "ㄱㅈ",
        "type": "명사",
        "mean": " =복선(複線) ."
    },
    "겹중이": {
        "word": "겹중이",
        "chosung": "ㄱㅈㅇ",
        "type": "명사",
        "mean": "［방언］ '겹옷'의 방언(경기)."
    },
    "겹쥐다": {
        "word": "겹쥐다",
        "chosung": "ㄱㅈㄷ",
        "type": "동사",
        "mean": "［북한어］ 여러 개를 겹쳐서 쥐다."
    },
    "겹지르다": {
        "word": "겹지르다",
        "chosung": "ㄱㅈㄹㄷ",
        "type": "동사",
        "mean": " '겹질리다'의 잘못."
    },
    "겹진동": {
        "word": "겹진동",
        "chosung": "ㄱㅈㄷ",
        "type": "명사",
        "mean": "두 개 이상의 진동이 겹쳐서 된 진동. ≒합성 진동."
    },
    "겹질리다": {
        "word": "겹질리다",
        "chosung": "ㄱㅈㄹㄷ",
        "type": "동사",
        "mean": "『 (…을)』 몸의 근육이나 관절이 제 방향대로 움직이지 않거나 지나치게 빨리 움직여서 다치다."
    },
    "겹집": {
        "word": "겹집",
        "chosung": "ㄱㅈ",
        "type": "명사",
        "mean": "《건설》1. 여러 채가 겹으로 되거나 잇달린 집. 2. 한 개의 종마루 아래에 두 줄로 나란히 방을 만든 집."
    },
    "겹집다": {
        "word": "겹집다",
        "chosung": "ㄱㅈㄷ",
        "type": "동사",
        "mean": "『 …을』 여러 개를 겹쳐서 집다."
    },
    "겹짜임": {
        "word": "겹짜임",
        "chosung": "ㄱㅉㅇ",
        "type": "명사",
        "mean": "'겹조직'을 다듬은 말."
    },
    "겹창": {
        "word": "겹창",
        "chosung": "ㄱㅊ",
        "type": "명사",
        "mean": "=이중창(二重窓)."
    },
    "겹채": {
        "word": "겹채",
        "chosung": "ㄱㅊ",
        "type": "명사",
        "mean": "［북한어］ '겹체'의 북한어."
    },
    "겹처마": {
        "word": "겹처마",
        "chosung": "ㄱㅊㅁ",
        "type": "명사",
        "mean": "처마 끝의 서까래 위에 짧은 서까래를 잇대어 달아낸 처마."
    },
    "겹처방": {
        "word": "겹처방",
        "chosung": "ㄱㅊㅂ",
        "type": "명사",
        "mean": "'복방(複方)'의 북한어."
    },
    "겹천": {
        "word": "겹천",
        "chosung": "ㄱㅊ",
        "type": "명사",
        "mean": "겹짜임으로 된 천. 날실과 씨실 가운데 어느 하나 혹은 둘 다가 두 겹 이상으로 엮어졌다."
    },
    "겹천릭": {
        "word": "겹천릭",
        "chosung": "ㄱㅊㄹ",
        "type": "명사",
        "mean": "［북한어］ '겹철릭'의 북한어."
    },
    "겹철릭": {
        "word": "겹철릭",
        "chosung": "ㄱㅊㄹ",
        "type": "명사",
        "mean": " 겹겹이 포개어 입은 철릭."
    },
    "겹철쭉": {
        "word": "겹철쭉",
        "chosung": "ㄱㅊㅉ",
        "type": "명사",
        "mean": "《식물》=겹산철쭉."
    },
    "겹첩": {
        "word": "겹첩",
        "chosung": "ㄱㅊ",
        "type": "명사",
        "mean": "《건설》'경첩'의 원말."
    },
    "겹청": {
        "word": "겹청",
        "chosung": "ㄱㅊ",
        "type": "명사",
        "mean": "'겹서'의 북한어."
    },
    "겹체": {
        "word": "겹체",
        "chosung": "ㄱㅊ",
        "type": "명사",
        "mean": " 두 올씩으로 짠 쳇불로 메운 체."
    },
    "겹쳐뜨기": {
        "word": "겹쳐뜨기",
        "chosung": "ㄱㅊㄸㄱ",
        "type": "명사",
        "mean": "뜨개질에서, 두 면이 겹쳐지게 뜨는 방법의 하나. 주머니나 앞트기 따위를 만들 때 따로 떠서 붙이지 않고 계속 연결하여 뜰 수 있게 한다."
    },
    "겹쳐잇기": {
        "word": "겹쳐잇기",
        "chosung": "ㄱㅊㅇㄱ",
        "type": "명사",
        "mean": " 바느질할 때에, 꿰매다가 실이 끝난 곳의 몇 땀 뒤부터 겹쳐서 새로이 꿰매 나가는 일."
    },
    "겹쳐잡기자세": {
        "word": "겹쳐잡기자세",
        "chosung": "ㄱㅊㅈㄱㅈㅅ",
        "type": "명사",
        "mean": "----姿勢 레슬링 따위에서, 두 선수가 윗몸을 위아래로 겹쳐서 얽혀 있는 자세."
    },
    "겹쳐지다": {
        "word": "겹쳐지다",
        "chosung": "ㄱㅊㅈㄷ",
        "type": "저",
        "mean": "), -지니〕［동사］『 …에』『 (…과)』｛'…과'가 나타나지 않을 때는 여럿임을 뜻하는 말이 주어로 온다｝ 여럿이 서로 덧놓이거나 포개어지다."
    },
    "겹총상꽃차례": {
        "word": "겹총상꽃차례",
        "chosung": "ㄱㅊㅅㄲㅊㄹ",
        "type": "명사",
        "mean": "꽃줄기가 둘 이상으로 갈라지고 마지막 가지에서 각각 총상(總狀) 꽃차례를 이루며 피는 꽃차례. ≒겹총상 화서·복총상 화서."
    },
    "겹총상화서": {
        "word": "겹총상화서",
        "chosung": "ㄱㅊㅅㅎㅅ",
        "type": "명사",
        "mean": "=겹총상 꽃차례."
    },
    "겹추진기": {
        "word": "겹추진기",
        "chosung": "ㄱㅊㅈㄱ",
        "type": "명사",
        "mean": "한 개의 추진축에 두 개의 추진기를 겹쳐서 설치한 추진기. 겹쳐 놓인 두 개의 추진기가 같은 방향으로 돌게 되어 있는 동전 추진기와 겹쳐 놓은 두 개의 추진기가 서로 반대 방향으로 돌게 되어 있는 반전 추진기가 있다."
    },
    "겹층숲": {
        "word": "겹층숲",
        "chosung": "ㄱㅊㅅ",
        "type": "명사",
        "mean": "'복층림(複層林)'을 다듬은 말."
    },
    "겹치기": {
        "word": "겹치기",
        "chosung": "ㄱㅊㄱ",
        "type": "명사",
        "mean": " 두 가지 이상의 일을 겹쳐서 함."
    },
    "겹치기압연": {
        "word": "겹치기압연",
        "chosung": "ㄱㅊㄱㅇㅇ",
        "type": "명사",
        "mean": "소재를 두 개 이상 겹쳐 놓고 한꺼번에 진행하는 압연."
    },
    "겹치기이음": {
        "word": "겹치기이음",
        "chosung": "ㄱㅊㄱㅇㅇ",
        "type": "명사",
        "mean": "용접하려는 두 소재의 연결부가 서로 겹쳐 놓여 있는 상태."
    },
    "겹치다": {
        "word": "겹치다",
        "chosung": "ㄱㅊㄷ",
        "type": "동사",
        "mean": "［북한어］ 한 번 치고 또 잇따라 치다."
    },
    "겹치마": {
        "word": "겹치마",
        "chosung": "ㄱㅊㅁ",
        "type": "명사",
        "mean": " 1. 거죽과 안을 맞추어 지은 치마. 2. 폭을 넓게 하여 겹쳐 입을 수 있게 지은 치마."
    },
    "겹친련결": {
        "word": "겹친련결",
        "chosung": "ㄱㅊㄹㄱ",
        "type": "명사",
        "mean": "'겹치기 이음'의 북한어. ※ 겹친 연결."
    },
    "겹친복합문": {
        "word": "겹친복합문",
        "chosung": "ㄱㅊㅂㅎㅁ",
        "type": "명사",
        "mean": "홑문장이 두 개 이상 나열되어, 하나의 통일된 사상을 나타내는 겹문장. 흔히 어떤 장면이나 사실을 강조하기 위하여 쓴다. 예를 들면 '비가 온다, 바람이 분다, 번개가 친다, 등불이 꺼진다, 사방은 스산하였다' 따위가 있다. ≒병립복합문."
    },
    "겹친성분": {
        "word": "겹친성분",
        "chosung": "ㄱㅊㅅㅂ",
        "type": "명사",
        "mean": "이어진 문장에서, 구조·형태·의미적으로 같은 관계에 있는 둘 이상의 문장 성분. 예를 들면 '혁신의 불길은 학교에서도, 일터에서도, 마을에서도 일어났다'에서 '학교에서도', '일터에서도', '마을에서도' 따위이다. ≒동종성분."
    },
    "겹친음하모니카": {
        "word": "겹친음하모니카",
        "chosung": "ㄱㅊㅇㅎㅁㄴㅋ",
        "type": "명사",
        "mean": "어떤 한 음과, 그 음보다 한 옥타브 낮은 음이 동시에 나게 되어 있는 하모니카. ≒옥타브하모니카."
    },
    "겹친이음": {
        "word": "겹친이음",
        "chosung": "ㄱㅊㅇㅇ",
        "type": "명사",
        "mean": "판을 아래위로 겹치고 용접하거나 리벳 따위를 써서 이어 붙이는 일."
    },
    "겹친점": {
        "word": "겹친점",
        "chosung": "ㄱㅊㅈ",
        "type": "명사",
        "mean": "=중복점."
    },
    "겹침무늬": {
        "word": "겹침무늬",
        "chosung": "ㄱㅊㅁㄴ",
        "type": "명사",
        "mean": "뜨개질에서, 여러 단의 코를 잡아 한데 겹쳐 낸 무늬. ≒끌어올림무늬."
    },
    "겹침압연": {
        "word": "겹침압연",
        "chosung": "ㄱㅊㅇㅇ",
        "type": "명사",
        "mean": "'겹치기 압연'의 북한어."
    },
    "겹침코": {
        "word": "겹침코",
        "chosung": "ㄱㅊㅋ",
        "type": "명사",
        "mean": "뜨개질에서, 겹치는 부분을 뜬 코."
    },
    "겹침효과": {
        "word": "겹침효과",
        "chosung": "ㄱㅊㅎㄱ",
        "type": "명사",
        "mean": "탄소와 탄소의 단일 결합을 가진 포화 탄화수소에서, 탄소와 탄소의 결합을 축으로 볼 때, 가려진 형태의 입체 구조를 가진 화합물의 반응 속도가 크게 감소하는 현상."
    },
    "겹코일필라멘트": {
        "word": "겹코일필라멘트",
        "chosung": "ㄱㅋㅇㅍㄹㅁㅌ",
        "type": "명사",
        "mean": "=이중 코일 필라멘트."
    },
    "겹턱": {
        "word": "겹턱",
        "chosung": "ㄱㅌ",
        "type": "명사",
        "mean": " 겹으로 된 턱."
    },
    "겹토씨": {
        "word": "겹토씨",
        "chosung": "ㄱㅌㅆ",
        "type": "명사",
        "mean": "=복합 조사."
    },
    "겹톱니": {
        "word": "겹톱니",
        "chosung": "ㄱㅌㄴ",
        "type": "명사",
        "mean": "=중거치."
    },
    "겹통신": {
        "word": "겹통신",
        "chosung": "ㄱㅌㅅ",
        "type": "명사",
        "mean": " 송신과 수신을 동시에 할 수 있는 통신."
    },
    "겹판스프링": {
        "word": "겹판스프링",
        "chosung": "ㄱㅍㅅㅍㄹ",
        "type": "명사",
        "mean": "길이가 조금씩 다른 몇 개의 얇은 강철판을 포개어 스프링 작용을 하도록 한 것. 차대와 바퀴 사이에 완충 장치로 많이 사용한다."
    },
    "겹판용수철": {
        "word": "겹판용수철",
        "chosung": "ㄱㅍㅇㅅㅊ",
        "type": "명사",
        "mean": "'겹판 스프링'의 북한어."
    },
    "겹풍삭매듭": {
        "word": "겹풍삭매듭",
        "chosung": "ㄱㅍㅅㅁㄷ",
        "type": "명사",
        "mean": "［북한어］ 고리가 겹으로 되게 낸 매듭. '겹고리매듭'으로 다듬음."
    },
    "겹프리즘": {
        "word": "겹프리즘",
        "chosung": "ㄱㅍㄹㅈ",
        "type": "명사",
        "mean": "=복프리즘."
    },
    "겹합창": {
        "word": "겹합창",
        "chosung": "ㄱㅎㅊ",
        "type": "명사",
        "mean": "이중으로 된 합창. 한 합창곡이 두 부분으로 나뉘어 각각 하나의 합창이 된다. ≒복합창(複合唱)."
    },
    "겹해당화": {
        "word": "겹해당화",
        "chosung": "ㄱㅎㄷㅎ",
        "type": "명사",
        "mean": "꽃이 겹으로 피는 해당화의 한 품종. ≒천엽해당화."
    },
    "겹핵": {
        "word": "겹핵",
        "chosung": "ㄱㅎ",
        "type": "명사",
        "mean": "《물리》=복합핵."
    },
    "겹혀": {
        "word": "겹혀",
        "chosung": "ㄱㅎ",
        "type": "명사",
        "mean": "'겹서'의 잘못."
    },
    "겹현미경": {
        "word": "겹현미경",
        "chosung": "ㄱㅎㅁㄱ",
        "type": "명사",
        "mean": "=복합 현미경."
    },
    "겹혼인": {
        "word": "겹혼인",
        "chosung": "ㄱㅎㅇ",
        "type": "명사",
        "mean": " 사돈의 관계에 있는 집안끼리 다시 맺는 혼인."
    },
    "겹홀소리": {
        "word": "겹홀소리",
        "chosung": "ㄱㅎㅅㄹ",
        "type": "명사",
        "mean": "=이중 모음."
    },
    "겹화산": {
        "word": "겹화산",
        "chosung": "ㄱㅎㅅ",
        "type": "명사",
        "mean": "=복식 화산."
    },
    "겹활차": {
        "word": "겹활차",
        "chosung": "ㄱㅎㅊ",
        "type": "명사",
        "mean": "=겹도르래."
    },
    "겹황매화": {
        "word": "겹황매화",
        "chosung": "ㄱㅎㅁㅎ",
        "type": "명사",
        "mean": "장미과의 낙엽 관목. 황매화의 변종으로 나무 모양은 황매화와 비슷하나 꽃이 여러 겹으로 되어 있어 더 아름답다. 정원수로 많이 가꾼다. (Kerria japonica var. pleniflora)."
    },
    "겹회로": {
        "word": "겹회로",
        "chosung": "ㄱㅎㄹ",
        "type": "명사",
        "mean": "=이중 회로."
    },
    "겹효과": {
        "word": "겹효과",
        "chosung": "ㄱㅎㄱ",
        "type": "명사",
        "mean": " 하나의 수단으로 두 가지 효과를 나타내는 일."
    },
    "겹흔들이": {
        "word": "겹흔들이",
        "chosung": "ㄱㅎㄷㅇ",
        "type": "명사",
        "mean": "=복진자."
    }
}