{
    "곁": {
        "word": "곁",
        "chosung": "ㄱ",
        "type": "겨치",
        "mean": "1. 어떤 대상의 옆. 또는 공간적·심리적으로 가까운 데."
    },
    "곁가다": {
        "word": "곁가다",
        "chosung": "ㄱㄱㄷ",
        "type": "동사",
        "mean": " 곧바로 가지 않고 도중에 다른 길로 가다."
    },
    "곁가닥": {
        "word": "곁가닥",
        "chosung": "ㄱㄱㄷ",
        "type": "명사",
        "mean": " 원래의 가닥에서 갈라져 나간 가닥."
    },
    "곁가리": {
        "word": "곁가리",
        "chosung": "ㄱㄱㄹ",
        "type": "명사",
        "mean": " 갈빗대 아래쪽에 붙은 가늘고 짧은 뼈."
    },
    "곁가마": {
        "word": "곁가마",
        "chosung": "ㄱㄱㅁ",
        "type": "명사",
        "mean": "［북한어］ 불을 직접 때게 되어 있는 원래의 가마솥 곁에 걸어 놓는 가마솥. 또는 원래의 가마솥 곁에 걸어 놓고 불도 땔 수 있게 되어 있는 가마솥."
    },
    "곁가지": {
        "word": "곁가지",
        "chosung": "ㄱㄱㅈ",
        "type": "명사",
        "mean": "1. 원가지에서 돋아난 작은 가지."
    },
    "곁간": {
        "word": "곁간",
        "chosung": "ㄱㄱ",
        "type": "명사",
        "mean": "1. 집의 본채에 딸려 붙은 칸살."
    },
    "곁갈래": {
        "word": "곁갈래",
        "chosung": "ㄱㄱㄹ",
        "type": "명사",
        "mean": " 원줄기에서 갈라져 나간 작은 갈래."
    },
    "곁갈비": {
        "word": "곁갈비",
        "chosung": "ㄱㄱㅂ",
        "type": "명사",
        "mean": "［북한어］ '곁가리'의 북한어."
    },
    "곁개": {
        "word": "곁개",
        "chosung": "ㄱㄱ",
        "type": "명사",
        "mean": "［북한어］ 원래의 줄기에서 갈라져 흐르는 개울."
    },
    "곁고름": {
        "word": "곁고름",
        "chosung": "ㄱㄱㄹ",
        "type": "명사",
        "mean": " =곁옷고름."
    },
    "곁골목": {
        "word": "곁골목",
        "chosung": "ㄱㄱㅁ",
        "type": "명사",
        "mean": " 원래의 길에서 갈라져 나간 골목."
    },
    "곁공": {
        "word": "곁공",
        "chosung": "ㄱㄱ",
        "type": "명사",
        "mean": " 배에서 곁노를 젓는 사람."
    },
    "곁군": {
        "word": "곁군",
        "chosung": "ㄱㄱ",
        "type": "명사",
        "mean": "［북한어］ '곁꾼'의 북한어."
    },
    "곁굴": {
        "word": "곁굴",
        "chosung": "ㄱㄱ",
        "type": "명사",
        "mean": " 원래의 굴에서 갈라져 나간 굴."
    },
    "곁길": {
        "word": "곁길",
        "chosung": "ㄱㄱ",
        "type": "명사",
        "mean": "1. 큰길에서 갈라져서 난 길."
    },
    "곁꾼": {
        "word": "곁꾼",
        "chosung": "ㄱㄲ",
        "type": "명사",
        "mean": " 일하는 사람의 곁에서 그 일을 거들어 주는 사람. ≒손도울이."
    },
    "곁낫질": {
        "word": "곁낫질",
        "chosung": "ㄱㄴㅈ",
        "type": "명사",
        "mean": " 낫을 쓸 때 낫을 옆쪽으로 내리치는 일."
    },
    "곁노": {
        "word": "곁노",
        "chosung": "ㄱㄴ",
        "type": "명사",
        "mean": " 배의 옆쪽에 붙여 걸어 놓고 젓는 노."
    },
    "곁노질": {
        "word": "곁노질",
        "chosung": "ㄱㄴㅈ",
        "type": "명사",
        "mean": " 배에서 곁노를 걸고 젓는 일."
    },
    "곁누르기": {
        "word": "곁누르기",
        "chosung": "ㄱㄴㄹㄱ",
        "type": "명사",
        "mean": "유도 공격 기술의 하나. 상대편을 매트에 뉘어, 한쪽 팔로 상대편의 한쪽 팔을 제어하면서 다른 팔로 상대편의 목을 감고 상체로 상대편의 가슴을 눌러 움직이지 못하게 한다."
    },
    "곁누리": {
        "word": "곁누리",
        "chosung": "ㄱㄴㄹ",
        "type": "명사",
        "mean": " '곁두리'의 잘못."
    },
    "곁눈": {
        "word": "곁눈",
        "chosung": "ㄱㄴ",
        "type": "명사",
        "mean": "1. 얼굴은 돌리지 않고 눈알만 옆으로 굴려서 보는 눈."
    },
    "곁눈따기": {
        "word": "곁눈따기",
        "chosung": "ㄱㄴㄸㄱ",
        "type": "명사",
        "mean": "'측아제거'를 다듬은 말."
    },
    "곁눈질": {
        "word": "곁눈질",
        "chosung": "ㄱㄴㅈ",
        "type": "명사",
        "mean": " 1. 곁눈으로 보는 일. ≒유면(流 眄)·음시(淫視)."
    },
    "곁다리": {
        "word": "곁다리",
        "chosung": "ㄱㄷㄹ",
        "type": "명사",
        "mean": "1. 부수적인 것. 2. 당사자가 아닌 주변의 사람."
    },
    "곁달다": {
        "word": "곁달다",
        "chosung": "ㄱㄷㄷ",
        "type": "동사",
        "mean": "『 …에 …을』 덧붙여서 달다."
    },
    "곁달리다": {
        "word": "곁달리다",
        "chosung": "ㄱㄷㄹㄷ",
        "type": "동사",
        "mean": "『 …에』 '곁달다'의 피동사."
    },
    "곁대": {
        "word": "곁대",
        "chosung": "ㄱㄷ",
        "type": "명사",
        "mean": " '곁바대'의 잘못."
    },
    "곁대장": {
        "word": "곁대장",
        "chosung": "ㄱㄷㅈ",
        "type": "명사",
        "mean": "［북한어］1. 예전에, 놋점을 관리·운영하던 부책임자. 2. 예전에, 용해(鎔解)의 일을 맡아보던 직책. 또는 그런 사람."
    },
    "곁도랑": {
        "word": "곁도랑",
        "chosung": "ㄱㄷㄹ",
        "type": "명사",
        "mean": "물을 끌어대기 위하여 원래의 기본 줄기에서 갈라지게 만든 도랑."
    },
    "곁동": {
        "word": "곁동",
        "chosung": "ㄱㄷ",
        "type": "명사",
        "mean": " 활쏘기에서 '겨드랑이'를 이르는 말."
    },
    "곁두리": {
        "word": "곁두리",
        "chosung": "ㄱㄷㄹ",
        "type": "명사",
        "mean": " 농사꾼이나 일꾼들이 끼니 외에 참참이 먹는 음식."
    },
    "곁듣다": {
        "word": "곁듣다",
        "chosung": "ㄱㄷㄷ",
        "type": "동사",
        "mean": "［북한어］ 다른 사람들이 하는 말을 곁에서 얻어듣다."
    },
    "곁들다": {
        "word": "곁들다",
        "chosung": "ㄱㄷㄷ",
        "type": "동사",
        "mean": "━ ⅰ『 …에』 어떤 공간이나 상황 따위에 끼어들다."
    },
    "곁들리다": {
        "word": "곁들리다",
        "chosung": "ㄱㄷㄹㄷ",
        "type": "동사",
        "mean": "1. '곁들다'의 피동사. 2. '곁들다'의 피동사."
    },
    "곁들이": {
        "word": "곁들이",
        "chosung": "ㄱㄷㅇ",
        "type": "명사",
        "mean": "1. 주된 음식의 옆에 구색을 맞추기 위하여 차려 놓은 음식."
    },
    "곁들이다": {
        "word": "곁들이다",
        "chosung": "ㄱㄷㅇㄷ",
        "type": "동사",
        "mean": "『 …에 …을』 1. '곁들다'의 사동사. 2. 주된 음식에 다른 음식을 서로 어울리게 내어 놓다. ≒앙구다 ."
    },
    "곁따르다": {
        "word": "곁따르다",
        "chosung": "ㄱㄸㄹㄷ",
        "type": "동사",
        "mean": " 1. 『 …에/에게』『 …을』 어떤 것에 덧붙어서 따르다."
    },
    "곁딸리다": {
        "word": "곁딸리다",
        "chosung": "ㄱㄸㄹㄷ",
        "type": "동사",
        "mean": "1. '곁따르다'의 피동사. 2. ［북한어］ '곁따르다'의 피동사."
    },
    "곁땀": {
        "word": "곁땀",
        "chosung": "ㄱㄸ",
        "type": "명사",
        "mean": "겨드랑이에서 유난히 땀이 많이 나는 병. ≒액한(腋汗)."
    },
    "곁땀내": {
        "word": "곁땀내",
        "chosung": "ㄱㄸㄴ",
        "type": "명사",
        "mean": " '암내'의 잘못."
    },
    "곁때": {
        "word": "곁때",
        "chosung": "ㄱㄸ",
        "type": "명사",
        "mean": " 농사꾼이나 일꾼이 일을 할 때에 끼니 외에 참참이 음식을 먹는 시간."
    },
    "곁마": {
        "word": "곁마",
        "chosung": "ㄱㅁ",
        "type": "명사",
        "mean": "1. 두 마리 이상의 말이 마차를 끌 때에, 옆에서 끌거나 따라가는 말. ≒비마(□馬). 2. 장기에서, 궁밭 안의 궁 좌우에 놓인 말."
    },
    "곁마기": {
        "word": "곁마기",
        "chosung": "ㄱㅁㄱ",
        "type": "명사",
        "mean": "1. 여자가 예복으로 입던 저고리의 하나. 연두나 노랑 바탕에 자줏빛으로 겨드랑이, 깃, 고름, 끝동을 단다. 2. 저고리 겨드랑이 안쪽에 자줏빛으로 댄 헝겊."
    },
    "곁마누라": {
        "word": "곁마누라",
        "chosung": "ㄱㅁㄴㄹ",
        "type": "명사",
        "mean": " '첩(妾)'의 잘못."
    },
    "곁마름": {
        "word": "곁마름",
        "chosung": "ㄱㅁㄹ",
        "type": "명사",
        "mean": " 마름의 일을 도와주는 사람."
    },
    "곁마부": {
        "word": "곁마부",
        "chosung": "ㄱㅁㅂ",
        "type": "명사",
        "mean": " 마부를 따라다니며 도와주는 사람."
    },
    "곁마을": {
        "word": "곁마을",
        "chosung": "ㄱㅁㅇ",
        "type": "명사",
        "mean": "［북한어］ 다른 마을의 곁에 붙은 이웃 마을."
    },
    "곁말": {
        "word": "곁말",
        "chosung": "ㄱㅁ",
        "type": "명사",
        "mean": "［북한어］1. '곁마'의 북한어. 2. '곁마'의 북한어."
    },
    "곁망치": {
        "word": "곁망치",
        "chosung": "ㄱㅁㅊ",
        "type": "명사",
        "mean": "［북한어］ 예전에, 놋점에서 망치질을 전문으로 하던 사람 가운데서 곁딸린 망치꾼. 망치꾼에는 이 밖에 앞망치, 선망치가 있었다."
    },
    "곁매": {
        "word": "곁매",
        "chosung": "ㄱㅁ",
        "type": "명사",
        "mean": " 두 사람이 싸울 때 곁에서 한쪽을 편들어 치는 매."
    },
    "곁매질": {
        "word": "곁매질",
        "chosung": "ㄱㅁㅈ",
        "type": "명사",
        "mean": " 곁매로 사람을 때리는 짓."
    },
    "곁맥관": {
        "word": "곁맥관",
        "chosung": "ㄱㅁㄱ",
        "type": "명사",
        "mean": "굵은 기본 혈관과 나란히 달리는 가느다란 혈관. 굵은 기본 혈관에 순환 장애가 생겼을 때에 이 혈관을 통하여 혈액 순환이 이루어진다."
    },
    "곁머슴": {
        "word": "곁머슴",
        "chosung": "ㄱㅁㅅ",
        "type": "명사",
        "mean": " 예전에, 상머슴의 일을 거들어 주던 머슴."
    },
    "곁목밑샘": {
        "word": "곁목밑샘",
        "chosung": "ㄱㅁㅁㅅ",
        "type": "명사",
        "mean": "=부갑상선."
    },
    "곁목밑샘호르몬": {
        "word": "곁목밑샘호르몬",
        "chosung": "ㄱㅁㅁㅅㅎㄹㅁ",
        "type": "명사",
        "mean": "=부갑상선 호르몬."
    },
    "곁문": {
        "word": "곁문",
        "chosung": "ㄱㅁ",
        "type": "명사",
        "mean": "드나들기 편하도록 대문 옆에 따로 낸 작은 문."
    },
    "곁묻다": {
        "word": "곁묻다",
        "chosung": "ㄱㅁㄷ",
        "type": "동사",
        "mean": "［북한어］｛ 주로 '곁묻어' 꼴로 쓰여｝ 다른 것에 곁다리로 껴묻다."
    },
    "곁바다": {
        "word": "곁바다",
        "chosung": "ㄱㅂㄷ",
        "type": "명사",
        "mean": "'연해(緣海)'의 북한어."
    },
    "곁바대": {
        "word": "곁바대",
        "chosung": "ㄱㅂㄷ",
        "type": "명사",
        "mean": " 홑저고리의 겨드랑이 안쪽에 덧대는 'ㄱ' 자 모양의 헝겊."
    },
    "곁반": {
        "word": "곁반",
        "chosung": "ㄱㅂ",
        "type": "명사",
        "mean": " 궁중에서, 수라상에 곁들이던, 물그릇 따위를 놓던 작은 상."
    },
    "곁반응": {
        "word": "곁반응",
        "chosung": "ㄱㅂㅇ",
        "type": "명사",
        "mean": "'부반응'의 북한어."
    },
    "곁발": {
        "word": "곁발",
        "chosung": "ㄱㅂ",
        "type": "명사",
        "mean": "［북한어］ 거름 따위를 실어 나르기 위하여 새끼로 발처럼 엮어 소 등의 양옆에 대는 꾸러미."
    },
    "곁밥": {
        "word": "곁밥",
        "chosung": "ㄱㅂ",
        "type": "명사",
        "mean": "［방언］ '곁두리'의 방언(경기)."
    },
    "곁방": {
        "word": "곁방",
        "chosung": "ㄱㅂ",
        "type": "명사",
        "mean": "1. 안방에 딸린 작은 방. ≒협방(夾房)·협실(夾室)."
    },
    "곁방망이": {
        "word": "곁방망이",
        "chosung": "ㄱㅂㅁㅇ",
        "type": "명사",
        "mean": "1. 남이 방망이를 두드릴 때 옆에서 따라 두드리는 방망이. 2. 남에게 듣기 싫은 소리를 할 때 옆에서 덩달아 거드는 말을 비유적으로 이르는 말."
    },
    "곁방망이질": {
        "word": "곁방망이질",
        "chosung": "ㄱㅂㅁㅇㅈ",
        "type": "명사",
        "mean": "1. 남이 방망이를 두드릴 때 옆에서 따라 하는 방망이질. 2. 남에게 듣기 싫은 소리를 할 때 함께 거들어 말하는 짓을 비유적으로 이르는 말."
    },
    "곁방살림": {
        "word": "곁방살림",
        "chosung": "ㄱㅂㅅㄹ",
        "type": "명사",
        "mean": " 남의 집 곁방을 빌려서 삶. 또는 그런 살림."
    },
    "곁방살이": {
        "word": "곁방살이",
        "chosung": "ㄱㅂㅅㅇ",
        "type": "명사",
        "mean": " 남의 집 곁방을 빌려서 생활함. 또는 그런 일. ≒격간살이."
    },
    "곁방석": {
        "word": "곁방석",
        "chosung": "ㄱㅂㅅ",
        "type": "명사",
        "mean": " 주인 곁에 앉는 자리라는 뜻으로, 세력이 있는 사람의 곁에서 가까이 지내는 사람을 비유적으로 이르는 말."
    },
    "곁방집": {
        "word": "곁방집",
        "chosung": "ㄱㅂㅈ",
        "type": "명사",
        "mean": "［북한어］ 셋방살이를 하는 집."
    },
    "곁부축": {
        "word": "곁부축",
        "chosung": "ㄱㅂㅊ",
        "type": "명사",
        "mean": "1. 겨드랑이를 붙잡아 걷는 것을 도움. ≒부액(扶腋)·부축·액도. 2. 남이 하는 일이나 말을 옆에서 거들어 줌."
    },
    "곁불": {
        "word": "곁불",
        "chosung": "ㄱㅂ",
        "type": "명사",
        "mean": "1. 얻어 쬐는 불."
    },
    "곁불질": {
        "word": "곁불질",
        "chosung": "ㄱㅂㅈ",
        "type": "명사",
        "mean": "［북한어］ 한 대상을 공격하거나 추궁하는데 옆에서 곁따라 공격하거나 추궁하는 짓."
    },
    "곁붙다": {
        "word": "곁붙다",
        "chosung": "ㄱㅂㄷ",
        "type": "동사",
        "mean": "『 …에』 무엇에 딸려서 또는 이차적으로 덧붙다."
    },
    "곁붙이": {
        "word": "곁붙이",
        "chosung": "ㄱㅂㅇ",
        "type": "명사",
        "mean": "1. 촌수가 먼 일가붙이."
    },
    "곁붙이다": {
        "word": "곁붙이다",
        "chosung": "ㄱㅂㅇㄷ",
        "type": "동사",
        "mean": "『 …에 …을』 '곁붙다'의 사동사."
    },
    "곁붙이차": {
        "word": "곁붙이차",
        "chosung": "ㄱㅂㅇㅊ",
        "type": "명사",
        "mean": " 오토바이 옆에 달린 운반차. 또는 옆에 운반차가 달려 있는 오토바이."
    },
    "곁비녀": {
        "word": "곁비녀",
        "chosung": "ㄱㅂㄴ",
        "type": "명사",
        "mean": " 용잠이나 국화잠을 꽂고 장식으로 하나 더 꽂는 작은 비녀."
    },
    "곁뺨": {
        "word": "곁뺨",
        "chosung": "ㄱㅃ",
        "type": "명사",
        "mean": " 얼굴의 양쪽 관자놀이에서 턱 위까지의 살이 많은 부분."
    },
    "곁뿌리": {
        "word": "곁뿌리",
        "chosung": "ㄱㅃㄹ",
        "type": "명사",
        "mean": "고등 식물의 원뿌리에서 갈라져 나간 작은 뿌리. ≒가지뿌리·부근(副根)·엄발 ·옆뿌리·지근(枝根)·측근(側根)·측지근."
    },
    "곁뿌리접": {
        "word": "곁뿌리접",
        "chosung": "ㄱㅃㄹㅈ",
        "type": "명사",
        "mean": "옆으로 벋은 뿌리에 접지(□枝)를 붙여 새로운 나무를 얻는 방법. 늙거나 생산량이 적은 나무를 되살리거나 새로운 품종을 얻기 위한 방법으로 이용한다."
    },
    "곁사돈": {
        "word": "곁사돈",
        "chosung": "ㄱㅅㄷ",
        "type": "명사",
        "mean": " 직접 사돈 간이 아니고 같은 항렬(行列)의 방계 간의 사돈."
    },
    "곁사람": {
        "word": "곁사람",
        "chosung": "ㄱㅅㄹ",
        "type": "명사",
        "mean": "1. 옆에 있는 사람. 2. ［북한어］ 어떤 일에 직접적인 관계가 없는 사람."
    },
    "곁사슬": {
        "word": "곁사슬",
        "chosung": "ㄱㅅㅅ",
        "type": "명사",
        "mean": "분자 구조식에서, 사슬 모양이나 고리 모양 탄소 화합물 곁에 붙어 이어지는 원자단의 짜임새. 에틸벤젠의 에틸기 따위에서 볼 수 있다. ≒측쇄(側鎖)."
    },
    "곁상": {
        "word": "곁상",
        "chosung": "ㄱㅅ",
        "type": "명사",
        "mean": " 한 상에 다 차리지 못하여 덧붙여 차리는 작은 상."
    },
    "곁선": {
        "word": "곁선",
        "chosung": "ㄱㅅ",
        "type": "명사",
        "mean": "'측선(側線)'의 북한어."
    },
    "곁손가락": {
        "word": "곁손가락",
        "chosung": "ㄱㅅㄱㄹ",
        "type": "명사",
        "mean": "［북한어］ 육손이의 여섯 번째 손가락."
    },
    "곁손질": {
        "word": "곁손질",
        "chosung": "ㄱㅅㅈ",
        "type": "명사",
        "mean": "［북한어］ 무엇을 알리는 뜻으로 옆 사람에게 가만히 하는 손짓."
    },
    "곁쇠": {
        "word": "곁쇠",
        "chosung": "ㄱㅅ",
        "type": "명사",
        "mean": " 원래 열쇠가 아니면서 자물쇠를 여는 데 대신 쓰는 열쇠."
    },
    "곁쇠질": {
        "word": "곁쇠질",
        "chosung": "ㄱㅅㅈ",
        "type": "명사",
        "mean": " 제 열쇠가 아닌 것으로 자물쇠를 여는 짓."
    },
    "곁수": {
        "word": "곁수",
        "chosung": "ㄱㅅ",
        "type": "명사",
        "mean": "'계수(係數)'의 북한어."
    },
    "곁순": {
        "word": "곁순",
        "chosung": "ㄱㅅ",
        "type": "명사",
        "mean": " 풀이나 나무의 원줄기 곁에서 돋아나는 순."
    },
    "곁순치기": {
        "word": "곁순치기",
        "chosung": "ㄱㅅㅊㄱ",
        "type": "명사",
        "mean": "=순지르기."
    },
    "곁술": {
        "word": "곁술",
        "chosung": "ㄱㅅ",
        "type": "명사",
        "mean": "［북한어］ 남의 밥을 곁에서 함께 떠먹음. 또는 그런 밥술."
    },
    "곁시": {
        "word": "곁시",
        "chosung": "ㄱㅅ",
        "type": "명사",
        "mean": " '곁수'의 잘못."
    },
    "곁쐐기": {
        "word": "곁쐐기",
        "chosung": "ㄱㅆㄱ",
        "type": "명사",
        "mean": "1. 쐐기 곁에 덧박는 작은 쐐기. 2. 남의 일에 참견하거나 남이 방해하는 데 덧붙어서 함께 방해함을 비유적으로 이르는 말."
    },
    "곁쐬아이": {
        "word": "곁쐬아이",
        "chosung": "ㄱㅆㅇㅇ",
        "type": "명사",
        "mean": " '곁쐐기'의 잘못."
    },
    "곁아래": {
        "word": "곁아래",
        "chosung": "ㄱㅇㄹ",
        "type": "명사",
        "mean": " 겨드랑이의 아랫부분."
    },
    "곁아지": {
        "word": "곁아지",
        "chosung": "ㄱㅇㅈ",
        "type": "명사",
        "mean": "［북한어］ '곁가지'의 북한어."
    },
    "곁양반": {
        "word": "곁양반",
        "chosung": "ㄱㅇㅂ",
        "type": "명사",
        "mean": "고성 오광대놀이에서, 원양반에 곁다리로 나오는 어릿광대."
    },
    "곁옷고름": {
        "word": "곁옷고름",
        "chosung": "ㄱㅇㄱㄹ",
        "type": "명사",
        "mean": " 저고리나 두루마기의 안쪽에 달려 있는 짧은 옷고름. ≒곁고름."
    },
    "곁자리": {
        "word": "곁자리",
        "chosung": "ㄱㅈㄹ",
        "type": "명사",
        "mean": " 중심이 되는 자리의 좌우 옆 자리."
    },
    "곁장구": {
        "word": "곁장구",
        "chosung": "ㄱㅈㄱ",
        "type": "명사",
        "mean": " =맞장구 ."
    },
    "곁점": {
        "word": "곁점",
        "chosung": "ㄱㅈ",
        "type": "명사",
        "mean": "=방점(傍點) ."
    },
    "곁주머니": {
        "word": "곁주머니",
        "chosung": "ㄱㅈㅁㄴ",
        "type": "명사",
        "mean": "위, 장, 방광, 식도 따위 장기(臟器)의 벽 일부가 밖으로 불거져 나와 주머니 모양의 빈 공간을 이룬 곳. 선천성 또는 후천성으로 이루어지는데 음식의 소화물이 이곳에 괴기도 한다. ≒게실."
    },
    "곁줄": {
        "word": "곁줄",
        "chosung": "ㄱㅈ",
        "type": "명사",
        "mean": "1. 세로쓰기에서 글줄의 오른편에 내리긋는 줄. 가로쓰기에서의 밑줄과 같다. 2. =게줄. 3. ［북한어］ 통나무를 들어 옮기거나 굴리는 일을 할 때 앞에서 줄을 끌어당기는 사람의 대리 역을 하는 사람."
    },
    "곁줄기": {
        "word": "곁줄기",
        "chosung": "ㄱㅈㄱ",
        "type": "명사",
        "mean": " 문학 및 예술 작품의 구성에서 기본 줄거리 외의 부차적인 줄거리."
    },
    "곁지르다": {
        "word": "곁지르다",
        "chosung": "ㄱㅈㄹㄷ",
        "type": "동사",
        "mean": "1. '겯지르다'의 잘못. 2. ［북한어］ 남이 말하는데 잘라 말하다."
    },
    "곁질리다": {
        "word": "곁질리다",
        "chosung": "ㄱㅈㄹㄷ",
        "type": "동사",
        "mean": " '겯질리다'의 잘못."
    },
    "곁집": {
        "word": "곁집",
        "chosung": "ㄱㅈ",
        "type": "명사",
        "mean": " 이웃하여 붙어 있는 집."
    },
    "곁쪽": {
        "word": "곁쪽",
        "chosung": "ㄱㅉ",
        "type": "명사",
        "mean": "1. 가까운 일가 친척. 2. 통나무에서 널빤지를 켜고 남은 겉쪽."
    },
    "곁참": {
        "word": "곁참",
        "chosung": "ㄱㅊ",
        "type": "명사",
        "mean": "［방언］ '곁두리'의 방언(경기)."
    },
    "곁창": {
        "word": "곁창",
        "chosung": "ㄱㅊ",
        "type": "명사",
        "mean": "［북한어］ 창으로 짐승을 잡을 때에 선창꾼이 앞에서 먼저 찌른 다음 그 곁에서 따라 찌르는 창."
    },
    "곁창군": {
        "word": "곁창군",
        "chosung": "ㄱㅊㄱ",
        "type": "명사",
        "mean": "［북한어］ 사냥에서, 곁창의 일을 맡아 하는 사람."
    },
    "곁창질": {
        "word": "곁창질",
        "chosung": "ㄱㅊㅈ",
        "type": "명사",
        "mean": "［북한어］1. 곁창을 찌르는 짓."
    },
    "곁채": {
        "word": "곁채",
        "chosung": "ㄱㅊ",
        "type": "명사",
        "mean": " 몸채 곁에 딸려 있는 집채."
    },
    "곁치기": {
        "word": "곁치기",
        "chosung": "ㄱㅊㄱ",
        "type": "명사",
        "mean": "태껸에서, 발 장심으로 상대의 옆구리를 차는 기술."
    },
    "곁칼": {
        "word": "곁칼",
        "chosung": "ㄱㅋ",
        "type": "명사",
        "mean": " 늘 몸에 지니고 다니는 칼."
    },
    "곁콩팥": {
        "word": "곁콩팥",
        "chosung": "ㄱㅋㅍ",
        "type": "명사",
        "mean": "《의학》=부신."
    },
    "곁탁자": {
        "word": "곁탁자",
        "chosung": "ㄱㅌㅈ",
        "type": "명사",
        "mean": " 큰 탁자에 덧붙여 놓는 작은 탁자."
    },
    "곁태도": {
        "word": "곁태도",
        "chosung": "ㄱㅌㄷ",
        "type": "명사",
        "mean": " 곁으로 보이는 몸가짐."
    },
    "곁피": {
        "word": "곁피",
        "chosung": "ㄱㅍ",
        "type": "명사",
        "mean": " 활의 손잡이 부분을 감싸 붙인 벚나무의 속껍질."
    }
}