{
    "곤": {
        "word": "곤",
        "chosung": "ㄱ",
        "type": "명사",
        "mean": "연결 어미 '-고'와 조사 '는'이 결합한 '-고는'이 줄어든 말."
    },
    "곤가": {
        "word": "곤가",
        "chosung": "ㄱㄱ",
        "type": "명사",
        "mean": " 사정이 곤란하여 괴로워하거나 고생함."
    },
    "곤각": {
        "word": "곤각",
        "chosung": "ㄱㄱ",
        "type": "명사",
        "mean": " 곤란하거나 고생스럽게 삶."
    },
    "곤갈": {
        "word": "곤갈",
        "chosung": "ㄱㄱ",
        "type": "명사",
        "mean": " 곤궁하여 재물이 다 없어짐."
    },
    "곤강": {
        "word": "곤강",
        "chosung": "ㄱㄱ",
        "type": "명사",
        "mean": "=곤곡(崑曲)."
    },
    "곤겸": {
        "word": "곤겸",
        "chosung": "ㄱㄱ",
        "type": "명사",
        "mean": "옛 중국에서 과하던 형벌의 하나. 머리를 깎고 목에 칼을 씌우던 형벌이다."
    },
    "곤경": {
        "word": "곤경",
        "chosung": "ㄱㄱ",
        "type": "명사",
        "mean": " 어려운 형편이나 처지."
    },
    "곤고": {
        "word": "곤고",
        "chosung": "ㄱㄱ",
        "type": "명사",
        "mean": "困苦 '곤고하다'의 어근."
    },
    "곤고다": {
        "word": "곤고다",
        "chosung": "ㄱㄱㄷ",
        "type": "동사",
        "mean": "［옛말］ '돋우다'의 옛말."
    },
    "곤곡": {
        "word": "곤곡",
        "chosung": "ㄱㄱ",
        "type": "명사",
        "mean": "《연영》중국의 고전 극 양식의 하나. 장쑤 성(江蘇省) 곤산현(崑山縣)의 위양보(魏良 輔)가 남곡의 익양강(□陽腔)과 해염강(海鹽腔)을 본떠서 만든 것으로, 한때 북곡을 병합할 정도로 성행하였으나 19세기 초부터 경극에 눌려 쇠퇴하였다. ≒곤강(崑腔)·곤산강(崑山腔)."
    },
    "곤곤": {
        "word": "곤곤",
        "chosung": "ㄱㄱ",
        "type": "명사",
        "mean": "滾滾 '곤곤하다'의 어근."
    },
    "곤골": {
        "word": "곤골",
        "chosung": "ㄱㄱ",
        "type": "명사",
        "mean": "滾汨 '곤골하다'의 어근."
    },
    "곤관": {
        "word": "곤관",
        "chosung": "ㄱㄱ",
        "type": "명사",
        "mean": " 최선을 다하려는 참되고 성실한 마음이 있음."
    },
    "곤괘": {
        "word": "곤괘",
        "chosung": "ㄱㄱ",
        "type": "명사",
        "mean": "1. 팔괘(八卦)의 하나. 상형은 ''으로 땅을 상징한다. ≒곤(坤) . 2. 육십사괘의 하나. 두 개의 ''을 포갠 것으로 땅이 거듭됨을 상징한다. ≒곤 ."
    },
    "곤구": {
        "word": "곤구",
        "chosung": "ㄱㄱ",
        "type": "명사",
        "mean": " 짚신을 삼음."
    },
    "곤구직석": {
        "word": "곤구직석",
        "chosung": "ㄱㄱㅈㅅ",
        "type": "명사",
        "mean": " 짚신을 삼고 돗자리를 짬."
    },
    "곤군": {
        "word": "곤군",
        "chosung": "ㄱㄱ",
        "type": "명사",
        "mean": "困窘 '곤군하다'의 어근."
    },
    "곤궁": {
        "word": "곤궁",
        "chosung": "ㄱㄱ",
        "type": "명사",
        "mean": "=중궁전 ."
    },
    "곤궁스럽다": {
        "word": "곤궁스럽다",
        "chosung": "ㄱㄱㅅㄹㄷ",
        "type": "형용사",
        "mean": " 가난하여 살림이 구차한 데가 있다."
    },
    "곤권": {
        "word": "곤권",
        "chosung": "ㄱㄱ",
        "type": "명사",
        "mean": "困倦 '곤권하다'의 어근."
    },
    "곤궤": {
        "word": "곤궤",
        "chosung": "ㄱㄱ",
        "type": "명사",
        "mean": "困□ '곤궤하다'의 어근."
    },
    "곤극": {
        "word": "곤극",
        "chosung": "ㄱㄱ",
        "type": "명사",
        "mean": " =곤위(□位)."
    },
    "곤급": {
        "word": "곤급",
        "chosung": "ㄱㄱ",
        "type": "명사",
        "mean": "困急 '곤급하다'의 어근."
    },
    "곤기": {
        "word": "곤기",
        "chosung": "ㄱㄱ",
        "type": "명사",
        "mean": " 고단한 기색이나 느낌."
    },
    "곤난": {
        "word": "곤난",
        "chosung": "ㄱㄴ",
        "type": "명사",
        "mean": " 1. '곤란'의 잘못. 2. ［북한어］ '곤란'의 북한어."
    },
    "곤난스럽다": {
        "word": "곤난스럽다",
        "chosung": "ㄱㄴㅅㄹㄷ",
        "type": "형용사",
        "mean": "［북한어］ '곤란스럽다'의 북한어."
    },
    "곤난진니": {
        "word": "곤난진니",
        "chosung": "ㄱㄴㅈㄴ",
        "type": "명사",
        "mean": " '샛서방'의 잘못."
    },
    "곤남주니": {
        "word": "곤남주니",
        "chosung": "ㄱㄴㅈㄴ",
        "type": "명사",
        "mean": "［방언］ '샛서방'의 방언(평북)."
    },
    "곤남진지": {
        "word": "곤남진지",
        "chosung": "ㄱㄴㅈㅈ",
        "type": "명사",
        "mean": "［방언］ '샛서방'의 방언(평북)."
    },
    "곤냐쿠": {
        "word": "곤냐쿠",
        "chosung": "ㄱㄴㅋ",
        "type": "명사",
        "mean": " 1. '구약나물', '구약 감자'로 순화. 2. '우무'로 순화."
    },
    "곤녕지곡": {
        "word": "곤녕지곡",
        "chosung": "ㄱㄴㅈㄱ",
        "type": "명사",
        "mean": "《음악》조선 순조 28년(1828)에 자경전에서 왕세자가 제2작을 드릴 때 연주하였던 반주 음악."
    },
    "곤뇌": {
        "word": "곤뇌",
        "chosung": "ㄱㄴ",
        "type": "명사",
        "mean": "困惱 '곤뇌하다'의 어근."
    },
    "곤니": {
        "word": "곤니",
        "chosung": "ㄱㄴ",
        "type": "명사",
        "mean": "［방언］ '고니'의 방언(강원)."
    },
    "곤다르": {
        "word": "곤다르",
        "chosung": "ㄱㄷㄹ",
        "type": "명사",
        "mean": "에티오피아 북서부에 있는 고원 도시. 17세기에서 19세기까지 에티오피아 제국의 수도로, 역대 황제의 궁전 유적이 있다. 농산물의 집산지이며, 가죽·금속·상아 세공 따위가 활발하다."
    },
    "곤달걀": {
        "word": "곤달걀",
        "chosung": "ㄱㄷㄱ",
        "type": "명사",
        "mean": " 곯은 달걀."
    },
    "곤달비": {
        "word": "곤달비",
        "chosung": "ㄱㄷㅂ",
        "type": "명사",
        "mean": "국화과의 여러해살이풀. 높이는 60~100cm이며, 뿌리잎은 잎줄기가 길고 줄기잎은 작고 여리다. 8~9월에 노란 꽃이 줄기 끝에 총상(總狀) 꽃차례로 핀다. 어린잎은 식용하고 뿌리는 부인병 치료에 쓴다. 깊은 산에서 자라는데 한국의 전남, 일본 등지에 분포한다. (Ligularia stenocephala)"
    },
    "곤닭알": {
        "word": "곤닭알",
        "chosung": "ㄱㄷㅇ",
        "type": "명사",
        "mean": "［북한어］ '곤달걀'의 북한어."
    },
    "곤당": {
        "word": "곤당",
        "chosung": "ㄱㄷ",
        "type": "명사",
        "mean": " =속고의."
    },
    "곤대": {
        "word": "곤대",
        "chosung": "ㄱㄷ",
        "type": "명사",
        "mean": " '고운대'의 준말."
    },
    "곤대구덕": {
        "word": "곤대구덕",
        "chosung": "ㄱㄷㄱㄷ",
        "type": "명사",
        "mean": "［방언］ 가는 대바구니(제주)."
    },
    "곤대로": {
        "word": "곤대로",
        "chosung": "ㄱㄷㄹ",
        "type": "부사",
        "mean": " '간대로'의 잘못."
    },
    "곤대머리질": {
        "word": "곤대머리질",
        "chosung": "ㄱㄷㅁㄹㅈ",
        "type": "명사",
        "mean": " '곤댓짓'의 잘못."
    },
    "곤댓국": {
        "word": "곤댓국",
        "chosung": "ㄱㄷㄱ",
        "type": "명사",
        "mean": " '고운댓국'의 준말."
    },
    "곤댓짓": {
        "word": "곤댓짓",
        "chosung": "ㄱㄷㅈ",
        "type": "명사",
        "mean": " 뽐내어 우쭐거리며 하는 고갯짓."
    },
    "곤댕이": {
        "word": "곤댕이",
        "chosung": "ㄱㄷㅇ",
        "type": "명사",
        "mean": "［방언］ '곤쟁이'의 방언(평북)."
    },
    "곤댱": {
        "word": "곤댱",
        "chosung": "ㄱㄷ",
        "type": "명사",
        "mean": "［옛말］ '곤장(棍杖)'의 옛말."
    },
    "곤덕": {
        "word": "곤덕",
        "chosung": "ㄱㄷ",
        "type": "명사",
        "mean": " 황후나 왕후의 덕."
    },
    "곤도": {
        "word": "곤도",
        "chosung": "ㄱㄷ",
        "type": "명사",
        "mean": "중국 주나라 때에, 곤오국(昆吾國)에서 만들었다는 잘 드는 칼."
    },
    "곤도성녀": {
        "word": "곤도성녀",
        "chosung": "ㄱㄷㅅㄴ",
        "type": "명사",
        "mean": "음성(陰性)인 곤도를 얻은 자가 여성이 됨."
    },
    "곤독": {
        "word": "곤독",
        "chosung": "ㄱㄷ",
        "type": "명사",
        "mean": "《한의학》병이 매우 심함."
    },
    "곤독거리다": {
        "word": "곤독거리다",
        "chosung": "ㄱㄷㄱㄹㄷ",
        "type": "동사",
        "mean": "［북한어］ 작은 것이 귀엽게 자꾸 흔들리다. ≒곤독대다."
    },
    "곤독곤독": {
        "word": "곤독곤독",
        "chosung": "ㄱㄷㄱㄷ",
        "type": "부사",
        "mean": "［북한어］ 작은 것이 귀엽게 자꾸 흔들리는 모양."
    },
    "곤독대다": {
        "word": "곤독대다",
        "chosung": "ㄱㄷㄷㄷ",
        "type": "동사",
        "mean": "［북한어］ =곤독거리다."
    },
    "곤돈": {
        "word": "곤돈",
        "chosung": "ㄱㄷ",
        "type": "명사",
        "mean": "困頓 '곤돈하다'의 어근."
    },
    "곤돌거리다": {
        "word": "곤돌거리다",
        "chosung": "ㄱㄷㄱㄹㄷ",
        "type": "동사",
        "mean": "［북한어］ 매달리거나 물에 뜬 작은 것이 가볍게 이리저리 흔들리며 자꾸 움직이다. ≒곤돌대다."
    },
    "곤돌곤돌": {
        "word": "곤돌곤돌",
        "chosung": "ㄱㄷㄱㄷ",
        "type": "부사",
        "mean": "［북한어］ 매달리거나 물에 뜬 작은 것이 가볍게 이리저리 흔들리며 자꾸 움직이는 모양."
    },
    "곤돌대다": {
        "word": "곤돌대다",
        "chosung": "ㄱㄷㄷㄷ",
        "type": "동사",
        "mean": "［북한어］ =곤돌거리다."
    },
    "곤돌라": {
        "word": "곤돌라",
        "chosung": "ㄱㄷㄹ",
        "type": "명사",
        "mean": " 1. 이탈리아 베네치아의 명물인 작은 배. 길이 9미터, 폭 1.5미터 정도로, 바닥이 평평하고 이물과 고물이 위로 굽었으며, 운하의 교통수단이다."
    },
    "곤돌막": {
        "word": "곤돌막",
        "chosung": "ㄱㄷㅁ",
        "type": "명사",
        "mean": " '오막살이'의 잘못."
    },
    "곤두": {
        "word": "곤두",
        "chosung": "ㄱㄷ",
        "type": "명사",
        "mean": " =곤두박질 .［부사］［북한어］ '거꾸로'의 북한어."
    },
    "곤두곤두": {
        "word": "곤두곤두",
        "chosung": "ㄱㄷㄱㄷ",
        "type": "감탄사",
        "mean": " 어린아이를 손바닥 위에 세우며 가락을 맞출 때 내는 소리."
    },
    "곤두기침": {
        "word": "곤두기침",
        "chosung": "ㄱㄷㄱㅊ",
        "type": "명사",
        "mean": " 소리가 높고 날카롭게 하는 기침."
    },
    "곤두꾼": {
        "word": "곤두꾼",
        "chosung": "ㄱㄷㄲ",
        "type": "명사",
        "mean": "=살판쇠."
    },
    "곤두다": {
        "word": "곤두다",
        "chosung": "ㄱㄷㄷ",
        "type": "동사",
        "mean": "［북한어］ 거꾸로 솟구거나 서게 하다."
    },
    "곤두박다": {
        "word": "곤두박다",
        "chosung": "ㄱㄷㅂㄷ",
        "type": "동사",
        "mean": " 높은 데서 거꾸로 떨어지다."
    },
    "곤두박이": {
        "word": "곤두박이",
        "chosung": "ㄱㄷㅂㅇ",
        "type": "명사",
        "mean": " 높은 데서 떨어지는 일. 또는 그런 상태."
    },
    "곤두박이다": {
        "word": "곤두박이다",
        "chosung": "ㄱㄷㅂㅇㄷ",
        "type": "동사",
        "mean": " 『 …에』『 …으로』 '곤두박다'의 피동사."
    },
    "곤두박이치다": {
        "word": "곤두박이치다",
        "chosung": "ㄱㄷㅂㅇㅊㄷ",
        "type": "처",
        "mean": "), -치니〕［동사］『 …에』『 …으로』 높은 곳에서 머리를 아래로 하여 거꾸로 떨어지다. ≒곤두치다."
    },
    "곤두박질": {
        "word": "곤두박질",
        "chosung": "ㄱㄷㅂㅈ",
        "type": "명사",
        "mean": " 1. 몸을 번드쳐 갑자기 거꾸로 내리박히는 일. ≒곤두 ·곤두질."
    },
    "곤두박질치다": {
        "word": "곤두박질치다",
        "chosung": "ㄱㄷㅂㅈㅊㄷ",
        "type": "처",
        "mean": "), -치니〕［동사］ 1. 『 …에』『 …으로』 몸을 번드쳐 갑자기 거꾸로 내리박히다."
    },
    "곤두박히다": {
        "word": "곤두박히다",
        "chosung": "ㄱㄷㅂㅎㄷ",
        "type": "동사",
        "mean": " 1. '곤두박이다'의 잘못. 2. ［북한어］ '곤두박이다'의 북한어."
    },
    "곤두배": {
        "word": "곤두배",
        "chosung": "ㄱㄷㅂ",
        "type": "명사",
        "mean": "놀이 패의 하나. 솟대쟁이패와 비슷하다."
    },
    "곤두뱉다": {
        "word": "곤두뱉다",
        "chosung": "ㄱㄷㅂㄷ",
        "type": "동사",
        "mean": "『 …을』 가래침 따위를 솟구어 멀리 내뱉다."
    },
    "곤두새우다": {
        "word": "곤두새우다",
        "chosung": "ㄱㄷㅅㅇㄷ",
        "type": "동사",
        "mean": "［북한어］ 잠을 전혀 자지 못하고 밤을 꼬박 새우다."
    },
    "곤두서기운동": {
        "word": "곤두서기운동",
        "chosung": "ㄱㄷㅅㄱㅇㄷ",
        "type": "명사",
        "mean": "----運動 =물구나무서기 운동."
    },
    "곤두서다": {
        "word": "곤두서다",
        "chosung": "ㄱㄷㅅㄷ",
        "type": "동사",
        "mean": " 1. 거꾸로 꼿꼿이 서다."
    },
    "곤두세우다": {
        "word": "곤두세우다",
        "chosung": "ㄱㄷㅅㅇㄷ",
        "type": "동사",
        "mean": "『 …을』 1. '곤두서다'의 사동사."
    },
    "곤두자": {
        "word": "곤두자",
        "chosung": "ㄱㄷㅈ",
        "type": "명사",
        "mean": "뛰거나 넘거나 거꾸로 서는 따위의 땅재주를 하는 광대."
    },
    "곤두잡이": {
        "word": "곤두잡이",
        "chosung": "ㄱㄷㅈㅇ",
        "type": "명사",
        "mean": " 1. '곤두박이'의 잘못. 2. ［북한어］ '곤두박이'의 북한어."
    },
    "곤두질": {
        "word": "곤두질",
        "chosung": "ㄱㄷㅈ",
        "type": "명사",
        "mean": " =곤두박질 ."
    },
    "곤두짓": {
        "word": "곤두짓",
        "chosung": "ㄱㄷㅈ",
        "type": "명사",
        "mean": "《민속》뛰거나 넘거나 거꾸로 서는 따위의 땅재주."
    },
    "곤두치다": {
        "word": "곤두치다",
        "chosung": "ㄱㄷㅊㄷ",
        "type": "처",
        "mean": "), -치니〕［동사］『 …에』『 …으로』 =곤두박이치다."
    },
    "곤두하다": {
        "word": "곤두하다",
        "chosung": "ㄱㄷㅎㄷ",
        "type": "동사",
        "mean": "［북한어］ 기침이 나서 솟구치어 울리다."
    },
    "곤드기장원": {
        "word": "곤드기장원",
        "chosung": "ㄱㄷㄱㅈㅇ",
        "type": "명사",
        "mean": " 노름판에서, 서로 비기게 된 일."
    },
    "곤드라지다": {
        "word": "곤드라지다",
        "chosung": "ㄱㄷㄹㅈㄷ",
        "type": "저",
        "mean": "), -지니〕［동사］ 1. 몹시 피곤하거나 술에 취하여 정신없이 쓰러져 자다."
    },
    "곤드랑거리다": {
        "word": "곤드랑거리다",
        "chosung": "ㄱㄷㄹㄱㄹㄷ",
        "type": "동사",
        "mean": "［북한어］ 작은 물체가 중심이 없이 이리저리 자꾸 흔들리다. ≒곤드랑대다."
    },
    "곤드랑곤드랑": {
        "word": "곤드랑곤드랑",
        "chosung": "ㄱㄷㄹㄱㄷㄹ",
        "type": "부사",
        "mean": "［북한어］ 작은 물체가 중심이 없이 이리저리 자꾸 흔들리는 모양."
    },
    "곤드랑대다": {
        "word": "곤드랑대다",
        "chosung": "ㄱㄷㄹㄷㄷ",
        "type": "동사",
        "mean": "［북한어］ =곤드랑거리다."
    },
    "곤드레": {
        "word": "곤드레",
        "chosung": "ㄱㄷㄹ",
        "type": "부사",
        "mean": " =곤드레만드레."
    },
    "곤드레만드레": {
        "word": "곤드레만드레",
        "chosung": "ㄱㄷㄹㅁㄷㄹ",
        "type": "부사",
        "mean": " 술이나 잠에 몹시 취하여 정신을 차리지 못하고 몸을 못 가누는 모양. ≒곤드레."
    },
    "곤드와나대륙": {
        "word": "곤드와나대륙",
        "chosung": "ㄱㄷㅇㄴㄷㄹ",
        "type": "명사",
        "mean": "고생대 말기에서 중생대까지 남반구에 있었다고 생각되는 가상적인 대륙. 그 뒤에 분리되어 현재의 아프리카, 남아메리카, 오스트레일리아, 인도 반도 및 남극 대륙 따위가 되었다고 한다."
    },
    "곤드와나식물군": {
        "word": "곤드와나식물군",
        "chosung": "ㄱㄷㅇㄴㅅㅁㄱ",
        "type": "명사",
        "mean": "고생대 말기부터 중생대 초기에 곤드와나 대륙에 번성하였다는 식물군. 소철 양치류의 특징적인 속(屬)이 알려져 있다."
    },
    "곤드족": {
        "word": "곤드족",
        "chosung": "ㄱㄷㅈ",
        "type": "명사",
        "mean": "인도 남부 데칸 고원의 한 지방에 사는 종족. 검은 갈색 피부에 키가 작고 머리가 길고 코가 펑퍼짐하며, 언어는 드라비다 어를 사용한다."
    },
    "곤득거리다": {
        "word": "곤득거리다",
        "chosung": "ㄱㄷㄱㄹㄷ",
        "type": "동사",
        "mean": "［북한어］ 졸면서 자꾸 머리를 조금 숙였다 들었다 하다. ≒곤득대다."
    },
    "곤득곤득": {
        "word": "곤득곤득",
        "chosung": "ㄱㄷㄱㄷ",
        "type": "부사",
        "mean": "［북한어］ 졸면서 자꾸 머리를 조금 숙였다 들었다 하는 모양."
    },
    "곤득대다": {
        "word": "곤득대다",
        "chosung": "ㄱㄷㄷㄷ",
        "type": "동사",
        "mean": "［북한어］ =곤득거리다."
    },
    "곤들거리다": {
        "word": "곤들거리다",
        "chosung": "ㄱㄷㄱㄹㄷ",
        "type": "동사",
        "mean": "［북한어］ 매달려 있거나 떠 있는 것이 가볍게 이리저리 자꾸 흔들리다. ≒곤들대다."
    },
    "곤들곤들": {
        "word": "곤들곤들",
        "chosung": "ㄱㄷㄱㄷ",
        "type": "부사",
        "mean": "［북한어］ 매달려 있거나 떠 있는 것이 가볍게 이리저리 자꾸 흔들리는 모양."
    },
    "곤들대다": {
        "word": "곤들대다",
        "chosung": "ㄱㄷㄷㄷ",
        "type": "동사",
        "mean": "［북한어］ =곤들거리다."
    },
    "곤들막": {
        "word": "곤들막",
        "chosung": "ㄱㄷㅁ",
        "type": "명사",
        "mean": " '오막살이'의 잘못."
    },
    "곤들매기": {
        "word": "곤들매기",
        "chosung": "ㄱㄷㅁㄱ",
        "type": "명사",
        "mean": "연어과의 민물고기. 몸의 길이는 30cm 정도이고 송어와 비슷하나 조금 작으며, 누런 갈색에 흰 점무늬가 있는데 배 쪽은 희다. 식용하며 강 상류의 맑은 물에 사는데 한국의 압록강과 두만강, 일본, 미국 등지에 분포한다. ≒가어(嘉魚)·억무개. (Salvelinus malma)"
    },
    "곤디": {
        "word": "곤디",
        "chosung": "ㄱㄷ",
        "type": "명사",
        "mean": "［방언］ '그네'의 방언(경남)."
    },
    "곤디기": {
        "word": "곤디기",
        "chosung": "ㄱㄷㄱ",
        "type": "명사",
        "mean": "［방언］ '번데기'의 방언(경상, 전북)."
    },
    "곤디벌거지": {
        "word": "곤디벌거지",
        "chosung": "ㄱㄷㅂㄱㅈ",
        "type": "명사",
        "mean": "［방언］ '장구벌레'의 방언(함경)."
    },
    "곤때": {
        "word": "곤때",
        "chosung": "ㄱㄸ",
        "type": "명사",
        "mean": " '고운때'의 준말."
    },
    "곤떡": {
        "word": "곤떡",
        "chosung": "ㄱㄸ",
        "type": "명사",
        "mean": "［방언］ '흰떡'의 방언(제주)."
    },
    "곤란": {
        "word": "곤란",
        "chosung": "ㄱㄹ",
        "type": "명사",
        "mean": " 사정이 몹시 딱하고 어려움. 또는 그런 일."
    },
    "곤란스럽다": {
        "word": "곤란스럽다",
        "chosung": "ㄱㄹㅅㄹㄷ",
        "type": "형용사",
        "mean": " 사정 따위가 몹시 딱하고 어려운 듯하다."
    },
    "곤로": {
        "word": "곤로",
        "chosung": "ㄱㄹ",
        "type": "명사",
        "mean": " '풍로', '화로'로 순화."
    },
    "곤룡포": {
        "word": "곤룡포",
        "chosung": "ㄱㄹㅍ",
        "type": "명사",
        "mean": "임금이 입던 정복. 누런빛이나 붉은빛의 비단으로 지었으며, 가슴과 등과 어깨에 용의 무늬를 수놓았다. ≒곤복(□服)·곤의(□衣)·곤포(□袍)·망포(□袍)·용포(龍 袍)."
    },
    "곤륜": {
        "word": "곤륜",
        "chosung": "ㄱㄹ",
        "type": "명사",
        "mean": "에 나오는, 칭하이 성(靑海省) 부근에 살던 민족. 2. 중국에서, 한(漢)나라 때 이후부터 남양(南洋)에서 온 흑인을 이르는 말. ≒곤륜노. 3. =곤륜산. 4. 《한의학》=백렴(白□) ."
    },
    "곤륜노": {
        "word": "곤륜노",
        "chosung": "ㄱㄹㄴ",
        "type": "명사",
        "mean": " =곤륜 ."
    },
    "곤륜산": {
        "word": "곤륜산",
        "chosung": "ㄱㄹㅅ",
        "type": "명사",
        "mean": " 중국 전설상의 높은 산. 중국의 서쪽에 있으며, 옥(玉)이 난다고 한다. 전국(戰國) 시대 말기부터는 서왕모(西王母)가 살며 불사(不 死)의 물이 흐른다고 믿어졌다. ≒곤륜(崑崙) ·곤산(崑山)."
    },
    "곤륜산맥": {
        "word": "곤륜산맥",
        "chosung": "ㄱㄹㅅㅁ",
        "type": "명사",
        "mean": "'쿤룬 산맥'의 잘못."
    },
    "곤륜산팔선무": {
        "word": "곤륜산팔선무",
        "chosung": "ㄱㄹㅅㅍㅅㅁ",
        "type": "명사",
        "mean": "=곤륜 팔선."
    },
    "곤륜팔선": {
        "word": "곤륜팔선",
        "chosung": "ㄱㄹㅍㅅ",
        "type": "명사",
        "mean": "일본에 전해진, 네 사람이 추는 고구려의 탈춤. 또는 그 음악. 탈은 파란색을 칠한 사람 얼굴에 새의 부리를 하고 부리는 금색 방울을 실끈으로 매어 물었으며 누런 눈을 가지고 있다. ≒곤륜산 팔선무·팔선(八仙) ."
    },
    "곤릉": {
        "word": "곤릉",
        "chosung": "ㄱㄹ",
        "type": "명사",
        "mean": "인천광역시 강화군에 있는, 고려 강종의 비 유 씨의 능."
    },
    "곤리도": {
        "word": "곤리도",
        "chosung": "ㄱㄹㄷ",
        "type": "명사",
        "mean": "경상남도 통영시 산양면 곤리에 있는 섬. 연안 일대는 부근 바다에서 행하는 수산업의 중심지이며, 특히 굴과 김의 양식이 활발하다. 면적은 11.9㎢."
    },
    "곤마": {
        "word": "곤마",
        "chosung": "ㄱㅁ",
        "type": "명사",
        "mean": " 1. 사람이 오래 타서 지친 말. 2. 바둑에서, 살아나기 어려운 돌."
    },
    "곤만": {
        "word": "곤만",
        "chosung": "ㄱㅁ",
        "type": "부사",
        "mean": "［방언］ '금방'의 방언(평안, 함남)."
    },
    "곤면": {
        "word": "곤면",
        "chosung": "ㄱㅁ",
        "type": "명사",
        "mean": " 곤룡포와 면류관을 아울러 이르는 말."
    },
    "곤명": {
        "word": "곤명",
        "chosung": "ㄱㅁ",
        "type": "명사",
        "mean": "'쿤밍'의 잘못."
    },
    "곤무": {
        "word": "곤무",
        "chosung": "ㄱㅁ",
        "type": "명사",
        "mean": "［옛말］ '골무떡'의 옛말."
    },
    "곤박": {
        "word": "곤박",
        "chosung": "ㄱㅂ",
        "type": "명사",
        "mean": "困迫 '곤박하다'의 어근."
    },
    "곤반": {
        "word": "곤반",
        "chosung": "ㄱㅂ",
        "type": "명사",
        "mean": "'원놀음'의 잘못."
    },
    "곤밥": {
        "word": "곤밥",
        "chosung": "ㄱㅂ",
        "type": "명사",
        "mean": "［방언］ '쌀밥'의 방언(제주)."
    },
    "곤방": {
        "word": "곤방",
        "chosung": "ㄱㅂ",
        "type": "명사",
        "mean": "무예육기(武藝六 技), 십팔기(十八技), 이십사반(二十四般) 따위에 속하는 무예의 하나. 또는 거기에 쓰는 넉 자에서 다섯 자 정도의 단단하고 둥근 막대기. 이 막대기로 여러 가지 기술을 부린다."
    },
    "곤배": {
        "word": "곤배",
        "chosung": "ㄱㅂ",
        "type": "명사",
        "mean": "［방언］ '고무래'의 방언(함남)."
    },
    "곤법": {
        "word": "곤법",
        "chosung": "ㄱㅂ",
        "type": "명사",
        "mean": " 궁중에서, 후궁(後宮)의 규율을 이르던 말."
    },
    "곤보": {
        "word": "곤보",
        "chosung": "ㄱㅂ",
        "type": "명사",
        "mean": "=국새 ."
    },
    "곤복": {
        "word": "곤복",
        "chosung": "ㄱㅂ",
        "type": "명사",
        "mean": "《역사》=곤룡포."
    },
    "곤봉": {
        "word": "곤봉",
        "chosung": "ㄱㅂ",
        "type": "명사",
        "mean": "체조에 쓰는 기구의 하나. 벚나무, 박달나무 따위의 단단한 나무를 깎아서 손잡이 부분은 가늘게 만들고 그 반대쪽은 굵게 만든 것으로, 몸을 풀 때나 리듬 체조에 쓴다. ≒인디언 클럽 ."
    },
    "곤봉긴꼬리애기벌": {
        "word": "곤봉긴꼬리애기벌",
        "chosung": "ㄱㅂㄱㄲㄹㅇㄱㅂ",
        "type": "명사",
        "mean": "'곤봉납작맵시벌'의 북한어."
    },
    "곤봉납작맵시벌": {
        "word": "곤봉납작맵시벌",
        "chosung": "ㄱㅂㄴㅈㅁㅅㅂ",
        "type": "명사",
        "mean": "맵시벌과의 곤충. 몸의 길이는 2.4~2.7cm이며, 암컷은 검은색이고 수컷은 머리 부분이 누런색이고 검은색의 가는 줄이 있다. 하늘소의 애벌레에 기생하는데 한국, 일본, 유럽, 시베리아 등지에 분포한다. (Coleocentrus incertus)"
    },
    "곤봉눈섭말": {
        "word": "곤봉눈섭말",
        "chosung": "ㄱㅂㄴㅅㅁ",
        "type": "명사",
        "mean": "부채말과의 남조류. 몸은 실 모양이고 세포들이 한 줄로 길게 이어진 세포실에 얇은 점액막이 덮여 있으며, 밑에는 반달 모양의 이형 세포가 놓여 있다. 밑 부분은 곤봉 모양으로 굵고 위로 올라가면서 가늘어진다. 고인 물, 흐르는 물, 민물, 덜 짠 물, 토양 위층, 젖은 바위, 온천 따위에서 자란다."
    },
    "곤봉대가리": {
        "word": "곤봉대가리",
        "chosung": "ㄱㅂㄷㄱㄹ",
        "type": "명사",
        "mean": "막대기 끝에 꽂아서 무기로 쓰던 석기. 달도끼, 별도끼가 이에 속한다. ≒곤봉두."
    },
    "곤봉두": {
        "word": "곤봉두",
        "chosung": "ㄱㅂㄷ",
        "type": "명사",
        "mean": "=곤봉대가리."
    },
    "곤봉딱정벌레": {
        "word": "곤봉딱정벌레",
        "chosung": "ㄱㅂㄸㅈㅂㄹ",
        "type": "명사",
        "mean": "딱정벌렛과의 곤충. 몸의 길이는 4cm 정도이고 곤봉 모양이며, 광택이 있는 검은색을 띤다. 날개에는 점무늬가 있으며 육식성으로 큰 턱이 튼튼하다. 한국, 일본 등지에 분포한다. (Carabus rugipennis)"
    },
    "곤봉산": {
        "word": "곤봉산",
        "chosung": "ㄱㅂㅅ",
        "type": "명사",
        "mean": "함경북도 무산군 어하면과 부령군 서상면 사이에 있는 산. 함경산맥에 속하며, 두만강의 지류인 성천수, 서두수 따위가 시작하는 곳이다. 높이는 1,927미터."
    },
    "곤봉새털진드기": {
        "word": "곤봉새털진드기",
        "chosung": "ㄱㅂㅅㅌㅈㄷㄱ",
        "type": "명사",
        "mean": "털진드기류의 하나. 몸은 넓은 달걀 모양이고, 털은 긴 새털 모양이다. 등의 너비는 길이의 1.5배 정도이다."
    },
    "곤봉석회편모충": {
        "word": "곤봉석회편모충",
        "chosung": "ㄱㅂㅅㅎㅍㅁㅊ",
        "type": "명사",
        "mean": "원생동물의 하나. 세포는 공 모양이고 그 겉면에 있는 석회 판들에는 곤봉 모양의 돌기가 있다. 한국 동해 북부, 대서양, 지중해의 섬과 스리랑카 등지에 분포한다."
    },
    "곤봉엿벌": {
        "word": "곤봉엿벌",
        "chosung": "ㄱㅂㅇㅂ",
        "type": "명사",
        "mean": "애기벌과의 곤충. 몸의 길이는 2.5cm 정도이며, 머리와 가슴은 검은색, 첫째 복절(腹節)의 밑 부분과 둘째, 셋째 복절의 옆면, 첫째 복절에서 다섯째 복절까지의 등 면은 붉은 갈색이다. 첫째 복절은 다른 복절에 비해 가늘고 길다."
    },
    "곤봉우릉성이": {
        "word": "곤봉우릉성이",
        "chosung": "ㄱㅂㅇㄹㅅㅇ",
        "type": "명사",
        "mean": "우렁쉥이의 하나. 군체는 곤봉 모양인데 작은 군체는 머리의 둘레가 2.5cm, 직경이 2cm 정도이다. 군체의 머리 안에는 작은 개체들이 있다. ※ 곤봉우렁쉥이."
    },
    "곤봉운동": {
        "word": "곤봉운동",
        "chosung": "ㄱㅂㅇㄷ",
        "type": "명사",
        "mean": "［북한어］'곤봉 체조'의 북한어."
    },
    "곤봉자루맵시벌": {
        "word": "곤봉자루맵시벌",
        "chosung": "ㄱㅂㅈㄹㅁㅅㅂ",
        "type": "명사",
        "mean": "맵시벌과의 곤충. 암컷의 몸의 길이는 3.5cm 정도이며, 두흉부는 검은색, 날개는 옅은 황적색이다. 산누에나방의 애벌레에 기생하는데 한국, 일본 등지에 분포한다. (Habronyx insidiator)"
    },
    "곤봉지": {
        "word": "곤봉지",
        "chosung": "ㄱㅂㅈ",
        "type": "명사",
        "mean": "손가락 끝이 둥그렇게 굵어져서 북채 또는 곤봉의 끄트머리 모양으로 되는 증상. 심장병이나 만성 기관지 확장증 따위의 호흡기 병을 앓는 사람에게 나타난다. ≒고부지·북채손가락."
    },
    "곤봉질": {
        "word": "곤봉질",
        "chosung": "ㄱㅂㅈ",
        "type": "명사",
        "mean": " 곤봉으로 때리는 일."
    },
    "곤봉체조": {
        "word": "곤봉체조",
        "chosung": "ㄱㅂㅊㅈ",
        "type": "명사",
        "mean": "棍棒體操 양손에 곤봉을 하나씩 쥐고 손목의 동작에 의하여 곤봉을 앞뒤 좌우로 돌리는 리듬 체조. ≒인디언 클럽 ."
    },
    "곤봉호리벌과": {
        "word": "곤봉호리벌과",
        "chosung": "ㄱㅂㅎㄹㅂㄱ",
        "type": "명사",
        "mean": "곤충강 벌목의 한 과. 중형으로 맵시벌과 비슷하나 더듬이가 짧다. 곤봉호리벌, 왜곤봉호리벌이 있다. (Gasteruptiidae)"
    },
    "곤봉히드라": {
        "word": "곤봉히드라",
        "chosung": "ㄱㅂㅎㄷㄹ",
        "type": "명사",
        "mean": "곤봉히드라과의 하나. 줄기는 높이가 3cm 정도이며, 갈색이고 촉수는 20~30개이다. 군체는 연안의 바닷말이나 암석 따위에 붙어 있다. (Coryne pusilla)"
    },
    "곤불": {
        "word": "곤불",
        "chosung": "ㄱㅂ",
        "type": "명사",
        "mean": " =용솟음 ."
    },
    "곤붕": {
        "word": "곤붕",
        "chosung": "ㄱㅂ",
        "type": "명사",
        "mean": "에 나오는 상상의 큰 물고기와 새. 흔히 매우 큰 사물을 비유적으로 이를 때에 쓰는 말이다. ≒곤(鯤)."
    },
    "곤븨하다": {
        "word": "곤븨하다",
        "chosung": "ㄱㅂㅎㄷ",
        "type": "형용사",
        "mean": "［옛말］ '곤비하다(困憊-)'의 옛말."
    },
    "곤비": {
        "word": "곤비",
        "chosung": "ㄱㅂ",
        "type": "명사",
        "mean": "困憊 '곤비하다'의 어근."
    },
    "곤산": {
        "word": "곤산",
        "chosung": "ㄱㅅ",
        "type": "명사",
        "mean": " =곤륜산."
    },
    "곤산강": {
        "word": "곤산강",
        "chosung": "ㄱㅅㄱ",
        "type": "명사",
        "mean": "=곤곡(崑曲)."
    },
    "곤살레스": {
        "word": "곤살레스",
        "chosung": "ㄱㅅㄹㅅ",
        "type": "명사",
        "mean": "에스파냐의 조각가(1867~1942). 금은 세공사인 아버지 밑에서 배운 조금술(彫金 術)과 공장에서 일한 체험을 바탕으로 쇳조각이나 철판 용접에 의한 조각을 시도하여, 입체파 조각의 한 형식을 창안하였다. 작품에 , 따위가 있다."
    },
    "곤살레스데클라비호": {
        "word": "곤살레스데클라비호",
        "chosung": "ㄱㅅㄹㅅㄷㅋㄹㅂㅎ",
        "type": "명사",
        "mean": "=클라비호."
    },
    "곤삼절": {
        "word": "곤삼절",
        "chosung": "ㄱㅅㅈ",
        "type": "명사",
        "mean": "효상(爻象)에서, 곤괘(坤卦)의 상형인 ''을 이르는 말."
    },
    "곤상": {
        "word": "곤상",
        "chosung": "ㄱㅅ",
        "type": "명사",
        "mean": "고대에 천자(天子)가 입던 하의(下衣). 분미(粉米), 보(□), 불(□), 조(藻)의 수가 놓여 있다."
    },
    "곤새비": {
        "word": "곤새비",
        "chosung": "ㄱㅅㅂ",
        "type": "명사",
        "mean": "［방언］ '곤쟁이'의 방언(경남)."
    },
    "곤색": {
        "word": "곤색",
        "chosung": "ㄱㅅ",
        "type": "명사",
        "mean": " '감색(紺色)', '검남색', '진남색'으로 순화."
    },
    "곤선명": {
        "word": "곤선명",
        "chosung": "ㄱㅅㅁ",
        "type": "명사",
        "mean": "점술에서, 죽은 여자가 태어난 해를 이르는 말."
    },
    "곤소금": {
        "word": "곤소금",
        "chosung": "ㄱㅅㄱ",
        "type": "명사",
        "mean": " 천일염을 물에 풀어서 잡물을 거르고 고아서 깨끗하게 만든 소금. 빛깔이 희고 맛이 약간 쓰다."
    },
    "곤손": {
        "word": "곤손",
        "chosung": "ㄱㅅ",
        "type": "명사",
        "mean": " 내손의 아들. 또는 현손의 손자. ≒육대손."
    },
    "곤쇠아비동갑": {
        "word": "곤쇠아비동갑",
        "chosung": "ㄱㅅㅇㅂㄷㄱ",
        "type": "명사",
        "mean": " 나이가 많고 흉측한 사람을 낮잡아 이르는 말."
    },
    "곤수": {
        "word": "곤수",
        "chosung": "ㄱㅅ",
        "type": "명사",
        "mean": "조선 시대에, 평안도와 함경도의 병마절도사와 수군절도사를 통틀어 이르던 말."
    },
    "곤수유투": {
        "word": "곤수유투",
        "chosung": "ㄱㅅㅇㅌ",
        "type": "명사",
        "mean": " 위급할 때는 아무리 약한 짐승이라도 싸우려고 덤빔."
    },
    "곤시": {
        "word": "곤시",
        "chosung": "ㄱㅅ",
        "type": "명사",
        "mean": "이십사시의 열여섯째 시. 오후 두 시 반부터 세 시 반까지이다. ≒곤(坤) ."
    },
    "곤신풍": {
        "word": "곤신풍",
        "chosung": "ㄱㅅㅍ",
        "type": "명사",
        "mean": "곤방(坤方)이나 신방(申方)에서 불어오는 바람이라는 뜻으로, '서남풍'을 이르는 말."
    },
    "곤쌀": {
        "word": "곤쌀",
        "chosung": "ㄱㅆ",
        "type": "명사",
        "mean": "［방언］ '흰쌀'의 방언(제주)."
    },
    "곤알": {
        "word": "곤알",
        "chosung": "ㄱㅇ",
        "type": "명사",
        "mean": "［옛말］ '무정란'의 옛말."
    },
    "곤액": {
        "word": "곤액",
        "chosung": "ㄱㅇ",
        "type": "명사",
        "mean": " 몹시 딱하고 어려운 사정과 재앙이 겹친 불운."
    },
    "곤약": {
        "word": "곤약",
        "chosung": "ㄱㅇ",
        "type": "명사",
        "mean": " 1. 구약나물의 땅속줄기를 가루를 내어, 거기에 석회유를 섞어 끓여서 만든 식품. '우무'로 순화. 2. 《식물》'구약나물', '구약 감자'로 순화."
    },
    "곤약판": {
        "word": "곤약판",
        "chosung": "ㄱㅇㅍ",
        "type": "명사",
        "mean": "인쇄판의 하나. 우무에 글리세린 따위를 섞어 쪄서 평평하게 응고시킨 다음, 짙은 자줏빛 잉크로 인쇄하려는 글자를 써넣고 종이를 붙였다가 한참 만에 떼어 내고 백지를 얹어서 날염한다. ≒우무판·한천판."
    },
    "곤양": {
        "word": "곤양",
        "chosung": "ㄱㅇ",
        "type": "명사",
        "mean": "중국 전국 시대에, 위나라가 도읍한 곳. 지금의 허난 성(河南省) 예 현(葉縣)에 있었다."
    },
    "곤얼": {
        "word": "곤얼",
        "chosung": "ㄱㅇ",
        "type": "명사",
        "mean": "감사(監司), 병사(兵使), 수사(水使)가 있던 영문(營門)."
    },
    "곤여": {
        "word": "곤여",
        "chosung": "ㄱㅇ",
        "type": "명사",
        "mean": " =곤의 ."
    },
    "곤여도": {
        "word": "곤여도",
        "chosung": "ㄱㅇㄷ",
        "type": "명사",
        "mean": "1628년 무렵 선교사로 명나라에 와 있던 독일인 신부 샬(Schall, A.)이 제작한 세계 지도. 각 지역의 기후, 산물, 인종, 해류 따위를 자세히 기록하고 8첩 병풍으로 만들어 인쇄한 것이다. 조선 숙종 34년(1708)에 우리나라에 전래된 것을 후에 최석정이 발문(跋文)을 써서 보관하였다."
    },
    "곤여도설": {
        "word": "곤여도설",
        "chosung": "ㄱㅇㄷㅅ",
        "type": "명사",
        "mean": "벨기에의 예수회 선교사 페르비스트가 베이징에서 만든 지리서. 1672년에 간행되었다."
    },
    "곤여만국전도": {
        "word": "곤여만국전도",
        "chosung": "ㄱㅇㅁㄱㅈㄷ",
        "type": "명사",
        "mean": "1602년에, 선교사로 명나라에 와 있던 이탈리아의 예수회 수사(修士) 마테오 리치가 제작하여 출판한 세계 지도. 이탈리아에서 가져온 세계 지도를 대본으로 하여 중국의 지도를 중앙에 두고 지명을 한문으로 번역하여 만든 것이다. 조선 선조 36년(1603)에 우리나라에 전래되었으며 현재 로마 교황청과 일본 교토 대학 등에 각각 1부씩 소장되어 있다."
    },
    "곤옥": {
        "word": "곤옥",
        "chosung": "ㄱㅇ",
        "type": "명사",
        "mean": " 곤륜산에서 난다는 아름다운 옥."
    },
    "곤와": {
        "word": "곤와",
        "chosung": "ㄱㅇ",
        "type": "명사",
        "mean": " 1. 고단하여 드러누움. 2. 고단하여 깊이 잠듦. 또는 그런 잠."
    },
    "곤외": {
        "word": "곤외",
        "chosung": "ㄱㅇ",
        "type": "명사",
        "mean": " 1. 문지방의 밖. 2. 왕성의 밖."
    },
    "곤외지사": {
        "word": "곤외지사",
        "chosung": "ㄱㅇㅈㅅ",
        "type": "명사",
        "mean": " 대궐 밖을 통제하거나 병마를 통솔하는 일."
    },
    "곤외지신": {
        "word": "곤외지신",
        "chosung": "ㄱㅇㅈㅅ",
        "type": "명사",
        "mean": " 대궐 밖의 신하라는 뜻으로, '장군'을 이르는 말."
    },
    "곤외지임": {
        "word": "곤외지임",
        "chosung": "ㄱㅇㅈㅇ",
        "type": "명사",
        "mean": " 1. 군사를 이끌고 경외(境外)로 싸우러 나가는 장군의 직임(職任). 2. 병마를 다스리는 직임. ≒곤임."
    },
    "곤욕": {
        "word": "곤욕",
        "chosung": "ㄱㅇ",
        "type": "명사",
        "mean": " 심한 모욕. 또는 참기 힘든 일. ≒군욕(窘辱)."
    },
    "곤욕스럽다": {
        "word": "곤욕스럽다",
        "chosung": "ㄱㅇㅅㄹㄷ",
        "type": "형용사",
        "mean": "『 …이』『 -기가』 곤욕을 느끼게 하는 데가 있다."
    },
    "곤원": {
        "word": "곤원",
        "chosung": "ㄱㅇ",
        "type": "명사",
        "mean": " 간절히 원함."
    },
    "곤원절": {
        "word": "곤원절",
        "chosung": "ㄱㅇㅈ",
        "type": "명사",
        "mean": "조선 순종의 황후 윤 씨의 탄신을 기념하던 날. 1908년에 제정하였다."
    },
    "곤위": {
        "word": "곤위",
        "chosung": "ㄱㅇ",
        "type": "명사",
        "mean": " 여자의 무덤이나 신주(神主)."
    },
    "곤의": {
        "word": "곤의",
        "chosung": "ㄱㅇ",
        "type": "명사",
        "mean": " 1. 대지(大地) 또는 지구(地球)를 이르는 말. ≒곤여(坤輿)·방여(方輿). 2. 왕후(王后)의 덕(德)."
    },
    "곤이": {
        "word": "곤이",
        "chosung": "ㄱㅇ",
        "type": "명사",
        "mean": " 1. 물고기 배 속의 알. 2. 물고기의 새끼."
    },
    "곤이득지": {
        "word": "곤이득지",
        "chosung": "ㄱㅇㄷㅈ",
        "type": "명사",
        "mean": " 학문이나 작품 따위를 고생한 끝에 이루어 냄."
    },
    "곤이지지": {
        "word": "곤이지지",
        "chosung": "ㄱㅇㅈㅈ",
        "type": "명사",
        "mean": " 삼지(三知)의 하나. 고생하여 공부한 끝에 지식을 얻거나 도를 깨달음을 이른다. ≒곤지(困知)."
    },
    "곤임": {
        "word": "곤임",
        "chosung": "ㄱㅇ",
        "type": "명사",
        "mean": " =곤외지임 ."
    },
    "곤자소니": {
        "word": "곤자소니",
        "chosung": "ㄱㅈㅅㄴ",
        "type": "명사",
        "mean": " 소의 창자 끝에 달린 기름기가 많은 부분."
    },
    "곤작": {
        "word": "곤작",
        "chosung": "ㄱㅈ",
        "type": "명사",
        "mean": " 글을 애써 가며 더디 지음."
    },
    "곤잠": {
        "word": "곤잠",
        "chosung": "ㄱㅈ",
        "type": "명사",
        "mean": " 고단하여 깊이 든 잠."
    },
    "곤장": {
        "word": "곤장",
        "chosung": "ㄱㅈ",
        "type": "명사",
        "mean": " 예전에, 죄인의 볼기를 치던 형구. 또는 그 형벌. 버드나무로 넓적하고 길게 만들었다."
    },
    "곤장놀이": {
        "word": "곤장놀이",
        "chosung": "ㄱㅈㄴㅇ",
        "type": "명사",
        "mean": "송파 산대놀이 넷째 마당에서, 완보가 먹중들을 꾸짖으며 곤장을 치는 장면."
    },
    "곤장덕봉": {
        "word": "곤장덕봉",
        "chosung": "ㄱㅈㄷㅂ",
        "type": "명사",
        "mean": "함경북도 무산군에 있는 산. 봉우리는 함경산맥에 속한다. 높이는 1,322미터."
    },
    "곤장질": {
        "word": "곤장질",
        "chosung": "ㄱㅈㅈ",
        "type": "명사",
        "mean": " 곤장으로 볼기를 치는 일."
    },
    "곤재해심": {
        "word": "곤재해심",
        "chosung": "ㄱㅈㅎㅅ",
        "type": "명사",
        "mean": " 경우, 처지 따위가 몹시 어려움."
    },
    "곤쟁이": {
        "word": "곤쟁이",
        "chosung": "ㄱㅈㅇ",
        "type": "명사",
        "mean": "곤쟁잇과의 털곤쟁이, 까막곤쟁이, 민곤쟁이 따위를 통틀어 이르는 말. ≒노하(□蝦)·자하(紫蝦)."
    },
    "곤쟁이목": {
        "word": "곤쟁이목",
        "chosung": "ㄱㅈㅇㅁ",
        "type": "명사",
        "mean": "《동물》절지동물 갑각강의 한 목. (Mysidacea)"
    },
    "곤쟁이젓": {
        "word": "곤쟁이젓",
        "chosung": "ㄱㅈㅇㅈ",
        "type": "명사",
        "mean": " 곤쟁이로 만든 젓."
    },
    "곤전": {
        "word": "곤전",
        "chosung": "ㄱㅈ",
        "type": "명사",
        "mean": "=중궁전 ."
    },
    "곤절": {
        "word": "곤절",
        "chosung": "ㄱㅈ",
        "type": "명사",
        "mean": " 가난하여 몹시 고생스러움."
    },
    "곤정": {
        "word": "곤정",
        "chosung": "ㄱㅈ",
        "type": "명사",
        "mean": "내전(內殿)의 일."
    },
    "곤제": {
        "word": "곤제",
        "chosung": "ㄱㅈ",
        "type": "명사",
        "mean": " =형제(兄弟) ."
    },
    "곤좌": {
        "word": "곤좌",
        "chosung": "ㄱㅈ",
        "type": "명사",
        "mean": "묏자리나 집터가 곤방(坤方)을 등지고 앉은 자리. 남서쪽을 등지고 앉은 자리이다."
    },
    "곤좌간향": {
        "word": "곤좌간향",
        "chosung": "ㄱㅈㄱㅎ",
        "type": "명사",
        "mean": "곤방(坤方)을 등지고 간방(艮方)을 바라보는 자리. 남서쪽을 등지고 북동쪽을 바라보는 자리이다."
    },
    "곤주왁사다": {
        "word": "곤주왁사다",
        "chosung": "ㄱㅈㅇㅅㄷ",
        "type": "동사",
        "mean": "［방언］ '곤두서다'의 방언(제주)."
    },
    "곤죽": {
        "word": "곤죽",
        "chosung": "ㄱㅈ",
        "type": "명사",
        "mean": " 1. 몹시 질어서 질퍽질퍽한 밥. 또는 그런 땅."
    },
    "곤줄매기": {
        "word": "곤줄매기",
        "chosung": "ㄱㅈㅁㄱ",
        "type": "명사",
        "mean": "=곤줄박이."
    },
    "곤줄매기통방": {
        "word": "곤줄매기통방",
        "chosung": "ㄱㅈㅁㄱㅌㅂ",
        "type": "명사",
        "mean": " 곤줄박이를 잡는 덫. 상자 안에 달린 먹이를 먹으려고 하면 문이 닫혀 갇힌다."
    },
    "곤줄박이": {
        "word": "곤줄박이",
        "chosung": "ㄱㅈㅂㅇ",
        "type": "명사",
        "mean": "박샛과의 새. 머리와 목은 검은색, 등·가슴·배는 밤색, 날개와 꽁지는 잿빛 청색이며 뒷머리에 'V' 자 모양의 검은 무늬가 있다. 텃새로 야산이나 평지에 사는데 한국, 일본, 사할린 등지에 분포한다. ≒곤줄매기·산작. (Parus varius)"
    },
    "곤지": {
        "word": "곤지",
        "chosung": "ㄱㅈ",
        "type": "명사",
        "mean": "백제 개로왕의 둘째 아들(?~477). 내신좌평을 지냈다."
    },
    "곤지곤지": {
        "word": "곤지곤지",
        "chosung": "ㄱㅈㄱㅈ",
        "type": "감탄사",
        "mean": " 젖먹이에게 왼손 손바닥에 오른손 집게손가락을 댔다 뗐다 하라는 뜻으로 내는 소리.［명사］ 젖먹이가 왼손 손바닥에 오른손 집게손가락을 댔다 뗐다 하는 동작."
    },
    "곤지메레미": {
        "word": "곤지메레미",
        "chosung": "ㄱㅈㅁㄹㅁ",
        "type": "명사",
        "mean": "［방언］ 몸의 길이가 10cm 정도인 방어(경북)."
    },
    "곤지사다": {
        "word": "곤지사다",
        "chosung": "ㄱㅈㅅㄷ",
        "type": "동사",
        "mean": "［방언］ '곤두서다'의 방언(제주)."
    },
    "곤직": {
        "word": "곤직",
        "chosung": "ㄱㅈ",
        "type": "명사",
        "mean": "《역사》1. 임금의 직책. 2. 임금을 보좌하는 삼공(三公)의 직분."
    },
    "곤질고누": {
        "word": "곤질고누",
        "chosung": "ㄱㅈㄱㄴ",
        "type": "명사",
        "mean": " 고누 놀이의 하나. 번갈아 말을 하나씩 놓아 세 개가 한 줄로 늘어서면 상대편의 말을 하나 잡을 수 있다. ≒열두밭고누."
    },
    "곤질꼬니": {
        "word": "곤질꼬니",
        "chosung": "ㄱㅈㄲㄴ",
        "type": "명사",
        "mean": "［북한어］ '곤질고누'의 북한어."
    },
    "곤짠지": {
        "word": "곤짠지",
        "chosung": "ㄱㅉㅈ",
        "type": "명사",
        "mean": "［방언］ '무말랭이'의 방언(경북)."
    },
    "곤차로프": {
        "word": "곤차로프",
        "chosung": "ㄱㅊㄹㅍ",
        "type": "명사",
        "mean": "제정 러시아의 소설가(1812~1891). 로 문단에 등장하였으며, 작품에 농노제 폐지의 필연성을 논한 가 있다."
    },
    "곤챙이": {
        "word": "곤챙이",
        "chosung": "ㄱㅊㅇ",
        "type": "명사",
        "mean": "'이리'의 잘못."
    },
    "곤청": {
        "word": "곤청",
        "chosung": "ㄱㅊ",
        "type": "명사",
        "mean": "［북한어］ '감청'의 북한어."
    },
    "곤청색": {
        "word": "곤청색",
        "chosung": "ㄱㅊㅅ",
        "type": "명사",
        "mean": "［북한어］ '감색'의 북한어."
    },
    "곤축": {
        "word": "곤축",
        "chosung": "ㄱㅊ",
        "type": "명사",
        "mean": "《지리》=지축 ."
    },
    "곤충": {
        "word": "곤충",
        "chosung": "ㄱㅊ",
        "type": "명사",
        "mean": " =곤충류."
    },
    "곤충강": {
        "word": "곤충강",
        "chosung": "ㄱㅊㄱ",
        "type": "명사",
        "mean": "절지동물의 한 강. 몸은 키틴질의 외골격으로 싸여 있고 많은 체절로 되었으며 머리, 가슴, 배의 세 부분으로 나누어진다. 머리에 한 쌍의 더듬이와 겹눈, 가슴에 두 쌍의 날개와 세 쌍의 다리가 있고 기관으로 호흡하며 암수딴몸으로 난생, 변태를 한다. 지구 상에 약 80만 종이 분포하는데 전 동물의 4분의 3에 해당한다. (Insecta)"
    },
    "곤충기": {
        "word": "곤충기",
        "chosung": "ㄱㅊㄱ",
        "type": "명사",
        "mean": "1879~1907년에 프랑스의 곤충학자 파브르가 쓴 책. 갑충류 170종, 벌류 130종을 비롯한 곤충의 생태를 자세히 관찰하고 자전적 회상을 섞어 기록하였다. 부제는 '곤충의 본능과 습성에 대한 연구'이며, 과학적으로나 문학적으로 높이 평가되고 있다. 10권."
    },
    "곤충류": {
        "word": "곤충류",
        "chosung": "ㄱㅊㄹ",
        "type": "명사",
        "mean": " 곤충강의 동물을 일상적으로 이르는 말. ≒곤충."
    },
    "곤충망": {
        "word": "곤충망",
        "chosung": "ㄱㅊㅁ",
        "type": "명사",
        "mean": " =포충망."
    },
    "곤충바늘": {
        "word": "곤충바늘",
        "chosung": "ㄱㅊㅂㄴ",
        "type": "명사",
        "mean": "=곤충침."
    },
    "곤충바이러스": {
        "word": "곤충바이러스",
        "chosung": "ㄱㅊㅂㅇㄹㅅ",
        "type": "명사",
        "mean": "곤충 속에 들어가 곤충의 영양분을 빨아 먹으며 사는 바이러스. 누에의 다각체병(多角體病) 바이러스가 이에 속한다."
    },
    "곤충병리학": {
        "word": "곤충병리학",
        "chosung": "ㄱㅊㅂㄹㅎ",
        "type": "명사",
        "mean": "곤충의 병에 대하여 연구하는 학문. 생물학의 한 분야이다."
    },
    "곤충살이긴선충목": {
        "word": "곤충살이긴선충목",
        "chosung": "ㄱㅊㅅㅇㄱㅅㅊㅁ",
        "type": "명사",
        "mean": "《동물》선형동물 쌍기충강의 한 목. (Mermithida)"
    },
    "곤충생리학": {
        "word": "곤충생리학",
        "chosung": "ㄱㅊㅅㄹㅎ",
        "type": "명사",
        "mean": "곤충의 생리 기능에 대하여 연구하는 학문. 생물학의 한 분야이다."
    },
    "곤충유인제": {
        "word": "곤충유인제",
        "chosung": "ㄱㅊㅇㅇㅈ",
        "type": "명사",
        "mean": "곤충을 일정한 곳에 끌어들이기 위하여 쓰는 약제."
    },
    "곤충잡이": {
        "word": "곤충잡이",
        "chosung": "ㄱㅊㅈㅇ",
        "type": "명사",
        "mean": "［북한어］ 주로 해로운 곤충을 잡는 일."
    },
    "곤충채집": {
        "word": "곤충채집",
        "chosung": "ㄱㅊㅊㅈ",
        "type": "명사",
        "mean": "생태를 관찰하거나 표본 따위를 만들기 위하여 곤충을 잡아 모으는 일."
    },
    "곤충침": {
        "word": "곤충침",
        "chosung": "ㄱㅊㅊ",
        "type": "명사",
        "mean": "곤충 표본을 만들 때 곤충을 표본함 속에 고정하는 데 쓰는 바늘. ≒곤충바늘."
    },
    "곤충탄": {
        "word": "곤충탄",
        "chosung": "ㄱㅊㅌ",
        "type": "명사",
        "mean": "세균을 옮기거나 농작물에 해를 끼치는 벌레를 넣어 만든 대포알이나 폭탄."
    },
    "곤충페로몬": {
        "word": "곤충페로몬",
        "chosung": "ㄱㅊㅍㄹㅁ",
        "type": "명사",
        "mean": "곤충이 몸 밖으로 분비하여 같은 종류의 다른 곤충에 어떤 영향을 미치는 화학 물질. 수컷을 유인하는 성(性)페로몬과 진디 따위를 모이게 하는 집합 페로몬을 통틀어 이른다."
    },
    "곤충표본": {
        "word": "곤충표본",
        "chosung": "ㄱㅊㅍㅂ",
        "type": "명사",
        "mean": "곤충을 채집하여 실물대로 보관하면서 볼 수 있게 만들어 놓은 것."
    },
    "곤충학": {
        "word": "곤충학",
        "chosung": "ㄱㅊㅎ",
        "type": "명사",
        "mean": "《동물》곤충을 연구하는 학문. 생물학의 한 분야이다. 곤충의 분류, 생태, 형태, 행동, 생리, 유전, 응용 따위를 연구한다."
    },
    "곤충호르몬": {
        "word": "곤충호르몬",
        "chosung": "ㄱㅊㅎㄹㅁ",
        "type": "명사",
        "mean": "곤충의 몸에서 분비되는 호르몬."
    },
    "곤치": {
        "word": "곤치",
        "chosung": "ㄱㅊ",
        "type": "명사",
        "mean": "=학꽁치."
    },
    "곤치다": {
        "word": "곤치다",
        "chosung": "ㄱㅊㄷ",
        "type": "동사",
        "mean": "［방언］ '고치다'의 방언(강원, 경기, 경상, 전남, 충청)."
    },
    "곤침": {
        "word": "곤침",
        "chosung": "ㄱㅊ",
        "type": "명사",
        "mean": " 고단하여 잠이 깊이 듦."
    },
    "곤태": {
        "word": "곤태",
        "chosung": "ㄱㅌ",
        "type": "명사",
        "mean": "困殆 '곤태하다'의 어근."
    },
    "곤틀릿궤도": {
        "word": "곤틀릿궤도",
        "chosung": "ㄱㅌㄹㄱㄷ",
        "type": "명사",
        "mean": "좁은 다리나 길 위의 복선 궤도에서 한쪽 궤도의 레일의 한 줄이 다른 궤도의 두 줄 사이를 통과하고 있는 궤도."
    },
    "곤패": {
        "word": "곤패",
        "chosung": "ㄱㅍ",
        "type": "명사",
        "mean": "［방언］ '다시마'의 방언(경남)."
    },
    "곤폐": {
        "word": "곤폐",
        "chosung": "ㄱㅍ",
        "type": "명사",
        "mean": " 괴롭고 피곤함."
    },
    "곤포": {
        "word": "곤포",
        "chosung": "ㄱㅍ",
        "type": "명사",
        "mean": " 거적이나 새끼 따위로 짐을 꾸려 포장함. 또는 그 짐."
    },
    "곤포밭": {
        "word": "곤포밭",
        "chosung": "ㄱㅍㅂ",
        "type": "명사",
        "mean": "'다시마 어장'의 북한어."
    },
    "곤포쌈": {
        "word": "곤포쌈",
        "chosung": "ㄱㅍㅆ",
        "type": "명사",
        "mean": " =다시마쌈."
    },
    "곤포업": {
        "word": "곤포업",
        "chosung": "ㄱㅍㅇ",
        "type": "명사",
        "mean": " 상품, 특히 수출품 포장을 전문적으로 하는 직업. 또는 그 기업."
    },
    "곤포차": {
        "word": "곤포차",
        "chosung": "ㄱㅍㅊ",
        "type": "명사",
        "mean": " =다시마차."
    },
    "곤포탕": {
        "word": "곤포탕",
        "chosung": "ㄱㅍㅌ",
        "type": "명사",
        "mean": " =다시맛국."
    },
    "곤폿국": {
        "word": "곤폿국",
        "chosung": "ㄱㅍㄱ",
        "type": "명사",
        "mean": " =다시맛국."
    },
    "곤풀": {
        "word": "곤풀",
        "chosung": "ㄱㅍ",
        "type": "명사",
        "mean": "［방언］ '이풀'의 방언(제주)."
    },
    "곤피": {
        "word": "곤피",
        "chosung": "ㄱㅍ",
        "type": "명사",
        "mean": "［방언］ '다시마'의 방언(경남)."
    },
    "곤필": {
        "word": "곤필",
        "chosung": "ㄱㅍ",
        "type": "명사",
        "mean": " 힘들여서 더디 쓰는 글. 또는 그렇게 쓰는 글씨."
    },
    "곤핍": {
        "word": "곤핍",
        "chosung": "ㄱㅍ",
        "type": "명사",
        "mean": "困乏 '곤핍하다'의 어근."
    },
    "곤하다": {
        "word": "곤하다",
        "chosung": "ㄱㅎㄷ",
        "type": "동사",
        "mean": "［방언］ '권하다'의 방언(경남)."
    },
    "곤학": {
        "word": "곤학",
        "chosung": "ㄱㅎ",
        "type": "명사",
        "mean": " 1. 고생하여 학문을 배움. 2. 머리가 나빠 힘들여 공부함."
    },
    "곤학기문": {
        "word": "곤학기문",
        "chosung": "ㄱㅎㄱㅁ",
        "type": "명사",
        "mean": "중국 송나라의 왕응린이 지은 책. 경사자집에 대한 고증을 기록하였다. 20권."
    },
    "곤형": {
        "word": "곤형",
        "chosung": "ㄱㅎ",
        "type": "명사",
        "mean": "조선 후기에, 곤장을 치던 형벌. 영조 21년(1745)에 편찬된 《속대전》에 처음으로 그 규정이 보인다."
    },
    "곤혹": {
        "word": "곤혹",
        "chosung": "ㄱㅎ",
        "type": "명사",
        "mean": " 곤란한 일을 당하여 어찌할 바를 모름."
    },
    "곤혹스럽다": {
        "word": "곤혹스럽다",
        "chosung": "ㄱㅎㅅㄹㄷ",
        "type": "형용사",
        "mean": "『 …이』『 -기가』 곤혹을 느끼게 하는 점이 있다."
    },
    "곤황": {
        "word": "곤황",
        "chosung": "ㄱㅎ",
        "type": "명사",
        "mean": " 몹시 딱하고 어려운 상황."
    }
}