{
    "곧": {
        "word": "곧",
        "chosung": "ㄱ",
        "type": "조사",
        "mean": "｛주로 명사에 붙어｝ (예스러운 표현으로) 앞말을 강조하는 뜻을 나타내는 보조사."
    },
    "곧곧": {
        "word": "곧곧",
        "chosung": "ㄱㄱ",
        "type": "명사",
        "mean": "［옛말］ '곳곳'의 옛말."
    },
    "곧곧이": {
        "word": "곧곧이",
        "chosung": "ㄱㄱㅇ",
        "type": "부사",
        "mean": "［옛말］ '곳곳이'의 옛말."
    },
    "곧날": {
        "word": "곧날",
        "chosung": "ㄱㄴ",
        "type": "명사",
        "mean": "날이 곧게 선 석기. ≒직인."
    },
    "곧날대패": {
        "word": "곧날대패",
        "chosung": "ㄱㄴㄷㅍ",
        "type": "명사",
        "mean": " 대팻날을 대팻집에 90도로 끼운 대패. 단단한 나무를 깎는 데 쓴다."
    },
    "곧다": {
        "word": "곧다",
        "chosung": "ㄱㄷ",
        "type": "형용사",
        "mean": "［방언］ '곱다'의 방언(경남)."
    },
    "곧달음": {
        "word": "곧달음",
        "chosung": "ㄱㄷㅇ",
        "type": "명사",
        "mean": "［북한어］ 곧추 달려가는 달음질."
    },
    "곧듣다": {
        "word": "곧듣다",
        "chosung": "ㄱㄷㄷ",
        "type": "동사",
        "mean": "『 …을』 =곧이듣다."
    },
    "곧바로": {
        "word": "곧바로",
        "chosung": "ㄱㅂㄹ",
        "type": "부사",
        "mean": " 1. 바로 그 즉시에."
    },
    "곧바르다": {
        "word": "곧바르다",
        "chosung": "ㄱㅂㄹㄷ",
        "type": "형용사",
        "mean": " 기울거나 굽지 아니하고 곧고 바르다."
    },
    "곧뿌림": {
        "word": "곧뿌림",
        "chosung": "ㄱㅃㄹ",
        "type": "명사",
        "mean": "=직파(直播)."
    },
    "곧서다": {
        "word": "곧서다",
        "chosung": "ㄱㅅㄷ",
        "type": "동사",
        "mean": "［북한어］ 1. '곧추서다'의 북한어. 2. 화가 나거나 골이 나서 상대편에게 굽히지 아니하고 꼿꼿이 맞서다."
    },
    "곧선사람": {
        "word": "곧선사람",
        "chosung": "ㄱㅅㅅㄹ",
        "type": "명사",
        "mean": "=직립 원인."
    },
    "곧아오르다": {
        "word": "곧아오르다",
        "chosung": "ㄱㅇㅇㄹㄷ",
        "type": "동사",
        "mean": "［북한어］ 얼거나 마비되어 꼿꼿하여지거나 뻣뻣하여지다."
    },
    "곧은결": {
        "word": "곧은결",
        "chosung": "ㄱㅇㄱ",
        "type": "명사",
        "mean": "나이테와 직각이 되게 자른 나무의 면에 나타난 결."
    },
    "곧은금": {
        "word": "곧은금",
        "chosung": "ㄱㅇㄱ",
        "type": "명사",
        "mean": "=직선(直線) ."
    },
    "곧은길": {
        "word": "곧은길",
        "chosung": "ㄱㅇㄱ",
        "type": "명사",
        "mean": " 굽지 아니하고 곧게 뻗어 나간 길. ≒직도·직로."
    },
    "곧은깨끼": {
        "word": "곧은깨끼",
        "chosung": "ㄱㅇㄲㄲ",
        "type": "명사",
        "mean": "탈춤이나 민속춤에서, 두 발 사이를 좁혀 직선으로 나아가는 춤사위. ≒곧은치기·곧은치기깨끼."
    },
    "곧은놀림": {
        "word": "곧은놀림",
        "chosung": "ㄱㅇㄴㄹ",
        "type": "명사",
        "mean": "팔을 곧게 움직이는 춤사위."
    },
    "곧은달림길": {
        "word": "곧은달림길",
        "chosung": "ㄱㅇㄷㄹㄱ",
        "type": "명사",
        "mean": "［북한어］'직선 코스'의 북한어."
    },
    "곧은닷채찍벌레": {
        "word": "곧은닷채찍벌레",
        "chosung": "ㄱㅇㄷㅊㅉㅂㄹ",
        "type": "명사",
        "mean": "원생동물의 하나. 앞 뿔은 곧고 뒤 뿔은 밑 부분에서 굽었다가 곧아진다. 한국의 동해, 태평양, 대서양, 지중해, 홍해 등지에 분포한다."
    },
    "곧은맥": {
        "word": "곧은맥",
        "chosung": "ㄱㅇㅁ",
        "type": "명사",
        "mean": "《식물》=나란히맥."
    },
    "곧은밑씨": {
        "word": "곧은밑씨",
        "chosung": "ㄱㅇㅁㅆ",
        "type": "명사",
        "mean": "=직생 배주."
    },
    "곧은바닥": {
        "word": "곧은바닥",
        "chosung": "ㄱㅇㅂㄷ",
        "type": "명사",
        "mean": "《광업》=수직 갱도."
    },
    "곧은바람": {
        "word": "곧은바람",
        "chosung": "ㄱㅇㅂㄹ",
        "type": "명사",
        "mean": "［방언］ '서풍(西風)'의 방언(경북)."
    },
    "곧은박이": {
        "word": "곧은박이",
        "chosung": "ㄱㅇㅂㅇ",
        "type": "명사",
        "mean": "［북한어］ 이런저런 경우를 고려하지 아니하고 외곬으로만 생각하고 말하고 행동함. 또는 그런 사람."
    },
    "곧은밸": {
        "word": "곧은밸",
        "chosung": "ㄱㅇㅂ",
        "type": "명사",
        "mean": "'곧은창자'의 북한어."
    },
    "곧은밸빠지기": {
        "word": "곧은밸빠지기",
        "chosung": "ㄱㅇㅂㅃㅈㄱ",
        "type": "명사",
        "mean": "가축의 직장이 항문 밖으로 빠져나오는 병. 설사나 변비, 요석증이 있을 때 또는 새끼를 힘들게 낳았을 때 생긴다."
    },
    "곧은밸살버섯": {
        "word": "곧은밸살버섯",
        "chosung": "ㄱㅇㅂㅅㅂㅅ",
        "type": "명사",
        "mean": "'직장암'의 북한어."
    },
    "곧은밸주머니": {
        "word": "곧은밸주머니",
        "chosung": "ㄱㅇㅂㅈㅁㄴ",
        "type": "명사",
        "mean": "'직장낭'을 다듬은 말."
    },
    "곧은불림": {
        "word": "곧은불림",
        "chosung": "ㄱㅇㅂㄹ",
        "type": "명사",
        "mean": " 지은 죄를 사실대로 바로 말함. ≒직초(直招)."
    },
    "곧은뿌리": {
        "word": "곧은뿌리",
        "chosung": "ㄱㅇㅃㄹ",
        "type": "명사",
        "mean": "땅속으로 곧게 내리는 뿌리. 우엉, 무, 교목 따위의 뿌리이다. ≒직근(直根)."
    },
    "곧은삭비단이끼": {
        "word": "곧은삭비단이끼",
        "chosung": "ㄱㅇㅅㅂㄷㅇㄲ",
        "type": "명사",
        "mean": "비단이낏과에 속하는 이끼류의 하나. 식물체의 길이는 10cm 정도인데 누워 자라며 넓은 길둥근 모양의 잎은 그 끝이 둔하다. 줄 모양의 잎 세포는 양 끝이 뾰족하며 삭은 원기둥 모양으로 곧추서는데, 우리나라의 북부와 중부의 산림 속에 산다."
    },
    "곧은솔기": {
        "word": "곧은솔기",
        "chosung": "ㄱㅇㅅㄱ",
        "type": "명사",
        "mean": "곧게 난 솔기."
    },
    "곧은시침": {
        "word": "곧은시침",
        "chosung": "ㄱㅇㅅㅊ",
        "type": "명사",
        "mean": "곧바르게 하는 시침. 겹으로 놓인 천을 고정시킬 때 먼저 임시로 맞붙이기 위하여 하는 바느질이다."
    },
    "곧은쌤": {
        "word": "곧은쌤",
        "chosung": "ㄱㅇㅆ",
        "type": "명사",
        "mean": "=수직 갱도."
    },
    "곧은잎줄": {
        "word": "곧은잎줄",
        "chosung": "ㄱㅇㅇㅈ",
        "type": "명사",
        "mean": "곧게 뻗은 잎줄."
    },
    "곧은자": {
        "word": "곧은자",
        "chosung": "ㄱㅇㅈ",
        "type": "명사",
        "mean": "［북한어］ 평면 위에 직선을 긋는 데 쓰는 자. 흔히 길이 방향으로 눈금을 새겨 넣는다."
    },
    "곧은줄기": {
        "word": "곧은줄기",
        "chosung": "ㄱㅇㅈㄱ",
        "type": "명사",
        "mean": "땅 위에 곧바로 서는 줄기. 버드나무, 오동나무 따위의 줄기이다. ≒직립경."
    },
    "곧은창자": {
        "word": "곧은창자",
        "chosung": "ㄱㅇㅊㅈ",
        "type": "명사",
        "mean": "큰창자의 끝에서 항문에 이르는 곧은 부분. 사람의 경우 길이가 15~20cm이고 대변을 저장·배설하는 작용을 한다. ≒곧창자·직장(直腸). 2. 매우 고지식한 사람을 비유적으로 이르는 말. 3. 음식을 먹고 곧 뒤를 보는 사람을 놀림조로 이르는 말."
    },
    "곧은촉무음": {
        "word": "곧은촉무음",
        "chosung": "ㄱㅇㅊㅁㅇ",
        "type": "명사",
        "mean": "네모진 촉살과 촉구멍을 서로 맞대어 잇는 일."
    },
    "곧은축": {
        "word": "곧은축",
        "chosung": "ㄱㅇㅊ",
        "type": "명사",
        "mean": "중심선이 곧은 축."
    },
    "곧은치기": {
        "word": "곧은치기",
        "chosung": "ㄱㅇㅊㄱ",
        "type": "명사",
        "mean": "=곧은깨끼."
    },
    "곧은치기깨끼": {
        "word": "곧은치기깨끼",
        "chosung": "ㄱㅇㅊㄱㄲㄲ",
        "type": "명사",
        "mean": "=곧은깨끼."
    },
    "곧은치마": {
        "word": "곧은치마",
        "chosung": "ㄱㅇㅊㅁ",
        "type": "명사",
        "mean": "［북한어］ '타이트스커트'의 북한어."
    },
    "곧은털이끼": {
        "word": "곧은털이끼",
        "chosung": "ㄱㅇㅌㅇㄲ",
        "type": "명사",
        "mean": "꼬리이낏과의 하나. 크기는 1~3cm이고 촘촘히 모여 자라며, 잎은 버들잎 모양인데 끝에서 점차 가늘어진다. 산속에서 자라는데 우리나라 각지에 분포한다."
    },
    "곧은활": {
        "word": "곧은활",
        "chosung": "ㄱㅇㅎ",
        "type": "명사",
        "mean": "'직궁'을 다듬은 말."
    },
    "곧이": {
        "word": "곧이",
        "chosung": "ㄱㅇ",
        "type": "부사",
        "mean": " 바로 그대로."
    },
    "곧이곧다": {
        "word": "곧이곧다",
        "chosung": "ㄱㅇㄱㄷ",
        "type": "형용사",
        "mean": " 조금도 거짓 없이 바르다."
    },
    "곧이곧대로": {
        "word": "곧이곧대로",
        "chosung": "ㄱㅇㄱㄷㄹ",
        "type": "부사",
        "mean": " 조금도 거짓이 없이 나타나거나 있는 그대로."
    },
    "곧이곧솔": {
        "word": "곧이곧솔",
        "chosung": "ㄱㅇㄱㅅ",
        "type": "부사",
        "mean": " '곧이곧대로'의 잘못."
    },
    "곧이곧이": {
        "word": "곧이곧이",
        "chosung": "ㄱㅇㄱㅇ",
        "type": "부사",
        "mean": " 1. '꼬치꼬치'의 잘못. 2. ［북한어］ '곧이곧대로'의 북한어."
    },
    "곧이듣다": {
        "word": "곧이듣다",
        "chosung": "ㄱㅇㄷㄷ",
        "type": "동사",
        "mean": "『 …을』 남의 말을 듣고 그대로 믿다. ≒곧듣다."
    },
    "곧이들리다": {
        "word": "곧이들리다",
        "chosung": "ㄱㅇㄷㄹㄷ",
        "type": "동사",
        "mean": " '곧이듣다'의 피동사."
    },
    "곧이어": {
        "word": "곧이어",
        "chosung": "ㄱㅇㅇ",
        "type": "부사",
        "mean": " 바로 뒤따라."
    },
    "곧잘": {
        "word": "곧잘",
        "chosung": "ㄱㅈ",
        "type": "부사",
        "mean": " 1. 제법 잘."
    },
    "곧장": {
        "word": "곧장",
        "chosung": "ㄱㅈ",
        "type": "부사",
        "mean": " 1. 옆길로 빠지지 아니하고 곧바로."
    },
    "곧차다": {
        "word": "곧차다",
        "chosung": "ㄱㅊㄷ",
        "type": "동사",
        "mean": "『 …을』 발길로 곧게 내어 지르다."
    },
    "곧창자": {
        "word": "곧창자",
        "chosung": "ㄱㅊㅈ",
        "type": "명사",
        "mean": "=곧은창자."
    },
    "곧추": {
        "word": "곧추",
        "chosung": "ㄱㅊ",
        "type": "부사",
        "mean": " 굽히거나 구부리지 아니하고 곧게."
    },
    "곧추갈이": {
        "word": "곧추갈이",
        "chosung": "ㄱㅊㄱㅇ",
        "type": "명사",
        "mean": "논밭을 곧게 갈아 나가는 방법."
    },
    "곧추다": {
        "word": "곧추다",
        "chosung": "ㄱㅊㄷ",
        "type": "동사",
        "mean": "『 …을』 1. 굽은 것을 곧게 바로잡다."
    },
    "곧추들다": {
        "word": "곧추들다",
        "chosung": "ㄱㅊㄷㄷ",
        "type": "동사",
        "mean": "『 …을』 위를 향하여 곧게 쳐들다."
    },
    "곧추뛰기": {
        "word": "곧추뛰기",
        "chosung": "ㄱㅊㄸㄱ",
        "type": "명사",
        "mean": "뜀틀 기술의 하나. 도움닫기를 한 후 발 구름을 하고 뜀틀 위에 두 손을 힘차게 짚으면서 잠시 곧추선 자세를 취했다가 바닥에 내려선다."
    },
    "곧추뜨다": {
        "word": "곧추뜨다",
        "chosung": "ㄱㅊㄸㄷ",
        "type": "동사",
        "mean": "『 …을』 1. 눈을 위로 향하여 뜨다."
    },
    "곧추마름": {
        "word": "곧추마름",
        "chosung": "ㄱㅊㅁㄹ",
        "type": "명사",
        "mean": "그물코를 가로 또는 세로로 곧게 끊어 그물을 마르는 일."
    },
    "곧추서다": {
        "word": "곧추서다",
        "chosung": "ㄱㅊㅅㄷ",
        "type": "동사",
        "mean": " 꼿꼿이 서다."
    },
    "곧추세우다": {
        "word": "곧추세우다",
        "chosung": "ㄱㅊㅅㅇㄷ",
        "type": "동사",
        "mean": "『 …을』 '곧추서다'의 사동사."
    },
    "곧추안다": {
        "word": "곧추안다",
        "chosung": "ㄱㅊㅇㄷ",
        "type": "동사",
        "mean": "『 …을』 어린아이를 곧게 세워서 안다."
    },
    "곧추앉다": {
        "word": "곧추앉다",
        "chosung": "ㄱㅊㅇㄷ",
        "type": "안꼬",
        "mean": "〕［동사］ 허리를 펴고 똑바로 앉다."
    },
    "곧추잇기": {
        "word": "곧추잇기",
        "chosung": "ㄱㅊㅇㄱ",
        "type": "명사",
        "mean": "두 전선의 끝을 마주 대고 감아서 전선을 잇는 방법."
    },
    "곧추지치기": {
        "word": "곧추지치기",
        "chosung": "ㄱㅊㅈㅊㄱ",
        "type": "명사",
        "mean": "［북한어］스피드 스케이팅에서, 윗몸을 자연스럽게 굽혀 공기 저항을 적게 받으면서 직선 코스를 달리는 방법."
    },
    "곧추치기": {
        "word": "곧추치기",
        "chosung": "ㄱㅊㅊㄱ",
        "type": "명사",
        "mean": "［북한어］'스트레이트'의 북한어."
    },
    "곧추하다": {
        "word": "곧추하다",
        "chosung": "ㄱㅊㅎㄷ",
        "type": "동사",
        "mean": "［북한어］ 곧게 만들다."
    },
    "곧치": {
        "word": "곧치",
        "chosung": "ㄱㅊ",
        "type": "명사",
        "mean": "［옛말］ '꼬챙이'의 옛말."
    }
}