{
    "곰": {
        "word": "곰",
        "chosung": "ㄱ",
        "type": "명사",
        "mean": "포유동물 식육목 곰과의 동물을 통틀어 이르는 말. 몸이 비대하며 다리가 굵고 짧다. 꼬리는 털에 가려져 보일 듯 말 듯 하다. 털은 갈색, 검은색 따위가 있으며 길고 거칠다. 깊은 산에 살며 나무에 잘 오르고 저녁 무렵부터 활동한다. 잡식성으로 겨울에는 굴속에서 겨울잠을 잔다. 대부분 북반구에 분포한다. 2. 미련하거나 행동이 느린 사람을 놀림조로 이르는 말."
    },
    "곰ㅅ달기": {
        "word": "곰ㅅ달기",
        "chosung": "ㄱㅅㄷㄱ",
        "type": "명사",
        "mean": "［옛말］ '고무딸기'의 옛말."
    },
    "곰개미": {
        "word": "곰개미",
        "chosung": "ㄱㄱㅁ",
        "type": "명사",
        "mean": "개밋과의 곤충. 몸은 5mm 정도이며, 검은색 또는 검은 갈색이고 온몸에 잿빛 갈색 털이 빽빽하게 난다. 식육성이 강하며 주변에서 가장 흔히 볼 수 있다. 한국, 일본 등지에 분포한다. (Formica japonica)"
    },
    "곰거리": {
        "word": "곰거리",
        "chosung": "ㄱㄱㄹ",
        "type": "명사",
        "mean": " 곰국의 재료가 되는 고기나 뼈."
    },
    "곰고양이": {
        "word": "곰고양이",
        "chosung": "ㄱㄱㅇㅇ",
        "type": "명사",
        "mean": "=판다."
    },
    "곰곰": {
        "word": "곰곰",
        "chosung": "ㄱㄱ",
        "type": "부사",
        "mean": " 여러모로 깊이 생각하는 모양. ≒곰곰이."
    },
    "곰곰궁리": {
        "word": "곰곰궁리",
        "chosung": "ㄱㄱㄱㄹ",
        "type": "명사",
        "mean": " 이리저리 곰곰이 하는 궁리."
    },
    "곰곰이": {
        "word": "곰곰이",
        "chosung": "ㄱㄱㅇ",
        "type": "부사",
        "mean": " =곰곰."
    },
    "곰과": {
        "word": "곰과",
        "chosung": "ㄱㄱ",
        "type": "명사",
        "mean": "포유강 식육목의 한 과. 잡식성으로 주로 북반구에 분포하는데 우리나라에는 반달가슴곰과 불곰이 있다. (Ursidae)"
    },
    "곰국": {
        "word": "곰국",
        "chosung": "ㄱㄱ",
        "type": "명사",
        "mean": " 소의 뼈나 양(□ ), 곱창, 양지머리 따위의 국거리를 넣고 진하게 푹 고아서 끓인 국. ≒곰탕 ."
    },
    "곰기다": {
        "word": "곰기다",
        "chosung": "ㄱㄱㄷ",
        "type": "동사",
        "mean": " 곪은 자리에 딴딴한 멍울이 생기다."
    },
    "곰나루": {
        "word": "곰나루",
        "chosung": "ㄱㄴㄹ",
        "type": "명사",
        "mean": "'공주(公州)'의 옛 이름."
    },
    "곰능이": {
        "word": "곰능이",
        "chosung": "ㄱㄴㅇ",
        "type": "명사",
        "mean": "［방언］ '공미리'의 방언(평북)."
    },
    "곰달외": {
        "word": "곰달외",
        "chosung": "ㄱㄷㅇ",
        "type": "명사",
        "mean": "［옛말］ '곰취'의 옛말."
    },
    "곰덫": {
        "word": "곰덫",
        "chosung": "ㄱㄷ",
        "type": "명사",
        "mean": " 1. 곰, 범, 멧돼지와 같이 비교적 큰 짐승을 잡기 위하여 놓은 덫. 2. =벼락틀."
    },
    "곰도리": {
        "word": "곰도리",
        "chosung": "ㄱㄷㄹ",
        "type": "명사",
        "mean": "［방언］ '잠자리'의 방언(경남)."
    },
    "곰돌아들다": {
        "word": "곰돌아들다",
        "chosung": "ㄱㄷㅇㄷㄷ",
        "type": "동사",
        "mean": "［북한어］ '감돌아들다'의 북한어."
    },
    "곰돌원숭이": {
        "word": "곰돌원숭이",
        "chosung": "ㄱㄷㅇㅅㅇ",
        "type": "명사",
        "mean": "긴꼬리원숭잇과의 하나. 몸의 무게는 50kg 정도이고, 꼬리의 길이는 40~50cm이다. 머리가 몸에 비하여 크고 상반신이 발달하였다. 얼굴은 검고 털이 없으며 눈이 작다. 수컷은 송곳니가 발달하였고 긴 갈기털이 있다. 암컷은 수컷에 비하여 훨씬 작다."
    },
    "곰돌이": {
        "word": "곰돌이",
        "chosung": "ㄱㄷㅇ",
        "type": "명사",
        "mean": " 자꾸 계속하여 도는 일."
    },
    "곰딸기": {
        "word": "곰딸기",
        "chosung": "ㄱㄸㄱ",
        "type": "명사",
        "mean": "장미과의 낙엽 활엽 관목. 길이는 3미터 정도이며, 가시가 드문드문 있고 붉은 선모(腺毛)가 빽빽이 나 있으며, 잎은 어긋난다. 새 가지 끝에 연한 붉은색 꽃이 총상(總狀) 꽃차례로 피고 7월에 열매가 붉게 익는다. 그늘진 습지에서 자라며 한국, 일본, 중국 등지에 분포한다. ≒붉은가시딸기. (Rubus phoenicolasius)"
    },
    "곰만": {
        "word": "곰만",
        "chosung": "ㄱㅁ",
        "type": "부사",
        "mean": "［방언］ '금방'의 방언(함경)."
    },
    "곰말채나무": {
        "word": "곰말채나무",
        "chosung": "ㄱㅁㅊㄴㅁ",
        "type": "명사",
        "mean": "'곰의말채나무'의 북한어."
    },
    "곰매팔": {
        "word": "곰매팔",
        "chosung": "ㄱㅁㅍ",
        "type": "명사",
        "mean": "［방언］ '곰배팔이'의 방언(경남)."
    },
    "곰바구": {
        "word": "곰바구",
        "chosung": "ㄱㅂㄱ",
        "type": "명사",
        "mean": "［방언］ '곰팡이'의 방언(경북)."
    },
    "곰바리": {
        "word": "곰바리",
        "chosung": "ㄱㅂㄹ",
        "type": "명사",
        "mean": "［방언］ '곱상어'의 방언(경남)."
    },
    "곰바지런": {
        "word": "곰바지런",
        "chosung": "ㄱㅂㅈㄹ",
        "type": "명사",
        "mean": "'곰바지런하다'의 어근."
    },
    "곰박": {
        "word": "곰박",
        "chosung": "ㄱㅂ",
        "type": "명사",
        "mean": "［방언］ '석자'의 방언(제주)."
    },
    "곰발": {
        "word": "곰발",
        "chosung": "ㄱㅂ",
        "type": "명사",
        "mean": "［방언］ '부스럼'의 방언(전남)."
    },
    "곰방그네": {
        "word": "곰방그네",
        "chosung": "ㄱㅂㄱㄴ",
        "type": "명사",
        "mean": "［북한어］ 줄이 짧은, 아이들의 그네."
    },
    "곰방담뱃대": {
        "word": "곰방담뱃대",
        "chosung": "ㄱㅂㄷㅂㄷ",
        "type": "명사",
        "mean": " =곰방대."
    },
    "곰방대": {
        "word": "곰방대",
        "chosung": "ㄱㅂㄷ",
        "type": "명사",
        "mean": "［옛말］ '곰방대'의 옛말."
    },
    "곰방메": {
        "word": "곰방메",
        "chosung": "ㄱㅂㅁ",
        "type": "명사",
        "mean": "흙덩이를 깨뜨리거나 씨 뿌린 뒤 흙을 덮는 데에 쓰는 농기구. 지름이 두 치 남짓하고 길이가 한 자쯤 되는 둥근 나무토막에 긴 자루를 맞추어 박아 '丁' 자 모양으로 만들었다. ≒교토기·뇌목."
    },
    "곰방세": {
        "word": "곰방세",
        "chosung": "ㄱㅂㅅ",
        "type": "명사",
        "mean": "［방언］ '잠방이'의 방언(강원)."
    },
    "곰방술": {
        "word": "곰방술",
        "chosung": "ㄱㅂㅅ",
        "type": "명사",
        "mean": "［북한어］ 자루가 짧은 숟가락."
    },
    "곰방이": {
        "word": "곰방이",
        "chosung": "ㄱㅂㅇ",
        "type": "명사",
        "mean": " '곰방대'의 잘못."
    },
    "곰방적삼": {
        "word": "곰방적삼",
        "chosung": "ㄱㅂㅈㅅ",
        "type": "명사",
        "mean": "［방언］ '등거리'의 방언(강원)."
    },
    "곰방중우": {
        "word": "곰방중우",
        "chosung": "ㄱㅂㅈㅇ",
        "type": "명사",
        "mean": "［방언］ '잠방이'의 방언(강원, 경남)."
    },
    "곰방중이": {
        "word": "곰방중이",
        "chosung": "ㄱㅂㅈㅇ",
        "type": "명사",
        "mean": "［방언］ '잠방이'의 방언(강원)."
    },
    "곰방지게": {
        "word": "곰방지게",
        "chosung": "ㄱㅂㅈㄱ",
        "type": "명사",
        "mean": "［북한어］ 멜빵과 지겟다리가 짧은 지게."
    },
    "곰배": {
        "word": "곰배",
        "chosung": "ㄱㅂ",
        "type": "명사",
        "mean": "［방언］ 1. '고무래'의 방언(강원, 경상, 충청). 2. '곰방메'의 방언(충북). 3. 흙을 잘게 부수거나 찰떡을 칠 때에 떡메로도 쓰는, 나무로 만든 연장(경상)."
    },
    "곰배기": {
        "word": "곰배기",
        "chosung": "ㄱㅂㄱ",
        "type": "명사",
        "mean": "［방언］ '곰팡이'의 방언(경남)."
    },
    "곰배님배": {
        "word": "곰배님배",
        "chosung": "ㄱㅂㄴㅂ",
        "type": "부사",
        "mean": "［방언］ '곰비임비'의 방언(평북)."
    },
    "곰배말": {
        "word": "곰배말",
        "chosung": "ㄱㅂㅁ",
        "type": "명사",
        "mean": " 등이 굽은 말."
    },
    "곰배질": {
        "word": "곰배질",
        "chosung": "ㄱㅂㅈ",
        "type": "명사",
        "mean": "［북한어］ '고무래질'의 북한어."
    },
    "곰배팔": {
        "word": "곰배팔",
        "chosung": "ㄱㅂㅍ",
        "type": "명사",
        "mean": " 꼬부라져 붙어 펴지 못하게 된 팔. 또는 팔뚝이 없는 팔."
    },
    "곰배팔이": {
        "word": "곰배팔이",
        "chosung": "ㄱㅂㅍㅇ",
        "type": "명사",
        "mean": " 팔이 꼬부라져 붙어 펴지 못하거나 팔뚝이 없는 사람을 낮잡아 이르는 말. ≒곰배."
    },
    "곰배팔이춤": {
        "word": "곰배팔이춤",
        "chosung": "ㄱㅂㅍㅇㅊ",
        "type": "명사",
        "mean": "곰배팔이의 흉내를 내는 병신춤."
    },
    "곰뱅이": {
        "word": "곰뱅이",
        "chosung": "ㄱㅂㅇ",
        "type": "명사",
        "mean": "=곰뱅이쇠."
    },
    "곰뱅이쇠": {
        "word": "곰뱅이쇠",
        "chosung": "ㄱㅂㅇㅅ",
        "type": "명사",
        "mean": "남사당패에서, 우두머리인 꼭두쇠를 보좌하여 기획을 맡아보는 사람. 놀이를 벌이고자 하는 마을의 어른이나 이장에게 찾아가 허락을 받는 일 따위를 맡는다. 규모가 클 경우에는 두 명을 두기도 한다. ≒곰뱅이·화주(化主) ."
    },
    "곰뱅이트다": {
        "word": "곰뱅이트다",
        "chosung": "ㄱㅂㅇㅌㄷ",
        "type": "동사",
        "mean": "남사당패가 마을에 들어와서 놀이를 벌여도 좋다는 허락을 받다."
    },
    "곰보": {
        "word": "곰보",
        "chosung": "ㄱㅂ",
        "type": "명사",
        "mean": " 얼굴이 얽은 사람을 낮잡아 이르는 말. ≒얽보."
    },
    "곰보꽃하늘소": {
        "word": "곰보꽃하늘소",
        "chosung": "ㄱㅂㄲㅎㄴㅅ",
        "type": "명사",
        "mean": "하늘솟과의 곤충. 몸의 길이는 1.2~2cm이며, 등 면은 검은 갈색으로 금속 광택이 나고 딱지날개 가운데에 물결 모양의 누런색 띠가 있다. 배에는 광택이 나는 회색의 짧은 털이 많이 나 있다. 한국, 일본, 중국, 시베리아 등지에 분포한다. (Sachalinobia rugipennis)"
    },
    "곰보대": {
        "word": "곰보대",
        "chosung": "ㄱㅂㄷ",
        "type": "명사",
        "mean": "'곰봇대'의 북한어."
    },
    "곰보딱지": {
        "word": "곰보딱지",
        "chosung": "ㄱㅂㄸㅈ",
        "type": "명사",
        "mean": " 얼굴이 몹시 얽은 사람을 놀림조로 이르는 말."
    },
    "곰보뜨기": {
        "word": "곰보뜨기",
        "chosung": "ㄱㅂㄸㄱ",
        "type": "명사",
        "mean": "뜨개질에서, 겉면을 오톨도톨하게 뜨는 방법. 코 수에 따라 여러 가지 형태로 나타난다."
    },
    "곰보망치": {
        "word": "곰보망치",
        "chosung": "ㄱㅂㅁㅊ",
        "type": "명사",
        "mean": " 망치의 하나. 끝이 평평하여 돌의 표면을 곱게 할 때에 쓴다."
    },
    "곰보무늬": {
        "word": "곰보무늬",
        "chosung": "ㄱㅂㅁㄴ",
        "type": "명사",
        "mean": "［북한어］ 겉면을 움푹 패게 하거나 오톨도톨 돋게 한 무늬."
    },
    "곰보미장": {
        "word": "곰보미장",
        "chosung": "ㄱㅂㅁㅈ",
        "type": "명사",
        "mean": "이미 미장한 위에 시멘트 모르타르를 툭툭 쳐 붙여서 벽면이 움푹움푹 팬 미장."
    },
    "곰보버섯": {
        "word": "곰보버섯",
        "chosung": "ㄱㅂㅂㅅ",
        "type": "명사",
        "mean": "《식물》자낭균류 곰보버섯과의 하나. 높이는 10cm 정도이며, 갓은 연한 갈색이고 전체에 바구니눈 모양의 홈이 있다. 줄기는 원기둥 모양이다. 3~5월에 숲이나 정원수 밑에서 뭉쳐나는데 유럽에서는 식용하며 전 세계에 분포한다. (Morchella esculenta)"
    },
    "곰보벌레": {
        "word": "곰보벌레",
        "chosung": "ㄱㅂㅂㄹ",
        "type": "명사",
        "mean": "곰보벌렛과의 곤충. 몸의 길이는 9~17mm이며, 어두운 갈색이다. 머리에는 곰보 모양의 과립이 많고 앞날개에는 아홉 개의 가로줄이 있고 그 사이에 세로줄이 있다. 애벌레는 썩은 나무에 사는데 한국, 일본, 동부 시베리아 등지에 분포한다. ≒장편충. (Tenomerga anguliscutus)"
    },
    "곰보벌렛과": {
        "word": "곰보벌렛과",
        "chosung": "ㄱㅂㅂㄹㄱ",
        "type": "명사",
        "mean": "곤충강 딱정벌레목의 한 과. 몸은 길고 넓적하며 더듬이는 11마디, 배는 5마디인데 끝 마디가 가장 길다. 전 세계에 20여 종이 분포하는데 우리나라에는 곰보벌레 1종만이 알려져 있다. (Cupedidae)"
    },
    "곰보빵": {
        "word": "곰보빵",
        "chosung": "ㄱㅂㅃ",
        "type": "명사",
        "mean": " 밀가루에 설탕, 달걀, 버터 따위를 섞어서 반죽하여 표면을 오톨도톨하게 구워 낸 빵."
    },
    "곰보뼈벌레": {
        "word": "곰보뼈벌레",
        "chosung": "ㄱㅂㅃㅂㄹ",
        "type": "명사",
        "mean": "원생동물의 하나. 뼈는 달걀 모양이고 그 겉면에 있는 많은 구멍은 육각형의 오목한 가시들로 둘러싸여 있다. 테두리의 각 뿔에는 짧은 가시가 돋아 있다. 한국, 태평양 등지에 분포한다."
    },
    "곰보세멘트벽": {
        "word": "곰보세멘트벽",
        "chosung": "ㄱㅂㅅㅁㅌㅂ",
        "type": "명사",
        "mean": "시멘트 모르타르로 곰보미장을 한 벽. ※ 곰보 시멘트 벽."
    },
    "곰보수": {
        "word": "곰보수",
        "chosung": "ㄱㅂㅅ",
        "type": "명사",
        "mean": "수를 오톨도톨 돋아나게 놓는 방법."
    },
    "곰보양반": {
        "word": "곰보양반",
        "chosung": "ㄱㅂㅇㅂ",
        "type": "명사",
        "mean": "통영 오광대에 등장하는 인물. 손님탈을 쓴다."
    },
    "곰보우릉성이": {
        "word": "곰보우릉성이",
        "chosung": "ㄱㅂㅇㄹㅅㅇ",
        "type": "명사",
        "mean": "멍게의 하나. 몸의 길이는 4cm 정도이며, 길고 둥글며 약간 넓적하다. 배의 물구멍은 몸통의 중간 옆에 있다. ※ 곰보우렁쉥이."
    },
    "곰보유리": {
        "word": "곰보유리",
        "chosung": "ㄱㅂㅇㄹ",
        "type": "명사",
        "mean": " 표면을 오톨도톨하게 만든 유리."
    },
    "곰보인화지": {
        "word": "곰보인화지",
        "chosung": "ㄱㅂㅇㅎㅈ",
        "type": "명사",
        "mean": "겉면이 오톨도톨하게 생긴 인화지."
    },
    "곰보자주새우": {
        "word": "곰보자주새우",
        "chosung": "ㄱㅂㅈㅈㅅㅇ",
        "type": "명사",
        "mean": "자주새웃과의 하나. 암컷의 몸의 길이는 8mm 정도이고 갑각은 납작하며 이마뿔도 작고 납작하다. 한국, 일본 등지에 분포한다. (Pontophilus bidentatus)"
    },
    "곰보직": {
        "word": "곰보직",
        "chosung": "ㄱㅂㅈ",
        "type": "명사",
        "mean": "=곰보천."
    },
    "곰보천": {
        "word": "곰보천",
        "chosung": "ㄱㅂㅊ",
        "type": "명사",
        "mean": "겉면이 오톨도톨한 천. ≒곰보직."
    },
    "곰보철판": {
        "word": "곰보철판",
        "chosung": "ㄱㅂㅊㅍ",
        "type": "명사",
        "mean": " 겉면을 오톨도톨하게 만든 철판."
    },
    "곰보타령": {
        "word": "곰보타령",
        "chosung": "ㄱㅂㅌㄹ",
        "type": "명사",
        "mean": "경기 휘모리 잡가(雜歌)의 하나. 곰보의 얽은 모습을 해학적으로 풍자한 긴 사설을 세 단으로 나누어 빠른 박자로 부른다."
    },
    "곰봇대": {
        "word": "곰봇대",
        "chosung": "ㄱㅂㄷ",
        "type": "명사",
        "mean": "뇌관(雷管)을 넣기 위하여 다이너마이트 속에 구멍을 뚫거나 다이너마이트를 남폿구멍 속으로 밀어 넣는 데 쓰는 나무 꼬챙이."
    },
    "곰부래": {
        "word": "곰부래",
        "chosung": "ㄱㅂㄹ",
        "type": "명사",
        "mean": "［방언］ '고무래'의 방언(황해)."
    },
    "곰부리": {
        "word": "곰부리",
        "chosung": "ㄱㅂㄹ",
        "type": "명사",
        "mean": "［방언］ '잠자리'의 방언(경남)."
    },
    "곰브로비치": {
        "word": "곰브로비치",
        "chosung": "ㄱㅂㄹㅂㅊ",
        "type": "명사",
        "mean": "폴란드의 유대계 소설가·극작가(1904~1969). 미성숙과 성숙, 젊음과 완성을 대치하여 인간 실재(實在)의 본질을 묘사하였다. 작품에 소설, 《코스모스》, 희곡 《결혼》따위가 있다."
    },
    "곰븨님븨": {
        "word": "곰븨님븨",
        "chosung": "ㄱㅂㄴㅂ",
        "type": "부사",
        "mean": "［옛말］ '곰비임비'의 옛말."
    },
    "곰비곰비": {
        "word": "곰비곰비",
        "chosung": "ㄱㅂㄱㅂ",
        "type": "부사",
        "mean": " '곰비임비'의 잘못."
    },
    "곰비늘고사리": {
        "word": "곰비늘고사리",
        "chosung": "ㄱㅂㄴㄱㅅㄹ",
        "type": "명사",
        "mean": "면마과의 상록 여러해살이 고사리 식물. 뿌리줄기가 짧고 굵다. 잎은 뭉쳐나고 연한 풀색이며, 피침 모양으로 끝이 뾰족하다. 산이나 들에서 자라는데 우리나라의 중부 이남에 분포한다. (Dryopteris uniformis)"
    },
    "곰비임비": {
        "word": "곰비임비",
        "chosung": "ㄱㅂㅇㅂ",
        "type": "부사",
        "mean": " 물건이 거듭 쌓이거나 일이 계속 일어남을 나타내는 말."
    },
    "곰사구": {
        "word": "곰사구",
        "chosung": "ㄱㅅㄱ",
        "type": "명사",
        "mean": "［방언］ '곰팡이'의 방언(경북)."
    },
    "곰삭다": {
        "word": "곰삭다",
        "chosung": "ㄱㅅㄷ",
        "type": "동사",
        "mean": " ━ ⅰ1. 옷 따위가 오래되어서 올이 삭고 질이 약해지다."
    },
    "곰삭히다": {
        "word": "곰삭히다",
        "chosung": "ㄱㅅㅎㄷ",
        "type": "동사",
        "mean": "『 …을』 '곰삭다'의 사동사."
    },
    "곰살갑다": {
        "word": "곰살갑다",
        "chosung": "ㄱㅅㄱㄷ",
        "type": "형용사",
        "mean": " 성질이 보기보다 상냥하고 부드럽다."
    },
    "곰살곱다": {
        "word": "곰살곱다",
        "chosung": "ㄱㅅㄱㄷ",
        "type": "형용사",
        "mean": " '곰살갑다'의 잘못."
    },
    "곰살궂다": {
        "word": "곰살궂다",
        "chosung": "ㄱㅅㄱㄷ",
        "type": "형용사",
        "mean": " 1. 태도나 성질이 부드럽고 친절하다."
    },
    "곰살맞다": {
        "word": "곰살맞다",
        "chosung": "ㄱㅅㅁㄷ",
        "type": "형용사",
        "mean": "［북한어］ 몹시 부드럽고 친절하다."
    },
    "곰상곰상": {
        "word": "곰상곰상",
        "chosung": "ㄱㅅㄱㅅ",
        "type": "부사",
        "mean": " 1. 성질이나 행동이 싹싹하고 부드러운 모양."
    },
    "곰상스럽다": {
        "word": "곰상스럽다",
        "chosung": "ㄱㅅㅅㄹㄷ",
        "type": "형용사",
        "mean": " 1. 성질이나 행동이 싹싹하고 부드러운 데가 있다."
    },
    "곰상하다": {
        "word": "곰상하다",
        "chosung": "ㄱㅅㅎㄷ",
        "type": "형용사",
        "mean": "［북한어］ 태도가 부드럽고 조용하다."
    },
    "곰새기": {
        "word": "곰새기",
        "chosung": "ㄱㅅㄱ",
        "type": "명사",
        "mean": "［방언］ '곰팡이'의 방언(경상)."
    },
    "곰소": {
        "word": "곰소",
        "chosung": "ㄱㅅ",
        "type": "명사",
        "mean": " 심마니들의 은어로, '소금'을 이르는 말."
    },
    "곰손이": {
        "word": "곰손이",
        "chosung": "ㄱㅅㅇ",
        "type": "명사",
        "mean": " 곰과 같이 순하고 든직한 사람."
    },
    "곰솔": {
        "word": "곰솔",
        "chosung": "ㄱㅅ",
        "type": "명사",
        "mean": "소나뭇과의 상록 침엽 교목. 높이는 20미터 정도이며, 5월에 가지 끝에 노란색의 꽃이 피고 열매는 구과(毬果)로 다음 해 10월에 익는다. 재목은 건축재, 도구재, 땔감으로 쓰고 나무껍질과 꽃가루는 식용한다. 주로 해변에서 자라는데 한국의 남부, 일본 등지에 분포한다. ≒왕솔나무·해송 ·흑송. (Pinus thunbergii)"
    },
    "곰솔왕진딧물": {
        "word": "곰솔왕진딧물",
        "chosung": "ㄱㅅㅇㅈㄷㅁ",
        "type": "명사",
        "mean": "왕진딧물과의 곤충. 몸의 길이는 2.8~3.3mm이며, 검은 갈색 또는 검은색이다. 겹눈이 튀어나와 있고 긴 강모가 있으며 날개가 없는 것도 있다. 소나무에 기생하는데 한국, 일본, 유럽 등지에 분포한다. (Cinara piniformosana)"
    },
    "곰실": {
        "word": "곰실",
        "chosung": "ㄱㅅ",
        "type": "명사",
        "mean": "'곰실거리다'의 어근."
    },
    "곰실곰실": {
        "word": "곰실곰실",
        "chosung": "ㄱㅅㄱㅅ",
        "type": "부사",
        "mean": "［북한어］ '곰곰'의 북한어."
    },
    "곰쓸개": {
        "word": "곰쓸개",
        "chosung": "ㄱㅆㄱ",
        "type": "명사",
        "mean": "=웅담."
    },
    "곰앞잡이": {
        "word": "곰앞잡이",
        "chosung": "ㄱㅇㅈㅇ",
        "type": "명사",
        "mean": " 범죄 집단의 은어로, 형사의 앞잡이를 이르는 말."
    },
    "곰열": {
        "word": "곰열",
        "chosung": "ㄱㅇ",
        "type": "명사",
        "mean": "'웅담'의 북한어."
    },
    "곰의말채나무": {
        "word": "곰의말채나무",
        "chosung": "ㄱㅇㅁㅊㄴㅁ",
        "type": "명사",
        "mean": "층층나뭇과의 낙엽 활엽 교목. 높이는 10미터 이상이며, 잎은 마주나고 긴 타원형으로 뒷면이 희다. 봄에 연한 노란색 꽃이 가지 끝에 피고 열매는 핵과(核果)로 10월에 검푸르게 익는다. 정원수나 땔감, 숯의 재료로 쓴다. 숲 속에서 자라는데 한국, 일본, 중국 등지에 분포한다. (Cornus brachypoda)"
    },
    "곰의수해": {
        "word": "곰의수해",
        "chosung": "ㄱㅇㅅㅎ",
        "type": "명사",
        "mean": "'까실쑥부쟁이'의 잘못."
    },
    "곰의열": {
        "word": "곰의열",
        "chosung": "ㄱㅇㅇ",
        "type": "명사",
        "mean": "'웅담'의 북한어."
    },
    "곰작": {
        "word": "곰작",
        "chosung": "ㄱㅈ",
        "type": "부사",
        "mean": " 몸을 둔하고 느리게 조금 움직이는 모양."
    },
    "곰작곰작": {
        "word": "곰작곰작",
        "chosung": "ㄱㅈㄱㅈ",
        "type": "부사",
        "mean": " 몸을 둔하고 느리게 조금씩 자꾸 움직이는 모양."
    },
    "곰장어": {
        "word": "곰장어",
        "chosung": "ㄱㅈㅇ",
        "type": "명사",
        "mean": "1. '먹장어'로 순화. 2. '갯장어'의 잘못."
    },
    "곰장이": {
        "word": "곰장이",
        "chosung": "ㄱㅈㅇ",
        "type": "명사",
        "mean": " 은어로, '도둑'을 이르는 말."
    },
    "곰쥐": {
        "word": "곰쥐",
        "chosung": "ㄱㅈ",
        "type": "명사",
        "mean": "쥣과의 하나. 몸의 길이는 15~23cm, 꼬리의 길이는 15~25cm이며, 개체에 따라 색깔의 변이가 있다. 집쥐보다 몸이 가늘며 귓바퀴가 크고 동작이 매우 빠르다. 전 세계에 분포하며, 특히 항만 도시에 서식한다. ≒갈색쥐·이집트쥐. (Rattus rattus tanezumi)"
    },
    "곰지": {
        "word": "곰지",
        "chosung": "ㄱㅈ",
        "type": "명사",
        "mean": "［방언］ '곰팡이'의 방언(함남)."
    },
    "곰지락": {
        "word": "곰지락",
        "chosung": "ㄱㅈㄹ",
        "type": "부사",
        "mean": " 몸을 천천히 좀스럽게 움직이는 모양."
    },
    "곰지락곰지락": {
        "word": "곰지락곰지락",
        "chosung": "ㄱㅈㄹㄱㅈㄹ",
        "type": "부사",
        "mean": " 몸을 천천히 좀스럽게 계속 움직이는 모양."
    },
    "곰질": {
        "word": "곰질",
        "chosung": "ㄱㅈ",
        "type": "부사",
        "mean": " '곰지락'의 준말."
    },
    "곰질곰질": {
        "word": "곰질곰질",
        "chosung": "ㄱㅈㄱㅈ",
        "type": "부사",
        "mean": " '곰지락곰지락'의 준말."
    },
    "곰집": {
        "word": "곰집",
        "chosung": "ㄱㅈ",
        "type": "명사",
        "mean": " 범죄 집단의 은어로, '파출소'를 이르는 말."
    },
    "곰챙이": {
        "word": "곰챙이",
        "chosung": "ㄱㅊㅇ",
        "type": "명사",
        "mean": "［방언］ '곰팡이'의 방언(황해)."
    },
    "곰출내기": {
        "word": "곰출내기",
        "chosung": "ㄱㅊㄴㄱ",
        "type": "명사",
        "mean": "［방언］ '숨바꼭질'의 방언(함북)."
    },
    "곰춤": {
        "word": "곰춤",
        "chosung": "ㄱㅊ",
        "type": "명사",
        "mean": "곰의 흉내를 내면서 추는 춤."
    },
    "곰취": {
        "word": "곰취",
        "chosung": "ㄱㅊ",
        "type": "명사",
        "mean": "국화과의 여러해살이풀. 높이는 1미터 정도이며, 잎은 큰 심장 모양이고 날카로운 잔톱니가 있다. 7~9월에 노란 꽃이 총상(總狀) 꽃차례로 피고 열매는 수과(瘦果)를 맺는다. 어린잎은 식용한다. 깊은 산에 나는데 한국, 동부 시베리아, 사할린, 일본, 중국 등지에 분포한다. ≒웅소. (Ligularia fischeri)"
    },
    "곰취물": {
        "word": "곰취물",
        "chosung": "ㄱㅊㅁ",
        "type": "명사",
        "mean": "［북한어］ 곰취의 잎을 넣고 끓인 물."
    },
    "곰취쌈": {
        "word": "곰취쌈",
        "chosung": "ㄱㅊㅆ",
        "type": "명사",
        "mean": "［북한어］ 곰취의 잎으로 밥을 싸 먹는 쌈."
    },
    "곰치": {
        "word": "곰치",
        "chosung": "ㄱㅊ",
        "type": "명사",
        "mean": "곰칫과의 바닷물고기. 몸의 길이는 60cm 정도이며, 누런 갈색 바탕에 검은 갈색의 불규칙한 가로띠가 있다. 뱀장어처럼 가늘고 길지만 살이 많으며 두껍고 비늘이 없다. 날카로운 이가 발달하였고 탐식성이 있다. 한국, 일본, 필리핀 등지에 분포한다. (Gymnothorax kidako)"
    },
    "곰치다": {
        "word": "곰치다",
        "chosung": "ㄱㅊㄷ",
        "type": "동사",
        "mean": "［방언］ '감추다'의 방언(강원, 함북)."
    },
    "곰칫과": {
        "word": "곰칫과",
        "chosung": "ㄱㅊㄱ",
        "type": "명사",
        "mean": "조기강 뱀장어목의 한 과. 아가미구멍이 작고 둥글며 혀가 없다. 가슴지느러미가 없으며 살이 많고 피부가 두껍다. 가지굴, 곰치, 알락곰치 따위가 있다. (Muraenidae)"
    },
    "곰큰새우": {
        "word": "곰큰새우",
        "chosung": "ㄱㅋㅅㅇ",
        "type": "명사",
        "mean": "큰새웃과의 하나. 몸의 길이는 22cm 정도이며, 붉은 갈색의 띠무늬가 있다. 액각(額角)에는 위 가장자리에 7~8개, 아래 가장자리에 3~4개의 톱날 모양의 가시가 있다."
    },
    "곰탕": {
        "word": "곰탕",
        "chosung": "ㄱㅌ",
        "type": "명사",
        "mean": " '곰팡이'의 잘못."
    },
    "곰태기": {
        "word": "곰태기",
        "chosung": "ㄱㅌㄱ",
        "type": "명사",
        "mean": "［방언］ '곰팡이'의 방언(함북)."
    },
    "곰태이": {
        "word": "곰태이",
        "chosung": "ㄱㅌㅇ",
        "type": "명사",
        "mean": "［방언］ '곰'의 방언(강원)."
    },
    "곰통": {
        "word": "곰통",
        "chosung": "ㄱㅌ",
        "type": "명사",
        "mean": "［북한어］ 미련하고 우둔한 사람을 낮잡아 이르는 말."
    },
    "곰통방": {
        "word": "곰통방",
        "chosung": "ㄱㅌㅂ",
        "type": "명사",
        "mean": " 곰 따위의 큰 짐승을 잡는 덫. 통나무로 큰 상자처럼 만든다."
    },
    "곰투덜": {
        "word": "곰투덜",
        "chosung": "ㄱㅌㄷ",
        "type": "명사",
        "mean": " 혼자서 투덜거리는 일."
    },
    "곰틀": {
        "word": "곰틀",
        "chosung": "ㄱㅌ",
        "type": "부사",
        "mean": " 몸의 한 부분을 고부리거나 비틀며 좀스럽게 움직이는 모양."
    },
    "곰틀곰틀": {
        "word": "곰틀곰틀",
        "chosung": "ㄱㅌㄱㅌ",
        "type": "부사",
        "mean": " 몸의 한 부분을 고부리거나 비틀며 자꾸 좀스럽게 움직이는 모양."
    },
    "곰파다": {
        "word": "곰파다",
        "chosung": "ㄱㅍㄷ",
        "type": "동사",
        "mean": "『 …을』 사물이나 일의 속내를 알려고 자세히 찾아보고 따지다."
    },
    "곰팍": {
        "word": "곰팍",
        "chosung": "ㄱㅍ",
        "type": "명사",
        "mean": "［방언］ '석자'의 방언(제주)."
    },
    "곰팡": {
        "word": "곰팡",
        "chosung": "ㄱㅍ",
        "type": "명사",
        "mean": "=곰팡이.【← 곰+픠­+­앙】"
    },
    "곰팡내": {
        "word": "곰팡내",
        "chosung": "ㄱㅍㄴ",
        "type": "명사",
        "mean": " 1. =곰팡냄새 ."
    },
    "곰팡냄새": {
        "word": "곰팡냄새",
        "chosung": "ㄱㅍㄴㅅ",
        "type": "명사",
        "mean": " 1. 곰팡이에서 나는 매캐하고 쾨쾨한 냄새. ≒곰팡내 ."
    },
    "곰팡붙이": {
        "word": "곰팡붙이",
        "chosung": "ㄱㅍㅂㅇ",
        "type": "명사",
        "mean": "=균류."
    },
    "곰팡스럽다": {
        "word": "곰팡스럽다",
        "chosung": "ㄱㅍㅅㄹㄷ",
        "type": "형용사",
        "mean": " 생각이나 행동이 고리타분하고 괴상한 데가 있다."
    },
    "곰팡이": {
        "word": "곰팡이",
        "chosung": "ㄱㅍㅇ",
        "type": "명사",
        "mean": "몸의 구조가 간단한 하등 균류를 통틀어 이르는 말. 동물이나 식물에 붙어사는데, 어둡고 습기가 찰 때 음식물·옷·기구 따위에도 난다. 몸은 균사(菌絲)로 되어 있고, 대개 분열에 의하여 홀씨로 번식하나 유성 생식도 한다. 검은곰팡이, 푸른곰팡이, 털곰팡이 따위가 있다. ≒곰·곰팡."
    },
    "곰팡이류": {
        "word": "곰팡이류",
        "chosung": "ㄱㅍㅇㄹ",
        "type": "명사",
        "mean": " '사상균류'를 일상적으로 이르는 말."
    },
    "곰패이": {
        "word": "곰패이",
        "chosung": "ㄱㅍㅇ",
        "type": "명사",
        "mean": "［방언］ '곰팡이'의 방언(강원, 함경, 황해)."
    },
    "곰팽이": {
        "word": "곰팽이",
        "chosung": "ㄱㅍㅇ",
        "type": "명사",
        "mean": " '곰팡이'의 잘못."
    },
    "곰퍼스": {
        "word": "곰퍼스",
        "chosung": "ㄱㅍㅅ",
        "type": "명사",
        "mean": "영국 태생의 미국 노동 운동 지도자(1850~1924). 1886년에 미국 노동 총동맹(AFL)을 결성하여 회장을 지냈다. 노사 협조, 직능별 조합, 경제 투쟁을 주장하였다."
    },
    "곰페": {
        "word": "곰페",
        "chosung": "ㄱㅍ",
        "type": "명사",
        "mean": " 심마니들의 은어로, '곰'을 이르는 말."
    },
    "곰푸": {
        "word": "곰푸",
        "chosung": "ㄱㅍ",
        "type": "명사",
        "mean": "［방언］ '다시마'의 방언(경남)."
    },
    "곰퓌다": {
        "word": "곰퓌다",
        "chosung": "ㄱㅍㄷ",
        "type": "동사",
        "mean": "［옛말］ '곰피다'의 옛말."
    },
    "곰피": {
        "word": "곰피",
        "chosung": "ㄱㅍ",
        "type": "명사",
        "mean": "［방언］ '곰팡이'의 방언(경남)."
    },
    "곰피다": {
        "word": "곰피다",
        "chosung": "ㄱㅍㄷ",
        "type": "동사",
        "mean": " 곰팡이가 피다.【＜ 곰픠다＜ 곰퓌다≪훈몽자회(예산 문고본)(1527)≫← 곰+퓌-】"
    }
}