{
    "곶": {
        "word": "곶",
        "chosung": "ㄱ",
        "type": "접사",
        "mean": "｛일부 고유 명사 뒤에 붙어｝ '바다로 뻗어 나온 모양을 한 곳'의 뜻을 더하는 접미사."
    },
    "곶감": {
        "word": "곶감",
        "chosung": "ㄱㄱ",
        "type": "명사",
        "mean": " 껍질을 벗기고 꼬챙이에 꿰어서 말린 감. ≒관시(串 □)·백시(白□)."
    },
    "곶닢": {
        "word": "곶닢",
        "chosung": "ㄱㄴ",
        "type": "명사",
        "mean": "［옛말］ '꽃잎'의 옛말."
    },
    "곶다": {
        "word": "곶다",
        "chosung": "ㄱㄷ",
        "type": "동사",
        "mean": "［옛말］ '꽂다'의 옛말."
    },
    "곶리도": {
        "word": "곶리도",
        "chosung": "ㄱㄹㄷ",
        "type": "명사",
        "mean": "전라북도 군산시에 속하는 섬. 면적은 1.21㎢. ≒관지도."
    },
    "곶사비낭": {
        "word": "곶사비낭",
        "chosung": "ㄱㅅㅂㄴ",
        "type": "명사",
        "mean": "［방언］ '새비나무'의 방언(제주)."
    },
    "곶이": {
        "word": "곶이",
        "chosung": "ㄱㅇ",
        "type": "명사",
        "mean": " 바다 가운데로 내민 땅."
    }
}