{
    "괄": {
        "word": "괄",
        "chosung": "ㄱ",
        "type": "명사",
        "mean": "'괄하다'의 어근."
    },
    "괄괄": {
        "word": "괄괄",
        "chosung": "ㄱㄱ",
        "type": "명사",
        "mean": "'괄괄하다'의 어근."
    },
    "괄괄스럽다": {
        "word": "괄괄스럽다",
        "chosung": "ㄱㄱㅅㄹㄷ",
        "type": "형용사",
        "mean": " 보기에 성질이 세고 급한 데가 있다."
    },
    "괄괄아": {
        "word": "괄괄아",
        "chosung": "ㄱㄱㅇ",
        "type": "명사",
        "mean": "=여치."
    },
    "괄구마광": {
        "word": "괄구마광",
        "chosung": "ㄱㄱㅁㄱ",
        "type": "명사",
        "mean": " 때를 벗기고 빛이 나게 닦는다는 뜻으로, 사람의 결점을 고치고 장점을 발휘하게 함을 이르는 말."
    },
    "괄기": {
        "word": "괄기",
        "chosung": "ㄱㄱ",
        "type": "명사",
        "mean": " 성질이 세고 급한 기세."
    },
    "괄뉴목": {
        "word": "괄뉴목",
        "chosung": "ㄱㄴㅁ",
        "type": "명사",
        "mean": " =오늬목."
    },
    "괄다": {
        "word": "괄다",
        "chosung": "ㄱㄷ",
        "type": "형용사",
        "mean": " 1. 불기운이 세다."
    },
    "괄대": {
        "word": "괄대",
        "chosung": "ㄱㄷ",
        "type": "명사",
        "mean": " 업신여겨 소홀히 대접함. 또는 그런 대접."
    },
    "괄랭이": {
        "word": "괄랭이",
        "chosung": "ㄱㄹㅇ",
        "type": "명사",
        "mean": "［북한어］ '말괄량이'의 북한어."
    },
    "괄로": {
        "word": "괄로",
        "chosung": "ㄱㄹ",
        "type": "명사",
        "mean": "［옛말］ '관노(官奴)'의 옛말."
    },
    "괄루": {
        "word": "괄루",
        "chosung": "ㄱㄹ",
        "type": "명사",
        "mean": "=하눌타리."
    },
    "괄루근": {
        "word": "괄루근",
        "chosung": "ㄱㄹㄱ",
        "type": "명사",
        "mean": "=천화분."
    },
    "괄리다": {
        "word": "괄리다",
        "chosung": "ㄱㄹㄷ",
        "type": "동사",
        "mean": "『 …을』 '괄다'의 사동사."
    },
    "괄리오르": {
        "word": "괄리오르",
        "chosung": "ㄱㄹㅇㄹ",
        "type": "명사",
        "mean": "인도 중부 마디아프라데시 주 북부에 있는 도시. 중세 힌두교도의 성과 거대한 요새, 사원, 왕궁 따위의 유적이 많다. 인도 독립 때 괄리오르 왕국은 인도 영토에 속하게 되었다. 면방직, 도자기 제조, 농산물 가공업이 발달하였다."
    },
    "괄목": {
        "word": "괄목",
        "chosung": "ㄱㅁ",
        "type": "명사",
        "mean": " 발전 속도가 놀라울 만큼 빨라서 눈을 비비고 다시 봄."
    },
    "괄목상대": {
        "word": "괄목상대",
        "chosung": "ㄱㅁㅅㄷ",
        "type": "명사",
        "mean": " 눈을 비비고 상대편을 본다는 뜻으로, 남의 학식이나 재주가 놀랄 만큼 부쩍 늚을 이르는 말."
    },
    "괄발": {
        "word": "괄발",
        "chosung": "ㄱㅂ",
        "type": "명사",
        "mean": " 상례(喪禮)에서, 상을 당한 사람이 성복(成服) 전에 풀었던 머리를 묶어 맴."
    },
    "괄새": {
        "word": "괄새",
        "chosung": "ㄱㅅ",
        "type": "명사",
        "mean": " '괄시(恝視)'의 잘못."
    },
    "괄선": {
        "word": "괄선",
        "chosung": "ㄱㅅ",
        "type": "명사",
        "mean": " 여러 개의 글자나 숫자를 다른 자와 구별하기 위하여 한데 묶는 표시로 그 위쪽에 긋는 선."
    },
    "괄세": {
        "word": "괄세",
        "chosung": "ㄱㅅ",
        "type": "명사",
        "mean": " '괄시(恝視)'의 잘못."
    },
    "괄시": {
        "word": "괄시",
        "chosung": "ㄱㅅ",
        "type": "명사",
        "mean": " 업신여겨 하찮게 대함."
    },
    "괄아먹다": {
        "word": "괄아먹다",
        "chosung": "ㄱㅇㅁㄷ",
        "type": "동사",
        "mean": "［북한어］ 촉촉한 맛이 없이 거칠고 단단하게 되다."
    },
    "괄약": {
        "word": "괄약",
        "chosung": "ㄱㅇ",
        "type": "명사",
        "mean": " 1. 벌어진 것을 오므라지게 함. 2. 모아서 한데 합함."
    },
    "괄약근": {
        "word": "괄약근",
        "chosung": "ㄱㅇㄱ",
        "type": "명사",
        "mean": "고리 모양의 근육. 입·항문·요도 따위에 있으며, 오므리거나 벌림으로써 생체 기관의 열고 닫음을 조절한다. ≒늘옴치근."
    },
    "괄연": {
        "word": "괄연",
        "chosung": "ㄱㅇ",
        "type": "명사",
        "mean": "恝然 '괄연하다'의 어근."
    },
    "괄이": {
        "word": "괄이",
        "chosung": "ㄱㅇ",
        "type": "명사",
        "mean": " 귀가 따갑도록 지껄이고 떠듦."
    },
    "괄익다": {
        "word": "괄익다",
        "chosung": "ㄱㅇㄷ",
        "type": "동사",
        "mean": "［북한어］ 불이 너무 세서 고루 익지 않고 지나치게 익다."
    },
    "괄취": {
        "word": "괄취",
        "chosung": "ㄱㅊ",
        "type": "명사",
        "mean": "［북한어］ 재물 따위를 긁어 앗아 감."
    },
    "괄치": {
        "word": "괄치",
        "chosung": "ㄱㅊ",
        "type": "명사",
        "mean": "'갈치'의 방언(경남)."
    },
    "괄태충": {
        "word": "괄태충",
        "chosung": "ㄱㅌㅊ",
        "type": "명사",
        "mean": "=민달팽이."
    },
    "괄파천": {
        "word": "괄파천",
        "chosung": "ㄱㅍㅊ",
        "type": "명사",
        "mean": "=파극천."
    },
    "괄호": {
        "word": "괄호",
        "chosung": "ㄱㅎ",
        "type": "명사",
        "mean": "=묶음표."
    },
    "괄호부": {
        "word": "괄호부",
        "chosung": "ㄱㅎㅂ",
        "type": "명사",
        "mean": "=묶음표."
    }
}