{
    "괌": {
        "word": "괌",
        "chosung": "ㄱ",
        "type": "명사",
        "mean": " '고함(高喊)'의 잘못."
    },
    "괌섬": {
        "word": "괌섬",
        "chosung": "ㄱㅅ",
        "type": "명사",
        "mean": "태평양 서부 마리아나 제도 최남단에 있는 섬. 미국의 영토이고, 태평양 횡단 항로의 중계점이며, 군사 기지가 있다. 원주민은 차모로 족이며, 코프라·사탕수수·타피오카 따위가 난다. 면적은 541㎢."
    }
}