{
    "괘": {
        "word": "괘",
        "chosung": "ㄱ",
        "type": "명사",
        "mean": "행과 행 사이의 선(線)을 긋는 데 쓰는 식자용(植字用) 재료를 통틀어 이르는 말. ≒괘선(罫線) ."
    },
    "괘간": {
        "word": "괘간",
        "chosung": "ㄱㄱ",
        "type": "명사",
        "mean": " '바지랑대'의 잘못."
    },
    "괘갑": {
        "word": "괘갑",
        "chosung": "ㄱㄱ",
        "type": "명사",
        "mean": "《고적》=비늘 갑옷."
    },
    "괘견": {
        "word": "괘견",
        "chosung": "ㄱㄱ",
        "type": "명사",
        "mean": " 괘사(□絲)로 짠 견포(絹布). 병풍이나 족자 따위를 꾸미는 데 쓴다."
    },
    "괘경": {
        "word": "괘경",
        "chosung": "ㄱㄱ",
        "type": "명사",
        "mean": " 벽이나 기둥에 거는 거울."
    },
    "괘관": {
        "word": "괘관",
        "chosung": "ㄱㄱ",
        "type": "명사",
        "mean": "벼슬아치가 벼슬을 내놓고 물러나던 일. 벼슬을 그만둔 벼슬아치가 관(冠)을 벗어 성문(城門)에 걸어 놓고 떠났다는 중국의 고사에서 유래한다."
    },
    "괘관산": {
        "word": "괘관산",
        "chosung": "ㄱㄱㅅ",
        "type": "명사",
        "mean": "경상남도 함양군에 있는 산. 소백산맥에 속한다. 높이는 1,252미터."
    },
    "괘괘떼다": {
        "word": "괘괘떼다",
        "chosung": "ㄱㄱㄸㄷ",
        "type": "동사",
        "mean": "『 …을』 '괘괘이떼다'의 준말."
    },
    "괘괘이떼다": {
        "word": "괘괘이떼다",
        "chosung": "ㄱㄱㅇㄸㄷ",
        "type": "동사",
        "mean": "『 …을』 단호히 거절하다."
    },
    "괘궁정": {
        "word": "괘궁정",
        "chosung": "ㄱㄱㅈ",
        "type": "명사",
        "mean": "양강도 혜산시에 있는 옛 국경 초소. 본래 혜산진성의 남문으로서 복융대라고 하던 것을 1631년에 고쳐 지은 것으로, 이곳에 주둔하였던 군인들이 활을 걸어 놓고 국경을 지켰다고 하여 이렇게 이른다."
    },
    "괘금": {
        "word": "괘금",
        "chosung": "ㄱㄱ",
        "type": "명사",
        "mean": "'보험료'의 전 용어. 2. 노름판에서 돈을 걺."
    },
    "괘기": {
        "word": "괘기",
        "chosung": "ㄱㄱ",
        "type": "명사",
        "mean": "［방언］ '괭이'의 방언(함남)."
    },
    "괘꽝스럽다": {
        "word": "괘꽝스럽다",
        "chosung": "ㄱㄲㅅㄹㄷ",
        "type": "형용사",
        "mean": " 말이나 행동이 엉뚱하고 괴이한 데가 있다."
    },
    "괘내기": {
        "word": "괘내기",
        "chosung": "ㄱㄴㄱ",
        "type": "명사",
        "mean": "［방언］ '고양이'의 방언(경남)."
    },
    "괘념": {
        "word": "괘념",
        "chosung": "ㄱㄴ",
        "type": "명사",
        "mean": " 마음에 두고 걱정하거나 잊지 않음. ≒계념(繫念)·괘심(掛心)·괘의(掛意)."
    },
    "괘다리적다": {
        "word": "괘다리적다",
        "chosung": "ㄱㄷㄹㅈㄷ",
        "type": "형용사",
        "mean": " 1. 사람됨이 멋없고 거칠다. 2. 성미가 무뚝뚝하고 퉁명스럽다."
    },
    "괘달머리적다": {
        "word": "괘달머리적다",
        "chosung": "ㄱㄷㅁㄹㅈㄷ",
        "type": "형용사",
        "mean": " '괘다리적다'를 속되게 이르는 말."
    },
    "괘덕": {
        "word": "괘덕",
        "chosung": "ㄱㄷ",
        "type": "명사",
        "mean": "［북한어］ '덕장'의 북한어."
    },
    "괘도": {
        "word": "괘도",
        "chosung": "ㄱㄷ",
        "type": "명사",
        "mean": "벽에 걸어 놓고 보는 학습용 그림이나 지도. '걸그림'으로 순화."
    },
    "괘등": {
        "word": "괘등",
        "chosung": "ㄱㄷ",
        "type": "명사",
        "mean": " 누각이나 전각의 천장에 매다는 등."
    },
    "괘등부표": {
        "word": "괘등부표",
        "chosung": "ㄱㄷㅂㅍ",
        "type": "명사",
        "mean": "부표 꼭대기에 신호등을 달아 올린 항로 표지. 조류가 빠르거나 물 깊이가 깊어 표등(標燈)을 설치하기 곤란한 해면에는 닻으로 매어 둔다."
    },
    "괘등입표": {
        "word": "괘등입표",
        "chosung": "ㄱㄷㅇㅍ",
        "type": "명사",
        "mean": "바다 속의 암초 위에 석재(石材)나 콘크리트로 구조물을 만들고 석유등이나 가스등을 달아 항로 표지로 삼는 등표(燈標)."
    },
    "괘라": {
        "word": "괘라",
        "chosung": "ㄱㄹ",
        "type": "명사",
        "mean": "=낙자(絡子)."
    },
    "괘락": {
        "word": "괘락",
        "chosung": "ㄱㄹ",
        "type": "명사",
        "mean": "《불교》=낙자(絡子)."
    },
    "괘력": {
        "word": "괘력",
        "chosung": "ㄱㄹ",
        "type": "명사",
        "mean": " 벽이나 기둥에 걸어 놓고 보는 일력(日曆)이나 달력. ≒양달력."
    },
    "괘루부": {
        "word": "괘루부",
        "chosung": "ㄱㄹㅂ",
        "type": "명사",
        "mean": "'계루부'의 북한어."
    },
    "괘류음": {
        "word": "괘류음",
        "chosung": "ㄱㄹㅇ",
        "type": "명사",
        "mean": "=걸림음."
    },
    "괘릉": {
        "word": "괘릉",
        "chosung": "ㄱㄹ",
        "type": "명사",
        "mean": "경상북도 경주시 외동읍 괘릉리에 있는 신라 때의 고분. 원성왕(元聖王)의 능으로 추정된다. 사적 제26호."
    },
    "괘리": {
        "word": "괘리",
        "chosung": "ㄱㄹ",
        "type": "명사",
        "mean": "［방언］ 옷이 내려가지 않도록 허리에 둘러매는 띠. 흔히 헝겊으로 만든다(충북)."
    },
    "괘망": {
        "word": "괘망",
        "chosung": "ㄱㅁ",
        "type": "명사",
        "mean": "바다가 육지로 깊이 들어온 곳에 설치하는 그물. 조기잡이에 많이 쓴다."
    },
    "괘면": {
        "word": "괘면",
        "chosung": "ㄱㅁ",
        "type": "명사",
        "mean": " 걸어서 말린 국수."
    },
    "괘문": {
        "word": "괘문",
        "chosung": "ㄱㅁ",
        "type": "명사",
        "mean": "［북한어］ '괘사(卦辭)'의 북한어"
    },
    "괘발": {
        "word": "괘발",
        "chosung": "ㄱㅂ",
        "type": "명사",
        "mean": "1. 중의 밥그릇을 걸어 둠. 2. 중이 포교나 수행을 위하여 다른 절에서 한동안 머묾. 3. 중이 대중과 함께 밥이나 죽을 먹음."
    },
    "괘방": {
        "word": "괘방",
        "chosung": "ㄱㅂ",
        "type": "명사",
        "mean": "1. 정령(政令)이나 포고(布告)를 붙여 일반에게 보이던 일. 2. 과거(科擧)나 시험에 합격한 사람의 이름을 써 붙이던 일. 3. 익명으로 글을 써 붙이던 일."
    },
    "괘범": {
        "word": "괘범",
        "chosung": "ㄱㅂ",
        "type": "명사",
        "mean": " 돛을 닮."
    },
    "괘변": {
        "word": "괘변",
        "chosung": "ㄱㅂ",
        "type": "명사",
        "mean": "괘가 변하는 것을 보고 점치는 일."
    },
    "괘병산": {
        "word": "괘병산",
        "chosung": "ㄱㅂㅅ",
        "type": "명사",
        "mean": "강원도 삼척시 하장면 가목리와 도전리 사이에 있는 산. 태백산맥에 속한다. 높이는 1,132미터."
    },
    "괘보리": {
        "word": "괘보리",
        "chosung": "ㄱㅂㄹ",
        "type": "명사",
        "mean": "［방언］ '귀리'의 방언(경북)."
    },
    "괘불": {
        "word": "괘불",
        "chosung": "ㄱㅂ",
        "type": "명사",
        "mean": "1. 그림으로 그려서 걸어 놓은 부처의 모습. ≒괘불탱. 2. 부처의 모습을 그린 그림을 거는 일."
    },
    "괘불불사": {
        "word": "괘불불사",
        "chosung": "ㄱㅂㅂㅅ",
        "type": "명사",
        "mean": "부처의 모습을 그려서 거는 불사."
    },
    "괘불이안": {
        "word": "괘불이안",
        "chosung": "ㄱㅂㅇㅇ",
        "type": "명사",
        "mean": "걸어 놓았던 부처 그림을 옮겨 거는 일."
    },
    "괘불탱": {
        "word": "괘불탱",
        "chosung": "ㄱㅂㅌ",
        "type": "명사",
        "mean": "=괘불 ."
    },
    "괘사": {
        "word": "괘사",
        "chosung": "ㄱㅅ",
        "type": "명사",
        "mean": "=계사(繫辭) . 2. 점괘를 쉽게 풀어서 써 놓은 글."
    },
    "괘사스럽다": {
        "word": "괘사스럽다",
        "chosung": "ㄱㅅㅅㄹㄷ",
        "type": "형용사",
        "mean": " 변덕스럽게 익살을 부리며 엇가는 듯한 태도가 있다."
    },
    "괘사직": {
        "word": "괘사직",
        "chosung": "ㄱㅅㅈ",
        "type": "명사",
        "mean": " 괘사로 짠 직물. ≒괘직."
    },
    "괘상": {
        "word": "괘상",
        "chosung": "ㄱㅅ",
        "type": "명사",
        "mean": "역괘(易卦)에서, 길흉을 나타내는 상(象). ≒효상(爻象) ."
    },
    "괘상봉": {
        "word": "괘상봉",
        "chosung": "ㄱㅅㅂ",
        "type": "명사",
        "mean": "함경북도 경성군과 무산군 사이에 있는 산. 함경산맥에 속하며, 개마고원의 일부를 이룬다. 높이는 2,139미터."
    },
    "괘상청": {
        "word": "괘상청",
        "chosung": "ㄱㅅㅊ",
        "type": "명사",
        "mean": "거문고의 여섯 줄 가운데 넷째 줄의 이름. ≒괘상현·상청(上淸) ."
    },
    "괘상현": {
        "word": "괘상현",
        "chosung": "ㄱㅅㅎ",
        "type": "명사",
        "mean": "=괘상청."
    },
    "괘서": {
        "word": "괘서",
        "chosung": "ㄱㅅ",
        "type": "명사",
        "mean": "조선 시대에, 편지 형식으로 작성한 민간인의 지하신문. 자유로운 의사소통이 어려운 시절에 민간인이 자신들의 의사를 표현하기 위하여 만든 원시적 형태의 신문이다."
    },
    "괘서방서사건": {
        "word": "괘서방서사건",
        "chosung": "ㄱㅅㅂㅅㅅㄱ",
        "type": "명사",
        "mean": "=괘서 사건."
    },
    "괘서사건": {
        "word": "괘서사건",
        "chosung": "ㄱㅅㅅㄱ",
        "type": "명사",
        "mean": "조선 중기 이후, 삼정의 문란과 세도 정치에 시달린 백성이 괘서나 방서(榜書) 따위의 벽보를 붙여 나라를 비방하고 민심을 선동한 사건. 영조 31년(1755)에 나주에 귀양 간 소론 윤지(尹志)가 노론을 제거하려고 괘서를 붙인 사건과, 순조 4년(1804)에 황해도에서 이달우(李 達宇)가 민심을 선동하기 위하여 괘서를 이용한 일이 있었고, 같은 해 서울에서 상민(常民) 재영(載榮) 등이 일으킨 일 따위가 있다. ≒괘서 방서 사건."
    },
    "괘석": {
        "word": "괘석",
        "chosung": "ㄱㅅ",
        "type": "명사",
        "mean": "《불교》1. 석장(錫杖)을 걸어 둔다는 뜻으로, 수행하는 중이 절에서 대중과 함께 지냄을 이르는 말. ≒괘탑(掛搭). 2. '안거(安居)'를 달리 이르는 말."
    },
    "괘선": {
        "word": "괘선",
        "chosung": "ㄱㅅ",
        "type": "명사",
        "mean": "=괘(罫). 3. 《경제》주가(株價)의 변동을 모눈종이에 나타낸 선."
    },
    "괘선기": {
        "word": "괘선기",
        "chosung": "ㄱㅅㄱ",
        "type": "명사",
        "mean": "인쇄판이 없이 종이에 괘선을 치는 기계. 흔히 괘선지, 학습장 따위를 인쇄할 때 쓴다."
    },
    "괘선절단기": {
        "word": "괘선절단기",
        "chosung": "ㄱㅅㅈㄷㄱ",
        "type": "명사",
        "mean": "괘선이나 인테르를 끊는 기구."
    },
    "괘선지": {
        "word": "괘선지",
        "chosung": "ㄱㅅㅈ",
        "type": "명사",
        "mean": " =인찰지."
    },
    "괘심": {
        "word": "괘심",
        "chosung": "ㄱㅅ",
        "type": "명사",
        "mean": " =괘념."
    },
    "괘씸": {
        "word": "괘씸",
        "chosung": "ㄱㅆ",
        "type": "명사",
        "mean": "'괘씸하다'의 어근."
    },
    "괘씸스럽다": {
        "word": "괘씸스럽다",
        "chosung": "ㄱㅆㅅㄹㄷ",
        "type": "형용사",
        "mean": "『 …이』 남에게 예절이나 신의에 어긋난 것을 당하여 분하고 밉살스러운 데가 있다."
    },
    "괘씸죄": {
        "word": "괘씸죄",
        "chosung": "ㄱㅆㅈ",
        "type": "명사",
        "mean": " 아랫사람이 윗사람이나 권력자의 의도에 거슬리거나 눈 밖에 나는 행동을 하여 받는 미움."
    },
    "괘약": {
        "word": "괘약",
        "chosung": "ㄱㅇ",
        "type": "명사",
        "mean": "《한의학》약을 걸어 놓는다는 뜻으로, 약국을 경영함을 이르는 말."
    },
    "괘오": {
        "word": "괘오",
        "chosung": "ㄱㅇ",
        "type": "명사",
        "mean": " 그릇되거나 잘못됨."
    },
    "괘와": {
        "word": "괘와",
        "chosung": "ㄱㅇ",
        "type": "명사",
        "mean": "'너새'의 잘못."
    },
    "괘외청": {
        "word": "괘외청",
        "chosung": "ㄱㅇㅊ",
        "type": "명사",
        "mean": "=괘하청."
    },
    "괘의": {
        "word": "괘의",
        "chosung": "ㄱㅇ",
        "type": "명사",
        "mean": "=낙자(絡子)."
    },
    "괘이": {
        "word": "괘이",
        "chosung": "ㄱㅇ",
        "type": "명사",
        "mean": "［방언］ '고양이'의 방언(황해)."
    },
    "괘이름간": {
        "word": "괘이름간",
        "chosung": "ㄱㅇㄹㄱ",
        "type": "명사",
        "mean": " 한자 부수의 하나. '良', '艱' 따위에 쓰인 '艮'을 이른다. ≒그칠간."
    },
    "괘이채이타": {
        "word": "괘이채이타",
        "chosung": "ㄱㅇㅊㅇㅌ",
        "type": "형용사",
        "mean": "［방언］ '괜찮다'의 방언(함북)."
    },
    "괘자": {
        "word": "괘자",
        "chosung": "ㄱㅈ",
        "type": "명사",
        "mean": " '쾌자(快子)'의 원말."
    },
    "괘장": {
        "word": "괘장",
        "chosung": "ㄱㅈ",
        "type": "명사",
        "mean": " 처음에는 할 듯하다가 갑자기 딴전을 부리고 하지 않음."
    },
    "괘조": {
        "word": "괘조",
        "chosung": "ㄱㅈ",
        "type": "명사",
        "mean": "점술에서, 점괘에 나타나는 길흉의 현상."
    },
    "괘종": {
        "word": "괘종",
        "chosung": "ㄱㅈ",
        "type": "명사",
        "mean": " =괘종시계."
    },
    "괘종시계": {
        "word": "괘종시계",
        "chosung": "ㄱㅈㅅㄱ",
        "type": "명사",
        "mean": " 시간마다 종이 울리는 시계. 보통 벽에 걸어 둔다. ≒괘종·벽시계."
    },
    "괘중": {
        "word": "괘중",
        "chosung": "ㄱㅈ",
        "type": "명사",
        "mean": "바둑판의 정간(井間) 안."
    },
    "괘지": {
        "word": "괘지",
        "chosung": "ㄱㅈ",
        "type": "명사",
        "mean": " =인찰지."
    },
    "괘직": {
        "word": "괘직",
        "chosung": "ㄱㅈ",
        "type": "명사",
        "mean": " =괘사직."
    },
    "괘탑": {
        "word": "괘탑",
        "chosung": "ㄱㅌ",
        "type": "명사",
        "mean": "《불교》=괘석(掛錫) ."
    },
    "괘탑단": {
        "word": "괘탑단",
        "chosung": "ㄱㅌㄷ",
        "type": "명사",
        "mean": "승당에서 안거할 때 지정된 각자의 좌석. 명패를 걸어 이름을 기록하고, 반 평 가량의 자리에서 앉고 눕고 공양한다."
    },
    "괘판": {
        "word": "괘판",
        "chosung": "ㄱㅍ",
        "type": "명사",
        "mean": " =인찰판."
    },
    "괘하청": {
        "word": "괘하청",
        "chosung": "ㄱㅎㅊ",
        "type": "명사",
        "mean": "거문고의 여섯 줄 가운데 다섯째 줄의 이름. 조율할 때 중심이 된다. ≒괘외청·괘하현·하청(下淸) ."
    },
    "괘하현": {
        "word": "괘하현",
        "chosung": "ㄱㅎㅎ",
        "type": "명사",
        "mean": "=괘하청."
    },
    "괘효": {
        "word": "괘효",
        "chosung": "ㄱㅎ",
        "type": "명사",
        "mean": "1. 역(易)의 괘(卦)와 효(爻)를 아울러 이르는 말. 2. 육십사괘에서, 하나하나의 괘(卦)를 이루고 있는 여섯 개의 가로 그은 획."
    }
}