{
    "괜": {
        "word": "괜",
        "chosung": "ㄱ",
        "type": "명사",
        "mean": "'괜하다'의 어근."
    },
    "괜스럽다": {
        "word": "괜스럽다",
        "chosung": "ㄱㅅㄹㄷ",
        "type": "형용사",
        "mean": " =공연스럽다."
    },
    "괜시리": {
        "word": "괜시리",
        "chosung": "ㄱㅅㄹ",
        "type": "부사",
        "mean": " '괜스레'의 잘못."
    },
    "괜찮다": {
        "word": "괜찮다",
        "chosung": "ㄱㅊㄷ",
        "type": "형용사",
        "mean": " 1. 별로 나쁘지 않고 보통 이상이다."
    },
    "괜치않다": {
        "word": "괜치않다",
        "chosung": "ㄱㅊㅇㄷ",
        "type": "형용사",
        "mean": "［북한어］ '괜찮다'의 북한어."
    }
}