{
    "괭": {
        "word": "괭",
        "chosung": "ㄱ",
        "type": "명사",
        "mean": "'괭하다'의 어근."
    },
    "괭가리": {
        "word": "괭가리",
        "chosung": "ㄱㄱㄹ",
        "type": "명사",
        "mean": " 심마니들의 은어로, '달'을 이르는 말."
    },
    "괭새": {
        "word": "괭새",
        "chosung": "ㄱㅅ",
        "type": "명사",
        "mean": "［방언］ '꽹과리'의 방언(경기)."
    },
    "괭생이모자반": {
        "word": "괭생이모자반",
        "chosung": "ㄱㅅㅇㅁㅈㅂ",
        "type": "명사",
        "mean": "모자반과의 해초(海草). 길이는 보통 3~5미터이며, 밑 부분과 가지에 가시가 있다. 잎은 가장자리가 톱니 모양으로 갈라진다. 사료로 쓰거나 식용한다. 암초 해저에서 자라며, 우리나라 남해 연안에 분포한다. (Sargassum horneri)"
    },
    "괭이": {
        "word": "괭이",
        "chosung": "ㄱㅇ",
        "type": "명사",
        "mean": "'고양이'의 준말."
    },
    "괭이갈매기": {
        "word": "괭이갈매기",
        "chosung": "ㄱㅇㄱㅁㄱ",
        "type": "명사",
        "mean": "갈매깃과의 물새. 몸의 길이는 46cm 정도이며, 편 날개의 길이는 34~39cm이다. 몸은 흰색, 날개와 등은 어두운 청회색이며 부리는 황록색으로 끝에 붉은색과 검은색의 띠가 있다. 5~6월에 알을 낳으며 울음소리가 고양이와 비슷하다. 동부 아시아 특산종으로 한국, 일본 연안에 분포한다. ≒해묘(海猫). (Larus crassirostris)"
    },
    "괭이농사": {
        "word": "괭이농사",
        "chosung": "ㄱㅇㄴㅅ",
        "type": "명사",
        "mean": "［북한어］ 돌, 나무, 뿔, 뼈 따위로 괭이를 만들어서 농사를 짓던 원시적 농경."
    },
    "괭이눈": {
        "word": "괭이눈",
        "chosung": "ㄱㅇㄴ",
        "type": "명사",
        "mean": "범의귓과의 여러해살이풀. 높이는 60cm 정도이며, 잎은 마주나고 달걀 모양이다. 이른 봄에 연한 노란색의 작은 꽃이 피고 열매는 동그랗고 깊게 둘로 갈라진 삭과(□果)를 맺는다. 산의 습지에서 자라는데 한국, 일본, 중국 등지에 분포한다. (Chrysosplenium grayanum)"
    },
    "괭이눈풀": {
        "word": "괭이눈풀",
        "chosung": "ㄱㅇㄴㅍ",
        "type": "명사",
        "mean": "'괭이눈'의 북한어."
    },
    "괭이발이": {
        "word": "괭이발이",
        "chosung": "ㄱㅇㅂㅇ",
        "type": "명사",
        "mean": "'호미씻이'의 잘못."
    },
    "괭이밥": {
        "word": "괭이밥",
        "chosung": "ㄱㅇㅂ",
        "type": "명사",
        "mean": "《식물》괭이밥과의 여러해살이풀. 높이는 10~30cm이며, 잎은 어긋나고 세 갈래로 갈라지며, 작은 잎은 거꾸로 된 심장 모양이다. 7~8월에 노란 꽃이 산형(□形) 꽃차례로 꽃줄기 끝에 피고 열매는 삭과(□果)를 맺는다. 어린잎과 줄기는 식용한다. 논밭이나 길가에 나는데 우리나라 각지에 분포한다. ≒산거초·작장초. (Oxalis corniculata)"
    },
    "괭이밥과": {
        "word": "괭이밥과",
        "chosung": "ㄱㅇㅂㄱ",
        "type": "명사",
        "mean": "쌍떡잎식물 갈래꽃류의 한 과. 초본(草本)으로 신맛이 있으며 전 세계에 7속 1,000여 종이 자란다. 우리나라에는 애기괭이밥, 큰괭이밥, 선괭이밥 따위의 1속 3종이 있다. (Oxalidaceae)"
    },
    "괭이밥창백녹균": {
        "word": "괭이밥창백녹균",
        "chosung": "ㄱㅇㅂㅊㅂㄴㄱ",
        "type": "명사",
        "mean": "무병녹균과의 녹균. 다섯 가지 홀씨 단계 가운데서 겨울 홀씨 단계만 알려졌다. 홀씨 더미는 숙주 식물 잎의 밑면에 있으며 밤색이다. 겨울 홀씨는 둥근기둥 모양 또는 손가락 모양이다."
    },
    "괭이밥풀": {
        "word": "괭이밥풀",
        "chosung": "ㄱㅇㅂㅍ",
        "type": "명사",
        "mean": "'괭이밥'의 북한어."
    },
    "괭이벼룩": {
        "word": "괭이벼룩",
        "chosung": "ㄱㅇㅂㄹ",
        "type": "명사",
        "mean": "《동물》벼룩과의 곤충. 몸의 길이는 2mm 정도이며, 갈색이다. 고양이, 개, 족제비, 다람쥐 따위에 기생하며 사람에게 옮기도 한다. 전 세계에 널리 분포한다. (Ctenocephalides felis)"
    },
    "괭이뿔": {
        "word": "괭이뿔",
        "chosung": "ㄱㅇㅃ",
        "type": "명사",
        "mean": "괭이에서, 뿔과 같이 삐죽하게 낸 날. 이것으로 단단한 곳을 찍어서 판다."
    },
    "괭이사초": {
        "word": "괭이사초",
        "chosung": "ㄱㅇㅅㅊ",
        "type": "명사",
        "mean": "사초과의 여러해살이풀. 높이는 70cm 정도이며, 잎은 어긋나고 가늘고 길며 줄기를 감싼다. 6~7월에 짙은 다갈색의 작은 꽃이 이삭 모양으로 핀다. 산이나 들의 습지에서 자라는데 경기, 경남, 충북, 평안, 함경 등지에 분포한다. (Carex neurocarpa)"
    },
    "괭이상어": {
        "word": "괭이상어",
        "chosung": "ㄱㅇㅅㅇ",
        "type": "명사",
        "mean": "괭이상엇과의 바닷물고기. 몸의 길이는 1미터 정도이며, 어두운 갈색에 검은색의 가로띠가 있다. 머리의 양쪽이 약간 불룩하고 입술 끝이 둥그스름하며 고양이의 얼굴과 비슷하고 가슴지느러미가 매우 크다. 한국, 일본 등지에 분포한다. ≒묘교 ·묘사(猫□)·함복상어. (Heterodontus japonicus)"
    },
    "괭이상어목": {
        "word": "괭이상어목",
        "chosung": "ㄱㅇㅅㅇㅁ",
        "type": "명사",
        "mean": "《동물》연골어강의 한 목. 뒷지느러미가 있고 두 개의 등지느러미 앞쪽에 센 가시가 하나씩 있다. 우리나라에는 괭이상엇과가 있다. (Heterodontiformes)"
    },
    "괭이상엇과": {
        "word": "괭이상엇과",
        "chosung": "ㄱㅇㅅㅇㄱ",
        "type": "명사",
        "mean": "연골어강 괭이상어목의 한 과. 뒷지느러미가 있으며 두 개의 등지느러미에는 앞에 센 가시가 하나씩 있다. 아가미구멍은 5쌍인데 분수공이 있다. 괭이상어, 삿징이상어 따위가 있다. (Heterodontidae)"
    },
    "괭이싸리": {
        "word": "괭이싸리",
        "chosung": "ㄱㅇㅆㄹ",
        "type": "명사",
        "mean": "콩과의 여러해살이풀. 높이는 60cm 정도이며, 온몸에 털이 나 있다. 잎은 어긋나고 세 갈래로 갈라지며 넓은 타원형 또는 거꾸로 된 달걀 모양이다. 8~9월에 흰 꽃이 잎겨드랑이에서 피고 열매는 협과(莢果)를 맺는다. 들에 나는데 한국의 중부 이남, 일본 등지에 분포한다. (Lespedeza pilosa)"
    },
    "괭이자루": {
        "word": "괭이자루",
        "chosung": "ㄱㅇㅈㄹ",
        "type": "명사",
        "mean": " 괭이의 손잡이 부분."
    },
    "괭이잠": {
        "word": "괭이잠",
        "chosung": "ㄱㅇㅈ",
        "type": "명사",
        "mean": " 깊이 들지 못하고 자주 깨면서 자는 잠."
    },
    "괭이질": {
        "word": "괭이질",
        "chosung": "ㄱㅇㅈ",
        "type": "명사",
        "mean": " 괭이로 땅을 파는 일."
    },
    "괭잇날": {
        "word": "괭잇날",
        "chosung": "ㄱㅇㄴ",
        "type": "명사",
        "mean": " 괭이의 날."
    },
    "괭치": {
        "word": "괭치",
        "chosung": "ㄱㅊ",
        "type": "명사",
        "mean": "［방언］ '광주리'의 방언(평남)."
    }
}