{
    "괴": {
        "word": "괴",
        "chosung": "ㄱ",
        "type": "명사",
        "mean": "북두칠성의 머리 쪽에 있는 네 개의 별. 천추(天樞), 천선(天璇), 천기(天璣), 천권(天權)을 이른다."
    },
    "괴ㅅ배양": {
        "word": "괴ㅅ배양",
        "chosung": "ㄱㅅㅂㅇ",
        "type": "명사",
        "mean": "［옛말］ '가새풀'의 옛말."
    },
    "괴ㅇ이다": {
        "word": "괴ㅇ이다",
        "chosung": "ㄱㅇㅇㄷ",
        "type": "동사",
        "mean": "［옛말］ '괴이다'의 옛말."
    },
    "괴각": {
        "word": "괴각",
        "chosung": "ㄱㄱ",
        "type": "명사",
        "mean": " 성질이 비꼬임."
    },
    "괴각자": {
        "word": "괴각자",
        "chosung": "ㄱㄱㅈ",
        "type": "명사",
        "mean": "=괴실."
    },
    "괴각채": {
        "word": "괴각채",
        "chosung": "ㄱㄱㅊ",
        "type": "명사",
        "mean": " 회화나무의 연한 잎을 즙을 내서 밀가루나 쌀가루에 섞어 반죽한 뒤에 잘게 썰어 젓국을 치고 익힌 다음 기름과 깨소금 따위의 양념을 쳐서 무친 음식."
    },
    "괴갑": {
        "word": "괴갑",
        "chosung": "ㄱㄱ",
        "type": "명사",
        "mean": "《역사》=괴방."
    },
    "괴걸": {
        "word": "괴걸",
        "chosung": "ㄱㄱ",
        "type": "명사",
        "mean": " 1. 생김새나 재주가 뛰어남. 또는 그런 사람. 2. 으뜸가는 호걸(豪傑)."
    },
    "괴겁": {
        "word": "괴겁",
        "chosung": "ㄱㄱ",
        "type": "명사",
        "mean": "《불교》사겁(四劫)의 하나. 세계가 무너져 멸망하는 기간을 이른다."
    },
    "괴격": {
        "word": "괴격",
        "chosung": "ㄱㄱ",
        "type": "명사",
        "mean": " 서로 어그러지고 멀어짐."
    },
    "괴결": {
        "word": "괴결",
        "chosung": "ㄱㄱ",
        "type": "명사",
        "mean": " 어떤 것이 무너짐. 또는 어떤 것을 무너뜨림."
    },
    "괴경": {
        "word": "괴경",
        "chosung": "ㄱㄱ",
        "type": "명사",
        "mean": "=덩이줄기."
    },
    "괴고": {
        "word": "괴고",
        "chosung": "ㄱㄱ",
        "type": "명사",
        "mean": "삼고(三苦)의 하나. 사랑하거나 즐기는 대상이 없어졌을 때에 느끼는 고통을 이른다."
    },
    "괴공": {
        "word": "괴공",
        "chosung": "ㄱㄱ",
        "type": "명사",
        "mean": " =우두머리 ."
    },
    "괴과": {
        "word": "괴과",
        "chosung": "ㄱㄱ",
        "type": "명사",
        "mean": "1. 과거에서, 문과(文科)의 갑과(甲科)를 이르던 말. 2. =괴방(魁榜)."
    },
    "괴광": {
        "word": "괴광",
        "chosung": "ㄱㄱ",
        "type": "명사",
        "mean": "=브로켄의 요괴."
    },
    "괴괴": {
        "word": "괴괴",
        "chosung": "ㄱㄱ",
        "type": "명사",
        "mean": "怪怪 '괴괴하다'의 어근."
    },
    "괴괴망측": {
        "word": "괴괴망측",
        "chosung": "ㄱㄱㅁㅊ",
        "type": "명사",
        "mean": " 말할 수 없을 만큼 이상야릇함."
    },
    "괴교": {
        "word": "괴교",
        "chosung": "ㄱㄱ",
        "type": "명사",
        "mean": "회화나무의 진(津)을 한방에서 이르는 말. 신경통 치료에 쓴다."
    },
    "괴교괴기": {
        "word": "괴교괴기",
        "chosung": "ㄱㄱㄱㄱ",
        "type": "명사",
        "mean": " 매우 교묘하고 진기(珍奇)함."
    },
    "괴구": {
        "word": "괴구",
        "chosung": "ㄱㄱ",
        "type": "명사",
        "mean": " =괴송."
    },
    "괴구멍": {
        "word": "괴구멍",
        "chosung": "ㄱㄱㅁ",
        "type": "명사",
        "mean": " 창, 삽, 괭이, 쇠스랑 따위의 자루를 박는 구멍."
    },
    "괴귀": {
        "word": "괴귀",
        "chosung": "ㄱㄱ",
        "type": "명사",
        "mean": " =도깨비 ."
    },
    "괴근": {
        "word": "괴근",
        "chosung": "ㄱㄱ",
        "type": "명사",
        "mean": "=덩이뿌리."
    },
    "괴금": {
        "word": "괴금",
        "chosung": "ㄱㄱ",
        "type": "명사",
        "mean": " =괴조(怪鳥)."
    },
    "괴기": {
        "word": "괴기",
        "chosung": "ㄱㄱ",
        "type": "명사",
        "mean": " 남보다 뛰어나고 특이함."
    },
    "괴기물": {
        "word": "괴기물",
        "chosung": "ㄱㄱㅁ",
        "type": "명사",
        "mean": " 괴상하고 기이한 현상이나 사건을 내용으로 한 영화나 소설."
    },
    "괴기소설": {
        "word": "괴기소설",
        "chosung": "ㄱㄱㅅㅅ",
        "type": "명사",
        "mean": "괴상하고 기이한 사건이나 현상을 소재로 하여 무서운 분위기와 공포감을 주는 소설. 18세기 영국에서 유행한 고딕 소설이나 중국의 전기 소설(傳奇小說) 따위가 있다."
    },
    "괴기스럽다": {
        "word": "괴기스럽다",
        "chosung": "ㄱㄱㅅㄹㄷ",
        "type": "형용사",
        "mean": " 괴상하고 기이한 데가 있다."
    },
    "괴기파": {
        "word": "괴기파",
        "chosung": "ㄱㄱㅍ",
        "type": "명사",
        "mean": "괴상하고 기이한 사건이나 현상을 소재로 즐겨 다루는 문학의 한 유파(流派). 포와 호프만 등이 대표적 인물이다."
    },
    "괴기환상문학": {
        "word": "괴기환상문학",
        "chosung": "ㄱㄱㅎㅅㅁㅎ",
        "type": "명사",
        "mean": "환상적인 공상력으로 괴상하고 기이한 세계를 묘사한 괴기 소설이나 환상 소설. 신화, 전설 따위와 같은 신비한 세계에 바탕을 둔다. 과  따위가 있다."
    },
    "괴까다랍다": {
        "word": "괴까다랍다",
        "chosung": "ㄱㄲㄷㄹㄷ",
        "type": "형용사",
        "mean": "［방언］ '괴까다롭다'의 방언(평북)."
    },
    "괴까다롭다": {
        "word": "괴까다롭다",
        "chosung": "ㄱㄲㄷㄹㄷ",
        "type": "형용사",
        "mean": " 괴상하고 별스럽게 까다로운 데가 있다. ≒괴까닭스럽다."
    },
    "괴까닭스럽다": {
        "word": "괴까닭스럽다",
        "chosung": "ㄱㄲㄷㅅㄹㄷ",
        "type": "형용사",
        "mean": " =괴까다롭다."
    },
    "괴깔": {
        "word": "괴깔",
        "chosung": "ㄱㄲ",
        "type": "명사",
        "mean": " 종이, 실, 피륙, 나무 따위의 겉에 보풀보풀하게 일어난 섬유. ≒산모섬유."
    },
    "괴꼴": {
        "word": "괴꼴",
        "chosung": "ㄱㄲ",
        "type": "명사",
        "mean": " 타작을 할 때에 생기는 벼 낟알이 섞인 짚북데기."
    },
    "괴끼": {
        "word": "괴끼",
        "chosung": "ㄱㄲ",
        "type": "명사",
        "mean": " 벼, 보리, 옥수수 따위 곡식의 수염 부스러기."
    },
    "괴나리": {
        "word": "괴나리",
        "chosung": "ㄱㄴㄹ",
        "type": "명사",
        "mean": " =괴나리봇짐."
    },
    "괴나리보따리": {
        "word": "괴나리보따리",
        "chosung": "ㄱㄴㄹㅂㄸㄹ",
        "type": "명사",
        "mean": "［북한어］ '괴나리봇짐'의 북한어."
    },
    "괴나리봇짐": {
        "word": "괴나리봇짐",
        "chosung": "ㄱㄴㄹㅂㅈ",
        "type": "명사",
        "mean": " 걸어서 먼 길을 떠날 때에 보자기에 싸서 어깨에 메는 작은 짐. ≒괴나리."
    },
    "괴난시리": {
        "word": "괴난시리",
        "chosung": "ㄱㄴㅅㄹ",
        "type": "부사",
        "mean": "［방언］ '괜스레'의 방언(평북)."
    },
    "괴난하다": {
        "word": "괴난하다",
        "chosung": "ㄱㄴㅎㄷ",
        "type": "형용사",
        "mean": " '괴란하다(愧□-)'의 잘못."
    },
    "괴냉이": {
        "word": "괴냉이",
        "chosung": "ㄱㄴㅇ",
        "type": "명사",
        "mean": "［방언］ '고양이'의 방언(경남)."
    },
    "괴다": {
        "word": "괴다",
        "chosung": "ㄱㄷ",
        "type": "동사",
        "mean": " 1. 술, 간장, 식초 따위가 발효하여 거품이 일다."
    },
    "괴담": {
        "word": "괴담",
        "chosung": "ㄱㄷ",
        "type": "명사",
        "mean": " 괴상한 이야기. ≒환담(幻談)."
    },
    "괴담이설": {
        "word": "괴담이설",
        "chosung": "ㄱㄷㅇㅅ",
        "type": "명사",
        "mean": " 괴상하고 이상한 이야기."
    },
    "괴당": {
        "word": "괴당",
        "chosung": "ㄱㄷ",
        "type": "명사",
        "mean": "乖當 '괴당하다'의 어근."
    },
    "괴대": {
        "word": "괴대",
        "chosung": "ㄱㄷ",
        "type": "명사",
        "mean": " 남이 맡겨 놓은 물건을 가지고 달아남."
    },
    "괴덕": {
        "word": "괴덕",
        "chosung": "ㄱㄷ",
        "type": "명사",
        "mean": " 실없이 수선스럽고 번거롭게 행동하는 성미."
    },
    "괴덕부리다": {
        "word": "괴덕부리다",
        "chosung": "ㄱㄷㅂㄹㄷ",
        "type": "동사",
        "mean": " 수선스럽고 미덥지 않은 짓을 하다."
    },
    "괴덕스럽다": {
        "word": "괴덕스럽다",
        "chosung": "ㄱㄷㅅㄹㄷ",
        "type": "형용사",
        "mean": " 말이나 행동이 실없고 수선스러워 미덥지 못하다."
    },
    "괴데기": {
        "word": "괴데기",
        "chosung": "ㄱㄷㄱ",
        "type": "명사",
        "mean": "［방언］ '고양이'의 방언(전남)."
    },
    "괴델": {
        "word": "괴델",
        "chosung": "ㄱㄷ",
        "type": "명사",
        "mean": "오스트리아 태생의 미국 수학자·논리학자(1906~1978). 과학적 방법 위에 철학의 기초를 세우려 한 빈학파에 속하며, 괴델의 정리와 불완전성의 정리를 발표하여 논리학 및 수학 기초론에 큰 영향을 미쳤다."
    },
    "괴도": {
        "word": "괴도",
        "chosung": "ㄱㄷ",
        "type": "명사",
        "mean": " 괴상한 도둑."
    },
    "괴도라치": {
        "word": "괴도라치",
        "chosung": "ㄱㄷㄹㅊ",
        "type": "명사",
        "mean": "장갱잇과의 바닷물고기. 몸의 길이는 40cm 정도이고 몸은 납작한데 가늘고 길며, 어두운 갈색에 검은 점무늬가 있다. 새끼를 말린 것을 '뱅어포'라고 하여 식용한다. 한국 연해와 일본 북부에 분포한다. (Chirolophis japonicus)"
    },
    "괴동": {
        "word": "괴동",
        "chosung": "ㄱㄷ",
        "type": "명사",
        "mean": " 괴상한 재주를 가진 아이."
    },
    "괴동선": {
        "word": "괴동선",
        "chosung": "ㄱㄷㅅ",
        "type": "명사",
        "mean": "동해 남부선의 효자역(孝子驛)에서 포항 종합 제철 공장이 있는 괴동을 잇는 철도. 1968년 12월에 개통하였다. 길이는 5.6km."
    },
    "괴두": {
        "word": "괴두",
        "chosung": "ㄱㄷ",
        "type": "명사",
        "mean": " 1. 쪽을 찌거나 상투를 틀어 매지 않고 그냥 풀어 놓은 머리. 2. 과거에 급제한 제1위."
    },
    "괴때기": {
        "word": "괴때기",
        "chosung": "ㄱㄸㄱ",
        "type": "명사",
        "mean": " '괴꼴'의 잘못."
    },
    "괴똥어미전": {
        "word": "괴똥어미전",
        "chosung": "ㄱㄸㅇㅁㅈ",
        "type": "명사",
        "mean": "조선 시대의 규방 가사. 한 어머니가 시집가는 딸에게 괴똥 어미라는 행실이 바르지 못한 여인을 예로 들어 시집살이의 법도를 가르치는 내용이다. 작가와 연대는 알 수 없다."
    },
    "괴락": {
        "word": "괴락",
        "chosung": "ㄱㄹ",
        "type": "명사",
        "mean": " 무너져 떨어짐."
    },
    "괴란": {
        "word": "괴란",
        "chosung": "ㄱㄹ",
        "type": "명사",
        "mean": "愧□▼ '괴란하다'의 어근."
    },
    "괴란쩍다": {
        "word": "괴란쩍다",
        "chosung": "ㄱㄹㅉㄷ",
        "type": "형용사",
        "mean": "『 …이』『 -기가』『 -기에』 얼굴이 붉어지도록 부끄러운 느낌이 있다."
    },
    "괴람": {
        "word": "괴람",
        "chosung": "ㄱㄹ",
        "type": "명사",
        "mean": "乖濫 '괴람하다'의 어근."
    },
    "괴래기": {
        "word": "괴래기",
        "chosung": "ㄱㄹㄱ",
        "type": "명사",
        "mean": "［방언］ '고양이'의 방언(경북)."
    },
    "괴레스": {
        "word": "괴레스",
        "chosung": "ㄱㄹㅅ",
        "type": "명사",
        "mean": "독일의 학자·사상가(1776~1848).  신문을 창간하여 나폴레옹, 프로이센의 반동 정치를 공격하고, 뒤에 가톨릭주의자로서 교황 황제주의를 주창하였다. 저서에 가 있다."
    },
    "괴려": {
        "word": "괴려",
        "chosung": "ㄱㄹ",
        "type": "명사",
        "mean": "乖戾 '괴려하다'의 어근."
    },
    "괴력": {
        "word": "괴력",
        "chosung": "ㄱㄹ",
        "type": "명사",
        "mean": " 괴상할 정도로 뛰어나게 센 힘."
    },
    "괴력난신": {
        "word": "괴력난신",
        "chosung": "ㄱㄹㄴㅅ",
        "type": "명사",
        "mean": " 괴이(怪異)와 용력(勇力)과 패란(悖亂)과 귀신이라는 뜻으로, 이성적으로 설명하기 어려운 불가사의한 존재나 현상을 이르는 말."
    },
    "괴렬": {
        "word": "괴렬",
        "chosung": "ㄱㄹ",
        "type": "명사",
        "mean": "［북한어］ '괴열'의 북한어."
    },
    "괴로움": {
        "word": "괴로움",
        "chosung": "ㄱㄹㅇ",
        "type": "명사",
        "mean": " 몸이나 마음이 편하지 않고 고통스러운 상태. 또는 그런 느낌. ≒고(苦) ."
    },
    "괴로워하다": {
        "word": "괴로워하다",
        "chosung": "ㄱㄹㅇㅎㄷ",
        "type": "동사",
        "mean": "『 …에』『 …으로』『 …을』『 -기를』 괴로움을 느끼다."
    },
    "괴롬": {
        "word": "괴롬",
        "chosung": "ㄱㄹ",
        "type": "명사",
        "mean": " '괴로움'의 준말."
    },
    "괴롭다": {
        "word": "괴롭다",
        "chosung": "ㄱㄹㄷ",
        "type": "형용사",
        "mean": "『 …이』『 -기가』 몸이나 마음이 편하지 않고 고통스럽다."
    },
    "괴롭히다": {
        "word": "괴롭히다",
        "chosung": "ㄱㄹㅎㄷ",
        "type": "동사",
        "mean": "『 …을』 '괴롭다'의 사동사."
    },
    "괴뢰": {
        "word": "괴뢰",
        "chosung": "ㄱㄹ",
        "type": "명사",
        "mean": " 1. =꼭두각시 . 2. =망석중 ."
    },
    "괴뢰군": {
        "word": "괴뢰군",
        "chosung": "ㄱㄹㄱ",
        "type": "명사",
        "mean": " 꼭두각시처럼 괴뢰 정부가 조종하는 대로 움직이는 군대. 특히 북한 인민군을 소련의 꼭두각시로 비난하여 이르던 말이다."
    },
    "괴뢰군살이": {
        "word": "괴뢰군살이",
        "chosung": "ㄱㄹㄱㅅㅇ",
        "type": "명사",
        "mean": "［북한어］ 꼭두각시 노릇을 하는 군대에 끌려가서 겪는 고생스러운 생활."
    },
    "괴뢰극": {
        "word": "괴뢰극",
        "chosung": "ㄱㄹㄱ",
        "type": "명사",
        "mean": "《민속》=꼭두각시놀음 ."
    },
    "괴뢰배": {
        "word": "괴뢰배",
        "chosung": "ㄱㄹㅂ",
        "type": "명사",
        "mean": "예전에, 꼭두각시놀음을 하던 무리."
    },
    "괴뢰사": {
        "word": "괴뢰사",
        "chosung": "ㄱㄹㅅ",
        "type": "명사",
        "mean": "꼭두각시놀음에서, 꼭두각시를 놀리는 사람."
    },
    "괴뢰정권": {
        "word": "괴뢰정권",
        "chosung": "ㄱㄹㅈㄱ",
        "type": "명사",
        "mean": "겉으로는 독립된 국가의 모습을 하고 있으나 실제로는 남의 나라에 종속되어 있는 정부."
    },
    "괴뢰정부": {
        "word": "괴뢰정부",
        "chosung": "ㄱㄹㅈㅂ",
        "type": "명사",
        "mean": "다른 나라가 조종하는 대로 움직이는 한 나라의 행정부."
    },
    "괴뢰희": {
        "word": "괴뢰희",
        "chosung": "ㄱㄹㅎ",
        "type": "명사",
        "mean": "=꼭두각시놀음 ."
    },
    "괴륙": {
        "word": "괴륙",
        "chosung": "ㄱㄹ",
        "type": "명사",
        "mean": "《동물》=꼬막."
    },
    "괴를리츠": {
        "word": "괴를리츠",
        "chosung": "ㄱㄹㄹㅊ",
        "type": "명사",
        "mean": "독일 동부, 드레스덴 주에 있는 도시. 오데르 강의 지류인 나이세 강 연변에 있으며, 기계·직물 공업이 발달하였다. 제이 차 세계 대전 이후 나이세 강의 동쪽 연안은 폴란드령이 되었다. 시내에 고딕 양식과 르네상스 양식의 건축물이 있다."
    },
    "괴리": {
        "word": "괴리",
        "chosung": "ㄱㄹ",
        "type": "명사",
        "mean": " 서로 어그러져 동떨어짐."
    },
    "괴리개념": {
        "word": "괴리개념",
        "chosung": "ㄱㄹㄱㄴ",
        "type": "명사",
        "mean": "아무런 공통적인 내포를 지니고 있지 않아 같은 종류에 포섭할 수 없는 둘 이상의 개념. ≒별위개념·부등개념·이류개념."
    },
    "괴리끈": {
        "word": "괴리끈",
        "chosung": "ㄱㄹㄲ",
        "type": "명사",
        "mean": "［방언］ '허리띠'의 방언(충남)."
    },
    "괴링": {
        "word": "괴링",
        "chosung": "ㄱㄹ",
        "type": "명사",
        "mean": "독일의 표현주의 극작가(1887~1936). 신즉물주의(新卽物主義)의 선구자로, 작품에 《해전》, 따위가 있다."
    },
    "괴마": {
        "word": "괴마",
        "chosung": "ㄱㅁ",
        "type": "명사",
        "mean": " 괴상한 마귀."
    },
    "괴망": {
        "word": "괴망",
        "chosung": "ㄱㅁ",
        "type": "명사",
        "mean": " 말이나 행동이 괴상하고 망측함."
    },
    "괴망스럽다": {
        "word": "괴망스럽다",
        "chosung": "ㄱㅁㅅㄹㄷ",
        "type": "형용사",
        "mean": " 말이나 행동이 괴상하고 망측한 데가 있다."
    },
    "괴망우벽": {
        "word": "괴망우벽",
        "chosung": "ㄱㅁㅇㅂ",
        "type": "명사",
        "mean": " 말이나 행동이 괴상하고 망측한 데가 있으며 생각이 좁고 한쪽으로 치우쳐 있음."
    },
    "괴망이": {
        "word": "괴망이",
        "chosung": "ㄱㅁㅇ",
        "type": "명사",
        "mean": "［옛말］ '흰바꽃'의 옛말."
    },
    "괴머리": {
        "word": "괴머리",
        "chosung": "ㄱㅁㄹ",
        "type": "명사",
        "mean": " 물레의 왼쪽 가로대 끝 부분에 놓는 받침 나무. 여기에 괴머리기둥을 박아 가락고동을 끼운다."
    },
    "괴머리기둥": {
        "word": "괴머리기둥",
        "chosung": "ㄱㅁㄹㄱㄷ",
        "type": "명사",
        "mean": " 물레의 괴머리에 박혀 가락고동을 끼우도록 만든 두 개의 나무."
    },
    "괴면": {
        "word": "괴면",
        "chosung": "ㄱㅁ",
        "type": "명사",
        "mean": "［북한어］ '귀면(鬼面)'의 북한어."
    },
    "괴면판": {
        "word": "괴면판",
        "chosung": "ㄱㅁㅍ",
        "type": "명사",
        "mean": "'귀면(鬼面)'의 북한어."
    },
    "괴멸": {
        "word": "괴멸",
        "chosung": "ㄱㅁ",
        "type": "명사",
        "mean": " 조직이나 체계 따위가 모조리 파괴되어 멸망함."
    },
    "괴목": {
        "word": "괴목",
        "chosung": "ㄱㅁ",
        "type": "명사",
        "mean": "《식물》1. =회화나무. 2. =느티나무."
    },
    "괴목반": {
        "word": "괴목반",
        "chosung": "ㄱㅁㅂ",
        "type": "명사",
        "mean": " 회화나무로 만든 작은 밥상."
    },
    "괴목장": {
        "word": "괴목장",
        "chosung": "ㄱㅁㅈ",
        "type": "명사",
        "mean": " 회화나무로 만든 장."
    },
    "괴몽": {
        "word": "괴몽",
        "chosung": "ㄱㅁ",
        "type": "명사",
        "mean": " =남가일몽."
    },
    "괴문": {
        "word": "괴문",
        "chosung": "ㄱㅁ",
        "type": "명사",
        "mean": "'삼공(三公)'을 달리 이르던 말."
    },
    "괴문극로": {
        "word": "괴문극로",
        "chosung": "ㄱㅁㄱㄹ",
        "type": "명사",
        "mean": "=삼공구경 ."
    },
    "괴문서": {
        "word": "괴문서",
        "chosung": "ㄱㅁㅅ",
        "type": "명사",
        "mean": " 출처가 불분명하고 괴상한 문서. 주로 무책임하게 중상하거나 폭로하는 내용을 담고 있는 문서나 편지 따위를 이른다."
    },
    "괴물": {
        "word": "괴물",
        "chosung": "ㄱㅁ",
        "type": "명사",
        "mean": " 1. 괴상하게 생긴 물체."
    },
    "괴민": {
        "word": "괴민",
        "chosung": "ㄱㅁ",
        "type": "명사",
        "mean": " 1. 미치광이 같은 사람. 2. 미친 백성."
    },
    "괴밀개": {
        "word": "괴밀개",
        "chosung": "ㄱㅁㄱ",
        "type": "명사",
        "mean": "［방언］ 아궁이의 재를 긁어내는 데 쓰는 'T' 자 모양의 도구. 곡식을 그러모으거나 펴는 데 쓰는 밀개보다 크기가 작다(충북)."
    },
    "괴밑대": {
        "word": "괴밑대",
        "chosung": "ㄱㅁㄷ",
        "type": "명사",
        "mean": "방아확에서 광석을 파낼 때에 방앗공이를 괴어 놓는 나무토막."
    },
    "괴반": {
        "word": "괴반",
        "chosung": "ㄱㅂ",
        "type": "명사",
        "mean": " 남을 배반함."
    },
    "괴발개발": {
        "word": "괴발개발",
        "chosung": "ㄱㅂㄱㅂ",
        "type": "명사",
        "mean": " 고양이의 발과 개의 발이라는 뜻으로, 글씨를 되는대로 아무렇게나 써 놓은 모양을 이르는 말."
    },
    "괴발디딤": {
        "word": "괴발디딤",
        "chosung": "ㄱㅂㄷㄷ",
        "type": "명사",
        "mean": " 고양이가 발을 디디듯이 소리 나지 않게 가만히 조심스럽게 발을 디디는 짓."
    },
    "괴방": {
        "word": "괴방",
        "chosung": "ㄱㅂ",
        "type": "명사",
        "mean": "과거(科擧)의 갑과(甲科)에 장원(壯元)으로 급제한 사람. ≒괴갑·괴과 ·장원랑."
    },
    "괴배": {
        "word": "괴배",
        "chosung": "ㄱㅂ",
        "type": "명사",
        "mean": " 사리에 어그러져 등짐."
    },
    "괴벨": {
        "word": "괴벨",
        "chosung": "ㄱㅂ",
        "type": "명사",
        "mean": "독일의 식물학자(1855~1932). 식물의 형태, 특히 기관(器官)에 대한 연구로 식물 기관학과 식물 형태학의 근대적 기초를 쌓았으며, 기능이 형태를 결정한다고 주장하였다. 저서에 이 있다."
    },
    "괴벨스": {
        "word": "괴벨스",
        "chosung": "ㄱㅂㅅ",
        "type": "명사",
        "mean": "독일의 정치가(1897~1945). 나치스 정권하에서 선전상(宣傳相)으로 보도 통제, 문화 통제, 조직적인 유대인 박해를 실행하였다. 제이 차 세계 대전이 끝나기 직전에 자살하였다."
    },
    "괴벽": {
        "word": "괴벽",
        "chosung": "ㄱㅂ",
        "type": "명사",
        "mean": " 괴이한 버릇."
    },
    "괴벽스럽다": {
        "word": "괴벽스럽다",
        "chosung": "ㄱㅂㅅㄹㄷ",
        "type": "형용사",
        "mean": " 성격 따위가 이상야릇하고 까다로운 데가 있다."
    },
    "괴변": {
        "word": "괴변",
        "chosung": "ㄱㅂ",
        "type": "명사",
        "mean": " 예상하지 못한 괴상한 재난이나 사고."
    },
    "괴병": {
        "word": "괴병",
        "chosung": "ㄱㅂ",
        "type": "명사",
        "mean": " =괴질 ."
    },
    "괴복": {
        "word": "괴복",
        "chosung": "ㄱㅂ",
        "type": "명사",
        "mean": " 부끄럽고 무안하여 그대로 복종함."
    },
    "괴부": {
        "word": "괴부",
        "chosung": "ㄱㅂ",
        "type": "명사",
        "mean": "=의정부(議政府)."
    },
    "괴분": {
        "word": "괴분",
        "chosung": "ㄱㅂ",
        "type": "명사",
        "mean": " 부끄러워 원망하고 성냄."
    },
    "괴분상": {
        "word": "괴분상",
        "chosung": "ㄱㅂㅅ",
        "type": "명사",
        "mean": "괴상과 분상을 아울러 이르는 말."
    },
    "괴불": {
        "word": "괴불",
        "chosung": "ㄱㅂ",
        "type": "명사",
        "mean": " =괴불주머니."
    },
    "괴불나무": {
        "word": "괴불나무",
        "chosung": "ㄱㅂㄴㅁ",
        "type": "명사",
        "mean": "인동과(忍冬科)의 낙엽 활엽 관목. 높이는 2~3미터이며, 나무의 속은 비어 있다. 잎은 마주나고 긴 달걀 모양이며 끝이 뾰족하다. 5~6월에 흰 꽃이 잎겨드랑이에서 피고 열매는 장과(漿果)로 가을에 붉게 익으며 식용한다. 산기슭이나 골짜기에서 자라는데 한국, 일본, 중국 등지에 분포한다. (Lonicera maackii)"
    },
    "괴불이끼": {
        "word": "괴불이끼",
        "chosung": "ㄱㅂㅇㄲ",
        "type": "명사",
        "mean": "처녀이낏과의 상록 고사리 식물. 뿌리줄기는 실처럼 가늘며, 잎은 드문드문 난다. 습한 바위 위나 고목 밑에 자라는데 제주도에 분포한다. (Crepidomanes makinoi var. tosae)"
    },
    "괴불주머니": {
        "word": "괴불주머니",
        "chosung": "ㄱㅂㅈㅁㄴ",
        "type": "명사",
        "mean": " 어린아이가 주머니 끈 끝에 차는 세모 모양의 조그만 노리개. 색 헝겊을 귀나게 접어서 그 속에 솜을 통통하게 넣고 수를 놓아 색 끈을 단다. ≒괴불."
    },
    "괴비고사리": {
        "word": "괴비고사리",
        "chosung": "ㄱㅂㄱㅅㄹ",
        "type": "명사",
        "mean": "［방언］ '고비'의 방언(강원)."
    },
    "괴비다": {
        "word": "괴비다",
        "chosung": "ㄱㅂㄷ",
        "type": "동사",
        "mean": "［방언］ '괴다'의 방언(경북)."
    },
    "괴비진지": {
        "word": "괴비진지",
        "chosung": "ㄱㅂㅈㅈ",
        "type": "명사",
        "mean": "［방언］ '진드기'의 방언(경북)."
    },
    "괴뺑이": {
        "word": "괴뺑이",
        "chosung": "ㄱㅃㅇ",
        "type": "명사",
        "mean": "［방언］ '고삐'의 방언(충남)."
    },
    "괴사": {
        "word": "괴사",
        "chosung": "ㄱㅅ",
        "type": "명사",
        "mean": " 1. 몹시 부끄러워서 죽음. 2. 죽을 만큼 몹시 부끄러워함."
    },
    "괴사간균병": {
        "word": "괴사간균병",
        "chosung": "ㄱㅅㄱㄱㅂ",
        "type": "명사",
        "mean": "혐기성(嫌氣性) 그람 음성(Gram陰性)의 긴 간균에 의하여 가축에 흔히 생기는 병. 균이 크게 번식하여 주위의 조직을 순차적으로 괴사에 빠지게 한다."
    },
    "괴사막대균병": {
        "word": "괴사막대균병",
        "chosung": "ㄱㅅㅁㄷㄱㅂ",
        "type": "명사",
        "mean": "'괴사 간균병'의 북한어."
    },
    "괴산": {
        "word": "괴산",
        "chosung": "ㄱㅅ",
        "type": "명사",
        "mean": "충청북도 괴산군에 있는 읍. 소백산맥의 산간 분지에 있으며 연초·고추가 난다. 군청 소재지이다. 면적은 .67㎢."
    },
    "괴산군": {
        "word": "괴산군",
        "chosung": "ㄱㅅㄱ",
        "type": "명사",
        "mean": "충청북도의 중앙부에 있는 군. 고추, 마늘, 잎담배, 인삼 따위가 주로 난다. 제월대(霽月臺), 충렬사(忠烈祠), 화양동(華陽洞) 계곡, 수안보 온천 따위의 명승지가 있다. 군청 소재지는 괴산, 면적은 935.94㎢."
    },
    "괴산댐": {
        "word": "괴산댐",
        "chosung": "ㄱㅅㄷ",
        "type": "명사",
        "mean": "충청북도 괴산군 칠성면 사음리에 있는 댐. 남한강의 지류인 달천(達川)을 횡단하는 댐으로 1957년에 완공하였다. 순수한 국내 기술진이 설계·시공한 최초의 발전 전용 댐이다."
    },
    "괴산수력발전소": {
        "word": "괴산수력발전소",
        "chosung": "ㄱㅅㅅㄹㅂㅈㅅ",
        "type": "명사",
        "mean": "충청북도 괴산군 칠성면 사음리에 있는 발전소. 1957년에 괴산 댐의 완공과 함께 건설하였다."
    },
    "괴상": {
        "word": "괴상",
        "chosung": "ㄱㅅ",
        "type": "명사",
        "mean": " 괴이하거나 이상한 모양."
    },
    "괴상망측": {
        "word": "괴상망측",
        "chosung": "ㄱㅅㅁㅊ",
        "type": "명사",
        "mean": "怪常罔測 '괴상망측하다'의 어근."
    },
    "괴상스럽다": {
        "word": "괴상스럽다",
        "chosung": "ㄱㅅㅅㄹㄷ",
        "type": "형용사",
        "mean": " 보기에 보통과는 달리 아주 괴이하고 이상한 데가 있다."
    },
    "괴상암": {
        "word": "괴상암",
        "chosung": "ㄱㅅㅇ",
        "type": "명사",
        "mean": "구성하는 광물이 특정한 배열을 나타내지 않는 암석."
    },
    "괴상야릇": {
        "word": "괴상야릇",
        "chosung": "ㄱㅅㅇㄹ",
        "type": "명사",
        "mean": "怪常-- '괴상야릇하다'의 어근."
    },
    "괴상어": {
        "word": "괴상어",
        "chosung": "ㄱㅅㅇ",
        "type": "명사",
        "mean": "'괭이상어'의 잘못."
    },
    "괴상용암": {
        "word": "괴상용암",
        "chosung": "ㄱㅅㅇㅇ",
        "type": "명사",
        "mean": "암석의 표면에 모난 덩어리가 돌출되어 거칠거칠한 모습의 용암."
    },
    "괴상중합": {
        "word": "괴상중합",
        "chosung": "ㄱㅅㅈㅎ",
        "type": "명사",
        "mean": "용제를 사용하지 않고 단독으로 열, 광선 따위로 단위체만을 중합하는 방법. 중합 속도는 크지만, 반응열을 제거하기가 곤란하여 높은 중합도의 물질을 얻기는 어렵다."
    },
    "괴상화물": {
        "word": "괴상화물",
        "chosung": "ㄱㅅㅎㅁ",
        "type": "명사",
        "mean": "광석, 석탄, 채갈과 같이 덩이로 되어 있어 포장하지 않은 채로 나를 수 있는 짐. '덩이짐'으로 다듬음."
    },
    "괴상화산": {
        "word": "괴상화산",
        "chosung": "ㄱㅅㅎㅅ",
        "type": "명사",
        "mean": "=종상 화산."
    },
    "괴색": {
        "word": "괴색",
        "chosung": "ㄱㅅ",
        "type": "명사",
        "mean": " 부끄러워하는 얼굴빛."
    },
    "괴생이": {
        "word": "괴생이",
        "chosung": "ㄱㅅㅇ",
        "type": "명사",
        "mean": "［방언］ '고양이'의 방언(경남)."
    },
    "괴석": {
        "word": "괴석",
        "chosung": "ㄱㅅ",
        "type": "명사",
        "mean": " 괴상하게 생긴 돌. ≒고석(古石) ."
    },
    "괴석기초": {
        "word": "괴석기초",
        "chosung": "ㄱㅅㄱㅊ",
        "type": "명사",
        "mean": " 괴상하게 생긴 돌과 기이한 풀을 아울러 이르는 말."
    },
    "괴선": {
        "word": "괴선",
        "chosung": "ㄱㅅ",
        "type": "명사",
        "mean": "과거(科擧)에서, 갑과(甲科)에 첫째로 뽑힘."
    },
    "괴설": {
        "word": "괴설",
        "chosung": "ㄱㅅ",
        "type": "명사",
        "mean": " 괴상하여 믿을 수 없는 말. 또는 그런 소문."
    },
    "괴성": {
        "word": "괴성",
        "chosung": "ㄱㅅ",
        "type": "명사",
        "mean": "'규성(奎星)'을 달리 이르는 말."
    },
    "괴손": {
        "word": "괴손",
        "chosung": "ㄱㅅ",
        "type": "명사",
        "mean": " 1. 헐거나 무너뜨려 손해를 입힘. 2. 체면을 손상시킴."
    },
    "괴송": {
        "word": "괴송",
        "chosung": "ㄱㅅ",
        "type": "명사",
        "mean": " 부끄러워하고 두려워함. ≒괴구(愧懼)."
    },
    "괴수": {
        "word": "괴수",
        "chosung": "ㄱㅅ",
        "type": "명사",
        "mean": " 못된 짓을 하는 무리의 우두머리. ≒수괴(首魁)."
    },
    "괴수염": {
        "word": "괴수염",
        "chosung": "ㄱㅅㅇ",
        "type": "명사",
        "mean": " 1. 고양이의 수염. 2. 고양이의 수염처럼 생긴, 사람의 수염을 놀림조로 이르는 말."
    },
    "괴순": {
        "word": "괴순",
        "chosung": "ㄱㅅ",
        "type": "명사",
        "mean": "9~10월의 순채(蓴菜)를 달리 이르는 말. 맛이 쓰고 떫다."
    },
    "괴술": {
        "word": "괴술",
        "chosung": "ㄱㅅ",
        "type": "명사",
        "mean": " 괴상한 술책."
    },
    "괴싀영": {
        "word": "괴싀영",
        "chosung": "ㄱㅅㅇ",
        "type": "명사",
        "mean": "［옛말］ '괭이밥'의 옛말."
    },
    "괴신": {
        "word": "괴신",
        "chosung": "ㄱㅅ",
        "type": "명사",
        "mean": " 천자(天子)의 궁전."
    },
    "괴실": {
        "word": "괴실",
        "chosung": "ㄱㅅ",
        "type": "명사",
        "mean": "회화나무의 열매를 한방에서 이르는 말. 풍열(風熱)을 치료할 때나 난산(難産)일 때에 쓴다. ≒괴각자."
    },
    "괴심": {
        "word": "괴심",
        "chosung": "ㄱㅅ",
        "type": "명사",
        "mean": " 부끄러워하는 마음."
    },
    "괴아": {
        "word": "괴아",
        "chosung": "ㄱㅇ",
        "type": "명사",
        "mean": " 이상하게 여김."
    },
    "괴악": {
        "word": "괴악",
        "chosung": "ㄱㅇ",
        "type": "명사",
        "mean": "怪惡 '괴악하다'의 어근."
    },
    "괴악망측": {
        "word": "괴악망측",
        "chosung": "ㄱㅇㅁㅊ",
        "type": "명사",
        "mean": "怪惡罔測 '괴악망측하다'의 어근."
    },
    "괴악스럽다": {
        "word": "괴악스럽다",
        "chosung": "ㄱㅇㅅㄹㄷ",
        "type": "형용사",
        "mean": " 보기에 괴이하고 흉악한 데가 있다."
    },
    "괴안": {
        "word": "괴안",
        "chosung": "ㄱㅇ",
        "type": "명사",
        "mean": "魁岸 '괴안하다'의 어근."
    },
    "괴안몽": {
        "word": "괴안몽",
        "chosung": "ㄱㅇㅁ",
        "type": "명사",
        "mean": " =남가일몽."
    },
    "괴않다": {
        "word": "괴않다",
        "chosung": "ㄱㅇㄷ",
        "type": "형용사",
        "mean": "［방언］ '괜찮다'의 방언(경남)."
    },
    "괴암": {
        "word": "괴암",
        "chosung": "ㄱㅇ",
        "type": "명사",
        "mean": " 괴상하게 생긴 바위."
    },
    "괴앙감": {
        "word": "괴앙감",
        "chosung": "ㄱㅇㄱ",
        "type": "명사",
        "mean": "［방언］ '고욤'의 방언(전남)."
    },
    "괴애": {
        "word": "괴애",
        "chosung": "ㄱㅇ",
        "type": "명사",
        "mean": "'김수온'의 호."
    },
    "괴야": {
        "word": "괴야",
        "chosung": "ㄱㅇ",
        "type": "어미",
        "mean": "［옛말］｛ 주로 동사, 형용사 어간 뒤에 붙어｝ -구나."
    },
    "괴얄띠": {
        "word": "괴얄띠",
        "chosung": "ㄱㅇㄸ",
        "type": "명사",
        "mean": "［방언］ '허리띠'의 방언(경북)."
    },
    "괴어": {
        "word": "괴어",
        "chosung": "ㄱㅇ",
        "type": "명사",
        "mean": " 괴상하게 생긴 물고기."
    },
    "괴어들다": {
        "word": "괴어들다",
        "chosung": "ㄱㅇㄷㄷ",
        "type": "동사",
        "mean": " =모여들다."
    },
    "괴어오르다": {
        "word": "괴어오르다",
        "chosung": "ㄱㅇㅇㄹㄷ",
        "type": "동사",
        "mean": "1. 술, 간장, 초 따위가 발효하여 거품이 부걱부걱 솟아오르다."
    },
    "괴언": {
        "word": "괴언",
        "chosung": "ㄱㅇ",
        "type": "명사",
        "mean": " 괴상하고 이상한 말. ≒괴사(怪辭)."
    },
    "괴여오르다": {
        "word": "괴여오르다",
        "chosung": "ㄱㅇㅇㄹㄷ",
        "type": "동사",
        "mean": "［북한어］1. '괴어오르다'의 북한어. 2. '괴어오르다'의 북한어."
    },
    "괴여올리다": {
        "word": "괴여올리다",
        "chosung": "ㄱㅇㅇㄹㄷ",
        "type": "동사",
        "mean": "［북한어］ 비위를 맞추어 간사하게 구슬리다."
    },
    "괴연": {
        "word": "괴연",
        "chosung": "ㄱㅇ",
        "type": "명사",
        "mean": "魁然 '괴연하다'의 어근."
    },
    "괴열": {
        "word": "괴열",
        "chosung": "ㄱㅇ",
        "type": "명사",
        "mean": "1. 허물어지고 갈라짐. 2. 일이 중도에 깨짐."
    },
    "괴엽빈": {
        "word": "괴엽빈",
        "chosung": "ㄱㅇㅂ",
        "type": "명사",
        "mean": "=생이가래."
    },
    "괴오": {
        "word": "괴오",
        "chosung": "ㄱㅇ",
        "type": "명사",
        "mean": "魁梧 '괴오하다'의 어근."
    },
    "괴오다": {
        "word": "괴오다",
        "chosung": "ㄱㅇㄷ",
        "type": "동사",
        "mean": "［옛말］ '괴다'의 옛말."
    },
    "괴오르다": {
        "word": "괴오르다",
        "chosung": "ㄱㅇㄹㄷ",
        "type": "동사",
        "mean": "［북한어］1. '괴어오르다'의 북한어. 2. '괴어오르다'의 북한어."
    },
    "괴오자낙하다": {
        "word": "괴오자낙하다",
        "chosung": "ㄱㅇㅈㄴㅎㄷ",
        "type": "형용사",
        "mean": "［옛말］ 고요하고 자늑자늑하다."
    },
    "괴옥": {
        "word": "괴옥",
        "chosung": "ㄱㅇ",
        "type": "명사",
        "mean": " 허물어진 가옥."
    },
    "괴완": {
        "word": "괴완",
        "chosung": "ㄱㅇ",
        "type": "명사",
        "mean": "［북한어］ 허물어져 느즈러짐."
    },
    "괴외": {
        "word": "괴외",
        "chosung": "ㄱㅇ",
        "type": "명사",
        "mean": "［옛말］ '고요'의 옛말."
    },
    "괴외잠잠하다": {
        "word": "괴외잠잠하다",
        "chosung": "ㄱㅇㅈㅈㅎㄷ",
        "type": "형용사",
        "mean": "［옛말］ 고요하고 잠잠하다."
    },
    "괴요하다": {
        "word": "괴요하다",
        "chosung": "ㄱㅇㅎㄷ",
        "type": "형용사",
        "mean": " '고요하다'의 잘못."
    },
    "괴욕": {
        "word": "괴욕",
        "chosung": "ㄱㅇ",
        "type": "명사",
        "mean": " 부끄럽고 욕됨."
    },
    "괴용": {
        "word": "괴용",
        "chosung": "ㄱㅇ",
        "type": "명사",
        "mean": " 괴상할 만큼 큰 용기."
    },
    "괴우": {
        "word": "괴우",
        "chosung": "ㄱㅇ",
        "type": "명사",
        "mean": " 괴상한 비. 회오리바람과 같은 이동성 저기압이 호수, 늪, 바다 등지에 나타날 때 공중으로 휩쓸려 올라간 흙이나 벌레, 물고기 따위들이 다른 지역에서 섞여 내리는 비를 이른다."
    },
    "괴우다": {
        "word": "괴우다",
        "chosung": "ㄱㅇㄷ",
        "type": "동사",
        "mean": "［북한어］ '괴다'의 북한어."
    },
    "괴운": {
        "word": "괴운",
        "chosung": "ㄱㅇ",
        "type": "명사",
        "mean": " 괴상하게 생긴 구름."
    },
    "괴운문": {
        "word": "괴운문",
        "chosung": "ㄱㅇㅁ",
        "type": "명사",
        "mean": "［북한어］ '구름문'의 북한어."
    },
    "괴원": {
        "word": "괴원",
        "chosung": "ㄱㅇ",
        "type": "명사",
        "mean": "=승문원."
    },
    "괴원분관": {
        "word": "괴원분관",
        "chosung": "ㄱㅇㅂㄱ",
        "type": "명사",
        "mean": "조선 시대에, 새로 문과에 급제한 사람을 승문원에 분속하던 일."
    },
    "괴위": {
        "word": "괴위",
        "chosung": "ㄱㅇ",
        "type": "명사",
        "mean": "魁偉 '괴위하다'의 어근."
    },
    "괴유": {
        "word": "괴유",
        "chosung": "ㄱㅇ",
        "type": "명사",
        "mean": "고구려의 장수(?~ 22). 키가 아홉 자나 되는 거인으로, 대무신왕 5년(22)에 부여를 칠 때 부여 왕의 머리를 베었다."
    },
    "괴율": {
        "word": "괴율",
        "chosung": "ㄱㅇ",
        "type": "명사",
        "mean": " 부끄러워하고 두려워함."
    },
    "괴의": {
        "word": "괴의",
        "chosung": "ㄱㅇ",
        "type": "명사",
        "mean": "怪疑 '괴의하다'의 어근."
    },
    "괴이": {
        "word": "괴이",
        "chosung": "ㄱㅇ",
        "type": "명사",
        "mean": "怪異 '괴이하다'의 어근."
    },
    "괴이다": {
        "word": "괴이다",
        "chosung": "ㄱㅇㄷ",
        "type": "동사",
        "mean": "1. '괴다'의 피동사. 2. '괴다'의 피동사."
    },
    "괴이증": {
        "word": "괴이증",
        "chosung": "ㄱㅇㅈ",
        "type": "명사",
        "mean": "표정이나 말, 행동 따위가 비정상적인 정신병 증상. 정신 분열병 같은 데서 볼 수 있다."
    },
    "괴이쩍다": {
        "word": "괴이쩍다",
        "chosung": "ㄱㅇㅉㄷ",
        "type": "형용사",
        "mean": " 괴이한 느낌이 있다."
    },
    "괴이찮다": {
        "word": "괴이찮다",
        "chosung": "ㄱㅇㅊㄷ",
        "type": "형용사",
        "mean": " 그다지 이상하지 아니하다."
    },
    "괴인": {
        "word": "괴인",
        "chosung": "ㄱㅇ",
        "type": "명사",
        "mean": " 꾀를 쓰거나 유혹하여 남을 어느 곳으로 나오게 함."
    },
    "괴인돌": {
        "word": "괴인돌",
        "chosung": "ㄱㅇㄷ",
        "type": "명사",
        "mean": "'고인돌'의 잘못."
    },
    "괴임": {
        "word": "괴임",
        "chosung": "ㄱㅇ",
        "type": "명사",
        "mean": " '굄'의 잘못."
    },
    "괴임돌": {
        "word": "괴임돌",
        "chosung": "ㄱㅇㄷ",
        "type": "명사",
        "mean": " '굄돌'의 잘못."
    },
    "괴임목": {
        "word": "괴임목",
        "chosung": "ㄱㅇㅁ",
        "type": "명사",
        "mean": " '굄목'의 잘못."
    },
    "괴임새": {
        "word": "괴임새",
        "chosung": "ㄱㅇㅅ",
        "type": "명사",
        "mean": " '굄새'의 잘못."
    },
    "괴임질": {
        "word": "괴임질",
        "chosung": "ㄱㅇㅈ",
        "type": "명사",
        "mean": " '굄질'의 잘못."
    },
    "괴자누룩하다": {
        "word": "괴자누룩하다",
        "chosung": "ㄱㅈㄴㄹㅎㄷ",
        "type": "형용사",
        "mean": " '고자누룩하다'의 잘못."
    },
    "괴잡": {
        "word": "괴잡",
        "chosung": "ㄱㅈ",
        "type": "명사",
        "mean": "怪雜 '괴잡하다'의 어근."
    },
    "괴재": {
        "word": "괴재",
        "chosung": "ㄱㅈ",
        "type": "명사",
        "mean": " 뛰어난 재주. 또는 그런 재주를 가진 사람. ≒굉재(宏才)."
    },
    "괴저": {
        "word": "괴저",
        "chosung": "ㄱㅈ",
        "type": "명사",
        "mean": " 부끄러워 기세가 꺾임."
    },
    "괴저성동상": {
        "word": "괴저성동상",
        "chosung": "ㄱㅈㅅㄷㅅ",
        "type": "명사",
        "mean": "살갗의 한 부분이 썩어 문드러지는 증상을 보이는 동상."
    },
    "괴적하다": {
        "word": "괴적하다",
        "chosung": "ㄱㅈㅎㄷ",
        "type": "형용사",
        "mean": "［북한어］ 괴이하고 적적하다."
    },
    "괴정": {
        "word": "괴정",
        "chosung": "ㄱㅈ",
        "type": "명사",
        "mean": "'삼공(三公)'을 달리 이르던 말. 삼공(三公)이 임금을 돕는 일을 솥에 달린 세 발이 솥을 괴고 있는 모양에 비유하여 이르는 말이다."
    },
    "괴조": {
        "word": "괴조",
        "chosung": "ㄱㅈ",
        "type": "명사",
        "mean": " 괴상하게 생긴 새. ≒괴금(怪禽)."
    },
    "괴좃나모": {
        "word": "괴좃나모",
        "chosung": "ㄱㅈㄴㅁ",
        "type": "명사",
        "mean": "［옛말］ '구기자나무'의 옛말."
    },
    "괴종경수모": {
        "word": "괴종경수모",
        "chosung": "ㄱㅈㄱㅅㅁ",
        "type": "명사",
        "mean": "자포동물의 하나. 갓은 원통 모양이고 얇으며 촉수는 48~85개인데 매우 짧다. 위와 생식선은 붉은 갈색이다. 우리나라의 동해에 분포한다."
    },
    "괴좆나무": {
        "word": "괴좆나무",
        "chosung": "ㄱㅈㄴㅁ",
        "type": "명사",
        "mean": "'구기자나무'의 잘못."
    },
    "괴죄": {
        "word": "괴죄",
        "chosung": "ㄱㅈ",
        "type": "명사",
        "mean": "'괴죄하다'의 어근."
    },
    "괴죄죄": {
        "word": "괴죄죄",
        "chosung": "ㄱㅈㅈ",
        "type": "부사",
        "mean": "［북한어］ 옷차림이나 모양새가 매우 지저분하고 궁상스러운 모양."
    },
    "괴주": {
        "word": "괴주",
        "chosung": "ㄱㅈ",
        "type": "명사",
        "mean": "빨간색의 가루 광석. 환약의 거죽에 바르는데, 성분은 황화 제이수은이다. ≒적색황화홍."
    },
    "괴증": {
        "word": "괴증",
        "chosung": "ㄱㅈ",
        "type": "명사",
        "mean": "=괴병(壞病)."
    },
    "괴지": {
        "word": "괴지",
        "chosung": "ㄱㅈ",
        "type": "명사",
        "mean": "회화나무의 가지를 한방에서 이르는 말. 습기로 인하여 생기는 병을 치료할 때에 쓴다."
    },
    "괴지주": {
        "word": "괴지주",
        "chosung": "ㄱㅈㅈ",
        "type": "명사",
        "mean": " 회화나무의 가지를 달여서 빚은 술."
    },
    "괴지지": {
        "word": "괴지지",
        "chosung": "ㄱㅈㅈ",
        "type": "부사",
        "mean": "［북한어］ 차림새나 생김새 따위가 조금 궁상스럽거나 더럽고 지저분한 모양."
    },
    "괴질": {
        "word": "괴질",
        "chosung": "ㄱㅈ",
        "type": "명사",
        "mean": "1. 원인을 알 수 없는 이상한 병. ≒괴병(怪病)."
    },
    "괴짚다": {
        "word": "괴짚다",
        "chosung": "ㄱㅈㄷ",
        "type": "동사",
        "mean": "［북한어］ 기울어지거나 쓰러지지 않도록 팔로 바닥을 받쳐서 버티다."
    },
    "괴짜": {
        "word": "괴짜",
        "chosung": "ㄱㅉ",
        "type": "명사",
        "mean": "1. 괴상한 짓을 잘하는 사람을 속되게 이르는 말."
    },
    "괴째": {
        "word": "괴째",
        "chosung": "ㄱㅉ",
        "type": "명사",
        "mean": "［방언］ '괴짜'의 방언(평북)."
    },
    "괴찮다": {
        "word": "괴찮다",
        "chosung": "ㄱㅊㄷ",
        "type": "형용사",
        "mean": " '괴이찮다'의 준말."
    },
    "괴참": {
        "word": "괴참",
        "chosung": "ㄱㅊ",
        "type": "명사",
        "mean": " 몹시 부끄러워함."
    },
    "괴책": {
        "word": "괴책",
        "chosung": "ㄱㅊ",
        "type": "명사",
        "mean": " '궤책(詭策)'의 잘못."
    },
    "괴천": {
        "word": "괴천",
        "chosung": "ㄱㅊ",
        "type": "명사",
        "mean": "乖舛 '괴천하다'의 어근."
    },
    "괴철": {
        "word": "괴철",
        "chosung": "ㄱㅊ",
        "type": "명사",
        "mean": " 철광을 녹여서 얻은 쇠를 응결하여 만든 쇠의 덩어리."
    },
    "괴촌": {
        "word": "괴촌",
        "chosung": "ㄱㅊ",
        "type": "명사",
        "mean": "집들이 불규칙하게 모여서 덩이 모양으로 집단을 이루고 있는 촌락. 자연적인 것과 계획적인 것이 있다."
    },
    "괴춤": {
        "word": "괴춤",
        "chosung": "ㄱㅊ",
        "type": "명사",
        "mean": " '고의춤'의 준말."
    },
    "괴충": {
        "word": "괴충",
        "chosung": "ㄱㅊ",
        "type": "명사",
        "mean": " 괴상하게 생긴 벌레."
    },
    "괴치": {
        "word": "괴치",
        "chosung": "ㄱㅊ",
        "type": "명사",
        "mean": " =괴수(愧羞)."
    },
    "괴침": {
        "word": "괴침",
        "chosung": "ㄱㅊ",
        "type": "명사",
        "mean": "［방언］ '고의춤'의 방언(충남)."
    },
    "괴타리": {
        "word": "괴타리",
        "chosung": "ㄱㅌㄹ",
        "type": "명사",
        "mean": "［방언］ 재래종 자두(강원)."
    },
    "괴탁": {
        "word": "괴탁",
        "chosung": "ㄱㅌ",
        "type": "명사",
        "mean": "《역사》과거(科擧)에서, 장원(壯元)으로 뽑힘."
    },
    "괴탄": {
        "word": "괴탄",
        "chosung": "ㄱㅌ",
        "type": "명사",
        "mean": " 괴이하고 헛됨. 또는 그런 이야기."
    },
    "괴탄불경": {
        "word": "괴탄불경",
        "chosung": "ㄱㅌㅂㄱ",
        "type": "명사",
        "mean": " 괴상하게 여겨서 탄식한 것이 헤아릴 수 없이 많음."
    },
    "괴테": {
        "word": "괴테",
        "chosung": "ㄱㅌ",
        "type": "명사",
        "mean": "독일의 시인·소설가·극작가(1749~1832). 독일 고전주의의 대표자로, 자기 체험을 바탕으로 한 고백과 참회의 작품을 썼다. 작품에 희곡 《파우스트》, 소설 , 자서전  따위가 있다."
    },
    "괴토": {
        "word": "괴토",
        "chosung": "ㄱㅌ",
        "type": "명사",
        "mean": " 덩어리로 된 흙."
    },
    "괴통": {
        "word": "괴통",
        "chosung": "ㄱㅌ",
        "type": "명사",
        "mean": " 괭이, 삽, 쇠스랑, 창 따위의 자루를 박는 부분."
    },
    "괴특": {
        "word": "괴특",
        "chosung": "ㄱㅌ",
        "type": "명사",
        "mean": "怪特 '괴특하다'의 어근."
    },
    "괴팅겐": {
        "word": "괴팅겐",
        "chosung": "ㄱㅌㄱ",
        "type": "명사",
        "mean": "독일의 중부에 있는 도시. 중세에는 한자 동맹의 가맹 도시로서 중요한 위치를 차지하였고, 근세 이후에는 괴팅겐 대학을 중심으로 학술·문화 도시로 알려졌다. 광학, 정밀기계, 출판, 인쇄, 섬유 따위의 공업이 발달하였다."
    },
    "괴팍": {
        "word": "괴팍",
        "chosung": "ㄱㅍ",
        "type": "명사",
        "mean": "乖愎▼ '괴팍하다'의 어근."
    },
    "괴팍스럽다": {
        "word": "괴팍스럽다",
        "chosung": "ㄱㅍㅅㄹㄷ",
        "type": "형용사",
        "mean": " 붙임성이 없이 까다롭고 별난 데가 있다."
    },
    "괴패": {
        "word": "괴패",
        "chosung": "ㄱㅍ",
        "type": "명사",
        "mean": "1. 헐고 무너짐. 2. ［북한어］ 싸움 따위에서, 군사 또는 집단이 흩어져 패함."
    },
    "괴팩스럽다": {
        "word": "괴팩스럽다",
        "chosung": "ㄱㅍㅅㄹㄷ",
        "type": "형용사",
        "mean": " '괴팍스럽다'의 잘못."
    },
    "괴팩하다": {
        "word": "괴팩하다",
        "chosung": "ㄱㅍㅎㄷ",
        "type": "형용사",
        "mean": " '괴팍하다'의 잘못."
    },
    "괴퍅하다": {
        "word": "괴퍅하다",
        "chosung": "ㄱㅍㅎㄷ",
        "type": "형용사",
        "mean": " '괴팍하다'의 잘못."
    },
    "괴폐": {
        "word": "괴폐",
        "chosung": "ㄱㅍ",
        "type": "명사",
        "mean": " 파괴되어 못 쓰게 됨."
    },
    "괴풍망설": {
        "word": "괴풍망설",
        "chosung": "ㄱㅍㅁㅅ",
        "type": "명사",
        "mean": "［북한어］ 괴상하게 떠도는 말과 망령된 소리."
    },
    "괴하청": {
        "word": "괴하청",
        "chosung": "ㄱㅎㅊ",
        "type": "명사",
        "mean": "'괘하청'의 잘못."
    },
    "괴한": {
        "word": "괴한",
        "chosung": "ㄱㅎ",
        "type": "명사",
        "mean": " 부끄러워 땀을 흘림. 또는 그 땀."
    },
    "괴합": {
        "word": "괴합",
        "chosung": "ㄱㅎ",
        "type": "명사",
        "mean": "《동물》=꼬막."
    },
    "괴행": {
        "word": "괴행",
        "chosung": "ㄱㅎ",
        "type": "명사",
        "mean": " 괴상한 행동."
    },
    "괴현상": {
        "word": "괴현상",
        "chosung": "ㄱㅎㅅ",
        "type": "명사",
        "mean": " 이상하여 알 수 없는 현상."
    },
    "괴혈병": {
        "word": "괴혈병",
        "chosung": "ㄱㅎㅂ",
        "type": "명사",
        "mean": "비타민 시(C)의 결핍으로 생기는 병. 기운이 없고 잇몸, 점막과 피부에서 피가 나며 빈혈을 일으키고, 심하면 심장 쇠약을 일으키기도 한다."
    },
    "괴형": {
        "word": "괴형",
        "chosung": "ㄱㅎ",
        "type": "명사",
        "mean": " =괴상(塊狀)."
    },
    "괴화": {
        "word": "괴화",
        "chosung": "ㄱㅎ",
        "type": "명사",
        "mean": "회화나무의 꽃을 한방에서 이르는 말. 치질, 혈변(血便 ), 이질 따위를 치료할 때에 쓴다."
    },
    "괴화나무": {
        "word": "괴화나무",
        "chosung": "ㄱㅎㄴㅁ",
        "type": "명사",
        "mean": "=회화나무."
    },
    "괴화차": {
        "word": "괴화차",
        "chosung": "ㄱㅎㅊ",
        "type": "명사",
        "mean": "회화나무의 꽃을 달인 차. 꽃이 피기 전에 봉오리를 채취하여 그늘에 말려서 쓴다."
    },
    "괴황": {
        "word": "괴황",
        "chosung": "ㄱㅎ",
        "type": "명사",
        "mean": " 회화나무 열매의 씨로 만든 노란색 물감."
    },
    "괴회": {
        "word": "괴회",
        "chosung": "ㄱㅎ",
        "type": "명사",
        "mean": "［북한어］ 부끄러워하고 뉘우침."
    },
    "괴회지심": {
        "word": "괴회지심",
        "chosung": "ㄱㅎㅈㅅ",
        "type": "명사",
        "mean": "［북한어］ 부끄러워하고 뉘우치는 마음."
    },
    "괴후": {
        "word": "괴후",
        "chosung": "ㄱㅎ",
        "type": "명사",
        "mean": " 괴상하고 변덕스러운 날씨."
    },
    "괴휼하다": {
        "word": "괴휼하다",
        "chosung": "ㄱㅎㅎㄷ",
        "type": "형용사",
        "mean": "［북한어］ 괴이하고 간사하다."
    }
}