{
    "괵": {
        "word": "괵",
        "chosung": "ㄱ",
        "type": "명사",
        "mean": " =휘."
    },
    "괵량": {
        "word": "괵량",
        "chosung": "ㄱㄹ",
        "type": "명사",
        "mean": " 휘로 곡식의 분량을 헤아림."
    },
    "괵상": {
        "word": "괵상",
        "chosung": "ㄱㅅ",
        "type": "명사",
        "mean": "조선 후기에, 세미(稅米)를 받을 때 중간 손실을 예상하여 한 섬에 석 되씩을 더 받던 일. ≒곡상."
    },
    "괵상미": {
        "word": "괵상미",
        "chosung": "ㄱㅅㅁ",
        "type": "명사",
        "mean": "조선 후기에, 세미를 받을 때 중간 손실을 예상하여 한 섬에 석 되씩을 더 받던 쌀. ≒곡상미."
    },
    "괵수": {
        "word": "괵수",
        "chosung": "ㄱㅅ",
        "type": "명사",
        "mean": "1. =참수(斬首). 2. 직무에서 파면함."
    },
    "괵실": {
        "word": "괵실",
        "chosung": "ㄱㅅ",
        "type": "명사",
        "mean": " =도토리."
    },
    "괵약": {
        "word": "괵약",
        "chosung": "ㄱㅇ",
        "type": "명사",
        "mean": "《한의학》떡갈나무의 잎사귀를 한방에서 이르는 말. 치질, 세균성 이질 따위의 출혈 증상을 치료할 때에 쓴다. ≒곡약."
    },
    "괵주": {
        "word": "괵주",
        "chosung": "ㄱㅈ",
        "type": "명사",
        "mean": "중국 수나라·당나라 때의 행정 구역. 지금의 허난 성(河南省) 루스 현(盧 氏縣)이다."
    }
}