{
    "굄": {
        "word": "굄",
        "chosung": "ㄱ",
        "type": "명사",
        "mean": "1. 유난히 귀엽게 여겨 사랑함."
    },
    "굄대": {
        "word": "굄대",
        "chosung": "ㄱㄷ",
        "type": "명사",
        "mean": " 물건이 기울어지거나 넘어지지 않게 받쳐서 괴는 대. ≒고임대."
    },
    "굄돌": {
        "word": "굄돌",
        "chosung": "ㄱㄷ",
        "type": "명사",
        "mean": "북방식 고인돌에서 덮개돌을 받치고 있는 넓적한 돌. ≒고임돌 ·지석(支石) ."
    },
    "굄목": {
        "word": "굄목",
        "chosung": "ㄱㅁ",
        "type": "명사",
        "mean": " 물건의 밑을 받쳐서 괴는 나무. ≒고임목."
    },
    "굄새": {
        "word": "굄새",
        "chosung": "ㄱㅅ",
        "type": "명사",
        "mean": "1. 그릇에 떡이나 과실 따위를 높이 쌓아 올리는 솜씨. ≒고임새 . 2. 그릇에 음식을 괴어 놓은 모양. ≒고임새 ."
    },
    "굄성": {
        "word": "굄성",
        "chosung": "ㄱㅅ",
        "type": "명사",
        "mean": " 남의 사랑을 받을 만한 특성. ≒굄 ."
    },
    "굄질": {
        "word": "굄질",
        "chosung": "ㄱㅈ",
        "type": "명사",
        "mean": " =고배(高排)."
    }
}