{
    "굉갯대": {
        "word": "굉갯대",
        "chosung": "ㄱㄱㄷ",
        "type": "명사",
        "mean": "고싸움놀이에서 고를 받치는 받침대. 지름 15cm, 길이 2~3미터의 쳇다리 모양의 통나무로, 고의 타원형 고리 부분을 45도 각도로 치켜 올리는 데 쓴다."
    },
    "굉걸": {
        "word": "굉걸",
        "chosung": "ㄱㄱ",
        "type": "명사",
        "mean": "宏傑 '굉걸하다'의 어근."
    },
    "굉관이상현상": {
        "word": "굉관이상현상",
        "chosung": "ㄱㄱㅇㅅㅎㅅ",
        "type": "명사",
        "mean": "지진이 일어나기 전에 사람의 감각으로 느낄 수 있는 현상. 갑자기 우물물이 넘치거나, 지하수위가 떨어지거나, 동물들이 이상한 행동을 하는 것 따위를 이른다."
    },
    "굉굉": {
        "word": "굉굉",
        "chosung": "ㄱㄱ",
        "type": "명사",
        "mean": " 소리가 몹시 요란함."
    },
    "굉구": {
        "word": "굉구",
        "chosung": "ㄱㄱ",
        "type": "명사",
        "mean": "1. 큰 건축물. 2. 큰 구상(構想). 3. 위대한 저작."
    },
    "굉규": {
        "word": "굉규",
        "chosung": "ㄱㄱ",
        "type": "명사",
        "mean": "1. 큰 계획. 2. 훌륭한 모범. 또는 모범이 될 만한 사람."
    },
    "굉기": {
        "word": "굉기",
        "chosung": "ㄱㄱ",
        "type": "명사",
        "mean": "1. =대기(大器) . 2. 큰 기량."
    },
    "굉기다": {
        "word": "굉기다",
        "chosung": "ㄱㄱㄷ",
        "type": "동사",
        "mean": "［방언］ '곰기다'의 방언(경남)."
    },
    "굉달": {
        "word": "굉달",
        "chosung": "ㄱㄷ",
        "type": "명사",
        "mean": " 마음이 넓고 사리에 통달함."
    },
    "굉대": {
        "word": "굉대",
        "chosung": "ㄱㄷ",
        "type": "명사",
        "mean": "宏大 '굉대하다'의 어근."
    },
    "굉도": {
        "word": "굉도",
        "chosung": "ㄱㄷ",
        "type": "명사",
        "mean": " 굉장한 계획."
    },
    "굉려": {
        "word": "굉려",
        "chosung": "ㄱㄹ",
        "type": "명사",
        "mean": " =고굉지신."
    },
    "굉렬": {
        "word": "굉렬",
        "chosung": "ㄱㄹ",
        "type": "명사",
        "mean": " 큰 소리를 내면서 찢어짐."
    },
    "굉맥": {
        "word": "굉맥",
        "chosung": "ㄱㅁ",
        "type": "명사",
        "mean": "《식물》껍질이 두꺼운 보리."
    },
    "굉메리": {
        "word": "굉메리",
        "chosung": "ㄱㅁㄹ",
        "type": "명사",
        "mean": "［방언］ '공미리'의 방언(강원, 함북)."
    },
    "굉모": {
        "word": "굉모",
        "chosung": "ㄱㅁ",
        "type": "명사",
        "mean": " 굉장히 큰 계획. ≒굉유(宏猷)·대유(大猷)."
    },
    "굉박": {
        "word": "굉박",
        "chosung": "ㄱㅂ",
        "type": "명사",
        "mean": "宏博 '굉박하다'의 어근."
    },
    "굉발": {
        "word": "굉발",
        "chosung": "ㄱㅂ",
        "type": "명사",
        "mean": " 몹시 요란한 소리를 내면서 폭발함."
    },
    "굉변": {
        "word": "굉변",
        "chosung": "ㄱㅂ",
        "type": "명사",
        "mean": " 대단한 변론."
    },
    "굉부": {
        "word": "굉부",
        "chosung": "ㄱㅂ",
        "type": "명사",
        "mean": "宏富 '굉부하다'의 어근."
    },
    "굉소": {
        "word": "굉소",
        "chosung": "ㄱㅅ",
        "type": "명사",
        "mean": " 큰 소리로 웃음."
    },
    "굉업": {
        "word": "굉업",
        "chosung": "ㄱㅇ",
        "type": "명사",
        "mean": " 매우 큰 사업."
    },
    "굉연": {
        "word": "굉연",
        "chosung": "ㄱㅇ",
        "type": "명사",
        "mean": "轟然 '굉연하다'의 어근."
    },
    "굉원": {
        "word": "굉원",
        "chosung": "ㄱㅇ",
        "type": "명사",
        "mean": "宏遠 '굉원하다'의 어근."
    },
    "굉유": {
        "word": "굉유",
        "chosung": "ㄱㅇ",
        "type": "명사",
        "mean": " =굉모(宏謀)."
    },
    "굉음": {
        "word": "굉음",
        "chosung": "ㄱㅇ",
        "type": "명사",
        "mean": " 몹시 요란하게 울리는 소리."
    },
    "굉이": {
        "word": "굉이",
        "chosung": "ㄱㅇ",
        "type": "부사",
        "mean": "［방언］ '공연히'의 방언(경북)."
    },
    "굉일": {
        "word": "굉일",
        "chosung": "ㄱㅇ",
        "type": "명사",
        "mean": "［방언］ '휴일'의 방언(전남)."
    },
    "굉장": {
        "word": "굉장",
        "chosung": "ㄱㅈ",
        "type": "명사",
        "mean": "宏壯 '굉장하다'의 어근."
    },
    "굉장스럽다": {
        "word": "굉장스럽다",
        "chosung": "ㄱㅈㅅㄹㄷ",
        "type": "형용사",
        "mean": " 훌륭하거나 대단한 데가 있다."
    },
    "굉재": {
        "word": "굉재",
        "chosung": "ㄱㅈ",
        "type": "명사",
        "mean": " 뛰어난 재주를 가진 사람."
    },
    "굉재탁식": {
        "word": "굉재탁식",
        "chosung": "ㄱㅈㅌㅅ",
        "type": "명사",
        "mean": " 큰 재주와 뛰어난 식견을 이르는 말."
    },
    "굉젖": {
        "word": "굉젖",
        "chosung": "ㄱㅈ",
        "type": "명사",
        "mean": "［방언］ '구융젖'의 방언(경기)."
    },
    "굉주교착": {
        "word": "굉주교착",
        "chosung": "ㄱㅈㄱㅊ",
        "type": "명사",
        "mean": " 벌로 먹이는 술의 술잔과 잔 수를 세는 산가지가 뒤섞인다는 뜻으로, 연회가 성대함을 비유적으로 이르는 말."
    },
    "굉창": {
        "word": "굉창",
        "chosung": "ㄱㅊ",
        "type": "명사",
        "mean": "宏敞 '굉창하다'의 어근."
    },
    "굉취": {
        "word": "굉취",
        "chosung": "ㄱㅊ",
        "type": "명사",
        "mean": " =만취."
    },
    "굉침": {
        "word": "굉침",
        "chosung": "ㄱㅊ",
        "type": "명사",
        "mean": " 배가 폭파되어 큰 소리를 내며 가라앉음. 또는 그렇게 가라앉힘."
    },
    "굉탄": {
        "word": "굉탄",
        "chosung": "ㄱㅌ",
        "type": "명사",
        "mean": " 터무니없이 큰소리를 침."
    },
    "굉파": {
        "word": "굉파",
        "chosung": "ㄱㅍ",
        "type": "명사",
        "mean": " 포격하여 파괴함."
    },
    "굉홍": {
        "word": "굉홍",
        "chosung": "ㄱㅎ",
        "type": "명사",
        "mean": "宏弘 '굉홍하다'의 어근."
    },
    "굉확": {
        "word": "굉확",
        "chosung": "ㄱㅎ",
        "type": "명사",
        "mean": " 넓고 깊음."
    },
    "굉활": {
        "word": "굉활",
        "chosung": "ㄱㅎ",
        "type": "명사",
        "mean": "宏闊 '굉활하다'의 어근."
    }
}