{
    "굴": {
        "word": "굴",
        "chosung": "ㄱ",
        "type": "명사",
        "mean": " 1. 땅이나 바위가 안으로 깊숙이 패어 들어간 곳."
    },
    "굴ㅅ독": {
        "word": "굴ㅅ독",
        "chosung": "ㄱㅅㄷ",
        "type": "명사",
        "mean": "［옛말］ '굴뚝'의 옛말."
    },
    "굴가마": {
        "word": "굴가마",
        "chosung": "ㄱㄱㅁ",
        "type": "명사",
        "mean": "산등성이 비탈길에 굴 모양으로 길게 만든 가마. 우리나라에서는 초기 철기 시대부터 조선 시대에 이르기까지 널리 사용한 가마의 기본적인 구조로, 오늘날에도 개량된 형태로 널리 쓰고 있다. ≒등요."
    },
    "굴가재": {
        "word": "굴가재",
        "chosung": "ㄱㄱㅈ",
        "type": "명사",
        "mean": "가재 비슷하게 생긴 갑각류의 하나. 몸빛은 희고 투명하다."
    },
    "굴간": {
        "word": "굴간",
        "chosung": "ㄱㄱ",
        "type": "명사",
        "mean": "길이가 짧고 방처럼 생긴 갱도."
    },
    "굴간기둥": {
        "word": "굴간기둥",
        "chosung": "ㄱㄱㄱㄷ",
        "type": "명사",
        "mean": "'광주(鑛柱)'의 북한어."
    },
    "굴갓": {
        "word": "굴갓",
        "chosung": "ㄱㄱ",
        "type": "명사",
        "mean": "《역사》모자 위를 둥글게 대로 만든 갓. 벼슬을 가진 중이 썼다.【굴갓≪박통사언해(1677)≫← 굴+갓】"
    },
    "굴강": {
        "word": "굴강",
        "chosung": "ㄱㄱ",
        "type": "명사",
        "mean": " 1. =개천(開川) ."
    },
    "굴강처": {
        "word": "굴강처",
        "chosung": "ㄱㄱㅊ",
        "type": "명사",
        "mean": " 활에서, 필요 이상으로 굽거나 센 부분."
    },
    "굴개": {
        "word": "굴개",
        "chosung": "ㄱㄱ",
        "type": "명사",
        "mean": " 괴어서 썩은 물의 바닥에 가라앉은 개흙."
    },
    "굴개건조기": {
        "word": "굴개건조기",
        "chosung": "ㄱㄱㄱㅈㄱ",
        "type": "명사",
        "mean": "돌아가는 두 롤러 사이로 지나가는 얇은 나무판에 열을 가하여 말리는 기계."
    },
    "굴개굴진기": {
        "word": "굴개굴진기",
        "chosung": "ㄱㄱㄱㅈㄱ",
        "type": "명사",
        "mean": "롤러 모양의 공구가 달린, 암석을 뚫거나 파내는 굴진기."
    },
    "굴개용접": {
        "word": "굴개용접",
        "chosung": "ㄱㄱㅇㅈ",
        "type": "명사",
        "mean": "'롤 점용접'의 북한어."
    },
    "굴개콘베아": {
        "word": "굴개콘베아",
        "chosung": "ㄱㄱㅋㅂㅇ",
        "type": "명사",
        "mean": "'롤러 컨베이어'의 북한어. ※ 굴개 컨베이어."
    },
    "굴개파쇄기": {
        "word": "굴개파쇄기",
        "chosung": "ㄱㄱㅍㅅㄱ",
        "type": "명사",
        "mean": "두 개의 롤러가 한 방향으로 마주 돌면서 재료를 부수는 파쇄기."
    },
    "굴개피": {
        "word": "굴개피",
        "chosung": "ㄱㄱㅍ",
        "type": "명사",
        "mean": " 심마니들의 은어로, '옷'을 이르는 말."
    },
    "굴거": {
        "word": "굴거",
        "chosung": "ㄱㄱ",
        "type": "명사",
        "mean": "［북한어］ 굽혀서 산다는 뜻으로, 남에게 복종하면서 삶을 이르는 말."
    },
    "굴거리": {
        "word": "굴거리",
        "chosung": "ㄱㄱㄹ",
        "type": "명사",
        "mean": "=굴거리나무."
    },
    "굴거리가시꽃파리": {
        "word": "굴거리가시꽃파리",
        "chosung": "ㄱㄱㄹㄱㅅㄲㅍㄹ",
        "type": "명사",
        "mean": "집파릿과의 곤충. 몸의 길이는 9mm 정도이며, 가슴 및 배의 등판이 황금색 인분(鱗 粉)으로 덮여 있다. 넓적마디와 종아리마디는 등색이며, 발마디는 갈색이다. 한국의 제주와 일본에 분포한다. (Phaonia aureola)"
    },
    "굴거리나무": {
        "word": "굴거리나무",
        "chosung": "ㄱㄱㄹㄴㅁ",
        "type": "명사",
        "mean": "대극과의 상록 활엽 교목. 높이는 7~10미터이며, 잎은 어긋나고 긴 타원형이다. 봄에 연두색 작은 꽃이 피고 긴 타원형의 열매는 가을에 검은 자주색으로 익는다. 가지와 잎은 식용한다. 산기슭에 자라는데 한국의 경북·전라, 일본, 중국, 대만 등지에 분포한다. ≒굴거리. (Daphniphyllum macropodum)"
    },
    "굴거지": {
        "word": "굴거지",
        "chosung": "ㄱㄱㅈ",
        "type": "명사",
        "mean": " 굴거리나무의 열매."
    },
    "굴걱치": {
        "word": "굴걱치",
        "chosung": "ㄱㄱㅊ",
        "type": "명사",
        "mean": " 심마니들의 은어로, '옷'을 이르는 말."
    },
    "굴건": {
        "word": "굴건",
        "chosung": "ㄱㄱ",
        "type": "명사",
        "mean": " 상주가 상복을 입을 때에 두건 위에 덧쓰는 건. ≒굴관."
    },
    "굴건제복": {
        "word": "굴건제복",
        "chosung": "ㄱㄱㅈㅂ",
        "type": "명사",
        "mean": " 굴건과 제복을 아울러 이르는 말."
    },
    "굴검": {
        "word": "굴검",
        "chosung": "ㄱㄱ",
        "type": "명사",
        "mean": " 묻었던 시체를 파내어 검증함."
    },
    "굴겁사리": {
        "word": "굴겁사리",
        "chosung": "ㄱㄱㅅㄹ",
        "type": "명사",
        "mean": " 심마니들의 은어로, '옷'을 이르는 말."
    },
    "굴게": {
        "word": "굴게",
        "chosung": "ㄱㄱ",
        "type": "명사",
        "mean": "［방언］ '굴레'의 방언(평안, 함경)."
    },
    "굴곡": {
        "word": "굴곡",
        "chosung": "ㄱㄱ",
        "type": "명사",
        "mean": " 1. 이리저리 굽어 꺾여 있음. 또는 그런 굽이."
    },
    "굴곡가락지": {
        "word": "굴곡가락지",
        "chosung": "ㄱㄱㄱㄹㅈ",
        "type": "명사",
        "mean": "=굽가락지."
    },
    "굴곡가지": {
        "word": "굴곡가지",
        "chosung": "ㄱㄱㄱㅈ",
        "type": "명사",
        "mean": "=굴곡 어미."
    },
    "굴곡선": {
        "word": "굴곡선",
        "chosung": "ㄱㄱㅅ",
        "type": "명사",
        "mean": " 이리저리 굽은 선."
    },
    "굴곡어": {
        "word": "굴곡어",
        "chosung": "ㄱㄱㅇ",
        "type": "명사",
        "mean": "=굴절어."
    },
    "굴곡어미": {
        "word": "굴곡어미",
        "chosung": "ㄱㄱㅇㅁ",
        "type": "명사",
        "mean": "조사와 어미를 이르는 말. ≒굴곡 가지·굴곡 접사·굴절 접사."
    },
    "굴곡접사": {
        "word": "굴곡접사",
        "chosung": "ㄱㄱㅈㅅ",
        "type": "명사",
        "mean": "=굴곡 어미."
    },
    "굴곡주성": {
        "word": "굴곡주성",
        "chosung": "ㄱㄱㅈㅅ",
        "type": "명사",
        "mean": "생물이 어떤 자극을 향하여 움직이는 성질."
    },
    "굴곡지다": {
        "word": "굴곡지다",
        "chosung": "ㄱㄱㅈㄷ",
        "type": "저",
        "mean": "), -지니〕［형용사］ 1. ｛주로 과거형으로 쓰여 현재 상태를 나타낸다｝ 이리저리 굽어 있다."
    },
    "굴과": {
        "word": "굴과",
        "chosung": "ㄱㄱ",
        "type": "명사",
        "mean": "연체동물 이매패강 익각목의 한 과. 해안에서 고착 생활을 하는데 굴, 가시굴, 토굴 따위가 있다. (Ostreidae)"
    },
    "굴관": {
        "word": "굴관",
        "chosung": "ㄱㄱ",
        "type": "명사",
        "mean": " =굴건."
    },
    "굴광성": {
        "word": "굴광성",
        "chosung": "ㄱㄱㅅ",
        "type": "명사",
        "mean": "굴성의 하나. 식물체가 빛의 자극에 반응하는 성질. 잎과 줄기는 빛의 방향으로, 뿌리는 그 반대 방향으로 구부러진다."
    },
    "굴구락굴구락": {
        "word": "굴구락굴구락",
        "chosung": "ㄱㄱㄹㄱㄱㄹ",
        "type": "부사",
        "mean": "［방언］ '울걱울걱'의 방언(제주)."
    },
    "굴구조학": {
        "word": "굴구조학",
        "chosung": "ㄱㄱㅈㅎ",
        "type": "명사",
        "mean": "굴의 구조 계산 따위에 대하여 연구하는 학문."
    },
    "굴국": {
        "word": "굴국",
        "chosung": "ㄱㄱ",
        "type": "명사",
        "mean": " 굴에 밀가루를 묻히고 달걀을 씌워서, 맑은장국이 끓을 때에 넣어 익힌 국. ≒석화탕."
    },
    "굴굴": {
        "word": "굴굴",
        "chosung": "ㄱㄱ",
        "type": "감탄사",
        "mean": "［방언］ '구구'의 방언(평북, 함경)."
    },
    "굴근": {
        "word": "굴근",
        "chosung": "ㄱㄱ",
        "type": "명사",
        "mean": " 나무뿌리를 파내는 일."
    },
    "굴근링금": {
        "word": "굴근링금",
        "chosung": "ㄱㄱㄹㄱ",
        "type": "명사",
        "mean": "［옛말］ '사과'의 옛말."
    },
    "굴근반사": {
        "word": "굴근반사",
        "chosung": "ㄱㄱㅂㅅ",
        "type": "명사",
        "mean": "일반적으로 척추동물에서 볼 수 있는 척수 반사의 하나. 예를 들어 뒷다리의 피부에 기계적·화학적 자극이 가하여지면 같은 쪽의 모든 관절 굴근이 응답하는 방어 반사 따위이다."
    },
    "굴근외얏": {
        "word": "굴근외얏",
        "chosung": "ㄱㄱㅇㅇ",
        "type": "명사",
        "mean": "［옛말］ 자두의 하나."
    },
    "굴근풍뉴": {
        "word": "굴근풍뉴",
        "chosung": "ㄱㄱㅍㄴ",
        "type": "명사",
        "mean": "［옛말］ '대악(大樂)'의 옛말."
    },
    "굴긔": {
        "word": "굴긔",
        "chosung": "ㄱㄱ",
        "type": "명사",
        "mean": "［옛말］ 굵기."
    },
    "굴기": {
        "word": "굴기",
        "chosung": "ㄱㄱ",
        "type": "명사",
        "mean": " 일어남."
    },
    "굴기성": {
        "word": "굴기성",
        "chosung": "ㄱㄱㅅ",
        "type": "명사",
        "mean": "굴성의 하나. 식물체가 공기나 산소의 자극에 의하여 일정한 방향으로 굽는 성질이다. 대체로 뿌리는 자극이 주어진 방향으로 굽지만 그 자극에 암모니아가 포함되어 있으면 반대 방향으로 굽게 된다. ≒향기성."
    },
    "굴기운동": {
        "word": "굴기운동",
        "chosung": "ㄱㄱㅇㄷ",
        "type": "명사",
        "mean": "［북한어］매트 위에 몸의 여러 부위를 대면서 구르는 운동. 앞으로 구르기, 뒤로 구르기, 옆으로 구르기 따위가 있다."
    },
    "굴길": {
        "word": "굴길",
        "chosung": "ㄱㄱ",
        "type": "명사",
        "mean": " =굴(窟) ."
    },
    "굴김치": {
        "word": "굴김치",
        "chosung": "ㄱㄱㅊ",
        "type": "명사",
        "mean": " 생굴을 넣어 담근 김치. ≒석화저."
    },
    "굴깍두기": {
        "word": "굴깍두기",
        "chosung": "ㄱㄲㄷㄱ",
        "type": "명사",
        "mean": " 생굴을 넣어 담근 깍두기."
    },
    "굴깍지": {
        "word": "굴깍지",
        "chosung": "ㄱㄲㅈ",
        "type": "명사",
        "mean": "［북한어］ 굴의 껍데기."
    },
    "굴깍지말안장버섯": {
        "word": "굴깍지말안장버섯",
        "chosung": "ㄱㄲㅈㅁㅇㅈㅂㅅ",
        "type": "명사",
        "mean": "=굴깍지안장버섯."
    },
    "굴깍지안장버섯": {
        "word": "굴깍지안장버섯",
        "chosung": "ㄱㄲㅈㅇㅈㅂㅅ",
        "type": "명사",
        "mean": "안장버섯과의 버섯. 버섯의 머리 부분은 말 안장 모양이나 포자 모양이며 밤색이다. 대는 둥근 모양이며 흰색을 띤다. ≒굴깍지말안장버섯."
    },
    "굴껍질": {
        "word": "굴껍질",
        "chosung": "ㄱㄲㅈ",
        "type": "명사",
        "mean": "민어굴과 참굴의 껍데기를 갈아 만든 생약. 민어굴의 껍데기 가루는 위산 과다, 위궤양 따위를 치료하는 데 쓰며, 참굴의 껍데기 가루는 자궁 출혈과 식은땀 나는 증상을 치료하는 데 쓴다."
    },
    "굴농성": {
        "word": "굴농성",
        "chosung": "ㄱㄴㅅ",
        "type": "명사",
        "mean": "굴성의 하나. 식물 따위의 몸 안에서 삼투압 차이의 자극에 의하여 일정한 방향으로 굽는 성질이다."
    },
    "굴다": {
        "word": "굴다",
        "chosung": "ㄱㄷ",
        "type": "동사",
        "mean": "『 -게』｛'-게' 대신에 '-이/히' 부사 따위가 쓰이기도 한다｝ 그러하게 행동하거나 대하다."
    },
    "굴다리": {
        "word": "굴다리",
        "chosung": "ㄱㄷㄹ",
        "type": "명사",
        "mean": " 길이 교차하는 곳에서, 밑에 굴을 만들고 그 위로 다닐 수 있게 만든 다리."
    },
    "굴대": {
        "word": "굴대",
        "chosung": "ㄱㄷ",
        "type": "명사",
        "mean": " 길쭉하게 축으로 되어 돌게 된 기구. 3. ［북한어］《출판》인쇄기·등사기 따위에서, 잉크를 묻히는 데 쓰는 물건."
    },
    "굴대교정": {
        "word": "굴대교정",
        "chosung": "ㄱㄷㄱㅈ",
        "type": "명사",
        "mean": "두 줄로 나란히 놓인 굴대 사이로 철판을 지나게 하여 평평하게 펴는 일."
    },
    "굴대두겁": {
        "word": "굴대두겁",
        "chosung": "ㄱㄷㄷㄱ",
        "type": "명사",
        "mean": "《고적》굴대 끝에 씌우는 부속품. 방울을 달기도 한다. ≒거축두·여(□)·통형 동기."
    },
    "굴대발판": {
        "word": "굴대발판",
        "chosung": "ㄱㄷㅂㅍ",
        "type": "명사",
        "mean": "［북한어］ 롤러를 단 널빤지. 무거운 짐을 운반하는 데에 쓴다."
    },
    "굴대베아링": {
        "word": "굴대베아링",
        "chosung": "ㄱㄷㅂㅇㄹ",
        "type": "명사",
        "mean": "'롤러 베어링'의 북한어. ※ 굴대 베어링."
    },
    "굴대식착정기": {
        "word": "굴대식착정기",
        "chosung": "ㄱㄷㅅㅊㅈㄱ",
        "type": "명사",
        "mean": "끝에 굴대식 턱 머리를 가진 착정기. 단단한 바위에 지름이 큰 발파 구멍을 뚫는 데 쓴다."
    },
    "굴대윤활": {
        "word": "굴대윤활",
        "chosung": "ㄱㄷㅇㅎ",
        "type": "명사",
        "mean": "기름면에 잠겨서 돌아가는 굴대로 마찰면을 윤활하는 방식. 왕복 병진 운동을 하는 수평 안내면의 윤활 따위에 쓴다."
    },
    "굴대장군": {
        "word": "굴대장군",
        "chosung": "ㄱㄷㅈㄱ",
        "type": "명사",
        "mean": "［북한어］ '굴때장군'의 북한어."
    },
    "굴대진수": {
        "word": "굴대진수",
        "chosung": "ㄱㄷㅈㅅ",
        "type": "명사",
        "mean": "굴대를 이용한 선박 진수 방식."
    },
    "굴대콘베아": {
        "word": "굴대콘베아",
        "chosung": "ㄱㄷㅋㅂㅇ",
        "type": "명사",
        "mean": "한 평면 위에 설치한 여러 개의 굴대가 돌면서 그 위의 짐을 나르는 컨베이어. ※ 굴대 컨베이어."
    },
    "굴대통": {
        "word": "굴대통",
        "chosung": "ㄱㄷㅌ",
        "type": "명사",
        "mean": " =굴통 ."
    },
    "굴대형파쇄기": {
        "word": "굴대형파쇄기",
        "chosung": "ㄱㄷㅎㅍㅅㄱ",
        "type": "명사",
        "mean": "'롤 크러셔'의 북한어."
    },
    "굴덕": {
        "word": "굴덕",
        "chosung": "ㄱㄷ",
        "type": "명사",
        "mean": "굴 양식에서, 굴이 많이 번식하도록 매 주는 덕."
    },
    "굴도리": {
        "word": "굴도리",
        "chosung": "ㄱㄷㄹ",
        "type": "명사",
        "mean": "둥글게 만든 도리."
    },
    "굴도리집": {
        "word": "굴도리집",
        "chosung": "ㄱㄷㄹㅈ",
        "type": "명사",
        "mean": "《건설》접시받침과 굴도리를 써서 지은 집."
    },
    "굴도지": {
        "word": "굴도지",
        "chosung": "ㄱㄷㅈ",
        "type": "명사",
        "mean": "=전도지."
    },
    "굴드베르그": {
        "word": "굴드베르그",
        "chosung": "ㄱㄷㅂㄹㄱ",
        "type": "명사",
        "mean": "노르웨이의 수학자·물리학자(1836~1902). 열역학에서 화학 평형의 문제를 연구하고, 1864년 보게와 함께 질량 작용의 법칙을 발견하였다."
    },
    "굴등": {
        "word": "굴등",
        "chosung": "ㄱㄷ",
        "type": "명사",
        "mean": "=주걱따개비."
    },
    "굴때": {
        "word": "굴때",
        "chosung": "ㄱㄸ",
        "type": "명사",
        "mean": " 1. =굴때장군 . 2. =굴때장군 ."
    },
    "굴때장군": {
        "word": "굴때장군",
        "chosung": "ㄱㄸㅈㄱ",
        "type": "명사",
        "mean": " 1. 키가 크고 몸이 굵으며 살갗이 검은 사람을 놀림조로 이르는 말. ≒굴때 . 2. 옷이 시커멓게 된 사람을 놀림조로 이르는 말. ≒굴때 ."
    },
    "굴똥": {
        "word": "굴똥",
        "chosung": "ㄱㄸ",
        "type": "명사",
        "mean": " 물레의 몸이 실린 중심의 굴대."
    },
    "굴뚝": {
        "word": "굴뚝",
        "chosung": "ㄱㄸ",
        "type": "명사",
        "mean": " 불을 땔 때에, 연기가 밖으로 빠져나가도록 만든 구조물. 주로 철판, 토관, 벽돌 따위로 만든다. ≒연돌 ·조돌."
    },
    "굴뚝같다": {
        "word": "굴뚝같다",
        "chosung": "ㄱㄸㄱㄷ",
        "type": "형용사",
        "mean": " 바라거나 그리워하는 마음이 몹시 간절하다."
    },
    "굴뚝개자리": {
        "word": "굴뚝개자리",
        "chosung": "ㄱㄸㄱㅈㄹ",
        "type": "명사",
        "mean": "방고래와 굴뚝이 이어지는 부분에 깊이 판 고랑. 연기를 굴뚝으로 나가게 하고 역풍이 불 때에 바람이 고래 안으로 들어가는 것을 막는다."
    },
    "굴뚝나비": {
        "word": "굴뚝나비",
        "chosung": "ㄱㄸㄴㅂ",
        "type": "명사",
        "mean": "뱀눈나빗과의 곤충. 날개는 잿빛 갈색 또는 검은 갈색이고 둥근 이중 무늬가 있다. 애벌레는 볏과 식물을 먹는다. 한국, 중국의 만주, 중앙아시아, 유럽 등지에 분포한다. (Minois dryas)"
    },
    "굴뚝메": {
        "word": "굴뚝메",
        "chosung": "ㄱㄸㅁ",
        "type": "명사",
        "mean": "［북한어］ 굴뚝과 벽 사이. 또는 그 부근."
    },
    "굴뚝목": {
        "word": "굴뚝목",
        "chosung": "ㄱㄸㅁ",
        "type": "명사",
        "mean": " 방고래와 굴뚝이 잇닿은 곳."
    },
    "굴뚝새": {
        "word": "굴뚝새",
        "chosung": "ㄱㄸㅅ",
        "type": "명사",
        "mean": "나무발발잇과의 새. 몸의 길이는 6~7cm이며, 진한 갈색에 검은 갈색의 가로무늬가 있다. 거미, 곤충이 주식이고 5~6월에 4~5개의 알을 낳는다. 우리나라에서 번식하는 텃새로, 여름에는 산지에서, 겨울에는 마을에서 사는데 아시아, 유럽 등지에 분포한다. (Troglodytes troglodytes)"
    },
    "굴뚝세": {
        "word": "굴뚝세",
        "chosung": "ㄱㄸㅅ",
        "type": "명사",
        "mean": "［북한어］ 굴뚝에 대한 세금이라는 뜻으로, 예전에 갖은 명목을 붙여 백성들로부터 거두어 가던 세금을 비난조로 이르던 말."
    },
    "굴뚝아구리": {
        "word": "굴뚝아구리",
        "chosung": "ㄱㄸㅇㄱㄹ",
        "type": "명사",
        "mean": "［북한어］ 굴뚝의 맨 끝에 있는 구멍. 또는 그 어귀."
    },
    "굴뚝쟁이": {
        "word": "굴뚝쟁이",
        "chosung": "ㄱㄸㅈㅇ",
        "type": "명사",
        "mean": " 굴뚝 청소를 직업으로 하는 사람을 낮잡아 이르는 말."
    },
    "굴뚝청어": {
        "word": "굴뚝청어",
        "chosung": "ㄱㄸㅊㅇ",
        "type": "명사",
        "mean": "겨울에 많이 잡히는, 덜 자란 청어."
    },
    "굴뚱": {
        "word": "굴뚱",
        "chosung": "ㄱㄸ",
        "type": "명사",
        "mean": "［방언］ '굴뚝'의 방언(황해)."
    },
    "굴랑굴랑": {
        "word": "굴랑굴랑",
        "chosung": "ㄱㄹㄱㄹ",
        "type": "부사",
        "mean": "［방언］ '헐렁헐렁'의 방언(제주)."
    },
    "굴래기": {
        "word": "굴래기",
        "chosung": "ㄱㄹㄱ",
        "type": "명사",
        "mean": "［방언］ '개똥벌레'의 방언(황해)."
    },
    "굴러가다": {
        "word": "굴러가다",
        "chosung": "ㄱㄹㄱㄷ",
        "type": "동사",
        "mean": " (비유적으로) 일이나 모임 따위가 진행되어 나가다."
    },
    "굴러나다": {
        "word": "굴러나다",
        "chosung": "ㄱㄹㄴㄷ",
        "type": "동사",
        "mean": "［북한어］ 온갖 어렵고 험한 일을 참고 견디다."
    },
    "굴러다니다": {
        "word": "굴러다니다",
        "chosung": "ㄱㄹㄷㄴㄷ",
        "type": "동사",
        "mean": "『 …에』『 …으로』『 …을』 1. 물건 따위가 일정한 자리에 있지 아니하고 데굴데굴 구르며 이리저리 왔다 갔다 하다."
    },
    "굴러듣다": {
        "word": "굴러듣다",
        "chosung": "ㄱㄹㄷㄷ",
        "type": "동사",
        "mean": "『 …을』 떠도는 소문을 얻어듣다."
    },
    "굴러들다": {
        "word": "굴러들다",
        "chosung": "ㄱㄹㄷㄷ",
        "type": "동사",
        "mean": "『 …에/에게』『 …으로』 이리저리 옮겨 다니던 사람이나 물건이 일정한 곳으로 들어와 자리를 잡다."
    },
    "굴러먹다": {
        "word": "굴러먹다",
        "chosung": "ㄱㄹㅁㄷ",
        "type": "동사",
        "mean": " (낮잡는 뜻으로) 이리저리 떠돌아다니며 갖은 이력을 다 겪다."
    },
    "굴러차기": {
        "word": "굴러차기",
        "chosung": "ㄱㄹㅊㄱ",
        "type": "명사",
        "mean": "태권도에서, 발 기술의 하나. 앞발을 힘주어 올렸다 내리면서 몸을 공중에 띄운 다음 올렸다 내린 발로 앞차기, 옆차기, 돌려 차기 따위를 한다."
    },
    "굴러치다": {
        "word": "굴러치다",
        "chosung": "ㄱㄹㅊㄷ",
        "type": "동사",
        "mean": "［북한어］ 힘차게 구르다."
    },
    "굴렁대": {
        "word": "굴렁대",
        "chosung": "ㄱㄹㄷ",
        "type": "명사",
        "mean": " 굴렁쇠를 굴리는 데 사용하는 굵은 철사 토막이나 막대기."
    },
    "굴렁선": {
        "word": "굴렁선",
        "chosung": "ㄱㄹㅅ",
        "type": "명사",
        "mean": "'사이클로이드'의 북한어."
    },
    "굴렁쇠": {
        "word": "굴렁쇠",
        "chosung": "ㄱㄹㅅ",
        "type": "명사",
        "mean": " 어린아이 장난감의 하나. 쇠붙이나 대나무 따위로 만든 둥근 테로서, 굴렁대로 굴리며 논다. ≒동그랑쇠 ."
    },
    "굴레": {
        "word": "굴레",
        "chosung": "ㄱㄹ",
        "type": "명사",
        "mean": " 1. 말이나 소 따위를 부리기 위하여 머리와 목에서 고삐에 걸쳐 얽어매는 줄. ≒기반(羈絆) ·기미(羈□)."
    },
    "굴레말": {
        "word": "굴레말",
        "chosung": "ㄱㄹㅁ",
        "type": "명사",
        "mean": "푸른벌레말과의 단세포 민물 조류. 몸은 긴 도란형(倒卵形) 또는 달걀 모양으로, 납작하며 뒤 끝은 곧거나 조금 굽은 가시 모양의 돌기가 있다. 주로 민물이나 고인 물에서 산다."
    },
    "굴레미": {
        "word": "굴레미",
        "chosung": "ㄱㄹㅁ",
        "type": "명사",
        "mean": " 1. 나무로 만든 바퀴. 2. ［북한어］ 둥근 쇠테 같은 기계 부속의 하나. 3. ［북한어］ '굴렁쇠'의 북한어."
    },
    "굴레바쿠": {
        "word": "굴레바쿠",
        "chosung": "ㄱㄹㅂㅋ",
        "type": "명사",
        "mean": "［방언］ '굴렁쇠'의 방언(강원)."
    },
    "굴레바퀴": {
        "word": "굴레바퀴",
        "chosung": "ㄱㄹㅂㅋ",
        "type": "명사",
        "mean": " 1. '굴렁쇠'의 잘못. 2. ［북한어］ '굴렁쇠'의 북한어."
    },
    "굴레수염": {
        "word": "굴레수염",
        "chosung": "ㄱㄹㅅㅇ",
        "type": "명사",
        "mean": "［방언］ '구레나룻'의 방언(경상, 전남)."
    },
    "굴레쌔미": {
        "word": "굴레쌔미",
        "chosung": "ㄱㄹㅆㅁ",
        "type": "명사",
        "mean": "［방언］ '구레나룻'의 방언(경남)."
    },
    "굴레옆쇠": {
        "word": "굴레옆쇠",
        "chosung": "ㄱㄹㅇㅅ",
        "type": "명사",
        "mean": " 굴레의 옆에 달린 고리쇠."
    },
    "굴레질": {
        "word": "굴레질",
        "chosung": "ㄱㄹㅈ",
        "type": "명사",
        "mean": "［방언］ '아가리질'의 방언(제주)."
    },
    "굴레치기": {
        "word": "굴레치기",
        "chosung": "ㄱㄹㅊㄱ",
        "type": "명사",
        "mean": " 여자의 목걸이를 전문적으로 훔치는 소매치기."
    },
    "굴레통": {
        "word": "굴레통",
        "chosung": "ㄱㄹㅌ",
        "type": "명사",
        "mean": " 굴레미와 밧줄로 기중기 구실을 하게 만든 틀."
    },
    "굴려던지기": {
        "word": "굴려던지기",
        "chosung": "ㄱㄹㄷㅈㄱ",
        "type": "명사",
        "mean": "［북한어］축구에서, 골키퍼가 잡은 공을 굴려서 수비수에게 패스하는 일."
    },
    "굴려뜨리다": {
        "word": "굴려뜨리다",
        "chosung": "ㄱㄹㄸㄹㄷ",
        "type": "동사",
        "mean": "［북한어］ 굴러 가게 하거나 또는 세게 굴리다."
    },
    "굴려차기": {
        "word": "굴려차기",
        "chosung": "ㄱㄹㅊㄱ",
        "type": "명사",
        "mean": "［북한어］축구에서, 공을 공중에 띄워 차지 아니하고 땅바닥으로 굴러 가게 차는 것."
    },
    "굴루": {
        "word": "굴루",
        "chosung": "ㄱㄹ",
        "type": "명사",
        "mean": "［방언］ '군노(軍奴)'의 방언(평북)."
    },
    "굴류성": {
        "word": "굴류성",
        "chosung": "ㄱㄹㅅ",
        "type": "명사",
        "mean": "굴성의 하나. 흐르는 물 가운데에 있는 식물체가 흐름의 방향대로 또는 흐름을 거슬러 자라는 성질이다. ≒향류성 ."
    },
    "굴르다": {
        "word": "굴르다",
        "chosung": "ㄱㄹㄷ",
        "type": "동사",
        "mean": " '구르다'의 잘못."
    },
    "굴리": {
        "word": "굴리",
        "chosung": "ㄱㄹ",
        "type": "명사",
        "mean": "［방언］ '그네'의 방언(함북)."
    },
    "굴리다": {
        "word": "굴리다",
        "chosung": "ㄱㄹㄷ",
        "type": "동사",
        "mean": " ━ ⅰ『 …을』 1. '구르다'의 사동사."
    },
    "굴리미": {
        "word": "굴리미",
        "chosung": "ㄱㄹㅁ",
        "type": "명사",
        "mean": "［방언］ '굴렁쇠'의 방언(강원)."
    },
    "굴린만두": {
        "word": "굴린만두",
        "chosung": "ㄱㄹㅁㄷ",
        "type": "명사",
        "mean": "［북한어］ =굴만두."
    },
    "굴림": {
        "word": "굴림",
        "chosung": "ㄱㄹ",
        "type": "명사",
        "mean": "나무토막 따위를 모나지 아니하게 깎는 일. 2. 《음악》장구채를 율동적으로 가볍게 자주 치는 일."
    },
    "굴림끌": {
        "word": "굴림끌",
        "chosung": "ㄱㄹㄲ",
        "type": "명사",
        "mean": "날이 안쪽으로 반원을 이룬 끌. 나무 따위를 둥글게 파거나 새기는 데 쓴다."
    },
    "굴림대": {
        "word": "굴림대",
        "chosung": "ㄱㄹㄷ",
        "type": "명사",
        "mean": "무거운 물건을 옮길 때 그 밑에 깔아서 굴리는, 둥근 나무나 철로 된 원통체. ≒궁글대·롤러 ."
    },
    "굴림대질": {
        "word": "굴림대질",
        "chosung": "ㄱㄹㄷㅈ",
        "type": "명사",
        "mean": " 무거운 물건 밑에 굴림대를 깔고 물건을 굴려 옮기는 일."
    },
    "굴림대패": {
        "word": "굴림대패",
        "chosung": "ㄱㄹㄷㅍ",
        "type": "명사",
        "mean": "날의 가운데가 둥그스름하게 들어간 대패. 나무 따위를 모나지 않게 깎는 데 쓴다."
    },
    "굴림마찰": {
        "word": "굴림마찰",
        "chosung": "ㄱㄹㅁㅊ",
        "type": "명사",
        "mean": "=구름마찰."
    },
    "굴림백토": {
        "word": "굴림백토",
        "chosung": "ㄱㄹㅂㅌ",
        "type": "명사",
        "mean": " 흙일에 쓰기 위하여 왕모래를 추려 낸 고운 백토."
    },
    "굴림새": {
        "word": "굴림새",
        "chosung": "ㄱㄹㅅ",
        "type": "명사",
        "mean": "국악 성악 창법에서, 굴림의 모양새를 이르는 말."
    },
    "굴림소리": {
        "word": "굴림소리",
        "chosung": "ㄱㄹㅅㄹ",
        "type": "명사",
        "mean": "=설전음."
    },
    "굴립": {
        "word": "굴립",
        "chosung": "ㄱㄹ",
        "type": "명사",
        "mean": " '굴갓'을 그 뜻과는 상관없이 음과 새김만을 따서 적은 것."
    },
    "굴만두": {
        "word": "굴만두",
        "chosung": "ㄱㅁㄷ",
        "type": "명사",
        "mean": "［북한어］ 만두소를 둥글고 작게 빚은 다음 밀가루에 굴려서 끓인 만두. ≒굴린만두."
    },
    "굴먹": {
        "word": "굴먹",
        "chosung": "ㄱㅁ",
        "type": "명사",
        "mean": "'굴먹하다'의 어근."
    },
    "굴먹굴먹": {
        "word": "굴먹굴먹",
        "chosung": "ㄱㅁㄱㅁ",
        "type": "부사",
        "mean": " 담긴 것마다 그득 차지 아니하고 조금 모자란 듯한 모양."
    },
    "굴메": {
        "word": "굴메",
        "chosung": "ㄱㅁ",
        "type": "명사",
        "mean": "［방언］ '그림자'의 방언(제주)."
    },
    "굴목": {
        "word": "굴목",
        "chosung": "ㄱㅁ",
        "type": "명사",
        "mean": "［방언］ 구들에 불을 때게 만든 아궁이와 그 아궁이의 바깥 부분(제주)."
    },
    "굴목숭어": {
        "word": "굴목숭어",
        "chosung": "ㄱㅁㅅㅇ",
        "type": "명사",
        "mean": "3월 초 경칩 직후에 평안북도 철산군 다사도 부근에서 잡히는 숭어."
    },
    "굴무기": {
        "word": "굴무기",
        "chosung": "ㄱㅁㄱ",
        "type": "명사",
        "mean": "［방언］ '느티나무'의 방언(제주)."
    },
    "굴무덤": {
        "word": "굴무덤",
        "chosung": "ㄱㅁㄷ",
        "type": "명사",
        "mean": "산 중턱의 비탈을 수평으로 파고 들어가 안을 약간 넓히고 주검을 넣던 백제의 무덤 형식. 부여 지방에서 보인다."
    },
    "굴묵": {
        "word": "굴묵",
        "chosung": "ㄱㅁ",
        "type": "명사",
        "mean": "［방언］ '굴뚝'의 방언(강원, 제주, 평북, 함경)."
    },
    "굴묵둑": {
        "word": "굴묵둑",
        "chosung": "ㄱㅁㄷ",
        "type": "명사",
        "mean": "［방언］ '굴뚝'의 방언(평북)."
    },
    "굴문": {
        "word": "굴문",
        "chosung": "ㄱㅁ",
        "type": "명사",
        "mean": "［북한어］1. 문처럼 된 굴의 아가리. 2. 굴로 드나드는 문."
    },
    "굴밀이": {
        "word": "굴밀이",
        "chosung": "ㄱㅁㅇ",
        "type": "명사",
        "mean": "=롤러 ."
    },
    "굴밤": {
        "word": "굴밤",
        "chosung": "ㄱㅂ",
        "type": "명사",
        "mean": "1. ［방언］ '도토리'의 방언(경남, 충북). 2. ［방언］ '상수리'의 방언(충청). 3. ［북한어］ 다 익어 떨어진 밤알."
    },
    "굴밤나무": {
        "word": "굴밤나무",
        "chosung": "ㄱㅂㄴㅁ",
        "type": "명사",
        "mean": "=졸참나무."
    },
    "굴밥": {
        "word": "굴밥",
        "chosung": "ㄱㅂ",
        "type": "명사",
        "mean": " 끓는 밥 위에 생굴을 넣고 섞어서 익힌 밥. ≒석화반."
    },
    "굴방": {
        "word": "굴방",
        "chosung": "ㄱㅂ",
        "type": "명사",
        "mean": " 빛이 들어오지 아니하는 어두운 방."
    },
    "굴배": {
        "word": "굴배",
        "chosung": "ㄱㅂ",
        "type": "명사",
        "mean": "［방언］ '고삐'의 방언(제주)."
    },
    "굴뱀": {
        "word": "굴뱀",
        "chosung": "ㄱㅂ",
        "type": "명사",
        "mean": "［북한어］ 매를 맞은 자리가 구불구불 뱀이 휘감긴 모양으로 벌겋게 부풀어 오른 것."
    },
    "굴벌레나방": {
        "word": "굴벌레나방",
        "chosung": "ㄱㅂㄹㄴㅂ",
        "type": "명사",
        "mean": "굴벌레나방과의 곤충. 편 날개의 길이는 3.5~6.5cm이다. 몸은 잿빛 갈색, 희미한 가로줄 무늬가 있는 앞날개 가운데와 테두리는 잿빛 흰색, 뒷날개는 어두운 갈색이다. 한국, 일본, 중국, 인도 등지에 분포한다. (Cossus vicarius)"
    },
    "굴벌레나방과": {
        "word": "굴벌레나방과",
        "chosung": "ㄱㅂㄹㄴㅂㄱ",
        "type": "명사",
        "mean": "곤충강 나비목의 한 과. 몸은 어두운 빛이고 밤낮으로 활동한다. 온대 지방 낙엽 삼림에 살며 굴벌레나방, 알락굴벌레나방 따위가 있다. (Cossidae)"
    },
    "굴벌레큰나방": {
        "word": "굴벌레큰나방",
        "chosung": "ㄱㅂㄹㅋㄴㅂ",
        "type": "명사",
        "mean": "굴벌레나방과의 곤충. 날개의 윗면과 아랫면은 검은 밤색이고 불규칙한 물결무늬가 있다. 더듬이는 실 모양으로 수컷은 약간 편평하다. 나무의 목질부를 해친다. (Cossus cossus)"
    },
    "굴법당": {
        "word": "굴법당",
        "chosung": "ㄱㅂㄷ",
        "type": "명사",
        "mean": "자연 동굴 속에 지은 법당."
    },
    "굴변": {
        "word": "굴변",
        "chosung": "ㄱㅂ",
        "type": "명사",
        "mean": " 무덤을 파내어 생긴 재앙이나 사고."
    },
    "굴복": {
        "word": "굴복",
        "chosung": "ㄱㅂ",
        "type": "명사",
        "mean": " 힘이 모자라서 복종함. ≒굴복(屈伏) ."
    },
    "굴봉": {
        "word": "굴봉",
        "chosung": "ㄱㅂ",
        "type": "명사",
        "mean": "=뒤지개."
    },
    "굴부르기": {
        "word": "굴부르기",
        "chosung": "ㄱㅂㄹㄱ",
        "type": "명사",
        "mean": "충청남도 서산에서 음력 정월 대보름날 밤에 하는 봉기 타령의 하나. 아낙네들이 굴에게 줄 밥을 들고 횃불을 밝혀 포구 주변의 굴 바위 앞으로 모여, 그해에 굴을 많이 따게 해 달라고 굴을 부르며 빈다."
    },
    "굴불사": {
        "word": "굴불사",
        "chosung": "ㄱㅂㅅ",
        "type": "명사",
        "mean": "경상북도 경주시 동천동에 있던 절. 현재 이 터에 보물 제121호인 사면 석불(四面石佛)이 남아 있다."
    },
    "굴불사지석각불상": {
        "word": "굴불사지석각불상",
        "chosung": "ㄱㅂㅅㅈㅅㄱㅂㅅ",
        "type": "명사",
        "mean": "=굴불사지 석불상."
    },
    "굴불사지석불상": {
        "word": "굴불사지석불상",
        "chosung": "ㄱㅂㅅㅈㅅㅂㅅ",
        "type": "명사",
        "mean": "경주 소금강산 백률사 남쪽의 굴불사 터에 있는 통일 신라 시대의 불상. 거대한 화강석의 사면을 다듬어 서면(西面)에 아미타 삼존, 동면(東面)에 약사여래, 남면(南面)에 석가여래, 북면(北面)에 미륵보살의 상을 새겼다. 보물 제121호. ≒굴불사지 석각 불상."
    },
    "굴비": {
        "word": "굴비",
        "chosung": "ㄱㅂ",
        "type": "명사",
        "mean": " 소금에 약간 절여서 통으로 말린 조기. ≒건석어 ."
    },
    "굴비둘기": {
        "word": "굴비둘기",
        "chosung": "ㄱㅂㄷㄱ",
        "type": "명사",
        "mean": "'양비둘기'의 북한어."
    },
    "굴비찌개": {
        "word": "굴비찌개",
        "chosung": "ㄱㅂㅉㄱ",
        "type": "명사",
        "mean": " 굴비를 넣고 끓이거나, 굴비에 쇠고기와 파를 썰어 넣고 밥에 찐 다음 끓인 찌개."
    },
    "굴뼈벌레": {
        "word": "굴뼈벌레",
        "chosung": "ㄱㅃㅂㄹ",
        "type": "명사",
        "mean": "원생동물의 하나. 몸은 반원 모양인데, 둥근 쪽의 가장자리를 따라 15~20개의 굵고 짧은 가시가 있으며 그 사이에 여러 개의 잔가시가 있다. 한국 동해와 태평양 등지에 분포한다."
    },
    "굴삭": {
        "word": "굴삭",
        "chosung": "ㄱㅅ",
        "type": "명사",
        "mean": " 땅을 파는 것. '땅파기'로 순화."
    },
    "굴삭기": {
        "word": "굴삭기",
        "chosung": "ㄱㅅㄱ",
        "type": "명사",
        "mean": " 땅이나 암석 따위를 파거나, 파낸 것을 처리하는 기계를 통틀어 이르는 말. '굴착기'로 순화."
    },
    "굴산사": {
        "word": "굴산사",
        "chosung": "ㄱㅅㅅ",
        "type": "명사",
        "mean": "강원도 강릉시 구정면 학산리에 있던 절. 신라 문성왕 9년(847)에 굴산 조사 범일(梵日)이 창건하였다. 현재 보물 제85호인 부도(浮屠)와 보물 제86호인 당간 지주가 남아 있다."
    },
    "굴산사지당간지주": {
        "word": "굴산사지당간지주",
        "chosung": "ㄱㅅㅅㅈㄷㄱㅈㅈ",
        "type": "명사",
        "mean": "강원도 강릉시 구정면 굴산사 터에 있는 당간 지주. 화강암으로 되어 있다. 보물 제86호."
    },
    "굴산사지부도": {
        "word": "굴산사지부도",
        "chosung": "ㄱㅅㅅㅈㅂㄷ",
        "type": "명사",
        "mean": "강원도 강릉시 구정면 굴산사 터에 있는 부도. 화강암으로 된 팔각형 5층 사리탑으로, 고려 시대에 건립되었다. 보물 제85호."
    },
    "굴산성": {
        "word": "굴산성",
        "chosung": "ㄱㅅㅅ",
        "type": "명사",
        "mean": "삼국 시대에, 신라 소지왕이 고구려와 백제의 세력을 막고 한강 유역의 땅을 차지하기 위하여 쌓은 성. 지금의 충청북도 옥천군 청산면에 있었다."
    },
    "굴상성": {
        "word": "굴상성",
        "chosung": "ㄱㅅㅅ",
        "type": "명사",
        "mean": "굴성의 하나. 상처 입은 식물체가 상처 입은 방향 또는 그 반대 방향으로 굽는 성질이다. ≒굴창성."
    },
    "굴설": {
        "word": "굴설",
        "chosung": "ㄱㅅ",
        "type": "명사",
        "mean": "［북한어］ 땅을 파고 설치하는 일."
    },
    "굴성": {
        "word": "굴성",
        "chosung": "ㄱㅅ",
        "type": "명사",
        "mean": "식물체의 일부가 외부의 자극을 받았을 때, 그 자극 방향에 관계되는 쪽으로 굽는 성질. 자극이 주어진 방향으로 굽는 것과 그 반대 방향으로 굽는 것이 있다. ≒굽성(-性)."
    },
    "굴속": {
        "word": "굴속",
        "chosung": "ㄱㅅ",
        "type": "명사",
        "mean": "1. 굴의 안. ≒와중(窩中)."
    },
    "굴속살이": {
        "word": "굴속살이",
        "chosung": "ㄱㅅㅅㅇ",
        "type": "명사",
        "mean": "=굴속살이게."
    },
    "굴속살이게": {
        "word": "굴속살이게",
        "chosung": "ㄱㅅㅅㅇㄱ",
        "type": "명사",
        "mean": "속살이겟과의 하나. 등딱지는 앞보다 뒤가 넓으며 배는 일곱 마디이고 걷는 다리는 가늘고 약하다. 흔히 굴의 껍데기 속에 사는데 한국, 일본, 중국 등지에 분포한다. ≒굴속살이. (Pinnotheres sinensis)"
    },
    "굴수구": {
        "word": "굴수구",
        "chosung": "ㄱㅅㄱ",
        "type": "명사",
        "mean": "=우열(雨裂 )."
    },
    "굴수성": {
        "word": "굴수성",
        "chosung": "ㄱㅅㅅ",
        "type": "명사",
        "mean": "굴성의 하나. 식물체가 습도에 대하여 일정한 방향으로 굽는 성질이다. 뿌리는 습도가 높은 쪽으로 굽는 성질이 있다. ≒굴습성·물굽성·속습성."
    },
    "굴수인욕": {
        "word": "굴수인욕",
        "chosung": "ㄱㅅㅇㅇ",
        "type": "명사",
        "mean": " ［북한어］ 수치와 치욕을 참고 견딤."
    },
    "굴스트란드": {
        "word": "굴스트란드",
        "chosung": "ㄱㅅㅌㄹㄷ",
        "type": "명사",
        "mean": "스웨덴의 안과 의사(1862~1930). 눈의 조정 기능을 연구하여 난시 이론의 발전에 공헌하였으며, 1911년에 노벨 생리·의학상을 받았다."
    },
    "굴슬": {
        "word": "굴슬",
        "chosung": "ㄱㅅ",
        "type": "명사",
        "mean": "1. 무릎을 꿇고 절함. 2. 남에게 굽혀 복종함."
    },
    "굴슬화협": {
        "word": "굴슬화협",
        "chosung": "ㄱㅅㅎㅎ",
        "type": "명사",
        "mean": "［북한어］ 무릎을 꿇고 서로 마음을 터놓고 협의함."
    },
    "굴습성": {
        "word": "굴습성",
        "chosung": "ㄱㅅㅅ",
        "type": "명사",
        "mean": "=굴수성."
    },
    "굴식": {
        "word": "굴식",
        "chosung": "ㄱㅅ",
        "type": "명사",
        "mean": "《고적》지면과 수평으로 판 길을 통하여 널방으로 들어가는 무덤 양식. ≒횡혈식."
    },
    "굴식석실": {
        "word": "굴식석실",
        "chosung": "ㄱㅅㅅㅅ",
        "type": "명사",
        "mean": "고분 내부 구조의 하나. 돌을 쌓아서 분묘를 만들어 시신을 넣은 후 한쪽 벽 또는 그 벽의 일부를 열어 외부와 통할 수 있게 하였다. ≒횡혈식 석실."
    },
    "굴식재배": {
        "word": "굴식재배",
        "chosung": "ㄱㅅㅈㅂ",
        "type": "명사",
        "mean": "'비닐 재배'의 북한어."
    },
    "굴신": {
        "word": "굴신",
        "chosung": "ㄱㅅ",
        "type": "명사",
        "mean": "1. 몸을 앞으로 굽힘. 2. 겸손하게 처신함."
    },
    "굴신관세": {
        "word": "굴신관세",
        "chosung": "ㄱㅅㄱㅅ",
        "type": "명사",
        "mean": "=탄력 관세."
    },
    "굴신력": {
        "word": "굴신력",
        "chosung": "ㄱㅅㄹ",
        "type": "명사",
        "mean": "［북한어］몸의 일정한 부위를 굽혔다 폈다 하는 힘."
    },
    "굴신성": {
        "word": "굴신성",
        "chosung": "ㄱㅅㅅ",
        "type": "명사",
        "mean": "경제의 기초적 사정이 변화함에 따라 가격, 이자, 임금 따위가 변동하는 성질. ≒굽혀폄성 ."
    },
    "굴신운동": {
        "word": "굴신운동",
        "chosung": "ㄱㅅㅇㄷ",
        "type": "명사",
        "mean": "屈伸運動 몸을 굽혔다 폈다 하는 운동. ≒굽혀펴기 운동."
    },
    "굴신장": {
        "word": "굴신장",
        "chosung": "ㄱㅅㅈ",
        "type": "명사",
        "mean": "=굴장."
    },
    "굴신제한법": {
        "word": "굴신제한법",
        "chosung": "ㄱㅅㅈㅎㅂ",
        "type": "명사",
        "mean": "=굴신 제한제."
    },
    "굴신제한제": {
        "word": "굴신제한제",
        "chosung": "ㄱㅅㅈㅎㅈ",
        "type": "명사",
        "mean": "은행권을 발행할 때 필요에 따라서 보증 준비에 의하여 한도 외 발행을 허용하는 제도. ≒굴신 제한법."
    },
    "굴신주기": {
        "word": "굴신주기",
        "chosung": "ㄱㅅㅈㄱ",
        "type": "명사",
        "mean": "무릎을 편 상태에서 시작하여 굽혔다가 다시 편 상태로 돌아오는 춤 동작."
    },
    "굴신환율": {
        "word": "굴신환율",
        "chosung": "ㄱㅅㅎㅇ",
        "type": "명사",
        "mean": "나라끼리 협약하여 상한선과 하한선을 미리 정하고, 그 한도 안에서 신축성 있게 변동할 수 있게 하는 환율."
    },
    "굴실": {
        "word": "굴실",
        "chosung": "ㄱㅅ",
        "type": "명사",
        "mean": "［북한어］ 굴 안에 사람이 거처할 수 있게 만든 공간."
    },
    "굴심": {
        "word": "굴심",
        "chosung": "ㄱㅅ",
        "type": "명사",
        "mean": " 남에게 마음을 굽힘."
    },
    "굴썩": {
        "word": "굴썩",
        "chosung": "ㄱㅆ",
        "type": "명사",
        "mean": "'굴썩하다'의 어근."
    },
    "굴썩굴썩": {
        "word": "굴썩굴썩",
        "chosung": "ㄱㅆㄱㅆ",
        "type": "부사",
        "mean": " 담긴 것마다 그득하지는 아니하나 거의 다 찬 듯한 모양."
    },
    "굴아구리": {
        "word": "굴아구리",
        "chosung": "ㄱㅇㄱㄹ",
        "type": "명사",
        "mean": "［북한어］ 굴속으로 통하는 구멍의 어귀."
    },
    "굴안기둥": {
        "word": "굴안기둥",
        "chosung": "ㄱㅇㄱㄷ",
        "type": "명사",
        "mean": "'갱내 지주'의 북한어."
    },
    "굴안등적공": {
        "word": "굴안등적공",
        "chosung": "ㄱㅇㄷㅈㄱ",
        "type": "명사",
        "mean": "굴 안의 공기를 환기하기 위하여 내는 구멍. 굴 안에 흐르는 공기의 양과 같은 양의 공기가 통과할 수 있는 크기로 뚫는다."
    },
    "굴안물": {
        "word": "굴안물",
        "chosung": "ㄱㅇㅁ",
        "type": "명사",
        "mean": "암석층 속에 있던 지하수가 굴 안에 흘러든 물. 탄광이나 광산을 개발할 때, 지하수가 솟거나 땅속에 물이 흘러 들어가 생긴다."
    },
    "굴안물막이벽": {
        "word": "굴안물막이벽",
        "chosung": "ㄱㅇㅁㅁㅇㅂ",
        "type": "명사",
        "mean": "굴 안에 설치한 방수벽."
    },
    "굴안조명": {
        "word": "굴안조명",
        "chosung": "ㄱㅇㅈㅁ",
        "type": "명사",
        "mean": "'갱내 조명'의 북한어."
    },
    "굴안중계장": {
        "word": "굴안중계장",
        "chosung": "ㄱㅇㅈㄱㅈ",
        "type": "명사",
        "mean": "굴 안에서 수직갱이나 사갱(斜坑)의 갱도와 수평 갱도를 연결하는 곳. 펌프장·인원 대기실·광차 수리장·변전소·저광사 따위가 배치되며, 정거장의 역할도 한다."
    },
    "굴안중력탐사": {
        "word": "굴안중력탐사",
        "chosung": "ㄱㅇㅈㄹㅌㅅ",
        "type": "명사",
        "mean": "광산의 굴 안에서 진행하는 중력 탐사. 숨어 있는 광체(鑛體)를 탐사하여 발견된 광체의 크기를 알아내는 데 쓴다."
    },
    "굴암": {
        "word": "굴암",
        "chosung": "ㄱㅇ",
        "type": "명사",
        "mean": "［방언］ '도토리'의 방언(경기)."
    },
    "굴어구": {
        "word": "굴어구",
        "chosung": "ㄱㅇㄱ",
        "type": "명사",
        "mean": "땅 표면에서 갱도로 통하는 입구. ※ 굴어귀."
    },
    "굴억": {
        "word": "굴억",
        "chosung": "ㄱㅇ",
        "type": "명사",
        "mean": " 억누름."
    },
    "굴에": {
        "word": "굴에",
        "chosung": "ㄱㅇ",
        "type": "명사",
        "mean": "［옛말］ '굴레'의 옛말."
    },
    "굴열성": {
        "word": "굴열성",
        "chosung": "ㄱㅇㅅ",
        "type": "명사",
        "mean": "굴성의 하나. 식물 따위가 열에 대하여 일정한 방향으로 굽는 성질이다."
    },
    "굴왕": {
        "word": "굴왕",
        "chosung": "ㄱㅇ",
        "type": "명사",
        "mean": "1. 휘어져 굽음. 2. 억울한 죄."
    },
    "굴왕신": {
        "word": "굴왕신",
        "chosung": "ㄱㅇㅅ",
        "type": "명사",
        "mean": "무덤을 지키는 귀신. 몸치레를 하지 않아 모습이 매우 남루한 귀신이다."
    },
    "굴왕신같다": {
        "word": "굴왕신같다",
        "chosung": "ㄱㅇㅅㄱㄷ",
        "type": "형용사",
        "mean": " 찌들고 낡아 몹시 더럽고 보기에 흉하다."
    },
    "굴요": {
        "word": "굴요",
        "chosung": "ㄱㅇ",
        "type": "명사",
        "mean": " 마음이나 기개가 굽혀지거나 꺾임."
    },
    "굴욕": {
        "word": "굴욕",
        "chosung": "ㄱㅇ",
        "type": "명사",
        "mean": " 남에게 억눌리어 업신여김을 받음. ≒좌욕(挫辱)."
    },
    "굴욕감": {
        "word": "굴욕감",
        "chosung": "ㄱㅇㄱ",
        "type": "명사",
        "mean": " 굴욕을 당하여 창피한 느낌."
    },
    "굴우물": {
        "word": "굴우물",
        "chosung": "ㄱㅇㅁ",
        "type": "명사",
        "mean": " 아주 깊은 우물."
    },
    "굴웃기둥": {
        "word": "굴웃기둥",
        "chosung": "ㄱㅇㄱㄷ",
        "type": "명사",
        "mean": "갱 안의 광석이나 석탄을 캔 공간을 유지하기 위하여 채굴장의 밑에 있는 운반 갱도 위에 남기는 광석 기둥이나 석탄 기둥. ※ 굴 위 기둥."
    },
    "굴원": {
        "word": "굴원",
        "chosung": "ㄱㅇ",
        "type": "명사",
        "mean": "중국 전국 시대 초나라의 정치가·시인(?B.C.343~?B.C.277). 이름은 평(平), 원(原)은 자. 초사(楚辭)라고 하는 운문 형식을 처음으로 시작하였다. 모함을 입어 자신의 뜻을 펴지 못하다가 마침내 물에 빠져 죽었다. 작품은 모두 울분이 넘쳐 고대 문학에서는 드물게 서정성을 띠고 있다. 작품에 , , 따위가 있다."
    },
    "굴이": {
        "word": "굴이",
        "chosung": "ㄱㅇ",
        "type": "명사",
        "mean": " 무덤을 파서 옮김."
    },
    "굴이극소자": {
        "word": "굴이극소자",
        "chosung": "ㄱㅇㄱㅅㅈ",
        "type": "명사",
        "mean": "'터널 다이오드'의 북한어."
    },
    "굴이극소자증폭기": {
        "word": "굴이극소자증폭기",
        "chosung": "ㄱㅇㄱㅅㅈㅈㅍㄱ",
        "type": "명사",
        "mean": "터널 다이오드의 음성 저항 특성을 이용한 증폭기."
    },
    "굴이극소자회로": {
        "word": "굴이극소자회로",
        "chosung": "ㄱㅇㄱㅅㅈㅎㄹ",
        "type": "명사",
        "mean": "터널 다이오드의 음성 저항 특성을 이용한 회로."
    },
    "굴이납초": {
        "word": "굴이납초",
        "chosung": "ㄱㅇㄴㅊ",
        "type": "명사",
        "mean": " 무덤을 파서 옮긴다는 뜻을 관청에 신고하는 일."
    },
    "굴이다": {
        "word": "굴이다",
        "chosung": "ㄱㅇㄷ",
        "type": "동사",
        "mean": "［옛말］ 방자함을 받다. 저주받다."
    },
    "굴일": {
        "word": "굴일",
        "chosung": "ㄱㅇ",
        "type": "명사",
        "mean": "［북한어］ 탄광이나 광산 따위의 굴 안에서 하는 일을 통틀어 이르는 말."
    },
    "굴일성": {
        "word": "굴일성",
        "chosung": "ㄱㅇㅅ",
        "type": "명사",
        "mean": "=향일성."
    },
    "굴작업복": {
        "word": "굴작업복",
        "chosung": "ㄱㅈㅇㅂ",
        "type": "명사",
        "mean": "'방독의'의 북한어."
    },
    "굴장": {
        "word": "굴장",
        "chosung": "ㄱㅈ",
        "type": "명사",
        "mean": "시체를 매장하는 방법의 하나. 시체의 팔다리를 굽혀 쭈그린 자세로 매장한다. ≒굴신장·굽혀묻기."
    },
    "굴장아찌": {
        "word": "굴장아찌",
        "chosung": "ㄱㅈㅇㅉ",
        "type": "명사",
        "mean": "1. 생굴에 진간장을 붓고 기름과 실고추를 넣어서 살짝 볶은 반찬. 2. 생굴에 소금과 식초를 조금 치고 잘게 썬 배, 밤, 파, 마늘, 생강과 잣을 넣어 잠깐 동안 익힌 반찬."
    },
    "굴쟁이": {
        "word": "굴쟁이",
        "chosung": "ㄱㅈㅇ",
        "type": "명사",
        "mean": "［북한어］ 광산에서 일하는 사람을 낮잡아 이르는 말."
    },
    "굴저냐": {
        "word": "굴저냐",
        "chosung": "ㄱㅈㄴ",
        "type": "명사",
        "mean": " 생굴에 밀가루와 달걀을 씌워 기름에 지진 음식. ≒굴전·석화전유화."
    },
    "굴적": {
        "word": "굴적",
        "chosung": "ㄱㅈ",
        "type": "명사",
        "mean": "1. 굵은 토굴을 기름과 깨소금에 버무렸다가 꼬치에 꿰어 살짝 구워 낸 음식. ≒토화적. 2. '구죽'의 잘못."
    },
    "굴전": {
        "word": "굴전",
        "chosung": "ㄱㅈ",
        "type": "명사",
        "mean": " =굴저냐."
    },
    "굴전성": {
        "word": "굴전성",
        "chosung": "ㄱㅈㅅ",
        "type": "명사",
        "mean": "굴성의 하나. 식물체가 전기의 자극을 받아 음극 또는 양극의 방향으로 굽는 성질이다."
    },
    "굴절": {
        "word": "굴절",
        "chosung": "ㄱㅈ",
        "type": "명사",
        "mean": " 절개나 정조를 굽힘."
    },
    "굴절각": {
        "word": "굴절각",
        "chosung": "ㄱㅈㄱ",
        "type": "명사",
        "mean": "《물리》빛이나 소리가 하나의 매질을 지나 다른 매질로 들어가면서 두 매질의 경계면에서 굴절할 때, 굴절된 파동의 방향과 경계면의 법선이 이루는 각도."
    },
    "굴절계": {
        "word": "굴절계",
        "chosung": "ㄱㅈㄱ",
        "type": "명사",
        "mean": "프리즘을 써서 물질을 지나는 빛의 굴절률을 재는 계기."
    },
    "굴절광선": {
        "word": "굴절광선",
        "chosung": "ㄱㅈㄱㅅ",
        "type": "명사",
        "mean": "하나의 매질을 지나 다른 매질로 들어갈 때, 두 매질의 경계면에서 꺾이어 방향을 바꾸어 나아가는 광선."
    },
    "굴절구": {
        "word": "굴절구",
        "chosung": "ㄱㅈㄱ",
        "type": "명사",
        "mean": "통과하는 빛이 반드시 꺾이도록 주위의 매질과 다른 굴절률을 가진, 투명한 물질로 이루어진 공."
    },
    "굴절도": {
        "word": "굴절도",
        "chosung": "ㄱㅈㄷ",
        "type": "명사",
        "mean": "=굴절률."
    },
    "굴절력": {
        "word": "굴절력",
        "chosung": "ㄱㅈㄹ",
        "type": "명사",
        "mean": "《물리》빛의 방향을 바꾸는 힘."
    },
    "굴절률": {
        "word": "굴절률",
        "chosung": "ㄱㅈㄹ",
        "type": "명사",
        "mean": "빛이나 전자파가 하나의 매질에서 다른 매질로 비추어 들 때, 입사각의 사인(sine)과 굴절각의 사인에 대하여 보이는 비. 이는 두 매질에서 빛 속도의 비와 같다. ≒굴절도."
    },
    "굴절망원경": {
        "word": "굴절망원경",
        "chosung": "ㄱㅈㅁㅇㄱ",
        "type": "명사",
        "mean": "렌즈와 프리즘을 통과하는 빛의 굴절을 이용하는 망원경."
    },
    "굴절면": {
        "word": "굴절면",
        "chosung": "ㄱㅈㅁ",
        "type": "명사",
        "mean": "빛이나 소리가 굴절하는 매질의 면."
    },
    "굴절버스": {
        "word": "굴절버스",
        "chosung": "ㄱㅈㅂㅅ",
        "type": "명사",
        "mean": "승객 수송량을 늘리기 위하여 일반 버스에 비하여 길이를 늘이고 중간 부분이 굴절될 수 있도록 하여 교차로에서의 회전이 용이하게 만든 버스."
    },
    "굴절법": {
        "word": "굴절법",
        "chosung": "ㄱㅈㅂ",
        "type": "명사",
        "mean": "《지리》지진 탐사법의 하나. 화약을 터뜨리거나 큰 망치로 때려서 생긴 탄성파가 지각 내에서 굴절하여 전파되는 속도를 재어 지하의 구조를 조사한다. ≒꺾임법."
    },
    "굴절선": {
        "word": "굴절선",
        "chosung": "ㄱㅈㅅ",
        "type": "명사",
        "mean": "굴절된 빛이 나아가는 길을 이은 선."
    },
    "굴절성": {
        "word": "굴절성",
        "chosung": "ㄱㅈㅅ",
        "type": "명사",
        "mean": "광선이나 음파가 휘어져 꺾이는 성질."
    },
    "굴절성근시": {
        "word": "굴절성근시",
        "chosung": "ㄱㅈㅅㄱㅅ",
        "type": "명사",
        "mean": "각막이나 수정체가 빛을 굴절하는 힘이 강하여 일어나는 근시."
    },
    "굴절성원시": {
        "word": "굴절성원시",
        "chosung": "ㄱㅈㅅㅇㅅ",
        "type": "명사",
        "mean": "각막이나 수정체가 빛을 굴절하는 힘이 약하여 일어나는 원시."
    },
    "굴절손실": {
        "word": "굴절손실",
        "chosung": "ㄱㅈㅅㅅ",
        "type": "명사",
        "mean": "빛이 매질을 지날 때, 매질이 고르지 아니하여 생기는 굴절 때문에 빛의 일부를 잃어버리는 현상."
    },
    "굴절어": {
        "word": "굴절어",
        "chosung": "ㄱㅈㅇ",
        "type": "명사",
        "mean": "형태론적 특징으로 본 언어의 한 유형. 어형과 어미의 변화로써 단어가 문장 속에서 가지는 여러 가지 관계를 나타내는 언어를 이른다. 인도·유럽 어족에 속한 대부분의 언어가 이에 속한다. ≒곡미어·곡절어·굴곡어."
    },
    "굴절염분계": {
        "word": "굴절염분계",
        "chosung": "ㄱㅈㅇㅂㄱ",
        "type": "명사",
        "mean": "광학적 방법으로 바닷물의 염분 농도를 재는 기구. 바닷물 속에서 빛의 굴절률은 온도가 일정한 조건에서는 염분 농도와 관계된다는 데 기초하여 만들었다."
    },
    "굴절운동": {
        "word": "굴절운동",
        "chosung": "ㄱㅈㅇㄷ",
        "type": "명사",
        "mean": "屈折運動 팔다리를 꺾거나 몸을 앞뒤로 휘는 운동."
    },
    "굴절의법칙": {
        "word": "굴절의법칙",
        "chosung": "ㄱㅈㅇㅂㅊ",
        "type": "명사",
        "mean": "방향이 바뀌어도 물리적 성질은 바뀌지 아니하는 빛이나 소리가 두 매질을 지나면서 굴절할 때, 입사각의 사인(sine)과 굴절각의 사인의 비는 일정하다는 법칙. 1626년에 스넬이 발견하였다. ≒스넬의 법칙."
    },
    "굴절이상": {
        "word": "굴절이상",
        "chosung": "ㄱㅈㅇㅅ",
        "type": "명사",
        "mean": "눈의 조절 작용이 잘되지 아니하여 멀리서 오는 평행 광선이 망막 위에 상(像)을 맺지 못하는 증상. 이로 인하여 근시나 원시, 난시 따위의 시력 장애가 생긴다."
    },
    "굴절저항": {
        "word": "굴절저항",
        "chosung": "ㄱㅈㅈㅎ",
        "type": "명사",
        "mean": "식물체가 외부의 힘에 의하여 꺾이어 굽어 들려고 할 때 이에 저항하는 본성."
    },
    "굴절접사": {
        "word": "굴절접사",
        "chosung": "ㄱㅈㅈㅅ",
        "type": "명사",
        "mean": "=굴곡 어미."
    },
    "굴절파": {
        "word": "굴절파",
        "chosung": "ㄱㅈㅍ",
        "type": "명사",
        "mean": "한 매질에서 다른 매질로 들어가는 빛이나 소리의 파. ≒꺾임결."
    },
    "굴절파법": {
        "word": "굴절파법",
        "chosung": "ㄱㅈㅍㅂ",
        "type": "명사",
        "mean": "'굴절법'의 북한어."
    },
    "굴절학": {
        "word": "굴절학",
        "chosung": "ㄱㅈㅎ",
        "type": "명사",
        "mean": "《물리》굴절에 관련된 모든 현상이나 원리를 다루는 학문."
    },
    "굴접시거미": {
        "word": "굴접시거미",
        "chosung": "ㄱㅈㅅㄱㅁ",
        "type": "명사",
        "mean": "접시거밋과의 하나. 암컷의 길이는 2.2mm 정도이며 거의 누런 갈색이다. 동굴 속 습한 곳에 그물을 치는데 우리나라 영월의 고씨 동굴에 분포한다. (Lapthyphantes cavarnicola)"
    },
    "굴젓": {
        "word": "굴젓",
        "chosung": "ㄱㅈ",
        "type": "명사",
        "mean": "1. 생굴로 담근 젓. ≒석화해. 2. 누렇고 된 코를 속되게 이르는 말."
    },
    "굴젓눈이": {
        "word": "굴젓눈이",
        "chosung": "ㄱㅈㄴㅇ",
        "type": "명사",
        "mean": " 한쪽 눈에 백태가 끼어 볼 수 없는 사람을 놀림조로 이르는 말."
    },
    "굴젖": {
        "word": "굴젖",
        "chosung": "ㄱㅈ",
        "type": "명사",
        "mean": "'종유석'의 북한어."
    },
    "굴족강": {
        "word": "굴족강",
        "chosung": "ㄱㅈㄱ",
        "type": "명사",
        "mean": "연체동물의 한 강. 몸은 원통 모양의 껍데기 속에 들어 있다. 머리가 퇴화하였고 아가미가 없이 외투막으로 호흡한다. 전 세계에 500여 종이 알려져 있다. (Scaphopoda)"
    },
    "굴종": {
        "word": "굴종",
        "chosung": "ㄱㅈ",
        "type": "명사",
        "mean": " 제 뜻을 굽혀 남에게 복종함."
    },
    "굴죽": {
        "word": "굴죽",
        "chosung": "ㄱㅈ",
        "type": "명사",
        "mean": " 쌀에 생굴을 넣고 쑨 죽. ≒석화죽."
    },
    "굴지": {
        "word": "굴지",
        "chosung": "ㄱㅈ",
        "type": "명사",
        "mean": "=구자(龜玆)."
    },
    "굴지계수": {
        "word": "굴지계수",
        "chosung": "ㄱㅈㄱㅅ",
        "type": "명사",
        "mean": " =손가락셈."
    },
    "굴지계일": {
        "word": "굴지계일",
        "chosung": "ㄱㅈㄱㅇ",
        "type": "명사",
        "mean": " 손가락을 꼽아 가며 예정된 날을 기다림."
    },
    "굴지고대": {
        "word": "굴지고대",
        "chosung": "ㄱㅈㄱㄷ",
        "type": "명사",
        "mean": "［북한어］ '굴지계일'의 북한어."
    },
    "굴지근": {
        "word": "굴지근",
        "chosung": "ㄱㅈㄱ",
        "type": "명사",
        "mean": "아래팔의 안쪽에 있는 근육. 손가락을 오므렸다 폈다 하게 한다."
    },
    "굴지다": {
        "word": "굴지다",
        "chosung": "ㄱㅈㄷ",
        "type": "저",
        "mean": "), -지니〕［형용사］『 …이』 마음이 느긋하고 만족스럽다."
    },
    "굴지득금": {
        "word": "굴지득금",
        "chosung": "ㄱㅈㄷㄱ",
        "type": "명사",
        "mean": " 땅을 파다가 금을 얻는다는 뜻으로, 뜻밖에 재물을 얻음을 이르는 말."
    },
    "굴지성": {
        "word": "굴지성",
        "chosung": "ㄱㅈㅅ",
        "type": "명사",
        "mean": "굴성의 하나. 식물체가 중력의 작용에 의하여 일정한 방향으로 굽는 성질이다. 양(陽)의 굴지성을 향지성, 음(陰)의 굴지성을 배지성이라고 한다."
    },
    "굴진": {
        "word": "굴진",
        "chosung": "ㄱㅈ",
        "type": "명사",
        "mean": " 굴 모양을 이루면서 땅을 파 들어감."
    },
    "굴진공": {
        "word": "굴진공",
        "chosung": "ㄱㅈㄱ",
        "type": "명사",
        "mean": "탄광이나 광산에서, 굴을 뚫는 작업을 하는 사람."
    },
    "굴진공법": {
        "word": "굴진공법",
        "chosung": "ㄱㅈㄱㅂ",
        "type": "명사",
        "mean": "굴을 뚫는 공학적 방법의 하나. 천공 발파에 의한 방법, 굴진기를 이용하는 방법, 특수 방법 따위가 있다."
    },
    "굴진기": {
        "word": "굴진기",
        "chosung": "ㄱㅈㄱ",
        "type": "명사",
        "mean": "땅을 파 들어가는 데 쓰는 기계."
    },
    "굴진막장": {
        "word": "굴진막장",
        "chosung": "ㄱㅈㅁㅈ",
        "type": "명사",
        "mean": "갱도를 파 들어가는 쪽의 면. 여기에서는 굴을 뚫는 작업, 광석·석탄·버력을 실어 나르는 일 따위가 이루어진다."
    },
    "굴진막장동발": {
        "word": "굴진막장동발",
        "chosung": "ㄱㅈㅁㅈㄷㅂ",
        "type": "명사",
        "mean": "갱도를 뚫어 나가는 속도를 높이고 안전성을 높이기 위하여 신속하게 설치하는 기계화된 동발."
    },
    "굴진주기": {
        "word": "굴진주기",
        "chosung": "ㄱㅈㅈㄱ",
        "type": "명사",
        "mean": "폭파에 의하여 갱을 뚫을 때, 주기적으로 되풀이되는 공정의 처음부터 마칠 때까지의 기간."
    },
    "굴진탐사": {
        "word": "굴진탐사",
        "chosung": "ㄱㅈㅌㅅ",
        "type": "명사",
        "mean": "［북한어］ 굴을 뚫어 행하는 탐사."
    },
    "굴집": {
        "word": "굴집",
        "chosung": "ㄱㅈ",
        "type": "명사",
        "mean": " 굴처럼 파서 만든 집."
    },
    "굴짱": {
        "word": "굴짱",
        "chosung": "ㄱㅉ",
        "type": "명사",
        "mean": "［방언］ '굴뚝목'의 방언(평북)."
    },
    "굴쩍": {
        "word": "굴쩍",
        "chosung": "ㄱㅉ",
        "type": "명사",
        "mean": "［북한어］ 굴을 딸 때 까 낸 살에 섞여 든 굴 껍데기."
    },
    "굴쪼": {
        "word": "굴쪼",
        "chosung": "ㄱㅉ",
        "type": "명사",
        "mean": " 소경들의 은어로, '저고리'를 이르는 말."
    },
    "굴착": {
        "word": "굴착",
        "chosung": "ㄱㅊ",
        "type": "명사",
        "mean": " 땅이나 암석 따위를 파고 뚫음. '땅파기'로 순화."
    },
    "굴착기": {
        "word": "굴착기",
        "chosung": "ㄱㅊㄱ",
        "type": "명사",
        "mean": " 땅이나 암석 따위를 파거나 파낸 것을 처리하는 기계를 통틀어 이르는 말."
    },
    "굴착기부선": {
        "word": "굴착기부선",
        "chosung": "ㄱㅊㄱㅂㅅ",
        "type": "명사",
        "mean": "굴착기를 탑재한 준설선."
    },
    "굴착량": {
        "word": "굴착량",
        "chosung": "ㄱㅊㄹ",
        "type": "명사",
        "mean": " 굴착해 내는 양."
    },
    "굴착삽": {
        "word": "굴착삽",
        "chosung": "ㄱㅊㅅ",
        "type": "명사",
        "mean": " 굴착기에서 땅을 파는 부분."
    },
    "굴착선": {
        "word": "굴착선",
        "chosung": "ㄱㅊㅅ",
        "type": "명사",
        "mean": " 강이나 바다 위에 띄워 놓고 밑의 모래나 자갈을 파내는 배."
    },
    "굴참나무": {
        "word": "굴참나무",
        "chosung": "ㄱㅊㄴㅁ",
        "type": "명사",
        "mean": "참나뭇과의 낙엽 활엽 교목. 높이는 25미터 정도이며 잎은 어긋나고 타원형이다. 5월에 누런 갈색의 잔꽃이 피고 타원형의 열매는 견과(堅果)로 10월에 익는다. 열매는 식용하며 나무껍질은 코르크의 원료로 쓴다. 산기슭이나 산 중턱의 따스한 곳에서 자라는데 한국, 만주, 일본, 대만 등지에 분포한다. (Quercus variabilis)"
    },
    "굴창성": {
        "word": "굴창성",
        "chosung": "ㄱㅊㅅ",
        "type": "명사",
        "mean": "=굴상성."
    },
    "굴채": {
        "word": "굴채",
        "chosung": "ㄱㅊ",
        "type": "명사",
        "mean": " =채굴."
    },
    "굴척스럽다": {
        "word": "굴척스럽다",
        "chosung": "ㄱㅊㅅㄹㄷ",
        "type": "형용사",
        "mean": "1. '괴팍스럽다'의 잘못. 2. '궁벽하다'의 잘못."
    },
    "굴천장": {
        "word": "굴천장",
        "chosung": "ㄱㅊㅈ",
        "type": "명사",
        "mean": "반 원통 모양의 굴 같은 천장. ≒터널식 천장."
    },
    "굴촉성": {
        "word": "굴촉성",
        "chosung": "ㄱㅊㅅ",
        "type": "명사",
        "mean": "굴성의 하나. 식물체가 다른 물건에 닿았을 때 그 방향으로 굽는 성질이다. 오이, 호박 따위의 덩굴손에서 볼 수 있다. ≒향촉성."
    },
    "굴총": {
        "word": "굴총",
        "chosung": "ㄱㅊ",
        "type": "명사",
        "mean": " 무덤을 파냄. 특히 남의 무덤을 불법적으로 파내는 일을 이른다. ≒발총(發塚)."
    },
    "굴추상": {
        "word": "굴추상",
        "chosung": "ㄱㅊㅅ",
        "type": "명사",
        "mean": "바벨이나 무거운 아령을 한쪽 어깨 위에 가져다가 그쪽 손으로 쥐고, 몸을 빈손 쪽으로 기울여 한 팔로 머리 위로 높이 드는 운동."
    },
    "굴축나다": {
        "word": "굴축나다",
        "chosung": "ㄱㅊㄴㄷ",
        "type": "동사",
        "mean": " 몹시 줄어들다."
    },
    "굴출": {
        "word": "굴출",
        "chosung": "ㄱㅊ",
        "type": "명사",
        "mean": " 불끈 솟아 나옴."
    },
    "굴취": {
        "word": "굴취",
        "chosung": "ㄱㅊ",
        "type": "명사",
        "mean": " 지조와 절개를 굽혀서 다른 사람을 따름."
    },
    "굴취기": {
        "word": "굴취기",
        "chosung": "ㄱㅊㄱ",
        "type": "명사",
        "mean": "1. 고구마, 감자, 땅콩 따위의 뿌리 작물을 캐는 데 쓰는 기계. 2. ［북한어］ 묘목을 뽑는 데 쓰는 기계."
    },
    "굴치": {
        "word": "굴치",
        "chosung": "ㄱㅊ",
        "type": "명사",
        "mean": "바닷지렁이의 하나. 아가미의 밑 부분은 둥글고 그것을 둘러싸는 막의 등 쪽과 배 쪽에는 홈이 있다. 가슴 부위의 배 쪽에는 S자 모양과 호미 모양의 빳빳한 털이 있다."
    },
    "굴치다": {
        "word": "굴치다",
        "chosung": "ㄱㅊㄷ",
        "type": "동사",
        "mean": " 도공(陶工)들의 은어로, 굴뚝을 막다."
    },
    "굴침스럽다": {
        "word": "굴침스럽다",
        "chosung": "ㄱㅊㅅㄹㄷ",
        "type": "형용사",
        "mean": " 어떤 일을 억지로 하려고 애쓰는 듯하다."
    },
    "굴칩": {
        "word": "굴칩",
        "chosung": "ㄱㅊ",
        "type": "명사",
        "mean": " 때를 만나지 못하여 이름을 세상에 드러내지 못하고 집에 틀어박혀 있음."
    },
    "굴타리먹다": {
        "word": "굴타리먹다",
        "chosung": "ㄱㅌㄹㅁㄷ",
        "type": "동사",
        "mean": " 참외, 호박, 수박 따위가 땅에 닿아 썩은 부분을 벌레가 파먹다."
    },
    "굴탈이": {
        "word": "굴탈이",
        "chosung": "ㄱㅌㅇ",
        "type": "명사",
        "mean": "［옛말］ 자두의 하나."
    },
    "굴터분": {
        "word": "굴터분",
        "chosung": "ㄱㅌㅂ",
        "type": "명사",
        "mean": "'굴터분하다'의 어근."
    },
    "굴텁텁": {
        "word": "굴텁텁",
        "chosung": "ㄱㅌㅌ",
        "type": "명사",
        "mean": "'굴텁텁하다'의 어근."
    },
    "굴토": {
        "word": "굴토",
        "chosung": "ㄱㅌ",
        "type": "명사",
        "mean": " 땅을 팜."
    },
    "굴토끼": {
        "word": "굴토끼",
        "chosung": "ㄱㅌㄲ",
        "type": "명사",
        "mean": "토낏과의 하나. 몸의 길이는 40cm, 꼬리의 길이는 5cm 정도이며 등 쪽은 잿빛을 띤 장미색이고 몸 아랫면은 희끗희끗하다. 가축화된 집토끼의 원종이며 여러 개의 땅굴을 파고 사는데 야생종은 유럽에 분포한다. (Oryctolagus cuniculus)"
    },
    "굴통": {
        "word": "굴통",
        "chosung": "ㄱㅌ",
        "type": "명사",
        "mean": "1. 수레바퀴의 한가운데 굴대를 끼우는 부분. 구멍 안에는 쇠고리를 대었고 그 둘레에는 바퀴살을 꽂을 홈이 패어 있다. ≒굴대통. 2. ［북한어］ '굴뚝'의 북한어."
    },
    "굴통밤나비": {
        "word": "굴통밤나비",
        "chosung": "ㄱㅌㅂㄴㅂ",
        "type": "명사",
        "mean": "감굴통밤나방과의 해충. 몸의 길이는 수컷은 9mm, 암컷은 1.1~1.2cm이며 누런 흰색이다. 수컷은 날개가 있고 암컷은 날개가 없다. 과일나무의 잎을 해친다."
    },
    "굴퉁이": {
        "word": "굴퉁이",
        "chosung": "ㄱㅌㅇ",
        "type": "명사",
        "mean": "1. 겉모양은 그럴듯하나 속은 보잘것없는 물건이나 사람. 2. 씨가 여물지 아니한 늙은 호박."
    },
    "굴튀기": {
        "word": "굴튀기",
        "chosung": "ㄱㅌㄱ",
        "type": "명사",
        "mean": "［북한어］ '굴튀김'의 북한어."
    },
    "굴튀김": {
        "word": "굴튀김",
        "chosung": "ㄱㅌㄱ",
        "type": "명사",
        "mean": " 생굴에 밀가루와 달걀을 씌워서 기름에 튀긴 음식."
    },
    "굴파리": {
        "word": "굴파리",
        "chosung": "ㄱㅍㄹ",
        "type": "명사",
        "mean": "굴파릿과에 속하는 곤충을 통틀어 이르는 말. 몸이 매우 작으며 검은빛 또는 누런빛을 띤다. 벼굴파리, 보리굴파리, 완두굴파리 따위가 있다."
    },
    "굴포": {
        "word": "굴포",
        "chosung": "ㄱㅍ",
        "type": "명사",
        "mean": "［북한어］1. 민물이 들어왔다가 빠져나가지 못하고 괴어 있는 웅덩이. 2. 논밭에 물을 대기 위하여 만든 보조 수원 시설. 댈 물량이 적은 곳이나 기본 수원(水源)의 물이 미치지 않는 지대에 일정한 규격의 크기로 웅덩이를 파서 만든다."
    },
    "굴포리": {
        "word": "굴포리",
        "chosung": "ㄱㅍㄹ",
        "type": "명사",
        "mean": "함경북도 웅기에 있는 구석기 시대의 유적지. 1963년에 3만 년 전의 유물인 붉은간토기, 방추차와 함께 다수의 타제 석기 및 석기 제작지가 발견되었다."
    },
    "굴포문화": {
        "word": "굴포문화",
        "chosung": "ㄱㅍㅁㅎ",
        "type": "명사",
        "mean": "1962년에 함경북도 선봉군 굴포리에서 처음 발견된 구석기 시대의 문화. 찍개와 밀개 따위가 나왔다."
    },
    "굴피": {
        "word": "굴피",
        "chosung": "ㄱㅍ",
        "type": "명사",
        "mean": "1. 돈이 마른 빈 돈주머니. 2. 참나무의 두꺼운 껍질."
    },
    "굴피나무": {
        "word": "굴피나무",
        "chosung": "ㄱㅍㄴㅁ",
        "type": "명사",
        "mean": "가래나뭇과의 낙엽 활엽 소교목. 높이는 10미터 정도이며, 잎은 어긋나고 깃모양 겹잎이다. 초여름에 많은 잔꽃이 수상(穗狀) 꽃차례로 가지 끝에 피고 둥근 열매는 가을에 익는다. 열매는 누런색을 내는 물감으로 쓰고 나무는 성냥개비를 만든다. 뿌리는 약용하고 나무껍질은 어망의 물감이나 포어용(捕魚用)으로 쓴다. 산기슭이나 산 중턱의 따뜻한 곳에 자라는데 한국, 일본, 중국 등지에 분포한다. ≒구제비나무·구종나무. (Platycarya strobilacea)"
    },
    "굴한성": {
        "word": "굴한성",
        "chosung": "ㄱㅎㅅ",
        "type": "명사",
        "mean": "굴성의 하나. 식물체의 일부가 온도가 낮은 곳을 향하여 굽는 성질이다."
    },
    "굴해": {
        "word": "굴해",
        "chosung": "ㄱㅎ",
        "type": "명사",
        "mean": " 무덤의 가를 돌아가며 고랑을 깊이 팜. 무덤 임자에게 빨리 파 가라는 뜻으로 하는 풍습이다."
    },
    "굴헝": {
        "word": "굴헝",
        "chosung": "ㄱㅎ",
        "type": "명사",
        "mean": "［옛말］1. '구렁'의 옛말."
    },
    "굴혈": {
        "word": "굴혈",
        "chosung": "ㄱㅎ",
        "type": "명사",
        "mean": "1. 바위나 땅 따위에 깊숙하게 팬 굴."
    },
    "굴형": {
        "word": "굴형",
        "chosung": "ㄱㅎ",
        "type": "명사",
        "mean": " 굴처럼 생긴 모양."
    },
    "굴호": {
        "word": "굴호",
        "chosung": "ㄱㅎ",
        "type": "명사",
        "mean": "［북한어］ 참호 따위를 파는 일."
    },
    "굴화성": {
        "word": "굴화성",
        "chosung": "ㄱㅎㅅ",
        "type": "명사",
        "mean": "굴성의 하나. 식물체가 화학 물질에 대하여 일정한 방향으로 굽는 성질이다. 뿌리, 화분관, 균사 따위가 당류나 단백질의 농도에 따라 농도가 높은 쪽 또는 낮은 쪽으로 굽는다."
    },
    "굴회": {
        "word": "굴회",
        "chosung": "ㄱㅎ",
        "type": "명사",
        "mean": " 생굴을 초장이나 초고추장에 찍어 먹도록 만든 음식. ≒석화회."
    },
    "굴효과": {
        "word": "굴효과",
        "chosung": "ㄱㅎㄱ",
        "type": "명사",
        "mean": "'터널 효과'의 북한어."
    },
    "굴흐네": {
        "word": "굴흐네",
        "chosung": "ㄱㅎㄴ",
        "type": "명사",
        "mean": "［방언］ '고무래'의 방언(제주)."
    }
}