{
    "굻다": {
        "word": "굻다",
        "chosung": "ㄱㄷ",
        "type": "동사",
        "mean": "［방언］ '줄어들다'의 방언(전남)."
    },
    "굻리다": {
        "word": "굻리다",
        "chosung": "ㄱㄹㄷ",
        "type": "동사",
        "mean": "『 …을』 1. '굻다01 의 사동사."
    },
    "굻어지다": {
        "word": "굻어지다",
        "chosung": "ㄱㅇㅈㄷ",
        "type": "저",
        "mean": "), -지니〕［동사］1. 담긴 것이 그릇에 그득 차지 아니하고 조금 비어 있게 되다."
    }
}