{
    "굽": {
        "word": "굽",
        "chosung": "ㄱ",
        "type": "명사",
        "mean": "1. 말, 소, 양 따위 짐승의 발 끝에 있는 두껍고 단단한 발톱."
    },
    "굽가락지": {
        "word": "굽가락지",
        "chosung": "ㄱㄱㄹㅈ",
        "type": "명사",
        "mean": "기둥머리를 둘러 감는, 꺾이거나 층이 진 쇠테. ≒굴곡 가락지."
    },
    "굽갈래": {
        "word": "굽갈래",
        "chosung": "ㄱㄱㄹ",
        "type": "명사",
        "mean": " 굽의 갈라진 곳."
    },
    "굽갈리장수": {
        "word": "굽갈리장수",
        "chosung": "ㄱㄱㄹㅈㅅ",
        "type": "명사",
        "mean": " 예전에, 나막신의 굽을 갈아 대는 일을 직업으로 하던 사람."
    },
    "굽갈이": {
        "word": "굽갈이",
        "chosung": "ㄱㄱㅇ",
        "type": "명사",
        "mean": " 구두 따위의 닳은 굽을 새것으로 갈아 대는 일."
    },
    "굽격지": {
        "word": "굽격지",
        "chosung": "ㄱㄱㅈ",
        "type": "명사",
        "mean": "［옛말］ 굽이 있는 나막신."
    },
    "굽구뤼다": {
        "word": "굽구뤼다",
        "chosung": "ㄱㄱㄹㄷ",
        "type": "동사",
        "mean": "［옛말］ '구부러지다'의 옛말."
    },
    "굽구멍": {
        "word": "굽구멍",
        "chosung": "ㄱㄱㅁ",
        "type": "명사",
        "mean": "토기 굽에 뚫린 구멍. ≒투공·투창(透窓)."
    },
    "굽깎기": {
        "word": "굽깎기",
        "chosung": "ㄱㄲㄱ",
        "type": "명사",
        "mean": " 가축의 굽을 일정 기간마다 깎는 일. 다리 모양이 나빠지는 것을 방지하기 위하여 주로 말이나 소의 굽을 깎는다. ≒삭제(削蹄)."
    },
    "굽닐다": {
        "word": "굽닐다",
        "chosung": "ㄱㄴㄷ",
        "type": "동사",
        "mean": "［옛말］ '굼닐다'의 옛말."
    },
    "굽다": {
        "word": "굽다",
        "chosung": "ㄱㄷ",
        "type": "동사",
        "mean": " 한쪽으로 휘다."
    },
    "굽다리": {
        "word": "굽다리",
        "chosung": "ㄱㄷㄹ",
        "type": "명사",
        "mean": " 그릇에 달린 높다란 굽."
    },
    "굽다리모양꼭지": {
        "word": "굽다리모양꼭지",
        "chosung": "ㄱㄷㄹㅁㅇㄲㅈ",
        "type": "명사",
        "mean": "토기 뚜껑에 달린, 굽다리처럼 생긴 손잡이."
    },
    "굽다리바리": {
        "word": "굽다리바리",
        "chosung": "ㄱㄷㄹㅂㄹ",
        "type": "명사",
        "mean": "굽다리가 달린 바리 모양의 토기. 주로 삼국 시대 토기에서 볼 수 있다. ≒유대발."
    },
    "굽다리접시": {
        "word": "굽다리접시",
        "chosung": "ㄱㄷㄹㅈㅅ",
        "type": "명사",
        "mean": "접시에 높은 굽을 붙인, 고대 식기의 하나. 동남아시아에서는 이른 시기부터 사용되었으며, 우리나라에서는 김해·경주 등지에서 많이 발굴된다. ≒고배(高杯)·굽잔(-盞)·굽지."
    },
    "굽다리합": {
        "word": "굽다리합",
        "chosung": "ㄱㄷㄹㅎ",
        "type": "명사",
        "mean": "《고적》굽다리가 달린 합."
    },
    "굽단지": {
        "word": "굽단지",
        "chosung": "ㄱㄷㅈ",
        "type": "명사",
        "mean": "［북한어］ 굽이 달린 단지."
    },
    "굽달이": {
        "word": "굽달이",
        "chosung": "ㄱㄷㅇ",
        "type": "명사",
        "mean": " 굽이 달린 접시."
    },
    "굽대접": {
        "word": "굽대접",
        "chosung": "ㄱㄷㅈ",
        "type": "명사",
        "mean": "《건설》기둥머리를 장식하기 위하여 그 위에 얹은 굽이 달린 나무 받침."
    },
    "굽도리": {
        "word": "굽도리",
        "chosung": "ㄱㄷㄹ",
        "type": "명사",
        "mean": "1. 방 안 벽의 밑 부분."
    },
    "굽도리종이": {
        "word": "굽도리종이",
        "chosung": "ㄱㄷㄹㅈㅇ",
        "type": "명사",
        "mean": "［북한어］ '굽도리지'의 북한어."
    },
    "굽도리지": {
        "word": "굽도리지",
        "chosung": "ㄱㄷㄹㅈ",
        "type": "명사",
        "mean": " 방 안 벽의 아랫도리에 바르는 종이. ≒굽도리 ·굽지(-紙) ."
    },
    "굽도지": {
        "word": "굽도지",
        "chosung": "ㄱㄷㅈ",
        "type": "명사",
        "mean": " '굽도리'의 잘못."
    },
    "굽동": {
        "word": "굽동",
        "chosung": "ㄱㄷ",
        "type": "명사",
        "mean": "［방언］ '밑동'의 방언(제주)."
    },
    "굽두더지": {
        "word": "굽두더지",
        "chosung": "ㄱㄷㄷㅈ",
        "type": "명사",
        "mean": "［방언］ '땅강아지'의 방언(강원)."
    },
    "굽뒤축": {
        "word": "굽뒤축",
        "chosung": "ㄱㄷㅊ",
        "type": "명사",
        "mean": " 말, 소 따위의 굽의 뒤축."
    },
    "굽뚜레": {
        "word": "굽뚜레",
        "chosung": "ㄱㄸㄹ",
        "type": "명사",
        "mean": " '쇠코뚜레'의 잘못."
    },
    "굽밑테": {
        "word": "굽밑테",
        "chosung": "ㄱㅁㅌ",
        "type": "명사",
        "mean": "그릇 굽의 밑 테두리. ≒기연(基緣)."
    },
    "굽바닥": {
        "word": "굽바닥",
        "chosung": "ㄱㅂㄷ",
        "type": "명사",
        "mean": "1. 굽의 밑바닥. 2. 말, 소 따위의 발뒤축의 단단한 살."
    },
    "굽바자": {
        "word": "굽바자",
        "chosung": "ㄱㅂㅈ",
        "type": "명사",
        "mean": " 작은 나뭇가지로 엮어 만든 얕은 울타리."
    },
    "굽바탕": {
        "word": "굽바탕",
        "chosung": "ㄱㅂㅌ",
        "type": "명사",
        "mean": " 굽의 질기고 단단한 본바탕."
    },
    "굽배성에": {
        "word": "굽배성에",
        "chosung": "ㄱㅂㅅㅇ",
        "type": "명사",
        "mean": "쟁기 부분의 하나. 구멍 언저리가 불룩 솟고 그냥 끝까지 숙어 나간 성에를 이른다."
    },
    "굽벅": {
        "word": "굽벅",
        "chosung": "ㄱㅂ",
        "type": "부사",
        "mean": "［북한어］ 머리나 허리를 깊숙이 구부리는 모양."
    },
    "굽벅굽벅": {
        "word": "굽벅굽벅",
        "chosung": "ㄱㅂㄱㅂ",
        "type": "부사",
        "mean": "［북한어］ 머리나 허리를 깊숙이 자꾸 구부리는 모양."
    },
    "굽벽": {
        "word": "굽벽",
        "chosung": "ㄱㅂ",
        "type": "명사",
        "mean": " 말이나 소 따위의 굽의 단단하고 조금 편평한 벽면(壁面)."
    },
    "굽병": {
        "word": "굽병",
        "chosung": "ㄱㅂ",
        "type": "명사",
        "mean": "굽이 달린 병. 삼국 시대와 통일 신라 시대의 토기에서 볼 수 있다."
    },
    "굽새": {
        "word": "굽새",
        "chosung": "ㄱㅅ",
        "type": "명사",
        "mean": " 말이나 소 따위의 굽의 갈라진 사이."
    },
    "굽석": {
        "word": "굽석",
        "chosung": "ㄱㅅ",
        "type": "부사",
        "mean": "［북한어］ 몸을 크게 한 번 푹 숙였다 드는 모양."
    },
    "굽석굽석": {
        "word": "굽석굽석",
        "chosung": "ㄱㅅㄱㅅ",
        "type": "부사",
        "mean": "［북한어］1. 몸을 자꾸 크게 숙였다 드는 모양. 2. 남의 비위에 맞추어 비굴하게 행동하는 모양."
    },
    "굽선자리표": {
        "word": "굽선자리표",
        "chosung": "ㄱㅅㅈㄹㅍ",
        "type": "명사",
        "mean": "=곡선 좌표(曲線座標)."
    },
    "굽성": {
        "word": "굽성",
        "chosung": "ㄱㅅ",
        "type": "명사",
        "mean": "=굴성."
    },
    "굽소로": {
        "word": "굽소로",
        "chosung": "ㄱㅅㄹ",
        "type": "명사",
        "mean": "굽이 달린 소로."
    },
    "굽슬": {
        "word": "굽슬",
        "chosung": "ㄱㅅ",
        "type": "부사",
        "mean": " '굽실'의 잘못."
    },
    "굽슬굽슬": {
        "word": "굽슬굽슬",
        "chosung": "ㄱㅅㄱㅅ",
        "type": "부사",
        "mean": " '굽실굽실'의 잘못."
    },
    "굽슬다": {
        "word": "굽슬다",
        "chosung": "ㄱㅅㄷ",
        "type": "동사",
        "mean": "［옛말］ '엎드리다'의 옛말."
    },
    "굽신거리다": {
        "word": "굽신거리다",
        "chosung": "ㄱㅅㄱㄹㄷ",
        "type": "동사",
        "mean": "1. '굽실거리다'의 잘못. 2. ［북한어］ 머리나 허리를 자꾸 구푸렸다 펴다. ≒굽신대다 . 3. ［북한어］ 남의 비위에 맞추어 꽤 비굴하게 행동하다. ≒굽신대다 ."
    },
    "굽신굽신": {
        "word": "굽신굽신",
        "chosung": "ㄱㅅㄱㅅ",
        "type": "부사",
        "mean": "1. '굽실굽실'의 잘못. 2. ［북한어］ 머리나 허리를 자꾸 구푸렸다 펴는 모양. 3. ［북한어］ 남의 비위에 맞추어 꽤 비굴하게 행동하는 모양."
    },
    "굽신대다": {
        "word": "굽신대다",
        "chosung": "ㄱㅅㄷㄷ",
        "type": "동사",
        "mean": "［북한어］1. =굽신거리다 . 2. =굽신거리다 ."
    },
    "굽실": {
        "word": "굽실",
        "chosung": "ㄱㅅ",
        "type": "부사",
        "mean": "1. 고개나 허리를 가볍게 구푸렸다 펴는 모양."
    },
    "굽실굽실": {
        "word": "굽실굽실",
        "chosung": "ㄱㅅㄱㅅ",
        "type": "부사",
        "mean": "［북한어］ 털이나 실 따위가 구불구불 좀 크게 말려 있는 모양."
    },
    "굽실하다": {
        "word": "굽실하다",
        "chosung": "ㄱㅅㅎㄷ",
        "type": "형용사",
        "mean": "［북한어］ 털이나 실 따위가 약간 크게 말려 있다."
    },
    "굽싸그쟁이": {
        "word": "굽싸그쟁이",
        "chosung": "ㄱㅆㄱㅈㅇ",
        "type": "명사",
        "mean": "싸그쟁이의 하나. 껍데기는 달걀 모양이고, 뒤의 배 부위가 매우 길다. 등에 작은 가시가 있는 것이 가장 큰 특징이다. 북반구에 분포되어 있으나 그 수는 적다."
    },
    "굽싸다": {
        "word": "굽싸다",
        "chosung": "ㄱㅆㄷ",
        "type": "동사",
        "mean": "『 …을』 짐승의 네 발을 모아 얽어매다."
    },
    "굽싹굽싹": {
        "word": "굽싹굽싹",
        "chosung": "ㄱㅆㄱㅆ",
        "type": "부사",
        "mean": "［방언］ '꾸벅꾸벅'의 방언(제주)."
    },
    "굽아": {
        "word": "굽아",
        "chosung": "ㄱㅇ",
        "type": "감탄사",
        "mean": " 소에게 굽을 들라는 뜻으로 내는 소리."
    },
    "굽어들다": {
        "word": "굽어들다",
        "chosung": "ㄱㅇㄷㄷ",
        "type": "동사",
        "mean": "［북한어］1. 안쪽으로 휘어들다. 2. 의지나 주장 따위를 꺾고 남에게 숙이다."
    },
    "굽어보다": {
        "word": "굽어보다",
        "chosung": "ㄱㅇㅂㄷ",
        "type": "동사",
        "mean": "『 …을』 1. 높은 위치에서 고개나 허리를 굽혀 아래를 내려다보다."
    },
    "굽어보이다": {
        "word": "굽어보이다",
        "chosung": "ㄱㅇㅂㅇㄷ",
        "type": "동사",
        "mean": " '굽어보다'의 피동사."
    },
    "굽어본그림": {
        "word": "굽어본그림",
        "chosung": "ㄱㅇㅂㄱㄹ",
        "type": "명사",
        "mean": "［북한어］ '조감도'의 북한어."
    },
    "굽은균": {
        "word": "굽은균",
        "chosung": "ㄱㅇㄱ",
        "type": "명사",
        "mean": "구부러진 세포로 된 균."
    },
    "굽은꼬리가오리말": {
        "word": "굽은꼬리가오리말",
        "chosung": "ㄱㅇㄲㄹㄱㅇㄹㅁ",
        "type": "명사",
        "mean": "푸른벌레말과의 단세포 조류(藻類). 몸은 녹색을 띠고, 달걀 모양이며 뒷부분이 약간 넓어지면서 도드라졌다. 몸의 앞부분에는 긴 편모가 있으며 등에는 세로 홈이 있다. 민물에서 산다."
    },
    "굽은꼬리이끼": {
        "word": "굽은꼬리이끼",
        "chosung": "ㄱㅇㄲㄹㅇㄲ",
        "type": "명사",
        "mean": "꼬리이낏과의 하나. 잎은 버들잎 모양이고 한쪽으로 기울어졌으며, 잎의 가운데에는 얇은 판이 있다. 산림 속에서 모여 자란다."
    },
    "굽은끝흔들말": {
        "word": "굽은끝흔들말",
        "chosung": "ㄱㅇㄲㅎㄷㅁ",
        "type": "명사",
        "mean": "흔들말과의 조류(藻類). 몸은 짧은 세포들이 이어진 외세포실로 곧고 끝 부분이 약간 가늘다. 민물에서 산다."
    },
    "굽은달림길": {
        "word": "굽은달림길",
        "chosung": "ㄱㅇㄷㄹㄱ",
        "type": "명사",
        "mean": "［북한어］'곡선 코스'의 북한어."
    },
    "굽은뎅이": {
        "word": "굽은뎅이",
        "chosung": "ㄱㅇㄷㅇ",
        "type": "명사",
        "mean": " '굽이'의 잘못."
    },
    "굽은등가오리말": {
        "word": "굽은등가오리말",
        "chosung": "ㄱㅇㄷㄱㅇㄹㅁ",
        "type": "명사",
        "mean": "푸른벌레말과의 조류(藻類). 몸은 달걀 모양으로 약간 꼬였으며, 등 쪽은 도드라졌는데 뒷부분에 꼬리돌기가 붙어 있다. 단세포로 민물에 산다."
    },
    "굽은등이끼": {
        "word": "굽은등이끼",
        "chosung": "ㄱㅇㄷㅇㄲ",
        "type": "명사",
        "mean": "꼬리이낏과의 하나. 등이 굽은 모양이며, 열매는 터지는 열매이다."
    },
    "굽은민통발이끼": {
        "word": "굽은민통발이끼",
        "chosung": "ㄱㅇㅁㅌㅂㅇㄲ",
        "type": "명사",
        "mean": "통발이낏과의 하나. 잎의 등과 배 옆은 달걀 모양이고, 배 쪽은 혀처럼 생겼으며, 끝 부분은 둥글면서 배 쪽으로 굽었다. 석회암 지대의 바위나 나무줄기에서 자라는데 우리나라 북부, 중부, 남부의 산에 분포한다."
    },
    "굽은밑씨": {
        "word": "굽은밑씨",
        "chosung": "ㄱㅇㅁㅆ",
        "type": "명사",
        "mean": "=만생배주."
    },
    "굽은부리이끼": {
        "word": "굽은부리이끼",
        "chosung": "ㄱㅇㅂㄹㅇㄲ",
        "type": "명사",
        "mean": "이끼의 하나. 크기는 10cm 정도로 헛뿌리가 많이 났으며, 열매는 새의 부리 모양으로 터지는 열매이다."
    },
    "굽은순대말": {
        "word": "굽은순대말",
        "chosung": "ㄱㅇㅅㄷㅁ",
        "type": "명사",
        "mean": "거꿀단지말과의 단세포 조류(藻類). 몸은 밤색이며 그 모양은 순대같이 구부러졌다. 늪, 호수 따위의 민물에서 산다."
    },
    "굽은옥": {
        "word": "굽은옥",
        "chosung": "ㄱㅇㅇ",
        "type": "명사",
        "mean": "［북한어］ '곡옥'의 북한어."
    },
    "굽은채": {
        "word": "굽은채",
        "chosung": "ㄱㅇㅊ",
        "type": "명사",
        "mean": "광산에서, 잔알갱이로 된 재료를 체질하여 종류별로 나누는 기계."
    },
    "굽은초리자루말": {
        "word": "굽은초리자루말",
        "chosung": "ㄱㅇㅊㄹㅈㄹㅁ",
        "type": "명사",
        "mean": "초리자루말과에 속하는 단세포 조류(藻類). 몸은 원통 모양으로 구부러졌으며, 모양을 바꾸기도 한다. 민물에서 산다."
    },
    "굽은활": {
        "word": "굽은활",
        "chosung": "ㄱㅇㅎ",
        "type": "명사",
        "mean": "［북한어］ 굽은 활대를 반대로 휘어서 시위를 메운 활. 주로 길이가 짧고 두 개의 호(弧)가 있으며, 탄력성이 좋다."
    },
    "굽음": {
        "word": "굽음",
        "chosung": "ㄱㅇ",
        "type": "명사",
        "mean": "［북한어］ '만곡(彎曲)'의 북한어."
    },
    "굽이": {
        "word": "굽이",
        "chosung": "ㄱㅇ",
        "type": "명사",
        "mean": "1. 휘어서 구부러진 곳."
    },
    "굽이감다": {
        "word": "굽이감다",
        "chosung": "ㄱㅇㄱㄷ",
        "type": "동사",
        "mean": "『 …을』 1. 휘어서 감다."
    },
    "굽이굽이": {
        "word": "굽이굽이",
        "chosung": "ㄱㅇㄱㅇ",
        "type": "명사",
        "mean": " 여러 개의 굽이. 또는 휘어서 굽은 곳곳."
    },
    "굽이놀림": {
        "word": "굽이놀림",
        "chosung": "ㄱㅇㄴㄹ",
        "type": "명사",
        "mean": "여러 가지 곡선미를 나타내면서 움직이는 팔 동작의 하나."
    },
    "굽이돌다": {
        "word": "굽이돌다",
        "chosung": "ㄱㅇㄷㄷ",
        "type": "동사",
        "mean": "『 …으로』『 …을』 길이나 물줄기 따위가 굽은 데를 굽이쳐 돌다."
    },
    "굽이돌이": {
        "word": "굽이돌이",
        "chosung": "ㄱㅇㄷㅇ",
        "type": "명사",
        "mean": " 굽어 도는 곳."
    },
    "굽이률": {
        "word": "굽이률",
        "chosung": "ㄱㅇㄹ",
        "type": "명사",
        "mean": "'곡률(曲率 )'의 북한어."
    },
    "굽이률반경": {
        "word": "굽이률반경",
        "chosung": "ㄱㅇㄹㅂㄱ",
        "type": "명사",
        "mean": "'곡률 반경'의 북한어. ※ 굽이율 반경."
    },
    "굽이지다": {
        "word": "굽이지다",
        "chosung": "ㄱㅇㅈㄷ",
        "type": "저",
        "mean": "), -지니〕［동사］ 굽이가 이루어지다."
    },
    "굽이치다": {
        "word": "굽이치다",
        "chosung": "ㄱㅇㅊㄷ",
        "type": "처",
        "mean": "), -치니〕［동사］ 물이 힘차게 흘러 굽이가 나게 되다."
    },
    "굽이칼": {
        "word": "굽이칼",
        "chosung": "ㄱㅇㅋ",
        "type": "명사",
        "mean": " 몸체가 구부러진 칼."
    },
    "굽이흐름": {
        "word": "굽이흐름",
        "chosung": "ㄱㅇㅎㄹ",
        "type": "명사",
        "mean": "［북한어］ '곡류(曲流)'의 북한어."
    },
    "굽이흐름지대": {
        "word": "굽이흐름지대",
        "chosung": "ㄱㅇㅎㄹㅈㄷ",
        "type": "명사",
        "mean": "'곡류대'를 다듬은 말."
    },
    "굽인돌이": {
        "word": "굽인돌이",
        "chosung": "ㄱㅇㄷㅇ",
        "type": "명사",
        "mean": "［북한어］ '굽이돌이'의 북한어."
    },
    "굽일거리다": {
        "word": "굽일거리다",
        "chosung": "ㄱㅇㄱㄹㄷ",
        "type": "동사",
        "mean": " '굼닐거리다'의 잘못."
    },
    "굽잇길": {
        "word": "굽잇길",
        "chosung": "ㄱㅇㄱ",
        "type": "명사",
        "mean": " 굽이진 길."
    },
    "굽잔": {
        "word": "굽잔",
        "chosung": "ㄱㅈ",
        "type": "명사",
        "mean": "=굽다리 접시."
    },
    "굽적": {
        "word": "굽적",
        "chosung": "ㄱㅈ",
        "type": "부사",
        "mean": " 머리를 숙이거나 몸을 한 번 굽히는 모양."
    },
    "굽적굽적": {
        "word": "굽적굽적",
        "chosung": "ㄱㅈㄱㅈ",
        "type": "부사",
        "mean": " 잇따라 머리를 숙이거나 몸을 굽히는 모양."
    },
    "굽절다": {
        "word": "굽절다",
        "chosung": "ㄱㅈㄷ",
        "type": "동사",
        "mean": "［북한어］ 남의 비위를 맞추느라고 비굴하게 행동하다."
    },
    "굽절음": {
        "word": "굽절음",
        "chosung": "ㄱㅈㅇ",
        "type": "명사",
        "mean": "［북한어］ 남의 비위를 맞추느라고 비굴하게 행동하는 일."
    },
    "굽접시": {
        "word": "굽접시",
        "chosung": "ㄱㅈㅅ",
        "type": "명사",
        "mean": "'굽다리 접시'의 북한어."
    },
    "굽정이": {
        "word": "굽정이",
        "chosung": "ㄱㅈㅇ",
        "type": "명사",
        "mean": "=극젱이."
    },
    "굽종이": {
        "word": "굽종이",
        "chosung": "ㄱㅈㅇ",
        "type": "명사",
        "mean": "［북한어］ '굽도리지'의 북한어."
    },
    "굽죄다": {
        "word": "굽죄다",
        "chosung": "ㄱㅈㄷ",
        "type": "동사",
        "mean": "『 …을』 떳떳하지 못하여 기를 펴지 못하다."
    },
    "굽죄이다": {
        "word": "굽죄이다",
        "chosung": "ㄱㅈㅇㄷ",
        "type": "동사",
        "mean": " '굽죄다'의 피동사."
    },
    "굽지": {
        "word": "굽지",
        "chosung": "ㄱㅈ",
        "type": "명사",
        "mean": "=굽다리 접시."
    },
    "굽지지다": {
        "word": "굽지지다",
        "chosung": "ㄱㅈㅈㄷ",
        "type": "동사",
        "mean": "［옛말］ 굽고 지지다."
    },
    "굽질리다": {
        "word": "굽질리다",
        "chosung": "ㄱㅈㄹㄷ",
        "type": "동사",
        "mean": " 일이 꼬이거나 어떤 장애를 만나 제대로 안되다."
    },
    "굽창": {
        "word": "굽창",
        "chosung": "ㄱㅊ",
        "type": "명사",
        "mean": " 짚신이나 미투리의 바닥 뒤쪽에 덧대는 가죽 조각."
    },
    "굽타": {
        "word": "굽타",
        "chosung": "ㄱㅌ",
        "type": "명사",
        "mean": "=굽타 왕조."
    },
    "굽타미술": {
        "word": "굽타미술",
        "chosung": "ㄱㅌㅁㅅ",
        "type": "명사",
        "mean": "인도 불교 미술의 전성기인 굽타 왕조 때의 미술."
    },
    "굽타왕조": {
        "word": "굽타왕조",
        "chosung": "ㄱㅌㅇㅈ",
        "type": "명사",
        "mean": "4세기 초에 갠지스 강 유역을 중심으로 하여 북인도를 지배하던 왕조. 5세기 무렵에는 종교, 문학, 미술, 철학이 번성하였고, 특히 간다라 양식을 인도화한 불상 조각의 수법(手法)이 크게 발달하여 인도는 물론 스리랑카, 자바에까지 영향을 끼쳤다. ≒굽타."
    },
    "굽통": {
        "word": "굽통",
        "chosung": "ㄱㅌ",
        "type": "명사",
        "mean": "1. 화살대 끝 쪽에 대통으로 싼 윗부분. 2. 과녁 아래 양쪽 가장자리에 대어 버티는 한 자 길이의 나무 기둥."
    },
    "굽통줄": {
        "word": "굽통줄",
        "chosung": "ㄱㅌㅈ",
        "type": "명사",
        "mean": "나래의 번지 가운데에서 두 줄로 갈라 봇줄과 함께 꿰어서 잡아맨 줄."
    },
    "굽혀들다": {
        "word": "굽혀들다",
        "chosung": "ㄱㅎㄷㄷ",
        "type": "동사",
        "mean": "［북한어］ 남에게 굽히어 복종하거나 따르다."
    },
    "굽혀묻기": {
        "word": "굽혀묻기",
        "chosung": "ㄱㅎㅁㄱ",
        "type": "명사",
        "mean": "=굴장(屈葬)."
    },
    "굽혀펴기운동": {
        "word": "굽혀펴기운동",
        "chosung": "ㄱㅎㅍㄱㅇㄷ",
        "type": "명사",
        "mean": "----運動 =굴신 운동."
    },
    "굽혀폄성": {
        "word": "굽혀폄성",
        "chosung": "ㄱㅎㅍㅅ",
        "type": "명사",
        "mean": "=굴신성 ."
    },
    "굽히기": {
        "word": "굽히기",
        "chosung": "ㄱㅎㄱ",
        "type": "명사",
        "mean": "무릎과 팔을 굽히는 춤 동작."
    },
    "굽히다": {
        "word": "굽히다",
        "chosung": "ㄱㅎㄷ",
        "type": "동사",
        "mean": "『 …을』 1. '굽다'의 사동사."
    },
    "굽힐후다": {
        "word": "굽힐후다",
        "chosung": "ㄱㅎㅎㄷ",
        "type": "동사",
        "mean": "［옛말］ '구푸리다'의 옛말."
    }
}