{
    "궈래": {
        "word": "궈래",
        "chosung": "ㄱㄹ",
        "type": "대명사",
        "mean": "［방언］ '그대'의 방언(함북)."
    },
    "궈모뤄": {
        "word": "궈모뤄",
        "chosung": "ㄱㅁㄹ",
        "type": "명사",
        "mean": "《인명》중국의 문학가·정치가(1892~1978). 신문학 운동에 종사하였고 중일 전쟁 후에는 인민 공화국 정부에서 과학원 원장, 부수상을 지냈다. 저서에 , , 시집  따위가 있다."
    },
    "궈이": {
        "word": "궈이",
        "chosung": "ㄱㅇ",
        "type": "명사",
        "mean": "［방언］ '게'의 방언(평안)."
    }
}