{
    "귕유": {
        "word": "귕유",
        "chosung": "ㄱㅇ",
        "type": "명사",
        "mean": "［방언］ '구유'의 방언(강원)."
    },
    "귕이": {
        "word": "귕이",
        "chosung": "ㄱㅇ",
        "type": "명사",
        "mean": "［방언］ '통나무배'의 방언(평북)."
    },
    "귕지": {
        "word": "귕지",
        "chosung": "ㄱㅈ",
        "type": "명사",
        "mean": "［방언］ '귀걸이'의 방언(평북)."
    }
}