{
    "규": {
        "word": "규",
        "chosung": "ㄱ",
        "type": "명사",
        "mean": "1. 각도기, 컴퍼스 따위를 통틀어 이르는 말. 작도(作圖)에서 원을 그리거나 고치는 데 쓴다. 2. 원(圓)이나 원형(圓形)의 물건."
    },
    "규각": {
        "word": "규각",
        "chosung": "ㄱㄱ",
        "type": "명사",
        "mean": " =금규(金 閨) ."
    },
    "규각나다": {
        "word": "규각나다",
        "chosung": "ㄱㄱㄴㄷ",
        "type": "동사",
        "mean": " 사물, 뜻 따위가 서로 잘 들어맞지 아니하다."
    },
    "규간": {
        "word": "규간",
        "chosung": "ㄱㄱ",
        "type": "명사",
        "mean": " 옳은 도리나 이치로써 웃어른이나 왕의 잘못을 고치도록 말함."
    },
    "규개일": {
        "word": "규개일",
        "chosung": "ㄱㄱㅇ",
        "type": "명사",
        "mean": "책력(冊曆)에서, 규와 개가 겹쳐 든 날. 규는 이십팔수 가운데 문운(文運)을 맡아보는 규성(奎星)에서, 개는 팔문(八門)의 하나로 길(吉)한 방위인 개문방(開門方)에서 나온 것으로, 이날 아이를 배면 현인(賢人)이나 학자를 낳는다고 한다."
    },
    "규거": {
        "word": "규거",
        "chosung": "ㄱㄱ",
        "type": "명사",
        "mean": " 죄를 규탄하여 드러냄."
    },
    "규격": {
        "word": "규격",
        "chosung": "ㄱㄱ",
        "type": "명사",
        "mean": "1. 일정한 규정에 들어맞는 격식. 2. 제품이나 재료의 품질, 모양, 크기, 성능 따위의 일정한 표준."
    },
    "규격강재": {
        "word": "규격강재",
        "chosung": "ㄱㄱㄱㅈ",
        "type": "명사",
        "mean": "일정한 규격에 맞추어 만든 강철 재료."
    },
    "규격권총": {
        "word": "규격권총",
        "chosung": "ㄱㄱㄱㅊ",
        "type": "명사",
        "mean": "［북한어］사격에 쓰는 일정한 규격의 경기용 권총."
    },
    "규격논": {
        "word": "규격논",
        "chosung": "ㄱㄱㄴ",
        "type": "명사",
        "mean": "［북한어］ 크기와 형태를 표준적인 규격에 맞추어 정리한 논."
    },
    "규격도": {
        "word": "규격도",
        "chosung": "ㄱㄱㄷ",
        "type": "명사",
        "mean": "건축 부재나 설비 요소 따위의 기준이 되는 규격을 알려 주기 위하여 만든 도면."
    },
    "규격돌": {
        "word": "규격돌",
        "chosung": "ㄱㄱㄷ",
        "type": "명사",
        "mean": "용도에 맞게 일정한 크기로 잘라 낸 돌. 도로포장 돌, 계단돌 따위가 있다."
    },
    "규격보총": {
        "word": "규격보총",
        "chosung": "ㄱㄱㅂㅊ",
        "type": "명사",
        "mean": "［북한어］사격에 쓰는 일정한 규격의 장총."
    },
    "규격부재": {
        "word": "규격부재",
        "chosung": "ㄱㄱㅂㅈ",
        "type": "명사",
        "mean": "일정한 규격에 맞추어 만든 건설용 부재. 생산을 공업화할 수 있으며 건물을 조립식으로 짓는 데 쓴다."
    },
    "규격분석": {
        "word": "규격분석",
        "chosung": "ㄱㄱㅂㅅ",
        "type": "명사",
        "mean": "국가적 또는 국제적으로 표준화하여 놓은 분석."
    },
    "규격선": {
        "word": "규격선",
        "chosung": "ㄱㄱㅅ",
        "type": "명사",
        "mean": "［북한어］ 모양과 구조를 제정한 규격에 맞게 만든 배."
    },
    "규격설계": {
        "word": "규격설계",
        "chosung": "ㄱㄱㅅㄱ",
        "type": "명사",
        "mean": "국가나 해당 기관에서 정한 규격에 따라, 공장에서 대량으로 생산할 건설 부재나 기계 부속 따위에 대한 설계."
    },
    "규격재": {
        "word": "규격재",
        "chosung": "ㄱㄱㅈ",
        "type": "명사",
        "mean": "［북한어］ 일정한 규격에 맞는 자재나 재료."
    },
    "규격지": {
        "word": "규격지",
        "chosung": "ㄱㄱㅈ",
        "type": "명사",
        "mean": "［북한어］ 일정한 규격에 맞게 만든 종이."
    },
    "규격집": {
        "word": "규격집",
        "chosung": "ㄱㄱㅈ",
        "type": "명사",
        "mean": "［북한어］ 방의 크기, 기둥, 서까래, 창문 따위가 같은 규격으로 된 집."
    },
    "규격판": {
        "word": "규격판",
        "chosung": "ㄱㄱㅍ",
        "type": "명사",
        "mean": "1. 책, 잡지, 장부, 전표, 기타 사무 용지 따위의 크기 기준. 국판(菊判), 사륙판, 오칠판 따위를 이른다. 2. 정하여진 일정한 양식."
    },
    "규격포전": {
        "word": "규격포전",
        "chosung": "ㄱㄱㅍㅈ",
        "type": "명사",
        "mean": "일정한 규격으로 정리한 논밭. 토지의 이용률을 높이고 기계화를 쉽게 할 수 있다."
    },
    "규격품": {
        "word": "규격품",
        "chosung": "ㄱㄱㅍ",
        "type": "명사",
        "mean": " 품질, 모양, 크기, 성능 따위를 통일된 규격에 맞추어 만든 물품."
    },
    "규격화": {
        "word": "규격화",
        "chosung": "ㄱㄱㅎ",
        "type": "명사",
        "mean": "1. 공업 제품 따위의 품질, 모양, 크기, 성능 따위를 일정한 표준이나 격식에 맞게 함."
    },
    "규견": {
        "word": "규견",
        "chosung": "ㄱㄱ",
        "type": "명사",
        "mean": " =규시(窺視)."
    },
    "규결": {
        "word": "규결",
        "chosung": "ㄱㄱ",
        "type": "명사",
        "mean": " 헝클어지고 얽힘."
    },
    "규계": {
        "word": "규계",
        "chosung": "ㄱㄱ",
        "type": "명사",
        "mean": " 바르게 경계함."
    },
    "규고": {
        "word": "규고",
        "chosung": "ㄱㄱ",
        "type": "명사",
        "mean": " 괴로움을 부르짖음."
    },
    "규곡": {
        "word": "규곡",
        "chosung": "ㄱㄱ",
        "type": "명사",
        "mean": "《음악》부르짖기만 하는 노래."
    },
    "규공작석": {
        "word": "규공작석",
        "chosung": "ㄱㄱㅈㅅ",
        "type": "명사",
        "mean": "《광업》함수(含水) 규산동(硅酸銅)으로 이루어진 구리 광석. 대부분 비결정질로 갈색, 푸른색, 청록색을 띠며 장식하는 데에 쓴다."
    },
    "규곽": {
        "word": "규곽",
        "chosung": "ㄱㄱ",
        "type": "명사",
        "mean": "《식물》=해바라기."
    },
    "규괘": {
        "word": "규괘",
        "chosung": "ㄱㄱ",
        "type": "명사",
        "mean": "육십사괘의 하나. 이괘(離 卦)와 태괘(兌卦)가 거듭한 것으로, 위는 불이고 아래는 못을 상징한다. ≒규(□)."
    },
    "규구": {
        "word": "규구",
        "chosung": "ㄱㄱ",
        "type": "명사",
        "mean": "1. =그림쇠. 2. =규구준승 ."
    },
    "규구법": {
        "word": "규구법",
        "chosung": "ㄱㄱㅂ",
        "type": "명사",
        "mean": "《수학》입체로 된 물건을 필요한 형체로 만드는 법."
    },
    "규구승묵": {
        "word": "규구승묵",
        "chosung": "ㄱㄱㅅㅁ",
        "type": "명사",
        "mean": "［북한어］ '규구준승'의 북한어."
    },
    "규구준승": {
        "word": "규구준승",
        "chosung": "ㄱㄱㅈㅅ",
        "type": "명사",
        "mean": "1. 목수가 쓰는 그림쇠, 자, 수준기, 먹줄을 통틀어 이르는 말. ≒규구(規矩) . 2. 일상생활에서 지켜야 할 법도."
    },
    "규군": {
        "word": "규군",
        "chosung": "ㄱㄱ",
        "type": "명사",
        "mean": "중국의 요나라·금나라부터 원나라 초기까지 사용한 군대의 이름. 원래는 다른 지방으로 옮기지 않는 향병(鄕兵)이었으나 요나라·금나라 때에는 귀인(貴人)의 궁가(宮家)를 방위하거나 변경의 방위를 맡아보았다."
    },
    "규규": {
        "word": "규규",
        "chosung": "ㄱㄱ",
        "type": "명사",
        "mean": "赳赳 '규규하다'의 어근."
    },
    "규규무부": {
        "word": "규규무부",
        "chosung": "ㄱㄱㅁㅂ",
        "type": "명사",
        "mean": " 용맹한 무사(武士)."
    },
    "규기": {
        "word": "규기",
        "chosung": "ㄱㄱ",
        "type": "명사",
        "mean": "중국 당나라의 중(632~682). 현장(玄□)의 제자가 되어 산스크리트와 불교의 경전과 논(論 ), 인명학(因明學)을 배우고, 법상종을 만들었다. 저서에 , 《대승법원의림장》 따위가 있다."
    },
    "규나": {
        "word": "규나",
        "chosung": "ㄱㄴ",
        "type": "명사",
        "mean": "=기나나무."
    },
    "규나수": {
        "word": "규나수",
        "chosung": "ㄱㄴㅅ",
        "type": "명사",
        "mean": "=기나나무."
    },
    "규나염": {
        "word": "규나염",
        "chosung": "ㄱㄴㅇ",
        "type": "명사",
        "mean": "=염산키니네."
    },
    "규나피": {
        "word": "규나피",
        "chosung": "ㄱㄴㅍ",
        "type": "명사",
        "mean": " =기나피."
    },
    "규내": {
        "word": "규내",
        "chosung": "ㄱㄴ",
        "type": "명사",
        "mean": " =규중(閨中)."
    },
    "규니켈광": {
        "word": "규니켈광",
        "chosung": "ㄱㄴㅋㄱ",
        "type": "명사",
        "mean": "'규니켈석'의 전 용어."
    },
    "규니켈석": {
        "word": "규니켈석",
        "chosung": "ㄱㄴㅋㅅ",
        "type": "명사",
        "mean": "니켈과 마그네슘을 함유한 규산염 광물. 녹색의 덩이 모양이나 흙 모양으로 나며, 니켈의 원광(原鑛)으로 쓴다."
    },
    "규달": {
        "word": "규달",
        "chosung": "ㄱㄷ",
        "type": "명사",
        "mean": "1. 여자의 침실. 2. 궁녀의 방."
    },
    "규도": {
        "word": "규도",
        "chosung": "ㄱㄷ",
        "type": "명사",
        "mean": " 규범이 되는 틀."
    },
    "규동선": {
        "word": "규동선",
        "chosung": "ㄱㄷㅅ",
        "type": "명사",
        "mean": "구리에 주석, 아연, 규소를 섞어 만든 전선(電線). 전화선으로 쓴다."
    },
    "규두": {
        "word": "규두",
        "chosung": "ㄱㄷ",
        "type": "명사",
        "mean": "1. 벽을 뚫어서 낸 작은 출입구. 2. 가난한 사람의 거처. 3. 부인의 침실."
    },
    "규례": {
        "word": "규례",
        "chosung": "ㄱㄹ",
        "type": "명사",
        "mean": " 일정한 규칙과 정하여진 관례."
    },
    "규로": {
        "word": "규로",
        "chosung": "ㄱㄹ",
        "type": "명사",
        "mean": " 아홉 방향으로 통하는 길이라는 뜻으로, 사방으로 통하는 큰길을 이르는 말."
    },
    "규룡": {
        "word": "규룡",
        "chosung": "ㄱㄹ",
        "type": "명사",
        "mean": " 전설에 나오는 상상의 동물. 용의 새끼로 빛이 붉고 양쪽에 뿔이 있다고 한다."
    },
    "규루증": {
        "word": "규루증",
        "chosung": "ㄱㄹㅈ",
        "type": "명사",
        "mean": "'누정창'의 북한어."
    },
    "규류": {
        "word": "규류",
        "chosung": "ㄱㄹ",
        "type": "명사",
        "mean": " 잘못을 고침."
    },
    "규률": {
        "word": "규률",
        "chosung": "ㄱㄹ",
        "type": "명사",
        "mean": "［북한어］ '규율'의 북한어."
    },
    "규률상": {
        "word": "규률상",
        "chosung": "ㄱㄹㅅ",
        "type": "명사",
        "mean": "［북한어］ 주로 체육 경기에서, 정한 규율을 잘 지키는 단체에게 주는 상."
    },
    "규률적책벌": {
        "word": "규률적책벌",
        "chosung": "ㄱㄹㅈㅊㅂ",
        "type": "명사",
        "mean": "=행정적책벌. ※ 규율적 책벌."
    },
    "규리": {
        "word": "규리",
        "chosung": "ㄱㄹ",
        "type": "명사",
        "mean": "［북한어］ 처녀가 있는 규방 안."
    },
    "규맥": {
        "word": "규맥",
        "chosung": "ㄱㅁ",
        "type": "명사",
        "mean": "《한의학》맥상(脈象)의 하나. 맥이 팽팽하고 크지만 눌러 짚으면 공허하게 느껴진다."
    },
    "규면": {
        "word": "규면",
        "chosung": "ㄱㅁ",
        "type": "명사",
        "mean": " =도면(圖免)."
    },
    "규명": {
        "word": "규명",
        "chosung": "ㄱㅁ",
        "type": "명사",
        "mean": " 어떤 사실을 자세히 따져서 바로 밝힘."
    },
    "규모": {
        "word": "규모",
        "chosung": "ㄱㅁ",
        "type": "명사",
        "mean": "1. 본보기가 될 만한 틀이나 제도."
    },
    "규모일치": {
        "word": "규모일치",
        "chosung": "ㄱㅁㅇㅊ",
        "type": "명사",
        "mean": "천도교에서, 천도교를 믿는 신도는 모든 행동과 규범이 한결같아야 함을 이르는 말."
    },
    "규목": {
        "word": "규목",
        "chosung": "ㄱㅁ",
        "type": "명사",
        "mean": "《식물》=물푸레나무."
    },
    "규문": {
        "word": "규문",
        "chosung": "ㄱㅁ",
        "type": "명사",
        "mean": " =규중(閨中)."
    },
    "규문소송": {
        "word": "규문소송",
        "chosung": "ㄱㅁㅅㅅ",
        "type": "명사",
        "mean": "법원이 스스로 소송 절차를 개시하여 심리하고 재판하는 소송."
    },
    "규문주의": {
        "word": "규문주의",
        "chosung": "ㄱㅁㅈㅇ",
        "type": "명사",
        "mean": "법원이 스스로 소송 절차를 개시하여 심리하고 재판하는 원칙."
    },
    "규반": {
        "word": "규반",
        "chosung": "ㄱㅂ",
        "type": "명사",
        "mean": " '휴반(畦畔)'의 잘못."
    },
    "규방": {
        "word": "규방",
        "chosung": "ㄱㅂ",
        "type": "명사",
        "mean": "1. 부녀자가 거처하는 방. ≒규실(閨室) ·녹창 ·도장·도장방·유규(幽閨). 2. =안방 . 3. 부부의 침실. ≒유방(□房)."
    },
    "규방가사": {
        "word": "규방가사",
        "chosung": "ㄱㅂㄱㅅ",
        "type": "명사",
        "mean": "조선 시대에, 부녀자가 짓거나 읊은 가사 작품을 통틀어 이르는 말. 영남 지방에서 널리 유행하였으며, 주로 시집에서 지켜야 할 몸가짐과 예절 따위를 내용으로 한 것으로 《계녀가》, 《춘유가》따위가 있다. 작자와 연대를 알 수 없다. ≒규중 가도·내방 가사·안방 노래."
    },
    "규방문학": {
        "word": "규방문학",
        "chosung": "ㄱㅂㅁㅎ",
        "type": "명사",
        "mean": "조선 시대에, 양반 부녀자의 생활을 그린 문학. 대체로 양반 부녀층이 창작하였으며, 대표적인 것으로 규방 가사가 있다."
    },
    "규방필독": {
        "word": "규방필독",
        "chosung": "ㄱㅂㅍㄷ",
        "type": "명사",
        "mean": "《책명》조선 후기에 송인건(宋寅建)이 지은 한글체의 계녀서(誡女書). 1책."
    },
    "규벌": {
        "word": "규벌",
        "chosung": "ㄱㅂ",
        "type": "명사",
        "mean": " 처의 친척을 중심으로 이루어진 파벌."
    },
    "규벌정치": {
        "word": "규벌정치",
        "chosung": "ㄱㅂㅈㅊ",
        "type": "명사",
        "mean": " 처의 친척이 권력의 중심을 이루는 정치."
    },
    "규범": {
        "word": "규범",
        "chosung": "ㄱㅂ",
        "type": "명사",
        "mean": " 부녀자가 지켜야 할 도리나 범절."
    },
    "규범과학": {
        "word": "규범과학",
        "chosung": "ㄱㅂㄱㅎ",
        "type": "명사",
        "mean": "=당위학(當爲學)."
    },
    "규범문법": {
        "word": "규범문법",
        "chosung": "ㄱㅂㅁㅂ",
        "type": "명사",
        "mean": "언어생활을 올바르게 하기 위하여, 규칙을 설정하고 그것을 지키도록 한 문법. 언어의 과학적 연구를 위하여 문법 현상을 있는 그대로 기술하고 설명하는 과학 문법과 대립한다. ≒명령 문법·실용 문법."
    },
    "규범미학": {
        "word": "규범미학",
        "chosung": "ㄱㅂㅁㅎ",
        "type": "명사",
        "mean": "미(美)의 규범을 세우는 것을 목적으로 하는 미학."
    },
    "규범법칙": {
        "word": "규범법칙",
        "chosung": "ㄱㅂㅂㅊ",
        "type": "명사",
        "mean": "자연법칙에 대하여, '무엇을 어떻게 하여야 한다'라는 형식을 취하는 당위의 법칙. 도덕이나 논리의 법칙이 있다."
    },
    "규범사": {
        "word": "규범사",
        "chosung": "ㄱㅂㅅ",
        "type": "명사",
        "mean": "=아사리."
    },
    "규범사전": {
        "word": "규범사전",
        "chosung": "ㄱㅂㅅㅈ",
        "type": "명사",
        "mean": "해당 언어의 규범에 따라 표제어를 선택하고 뜻풀이하는 사전."
    },
    "규범성": {
        "word": "규범성",
        "chosung": "ㄱㅂㅅ",
        "type": "명사",
        "mean": " 규범이 되는 성질이나 특성."
    },
    "규범윤리학": {
        "word": "규범윤리학",
        "chosung": "ㄱㅂㅇㄹㅎ",
        "type": "명사",
        "mean": "사람이 어떻게 행동하여야 할 것인가에 관한 보편적 원리를 연구하는 학문."
    },
    "규범의식": {
        "word": "규범의식",
        "chosung": "ㄱㅂㅇㅅ",
        "type": "명사",
        "mean": "《철학》1. 경험적이고 상대적인 가치가 아니라 보편적이고 절대적인 가치만을 타당한 가치로 여기는 의식. 독일 철학자인 빈델반트의 용어이다. 2. 가치 판단의 전제가 되는 가치에 대한 의식."
    },
    "규범적문건": {
        "word": "규범적문건",
        "chosung": "ㄱㅂㅈㅁㄱ",
        "type": "명사",
        "mean": "준칙을 내용으로 하는 문건. 새로운 준칙을 설정하거나 이미 있는 준칙을 구체화한 문건도 포함한다."
    },
    "규범적예측수법": {
        "word": "규범적예측수법",
        "chosung": "ㄱㅂㅈㅇㅊㅅㅂ",
        "type": "명사",
        "mean": "미래 사회의 필요, 목표, 가치 따위의 규범적인 것을 밝힘으로써 미래의 가능성을 분석하고 예측하는 방법."
    },
    "규범적책임론": {
        "word": "규범적책임론",
        "chosung": "ㄱㅂㅈㅊㅇㄹ",
        "type": "명사",
        "mean": "형사 책임의 기초를 고의나 과실과 같은 심리적 요소에서 구하지 아니하고, 비난 가능성에 두어 규범적인 측면에서 파악하는 이론."
    },
    "규범적헌법": {
        "word": "규범적헌법",
        "chosung": "ㄱㅂㅈㅎㅂ",
        "type": "명사",
        "mean": "헌법 규정과 권력 행사의 현실이 일치하는 헌법."
    },
    "규범적효력": {
        "word": "규범적효력",
        "chosung": "ㄱㅂㅈㅎㄹ",
        "type": "명사",
        "mean": "단체 협약의 내용 가운데, 근로 조건 및 근로자의 대우에 관하여 정한 부분에 어긋나는 근로 계약을 무효로 하는 단체 협약의 효력."
    },
    "규범학": {
        "word": "규범학",
        "chosung": "ㄱㅂㅎ",
        "type": "명사",
        "mean": "《철학》=당위학."
    },
    "규범화": {
        "word": "규범화",
        "chosung": "ㄱㅂㅎ",
        "type": "명사",
        "mean": " 규범으로 되거나 되게 함."
    },
    "규베릴리움광": {
        "word": "규베릴리움광",
        "chosung": "ㄱㅂㄹㄹㅇㄱ",
        "type": "명사",
        "mean": "광물의 하나. 길쭉한 콩팥 모양, 기둥 모양, 바늘 모양의 결정을 이루며, 흔히 누런색·분홍색·밤색을 띠는데, 빛깔이 맑은 것은 보석으로 쓴다. ※ 규베릴륨광."
    },
    "규벽": {
        "word": "규벽",
        "chosung": "ㄱㅂ",
        "type": "명사",
        "mean": "1. 작은 글자로 찍어서 부피를 작게 줄인 경서를 이르는 말. 2. 《역사》중국에서, 제후가 천자(天子)를 만날 때 지니던 홀(笏)."
    },
    "규보": {
        "word": "규보",
        "chosung": "ㄱㅂ",
        "type": "명사",
        "mean": " 반걸음 또는 반걸음 정도의 가까운 거리."
    },
    "규복": {
        "word": "규복",
        "chosung": "ㄱㅂ",
        "type": "명사",
        "mean": " 받은 편지를 여러 번 되풀이하여 읽음을 이르는 말. 남용(南容)이 백규(白圭)의 시를 여러 번 되풀이하여 읽었다는 데서 유래한다."
    },
    "규봉": {
        "word": "규봉",
        "chosung": "ㄱㅂ",
        "type": "명사",
        "mean": "풍수지리에서, 숨어서 엿보고 있는 것처럼 보이는 산봉우리. 묏자리 앞에 이런 산이 있으면 화(禍)를 입는다고 한다."
    },
    "규분": {
        "word": "규분",
        "chosung": "ㄱㅂ",
        "type": "명사",
        "mean": " 일이 어지럽게 얽힘."
    },
    "규불화물": {
        "word": "규불화물",
        "chosung": "ㄱㅂㅎㅁ",
        "type": "명사",
        "mean": "규소플루오르화수소산의 염. 도자기의 유약, 우윳빛 유리, 고무의 색감, 방부제, 농약 따위를 만드는 데 쓴다."
    },
    "규사": {
        "word": "규사",
        "chosung": "ㄱㅅ",
        "type": "명사",
        "mean": " 기회를 엿봄."
    },
    "규산": {
        "word": "규산",
        "chosung": "ㄱㅅ",
        "type": "명사",
        "mean": "1. 이산화규소와 물의 화합물. 물에 조금 녹으며 약산성을 띤다. 천연적으로는 수정, 석영, 부싯돌, 마노(瑪瑙) 따위로 존재한다. 오르토규산, 메타규산, 메타이규산 따위가 있다. 화학식은 H4SiO4. 2. =이산화규소."
    },
    "규산거름": {
        "word": "규산거름",
        "chosung": "ㄱㅅㄱㄹ",
        "type": "명사",
        "mean": " 규산칼슘을 주성분으로 하는 거름."
    },
    "규산겔": {
        "word": "규산겔",
        "chosung": "ㄱㅅㄱ",
        "type": "명사",
        "mean": "'실리카 겔'의 북한어."
    },
    "규산광물": {
        "word": "규산광물",
        "chosung": "ㄱㅅㄱㅁ",
        "type": "명사",
        "mean": "=규산염 광물."
    },
    "규산나트륨": {
        "word": "규산나트륨",
        "chosung": "ㄱㅅㄴㅌㄹ",
        "type": "명사",
        "mean": "탄산나트륨과 석영(石英) 가루를 융합하여 얻는 규산의 나트륨염(鹽). 냄새가 없는 흰색의 고체로 물에 잘 녹으며 강염기성을 띤다. 접착제나 세탁 비누의 배합제 따위에 쓴다. 화학식은 Na2SiO3. ≒규산소다."
    },
    "규산납": {
        "word": "규산납",
        "chosung": "ㄱㅅㄴ",
        "type": "명사",
        "mean": "《광업》도자기나 페인트, 에나멜, 내화 섬유 따위를 만드는 데 쓰는 흰 결정의 물질. 독성이 있고 물에 녹지 않는다. ≒규산연."
    },
    "규산마그네슘": {
        "word": "규산마그네슘",
        "chosung": "ㄱㅅㅁㄱㄴㅅ",
        "type": "명사",
        "mean": "광물 속에 천연으로 분포되어 있는 규소. 물에 녹지 않는 흰색 가루로 활석, 감람석, 사문석 따위의 성분이다. 화학식은 3MgSiO3·5H2O."
    },
    "규산무수물": {
        "word": "규산무수물",
        "chosung": "ㄱㅅㅁㅅㅁ",
        "type": "명사",
        "mean": "=이산화규소."
    },
    "규산벽돌": {
        "word": "규산벽돌",
        "chosung": "ㄱㅅㅂㄷ",
        "type": "명사",
        "mean": "=규석 벽돌."
    },
    "규산분": {
        "word": "규산분",
        "chosung": "ㄱㅅㅂ",
        "type": "명사",
        "mean": "［북한어］ 규산의 성분."
    },
    "규산세멘트": {
        "word": "규산세멘트",
        "chosung": "ㄱㅅㅅㅁㅌ",
        "type": "명사",
        "mean": "'실리카 시멘트'의 북한어. ※ 규산 시멘트."
    },
    "규산세포": {
        "word": "규산세포",
        "chosung": "ㄱㅅㅅㅍ",
        "type": "명사",
        "mean": "규산을 포함하고 있는 세포. 속새나 석곡 같은 식물의 줄기나 씨, 열매 따위에 있다."
    },
    "규산소다": {
        "word": "규산소다",
        "chosung": "ㄱㅅㅅㄷ",
        "type": "명사",
        "mean": "=규산나트륨."
    },
    "규산아연광": {
        "word": "규산아연광",
        "chosung": "ㄱㅅㅇㅇㄱ",
        "type": "명사",
        "mean": "'규산 아연석'의 전 용어."
    },
    "규산아연석": {
        "word": "규산아연석",
        "chosung": "ㄱㅅㅇㅇㅅ",
        "type": "명사",
        "mean": "아연과 규소로 이루어진 규산염 광물. 육방 정계에 속하는 결정(結晶)으로, 흰색·녹황색·녹색·붉은색·갈색 따위를 띤다. ≒윌레마이트."
    },
    "규산알루미늄": {
        "word": "규산알루미늄",
        "chosung": "ㄱㅅㅇㄹㅁㄴ",
        "type": "명사",
        "mean": "규산의 알루미늄염. 바위나 진흙의 성분을 이루는 흰색 가루로, 물에 녹지 않는다. 천연적으로는 장석류, 비석류, 운모류, 점토 광물 따위로 많은 양이 존재한다. 함수 규산알루미늄은 도자기를 만드는 원료로 쓴다. ≒알루미노 규산·알루미노 규산염."
    },
    "규산알칼리": {
        "word": "규산알칼리",
        "chosung": "ㄱㅅㅇㅋㄹ",
        "type": "명사",
        "mean": "이산화규소나 규산나트륨을 탄산알칼리와 함께 녹여 만든 물질. 목재에 칠하여 방화용(防火用)으로 쓴다."
    },
    "규산연": {
        "word": "규산연",
        "chosung": "ㄱㅅㅇ",
        "type": "명사",
        "mean": "=규산납."
    },
    "규산연와": {
        "word": "규산연와",
        "chosung": "ㄱㅅㅇㅇ",
        "type": "명사",
        "mean": "=규석 벽돌."
    },
    "규산염": {
        "word": "규산염",
        "chosung": "ㄱㅅㅇ",
        "type": "명사",
        "mean": "규산의 수소 원자가 알루미늄, 칼슘, 마그네슘, 나트륨 따위의 금속 원자와 치환된 물질. 암석이나 광물의 주성분으로, 물에 잘 녹지 않고 녹는점이 높으며, 녹은 것을 냉각하면 결정을 이루지 않고 유리로 되기 쉽다. 유리, 시멘트, 도자기 따위의 원료로 쓴다."
    },
    "규산염공업": {
        "word": "규산염공업",
        "chosung": "ㄱㅅㅇㄱㅇ",
        "type": "명사",
        "mean": "규산염 광물을 이용하는 화학 공업. 유리나 도자기, 시멘트, 내화물 따위를 만드는 공업이 있다."
    },
    "규산염광물": {
        "word": "규산염광물",
        "chosung": "ㄱㅅㅇㄱㅁ",
        "type": "명사",
        "mean": "규산염을 주성분으로 하는 광물. 종류가 많고 성분은 복잡하며, 조암 광물로서 지각(地殼)의 대부분을 차지한다. 장석, 운모, 석류석, 휘석 따위가 있다. ≒규산 광물."
    },
    "규산염도료": {
        "word": "규산염도료",
        "chosung": "ㄱㅅㅇㄷㄹ",
        "type": "명사",
        "mean": "규산나트륨을 용해제로 쓰는 도료. 모르타르의 도장(塗裝)에 쓴다."
    },
    "규산염시멘트": {
        "word": "규산염시멘트",
        "chosung": "ㄱㅅㅇㅅㅁㅌ",
        "type": "명사",
        "mean": "규산나트륨을 주성분으로 하는 접착제. 두꺼운 종이, 합판 상자의 접착 따위에 쓴다."
    },
    "규산염페증": {
        "word": "규산염페증",
        "chosung": "ㄱㅅㅇㅍㅈ",
        "type": "명사",
        "mean": "'규폐(硅肺)'의 북한어. ※ 규산염 폐증."
    },
    "규산염피복요소": {
        "word": "규산염피복요소",
        "chosung": "ㄱㅅㅇㅍㅂㅇㅅ",
        "type": "명사",
        "mean": "수용성 규산염을 요소에 덧씌운 비료. 시비량이 적고, 비료의 유실을 방지할 수 있으며, 알칼리성이기 때문에 토양 개량에 효과가 있다."
    },
    "규산염화학": {
        "word": "규산염화학",
        "chosung": "ㄱㅅㅇㅎㅎ",
        "type": "명사",
        "mean": "규산염으로 이루어진 물질의 화학적 성질과 반응을 연구하는 학문. 화학의 한 분야이다. 시멘트, 유리, 도자기, 내화물 생산 과정에서 일어나는 화학적 반응과 그 제품의 성질을 연구한다."
    },
    "규산졸": {
        "word": "규산졸",
        "chosung": "ㄱㅅㅈ",
        "type": "명사",
        "mean": "무수 규산의 아주 작은 알갱이가 물속에 흩어져 있는 콜로이드 용액. 모직 섬유의 방직성을 높이며 청사진 종이, 복사 용지 따위를 만드는 데 쓴다."
    },
    "규산질비료": {
        "word": "규산질비료",
        "chosung": "ㄱㅅㅈㅂㄹ",
        "type": "명사",
        "mean": "가용성 규산을 함유하고 있는 비료. 선철(銑鐵) 및 제련의 과정에서 생기는 광재(鑛滓)를 원료로 한다."
    },
    "규산질유리": {
        "word": "규산질유리",
        "chosung": "ㄱㅅㅈㅇㄹ",
        "type": "명사",
        "mean": "이산화규소가 많이 들어간 유리. 차돌 유리, 고규산질 유리 따위가 있다."
    },
    "규산철": {
        "word": "규산철",
        "chosung": "ㄱㅅㅊ",
        "type": "명사",
        "mean": "규산의 철염. 유리 색소로 쓴다."
    },
    "규산칼륨": {
        "word": "규산칼륨",
        "chosung": "ㄱㅅㅋㄹ",
        "type": "명사",
        "mean": "=물유리."
    },
    "규산칼슘": {
        "word": "규산칼슘",
        "chosung": "ㄱㅅㅋㅅ",
        "type": "명사",
        "mean": "규산염의 하나. 산화칼슘과 이산화규소의 결합으로 이루어진 화합물로 물에 녹는다. 규산알칼리와 섞여 유리의 중요한 성분이 된다. 화학식은 CaSiO3."
    },
    "규색": {
        "word": "규색",
        "chosung": "ㄱㅅ",
        "type": "명사",
        "mean": "［북한어］ 엿보아 찾음."
    },
    "규석": {
        "word": "규석",
        "chosung": "ㄱㅅ",
        "type": "명사",
        "mean": "《광업》규소를 주성분으로 하는 광물. 흰색, 회색, 붉은색 따위를 띠며 유리, 도자기, 내화 벽돌 따위를 만드는 데 쓴다."
    },
    "규석몰탈": {
        "word": "규석몰탈",
        "chosung": "ㄱㅅㅁㅌ",
        "type": "명사",
        "mean": "규석 벽돌을 쌓을 때 쓰는 모르타르. 보통 규석, 깨진 규석 벽돌, 내화 점토의 가루를 섞어서 만든다. ※ 규석 모르타르."
    },
    "규석벽돌": {
        "word": "규석벽돌",
        "chosung": "ㄱㅅㅂㄷ",
        "type": "명사",
        "mean": "규석에 석회유(石灰釉)를 조금 섞어 만든 벽돌. 불에 잘 견디어 제강로를 만드는 데 쓴다. ≒규산 벽돌·규산 연와·규암 벽돌."
    },
    "규석증": {
        "word": "규석증",
        "chosung": "ㄱㅅㅈ",
        "type": "명사",
        "mean": "=규폐(硅肺)."
    },
    "규선석": {
        "word": "규선석",
        "chosung": "ㄱㅅㅅ",
        "type": "명사",
        "mean": "《광업》알루미늄을 함유한 규산염 광물. 사방 정계에 속하며 홍주석과 화학 조성은 같으나 결정 구조가 다르다. 가느다란 기둥이나 섬유 모양으로 변성암 속에 들어 있고, 갈색·엷은 녹색·흰색 따위를 띠며 유리 광택이 있다. 내화물의 원료로 쓴다."
    },
    "규성": {
        "word": "규성",
        "chosung": "ㄱㅅ",
        "type": "명사",
        "mean": "이십팔수(二十八宿)의 열다섯째 별자리에 있는 별들. 입하절(立夏節)의 중성(中星)으로, 서쪽에 위치한다. 문운(文運)을 맡은 별로서 이것이 밝으면 천하가 태평하다고 한다. ≒규(奎) ."
    },
    "규성기": {
        "word": "규성기",
        "chosung": "ㄱㅅㄱ",
        "type": "명사",
        "mean": "대한 제국 때에, 세모 깃발에 규성을 금박한 의장기."
    },
    "규소": {
        "word": "규소",
        "chosung": "ㄱㅅ",
        "type": "명사",
        "mean": "비금속인 탄소족 원소의 하나. 4원자가로 작용하며 지각 무게의 4분의 1 정도를 차지한다. 벼, 대나무, 속새 풀 따위의 식물체와 털, 손톱, 이 따위의 동물체에도 포함되어 있다. 공업적으로는 규석(硅石)이나 규사(硅沙)에 코크스를 섞어 전기로에서 가열 및 환원하여 만든다. 다이오드, 트랜지스터 따위의 반도체를 만드는 데에 널리 쓴다. 원자 기호는 Si, 원자 번호는 14, 원자량은 28.0855. ≒실리콘(silicon)."
    },
    "규소강": {
        "word": "규소강",
        "chosung": "ㄱㅅㄱ",
        "type": "명사",
        "mean": "철에 1~5%의 규소를 첨가한 특수 강철. 탄소 따위의 불순물이 아주 적고 투자율(透磁率 )과 전기 저항이 높으며, 자기 이력 손실이 적다. 발전기, 변압기 따위의 철심을 만드는 데 쓴다."
    },
    "규소강판": {
        "word": "규소강판",
        "chosung": "ㄱㅅㄱㅍ",
        "type": "명사",
        "mean": "1∼4%의 규소를 첨가한 강철을 얇은 판 모양으로 압연한 것. 발전기, 전동기, 변압기 따위를 만드는 데 쓴다."
    },
    "규소고무": {
        "word": "규소고무",
        "chosung": "ㄱㅅㄱㅁ",
        "type": "명사",
        "mean": "고분자 화합물의 기본 사슬에 규소 원자가 들어 있는 무색 또는 연한 황색의 합성 고무. 탄성을 가진 고체로 상온에서도 약간의 유동성을 띤다. 내한성, 내열성, 전기 절연성이 우수하므로 높은 열이 발생하는 곳에 특수 재료로 사용하거나 전선 피복(被覆)의 전기 절연 재료로 쓴다. ≒실리콘 고무."
    },
    "규소그리스": {
        "word": "규소그리스",
        "chosung": "ㄱㅅㄱㄹㅅ",
        "type": "명사",
        "mean": "'실리콘 그리스'의 북한어."
    },
    "규소기름": {
        "word": "규소기름",
        "chosung": "ㄱㅅㄱㄹ",
        "type": "명사",
        "mean": "'실리콘 오일'의 북한어."
    },
    "규소반도체": {
        "word": "규소반도체",
        "chosung": "ㄱㅅㅂㄷㅊ",
        "type": "명사",
        "mean": "규소 결정(結晶)으로 이루어진 반도체."
    },
    "규소벽돌": {
        "word": "규소벽돌",
        "chosung": "ㄱㅅㅂㄷ",
        "type": "명사",
        "mean": "규소가 많이 들어 있는 벽돌."
    },
    "규소비료": {
        "word": "규소비료",
        "chosung": "ㄱㅅㅂㄹ",
        "type": "명사",
        "mean": "'규산질 비료'의 북한어."
    },
    "규소산소사면체": {
        "word": "규소산소사면체",
        "chosung": "ㄱㅅㅅㅅㅅㅁㅊ",
        "type": "명사",
        "mean": "규산염 결정 구조의 단위. 정사면체의 중심에 규소 원소가 있고 네 개의 정점에 산소 원자가 위치한 것으로, － 4가(價)의 전하로 작용한다. 화학식은 SiO4."
    },
    "규소삼극소자": {
        "word": "규소삼극소자",
        "chosung": "ㄱㅅㅅㄱㅅㅈ",
        "type": "명사",
        "mean": "'실리콘 트랜지스터'의 북한어."
    },
    "규소수지": {
        "word": "규소수지",
        "chosung": "ㄱㅅㅅㅈ",
        "type": "명사",
        "mean": "규소와 산소를 골격으로 하고, 알킬기나 아릴기가 결합한 그물 구조를 가진 고분자 물질. 영하 60~300℃ 사이에서는 내열성, 내한성, 내습성이 강하므로 항공기의 윤활유, 전기 절연체, 방수제 따위로 쓴다. ≒실리콘(silicone)·실리콘 수지."
    },
    "규소알루미니움철": {
        "word": "규소알루미니움철",
        "chosung": "ㄱㅅㅇㄹㅁㄴㅇㅊ",
        "type": "명사",
        "mean": "규소와 알루미늄이 든 철의 합금. ※ 규소알루미늄철."
    },
    "규소유기화합물": {
        "word": "규소유기화합물",
        "chosung": "ㄱㅅㅇㄱㅎㅎㅁ",
        "type": "명사",
        "mean": "분자 안에 규소와 탄소의 결합을 가지고 있는 유기 화합물. 규소 고분자 화합물의 중간 원료, 윤활유, 변압기유 따위로 쓴다."
    },
    "규소지르코니움철": {
        "word": "규소지르코니움철",
        "chosung": "ㄱㅅㅈㄹㅋㄴㅇㅊ",
        "type": "명사",
        "mean": "규소와 지르코늄이 든 철의 합금. ※ 규소지르코늄철."
    },
    "규소철": {
        "word": "규소철",
        "chosung": "ㄱㅅㅊ",
        "type": "명사",
        "mean": "규소 성분을 20~90% 함유한 규소와 철의 합금. 강철 속의 산소를 없애는 데 쓴다. ≒페로실리콘."
    },
    "규소카바이드": {
        "word": "규소카바이드",
        "chosung": "ㄱㅅㅋㅂㅇㄷ",
        "type": "명사",
        "mean": "'탄화규소'의 북한어."
    },
    "규소크롬철": {
        "word": "규소크롬철",
        "chosung": "ㄱㅅㅋㄹㅊ",
        "type": "명사",
        "mean": "규소와 크롬이 든 철의 합금. 크롬 광석을 코크스로 환원하여 만든다."
    },
    "규소탈산": {
        "word": "규소탈산",
        "chosung": "ㄱㅅㅌㅅ",
        "type": "명사",
        "mean": "쇳물에 규소를 넣어 산소를 뽑아내는 공정."
    },
    "규소태양전지": {
        "word": "규소태양전지",
        "chosung": "ㄱㅅㅌㅇㅈㅈ",
        "type": "명사",
        "mean": "규소 반도체를 써서 태양의 빛 에너지를 전기 에너지로 바꾸는 장치. 인공위성 따위의 전원을 만드는 데 쓴다."
    },
    "규솔": {
        "word": "규솔",
        "chosung": "ㄱㅅ",
        "type": "명사",
        "mean": " 규합하여 인솔함."
    },
    "규수": {
        "word": "규수",
        "chosung": "ㄱㅅ",
        "type": "명사",
        "mean": "1. 남의 집 처녀를 정중하게 이르는 말. ≒규양(閨養)."
    },
    "규수상사곡": {
        "word": "규수상사곡",
        "chosung": "ㄱㅅㅅㅅㄱ",
        "type": "명사",
        "mean": "《문학》조선 시대의 규방 가사. 한 여인을 그리워하는 남자의 심정을 노래하였다. 작가와 연대는 알 수 없다."
    },
    "규슈": {
        "word": "규슈",
        "chosung": "ㄱㅅ",
        "type": "명사",
        "mean": "《지명》일본 열도를 이루는 4대 섬 가운데 가장 남쪽에 있는 섬. 또는 그 섬을 중심으로 하는 지방. 북부는 광공업, 남부는 농수산업이 활발하다. 혼슈(本州)와는 해저 터널로 연결되어 있다. 면적은 4만 2149㎢."
    },
    "규승": {
        "word": "규승",
        "chosung": "ㄱㅅ",
        "type": "명사",
        "mean": "1. 노를 꼼. 2. 지은 죄나 잘못된 것을 법으로써 밝혀 바로잡음."
    },
    "규시": {
        "word": "규시",
        "chosung": "ㄱㅅ",
        "type": "명사",
        "mean": " 몰래 훔쳐봄. '엿봄'으로 순화. ≒규견(窺見)·규점(窺□)·점시(□視)."
    },
    "규식": {
        "word": "규식",
        "chosung": "ㄱㅅ",
        "type": "명사",
        "mean": " 정하여진 법규와 격식."
    },
    "규식놀이": {
        "word": "규식놀이",
        "chosung": "ㄱㅅㄴㅇ",
        "type": "명사",
        "mean": "줄타기, 땅재주, 춤, 노래 따위를 다 갖춘 놀이."
    },
    "규식지희": {
        "word": "규식지희",
        "chosung": "ㄱㅅㅈㅎ",
        "type": "명사",
        "mean": "조선 시대에, 조정의 중요한 행사나 외국 사신을 영접할 때 행하던 곡예를 통틀어 이르던 말. 방울 놀이, 줄타기, 땅재주, 솟대 놀이, 불놀이, 어룡지희(魚龍之戱), 무동(舞童) 따위가 있다."
    },
    "규실": {
        "word": "규실",
        "chosung": "ㄱㅅ",
        "type": "명사",
        "mean": "1. =규방(閨房) . 2. =아내."
    },
    "규아상": {
        "word": "규아상",
        "chosung": "ㄱㅇㅅ",
        "type": "명사",
        "mean": " 궁중에서 만들던 만두의 하나. 쇠고기, 표고, 오이 따위를 섞어 만든 소를 밀가루 반죽에 넣고 해삼 모양으로 만들어 찐 뒤 참기름을 바른다."
    },
    "규암": {
        "word": "규암",
        "chosung": "ㄱㅇ",
        "type": "명사",
        "mean": "주로 석영의 입자만으로 된 매우 단단한 입상(粒 狀) 암석. 사암(沙巖) 또는 규질암이 변성 작용을 받아 형성된 것으로, 공극(孔隙)이 없고 깨진 표면이 평탄하다."
    },
    "규암벽돌": {
        "word": "규암벽돌",
        "chosung": "ㄱㅇㅂㄷ",
        "type": "명사",
        "mean": "=규석 벽돌."
    },
    "규애": {
        "word": "규애",
        "chosung": "ㄱㅇ",
        "type": "명사",
        "mean": " =영애."
    },
    "규약": {
        "word": "규약",
        "chosung": "ㄱㅇ",
        "type": "명사",
        "mean": " 조직체 안에서, 서로 지키도록 협의하여 정하여 놓은 규칙."
    },
    "규양": {
        "word": "규양",
        "chosung": "ㄱㅇ",
        "type": "명사",
        "mean": " =규수(閨秀) ."
    },
    "규연": {
        "word": "규연",
        "chosung": "ㄱㅇ",
        "type": "명사",
        "mean": "□然 '규연하다'의 어근."
    },
    "규염": {
        "word": "규염",
        "chosung": "ㄱㅇ",
        "type": "명사",
        "mean": " 규룡이 도사린 것처럼 꼬불꼬불한 수염."
    },
    "규오": {
        "word": "규오",
        "chosung": "ㄱㅇ",
        "type": "명사",
        "mean": "［북한어］ 여자들이 거처하는 깊은 곳을 이르는 말."
    },
    "규우": {
        "word": "규우",
        "chosung": "ㄱㅇ",
        "type": "명사",
        "mean": "［방언］ '거위'의 방언(경북)."
    },
    "규운": {
        "word": "규운",
        "chosung": "ㄱㅇ",
        "type": "명사",
        "mean": " =문운(文運) ."
    },
    "규운암": {
        "word": "규운암",
        "chosung": "ㄱㅇㅇ",
        "type": "명사",
        "mean": "장석(長石) 대신 차돌과 운모가 주로 들어 있는 화강암."
    },
    "규원": {
        "word": "규원",
        "chosung": "ㄱㅇ",
        "type": "명사",
        "mean": " 사랑하는 사람에게 버림을 받은 여자의 원한."
    },
    "규원가": {
        "word": "규원가",
        "chosung": "ㄱㅇㄱ",
        "type": "명사",
        "mean": "조선 중기에 허난설헌이 지은 규방 가사. 남편의 사랑을 받지 못하고 규방에서 속절없이 눈물과 한숨으로 늙어 가는 여인의 애처로운 정한(情恨)을 노래하였다. 일설에는 허균의 첩인 무옥이 지었다고도 한다. ≒원부가·원부사."
    },
    "규유": {
        "word": "규유",
        "chosung": "ㄱㅇ",
        "type": "명사",
        "mean": " 틈을 엿봄."
    },
    "규율": {
        "word": "규율",
        "chosung": "ㄱㅇ",
        "type": "명사",
        "mean": "1. 질서나 제도를 유지하기 위하여 정하여 놓은, 행동의 준칙이 되는 본보기."
    },
    "규율부": {
        "word": "규율부",
        "chosung": "ㄱㅇㅂ",
        "type": "명사",
        "mean": " 학교나 단체 따위에서, 그에 딸린 사람들이 규칙을 지키도록 지도하고 단속하는 부서."
    },
    "규의": {
        "word": "규의",
        "chosung": "ㄱㅇ",
        "type": "명사",
        "mean": " 의식을 단속함."
    },
    "규장": {
        "word": "규장",
        "chosung": "ㄱㅈ",
        "type": "명사",
        "mean": "임금이 쓴 글이나 글씨. ≒규한(奎翰)."
    },
    "규장각": {
        "word": "규장각",
        "chosung": "ㄱㅈㄱ",
        "type": "명사",
        "mean": "《역사》조선 정조 즉위년(1776)에 설치한 왕실 도서관. 역대 임금의 글이나 글씨·고명(顧命)·유교(遺敎)·선보(璿譜)·보감(寶鑑) 따위와 어진(御眞)을 보관하고, 많은 책을 편찬·인쇄·반포하여 조선 후기의 문운(文運)을 불러일으키는 중심 역할을 하다가 1894년 갑오개혁 때 폐지하였다."
    },
    "규장각검서관": {
        "word": "규장각검서관",
        "chosung": "ㄱㅈㄱㄱㅅㄱ",
        "type": "명사",
        "mean": "조선 후기에, 규장각에 속하여 서적의 교정과 서사(書寫) 따위의 일을 맡아보던 벼슬."
    },
    "규장각일기": {
        "word": "규장각일기",
        "chosung": "ㄱㅈㄱㅇㄱ",
        "type": "명사",
        "mean": "융희(隆 熙) 1년(1907) 12월 1일부터 융희 4년(1910) 8월 29일 국권이 강탈되던 날까지 규장각에서 기록한 일기. 1907년에 비서감을 없애고 그 사무를 규장각으로 옮긴 뒤, 《비서감일기》를 이어 적은 것으로, 국한문을 혼용하였다. 33책."
    },
    "규장각지": {
        "word": "규장각지",
        "chosung": "ㄱㅈㄱㅈ",
        "type": "명사",
        "mean": "조선 시대에, 규장각의 제도와 의식을 기록한 책. 정조 즉위년(1776)에 규장각을 설치하고 각신(閣臣)들에게 편찬하게 하여, 정조 8년(1784)에 간행하였다. 2권 1책."
    },
    "규장광물": {
        "word": "규장광물",
        "chosung": "ㄱㅈㄱㅁ",
        "type": "명사",
        "mean": "석영(石英), 장석(長石) 따위와 같은 규장질의 광물. 대체로 흰색에 가까운 색을 띤다. ≒무색 광물."
    },
    "규장암": {
        "word": "규장암",
        "chosung": "ㄱㅈㅇ",
        "type": "명사",
        "mean": "주로 장석(長石)과 석영(石英)으로 이루어진 화성암. 밝은 색의 가는 입자로 되어 있으며, 풍화하여 고령토로 되기 쉽다."
    },
    "규장원": {
        "word": "규장원",
        "chosung": "ㄱㅈㅇ",
        "type": "명사",
        "mean": "조선 후기의 왕실 도서관. 고종 32년(1895)에 규장각을 고친 것으로, 34년(1897)에 다시 규장각으로 고쳤다."
    },
    "규장전운": {
        "word": "규장전운",
        "chosung": "ㄱㅈㅈㅇ",
        "type": "명사",
        "mean": "왕명(王命)에 따라 규장각에서 편찬한 운서(韻書). 사성(四聲)에 따라 소리의 높낮이를 구분하였으며, 한글로 한자의 음을 달았다. 조선 정조 20년(1796)에 간행하였다. 2권 1책."
    },
    "규장지보": {
        "word": "규장지보",
        "chosung": "ㄱㅈㅈㅂ",
        "type": "명사",
        "mean": "임금이 쓴 글에 찍는 어보(御寶)."
    },
    "규장질": {
        "word": "규장질",
        "chosung": "ㄱㅈㅈ",
        "type": "명사",
        "mean": "화성암의 화학 조성(組成)에서, 규소와 알칼리 원소가 풍부한 대신 철과 마그네슘이 적은 성질. 석영(石英)이나 장석(長石) 따위에 나타난다."
    },
    "규전": {
        "word": "규전",
        "chosung": "ㄱㅈ",
        "type": "명사",
        "mean": " 서로 복잡하게 뒤얽힘."
    },
    "규절": {
        "word": "규절",
        "chosung": "ㄱㅈ",
        "type": "명사",
        "mean": " 경계하여 바로잡음."
    },
    "규점": {
        "word": "규점",
        "chosung": "ㄱㅈ",
        "type": "명사",
        "mean": " =규시(窺視)."
    },
    "규정": {
        "word": "규정",
        "chosung": "ㄱㅈ",
        "type": "명사",
        "mean": "행정법상 일정한 목적을 위하여 정하여진 명령 조항을 통틀어 이르는 말. 3. 《법률》관공서 따위에서, 내부 조직이나 사무 집행 따위를 정하여 놓은 준칙."
    },
    "규정농도": {
        "word": "규정농도",
        "chosung": "ㄱㅈㄴㄷ",
        "type": "명사",
        "mean": "=노르말 농도."
    },
    "규정도하기재": {
        "word": "규정도하기재",
        "chosung": "ㄱㅈㄷㅎㄱㅈ",
        "type": "명사",
        "mean": "강이나 하천 따위를 건널 때 쓰도록 특별한 규정에 따라 만들어 공급하는 기재."
    },
    "규정량": {
        "word": "규정량",
        "chosung": "ㄱㅈㄹ",
        "type": "명사",
        "mean": " 표준으로 정한 일정한 양."
    },
    "규정론": {
        "word": "규정론",
        "chosung": "ㄱㅈㄹ",
        "type": "명사",
        "mean": "=결정론."
    },
    "규정명제": {
        "word": "규정명제",
        "chosung": "ㄱㅈㅁㅈ",
        "type": "명사",
        "mean": "특수한 개념을 일반 개념에 종속하게 하여 단정한 명제. 이를테면 '춘원 이광수는 소설가다'와 같은 명제이다."
    },
    "규정문제": {
        "word": "규정문제",
        "chosung": "ㄱㅈㅁㅈ",
        "type": "명사",
        "mean": "=규정연기."
    },
    "규정성": {
        "word": "규정성",
        "chosung": "ㄱㅈㅅ",
        "type": "명사",
        "mean": " 규정하는 성질."
    },
    "규정소": {
        "word": "규정소",
        "chosung": "ㄱㅈㅅ",
        "type": "명사",
        "mean": "조선 시대에, 중의 기강을 바로잡고 승풍(僧風)을 규찰(糾察)하기 위하여 설치한 관아. 광주 봉은사(奉恩寺), 양주 봉선사, 남한산 개운사, 북한산 중흥사(重興寺), 수원 용주사 등지에 두었다."
    },
    "규정수소전극": {
        "word": "규정수소전극",
        "chosung": "ㄱㅈㅅㅅㅈㄱ",
        "type": "명사",
        "mean": "=노르말 수소 전극."
    },
    "규정액": {
        "word": "규정액",
        "chosung": "ㄱㅈㅇ",
        "type": "명사",
        "mean": "《화학》=노르말액."
    },
    "규정어": {
        "word": "규정어",
        "chosung": "ㄱㅈㅇ",
        "type": "명사",
        "mean": "'관형어'의 북한어."
    },
    "규정어부문": {
        "word": "규정어부문",
        "chosung": "ㄱㅈㅇㅂㅁ",
        "type": "명사",
        "mean": "1. 주문(主文)의 대상이나 현상의 표식을 나타내는 부분. 2. 일부 언어의 종속 복합문에서, 주절의 피수식어를 전개하여 설명하여 주는 부분."
    },
    "규정연기": {
        "word": "규정연기",
        "chosung": "ㄱㅈㅇㄱ",
        "type": "명사",
        "mean": "체조 경기에서, 동작이나 연기 구성이 미리 정하여져 있는 연기. ≒규정문제."
    },
    "규정용액": {
        "word": "규정용액",
        "chosung": "ㄱㅈㅇㅇ",
        "type": "명사",
        "mean": "=노르말액."
    },
    "규정운동": {
        "word": "규정운동",
        "chosung": "ㄱㅈㅇㄷ",
        "type": "명사",
        "mean": "［북한어］'규정연기'의 북한어."
    },
    "규정적판단력": {
        "word": "규정적판단력",
        "chosung": "ㄱㅈㅈㅍㄷㄹ",
        "type": "명사",
        "mean": "오성(悟性)이 보편적인 개념 아래서 특수한 것을 규정할 때 발휘되는 판단력. 칸트의 용어이다. ≒한정적 판단력."
    },
    "규정전류": {
        "word": "규정전류",
        "chosung": "ㄱㅈㅈㄹ",
        "type": "명사",
        "mean": "장치가 고장나지 않게 하면서 안전하게 쓸 수 있는 전류의 세기."
    },
    "규정종목": {
        "word": "규정종목",
        "chosung": "ㄱㅈㅈㅁ",
        "type": "명사",
        "mean": "規定種目 올림픽이나 기타의 경기에서, 선수가 하도록 미리 정하여진 종목. 스키, 피겨 스케이트, 사격, 10종 경기, 5종 경기 따위에 정해져 있다."
    },
    "규정주파수": {
        "word": "규정주파수",
        "chosung": "ㄱㅈㅈㅍㅅ",
        "type": "명사",
        "mean": "전력(電力)에서, 기준이 되는 주파수."
    },
    "규정짓다": {
        "word": "규정짓다",
        "chosung": "ㄱㅈㅈㄷ",
        "type": "동사",
        "mean": " 1. 『 …을』 규칙으로 정하다."
    },
    "규정타석": {
        "word": "규정타석",
        "chosung": "ㄱㅈㅌㅅ",
        "type": "명사",
        "mean": "規定打席 야구에서, 개인 타격의 성적을 작성할 때 대상이 되는 선수를 제한하기 위하여 규정한 최소 타석수."
    },
    "규정토": {
        "word": "규정토",
        "chosung": "ㄱㅈㅌ",
        "type": "명사",
        "mean": "'관형사형 어미'의 북한어."
    },
    "규정투쟁": {
        "word": "규정투쟁",
        "chosung": "ㄱㅈㅌㅈ",
        "type": "명사",
        "mean": "하루에 일할 분량만큼만 일하고 초과 근무는 아니하는 노동 쟁의의 방법. 공무원과 같이 동맹 파업이 공식적으로 금지되어 있는 직종에서 한다."
    },
    "규정판단": {
        "word": "규정판단",
        "chosung": "ㄱㅈㅍㄷ",
        "type": "명사",
        "mean": "어떤 대상이 무엇이라고 정하여 밝히는 판단. 이를테면 '사람은 사회적 동물이다'와 같은 판단이다."
    },
    "규정형": {
        "word": "규정형",
        "chosung": "ㄱㅈㅎ",
        "type": "명사",
        "mean": "'관형사형'의 북한어."
    },
    "규제": {
        "word": "규제",
        "chosung": "ㄱㅈ",
        "type": "명사",
        "mean": "1. 규칙이나 규정에 의하여 일정한 한도를 정하거나 정한 한도를 넘지 못하게 막음."
    },
    "규제적원리": {
        "word": "규제적원리",
        "chosung": "ㄱㅈㅈㅇㄹ",
        "type": "명사",
        "mean": "이념이 스스로 인식의 한계를 정하고, 구성적 원리를 발견하여 인식을 규제하는 합목적성의 원리. 칸트의 용어이다. ≒통제적 원리."
    },
    "규제종목": {
        "word": "규제종목",
        "chosung": "ㄱㅈㅈㅁ",
        "type": "명사",
        "mean": "지나친 주식 투기를 막기 위하여 특별히 지정하여 그 거래를 억제하는 종목. 대차 담보금이나 위탁 증거금을 인상하는 따위의 방법으로 규제한다."
    },
    "규제책": {
        "word": "규제책",
        "chosung": "ㄱㅈㅊ",
        "type": "명사",
        "mean": " 어떤 일을 법이나 규칙으로 제한할 대책이나 방책."
    },
    "규제표지": {
        "word": "규제표지",
        "chosung": "ㄱㅈㅍㅈ",
        "type": "명사",
        "mean": "교통 정리를 목적으로 차나 보행자에 대하여 일정한 행동을 못하게 금지 또는 규제하는 뜻을 표시한 표지. 통행금지, 주차 금지 따위가 있다."
    },
    "규조": {
        "word": "규조",
        "chosung": "ㄱㅈ",
        "type": "명사",
        "mean": " 부녀자가 지은 시(詩)."
    },
    "규조감탕": {
        "word": "규조감탕",
        "chosung": "ㄱㅈㄱㅌ",
        "type": "명사",
        "mean": "규조 식물들의 찌꺼기가 많이 들어 있는 진흙. 주로 해양 퇴적물에 나타난다."
    },
    "규조강": {
        "word": "규조강",
        "chosung": "ㄱㅈㄱ",
        "type": "명사",
        "mean": "갈조식물의 한 강. 세포막에 특수한 구조의 규산질 껍질을 가진 단세포 조류(藻類)로 세포가 퇴적하여 규조토가 된다. 민물, 바닷물에 널리 분포하는 플랑크톤으로 약 5,000종 이상이 알려져 있는데 어패류의 먹이로 중요하다. ≒돌말·돌말강. (Bacillariophyta)."
    },
    "규조석": {
        "word": "규조석",
        "chosung": "ㄱㅈㅅ",
        "type": "명사",
        "mean": "《지리》규조류의 화석이 들어 있는 돌."
    },
    "규조연니": {
        "word": "규조연니",
        "chosung": "ㄱㅈㅇㄴ",
        "type": "명사",
        "mean": "식물성 플랑크톤이나 돌말의 찌꺼기 따위의 규조를 다량으로 함유한, 바다 밑에 쌓인 진흙과 같은 퇴적물. 엷은 노란색 또는 회백색으로, 한대 지방의 수심 1,000~ 4,000미터 부근에서 볼 수 있으며, 북태평양과 남극해에 많다. ≒돌말 진흙."
    },
    "규조토": {
        "word": "규조토",
        "chosung": "ㄱㅈㅌ",
        "type": "명사",
        "mean": "규조가 바다 밑이나 호수 밑에 쌓여서 이루어진 흙. 가볍고 무르며 흰색, 누런색, 회색 따위를 띤다. 다공질이어서 흡수성이 풍부하다. 내화재, 흡수제 또는 폭발약을 만드는 원료나 쇠붙이를 닦는 약으로 쓴다."
    },
    "규죄": {
        "word": "규죄",
        "chosung": "ㄱㅈ",
        "type": "명사",
        "mean": " 죄상을 따지어 밝힘."
    },
    "규준": {
        "word": "규준",
        "chosung": "ㄱㅈ",
        "type": "명사",
        "mean": "신앙이나 사유, 인식, 평가, 행동 따위에 있어서 규범이 되는 표준."
    },
    "규준자": {
        "word": "규준자",
        "chosung": "ㄱㅈㅈ",
        "type": "명사",
        "mean": " 목재 표면의 평평한 정도를 검사하고 각도를 잴 때에 쓰는 자. 직각자, 자유자 따위가 있다."
    },
    "규준진동": {
        "word": "규준진동",
        "chosung": "ㄱㅈㅈㄷ",
        "type": "명사",
        "mean": "=고유 진동."
    },
    "규준틀": {
        "word": "규준틀",
        "chosung": "ㄱㅈㅌ",
        "type": "명사",
        "mean": "토건 공사에서, 귀·수평·높이·너비 따위의 표준을 표시하기 위한 틀. '겨냥 틀'로 순화."
    },
    "규중": {
        "word": "규중",
        "chosung": "ㄱㅈ",
        "type": "명사",
        "mean": " 부녀자가 거처하는 곳. ≒규내·규문(閨門)·네기둥안 ."
    },
    "규중가도": {
        "word": "규중가도",
        "chosung": "ㄱㅈㄱㄷ",
        "type": "명사",
        "mean": "=규방 가사."
    },
    "규중부녀": {
        "word": "규중부녀",
        "chosung": "ㄱㅈㅂㄴ",
        "type": "명사",
        "mean": " 집 안에 들어앉아서 살림하는 여자."
    },
    "규중심처": {
        "word": "규중심처",
        "chosung": "ㄱㅈㅅㅊ",
        "type": "명사",
        "mean": " 예전에, 규중의 깊은 곳을 이르던 말."
    },
    "규중여자가": {
        "word": "규중여자가",
        "chosung": "ㄱㅈㅇㅈㄱ",
        "type": "명사",
        "mean": "조선 시대의 규방 가사. 규방 여인에 대한 교훈을 노래하였으며, 작가와 연대는 알 수 없다."
    },
    "규중절색": {
        "word": "규중절색",
        "chosung": "ㄱㅈㅈㅅ",
        "type": "명사",
        "mean": " 예전에, 집 안에 들어앉아 있는 미인을 이르던 말."
    },
    "규중처녀": {
        "word": "규중처녀",
        "chosung": "ㄱㅈㅊㄴ",
        "type": "명사",
        "mean": " 집 안에 들어앉아 있는 처녀. ≒규중처자."
    },
    "규중처자": {
        "word": "규중처자",
        "chosung": "ㄱㅈㅊㅈ",
        "type": "명사",
        "mean": " =규중처녀."
    },
    "규중칠우쟁론기": {
        "word": "규중칠우쟁론기",
        "chosung": "ㄱㅈㅊㅇㅈㄹㄱ",
        "type": "명사",
        "mean": "조선 시대의 한글 수필. 바늘, 자, 가위, 인두, 다리미, 실, 골무 따위를 의인화하여 인간 사회를 풍자하였으며, 에 실려 있다. 작가와 연대는 알 수 없다."
    },
    "규중행실가": {
        "word": "규중행실가",
        "chosung": "ㄱㅈㅎㅅㄱ",
        "type": "명사",
        "mean": "조선 후기의 규방 가사. 시집살이를 하면서 지켜야 할 부녀자의 도리와 예의범절 따위를 노래하였다. 작가와 연대는 알 수 없다."
    },
    "규지": {
        "word": "규지",
        "chosung": "ㄱㅈ",
        "type": "명사",
        "mean": " 엿보아 앎."
    },
    "규질": {
        "word": "규질",
        "chosung": "ㄱㅈ",
        "type": "명사",
        "mean": "암석, 광물 따위가 규산 성분을 많이 함유하고 있는 성질."
    },
    "규질암": {
        "word": "규질암",
        "chosung": "ㄱㅈㅇ",
        "type": "명사",
        "mean": "이산화규소가 많이 들어 있는 암석."
    },
    "규질편모충": {
        "word": "규질편모충",
        "chosung": "ㄱㅈㅍㅁㅊ",
        "type": "명사",
        "mean": "원생동물 가운데 규질의 내골격과 한 개의 편모를 가진 동물을 통틀어 이르는 말. 갈색의 색소체를 지니며, 바다에 산다."
    },
    "규착": {
        "word": "규착",
        "chosung": "ㄱㅊ",
        "type": "명사",
        "mean": " 서로 얽히고 뒤섞임."
    },
    "규찬": {
        "word": "규찬",
        "chosung": "ㄱㅊ",
        "type": "명사",
        "mean": "조선 시대에, 종묘나 문묘 따위의 나라 제사에서 강신할 때에 쓰던 술잔. 옥이나 구리로 만들기도 하고 은으로 만들어 안을 도금하기도 하였다. ≒옥찬(玉瓚)."
    },
    "규찰": {
        "word": "규찰",
        "chosung": "ㄱㅊ",
        "type": "명사",
        "mean": "1. 어떠한 사실을 자세히 조사하여 살핌. 2. 질서를 바로잡고 통제함."
    },
    "규찰대": {
        "word": "규찰대",
        "chosung": "ㄱㅊㄷ",
        "type": "명사",
        "mean": " 일정한 조직체의 질서를 바로잡고 통제하기 위하여 조직한 단체."
    },
    "규찰대원": {
        "word": "규찰대원",
        "chosung": "ㄱㅊㄷㅇ",
        "type": "명사",
        "mean": " 규찰대에 속하여 있는 성원."
    },
    "규천자": {
        "word": "규천자",
        "chosung": "ㄱㅊㅈ",
        "type": "명사",
        "mean": "=종다리 ."
    },
    "규천호지": {
        "word": "규천호지",
        "chosung": "ㄱㅊㅎㅈ",
        "type": "명사",
        "mean": " 몹시 슬프거나 분하여 하늘과 땅을 향하여 울부짖음."
    },
    "규철": {
        "word": "규철",
        "chosung": "ㄱㅊ",
        "type": "명사",
        "mean": "［북한어］ '규준(規準)'의 북한어."
    },
    "규청": {
        "word": "규청",
        "chosung": "ㄱㅊ",
        "type": "명사",
        "mean": " 남의 말 따위를 몰래 들음."
    },
    "규춘": {
        "word": "규춘",
        "chosung": "ㄱㅊ",
        "type": "명사",
        "mean": " 동물이 암내를 낼 때 소리를 지름."
    },
    "규칙": {
        "word": "규칙",
        "chosung": "ㄱㅊ",
        "type": "명사",
        "mean": " =계칙(戒飭)."
    },
    "규칙동사": {
        "word": "규칙동사",
        "chosung": "ㄱㅊㄷㅅ",
        "type": "명사",
        "mean": "규칙적인 활용을 하는 동사. ≒정격 동사·정칙 동사."
    },
    "규칙물결": {
        "word": "규칙물결",
        "chosung": "ㄱㅊㅁㄱ",
        "type": "명사",
        "mean": "물결의 주기나 높이, 길이 따위가 시간에 따라 규칙적으로 운동하는 물결."
    },
    "규칙변화": {
        "word": "규칙변화",
        "chosung": "ㄱㅊㅂㅎ",
        "type": "명사",
        "mean": "'규칙 활용'의 북한어."
    },
    "규칙별구름": {
        "word": "규칙별구름",
        "chosung": "ㄱㅊㅂㄱㄹ",
        "type": "명사",
        "mean": "=규칙은하계."
    },
    "규칙성": {
        "word": "규칙성",
        "chosung": "ㄱㅊㅅ",
        "type": "명사",
        "mean": " 규칙에 맞는 성질. 또는 규칙이 있는 성질."
    },
    "규칙신호": {
        "word": "규칙신호",
        "chosung": "ㄱㅊㅅㅎ",
        "type": "명사",
        "mean": "신호의 변화가 시간의 1가 함수로 표시되는 임의의 신호 값을 미리 확정한 신호. 과도 신호, 주기 신호, 준주기적인 신호 따위가 있다. ≒확정신호."
    },
    "규칙용언": {
        "word": "규칙용언",
        "chosung": "ㄱㅊㅇㅇ",
        "type": "명사",
        "mean": "규칙적인 활용을 하는 동사와 형용사. ≒바른풀이씨·정격 용언·정칙 용언."
    },
    "규칙은하계": {
        "word": "규칙은하계",
        "chosung": "ㄱㅊㅇㅎㄱ",
        "type": "명사",
        "mean": "원이나 타원과 같이 규칙적인 모양을 이룬 외부 은하. ≒규칙별구름."
    },
    "규칙형용사": {
        "word": "규칙형용사",
        "chosung": "ㄱㅊㅎㅇㅅ",
        "type": "명사",
        "mean": "규칙적인 활용을 하는 형용사. ≒바른그림씨·정격 형용사·정칙 형용사."
    },
    "규칙화": {
        "word": "규칙화",
        "chosung": "ㄱㅊㅎ",
        "type": "명사",
        "mean": " 규칙처럼 되거나 규칙으로 만듦."
    },
    "규칙활용": {
        "word": "규칙활용",
        "chosung": "ㄱㅊㅎㅇ",
        "type": "명사",
        "mean": "동사와 형용사가 활용을 할 때에 어간과 어미의 형태가 규칙적인 것. ≒정격 활용·정칙 활용."
    },
    "규탁": {
        "word": "규탁",
        "chosung": "ㄱㅌ",
        "type": "명사",
        "mean": " 헤아려서 계획함."
    },
    "규탄": {
        "word": "규탄",
        "chosung": "ㄱㅌ",
        "type": "명사",
        "mean": " 잘못이나 옳지 못한 일을 잡아내어 따지고 나무람."
    },
    "규토": {
        "word": "규토",
        "chosung": "ㄱㅌ",
        "type": "명사",
        "mean": "석영을 주성분으로 하는 흙. 유리나 도자기를 만드는 재료로 쓴다."
    },
    "규폐": {
        "word": "규폐",
        "chosung": "ㄱㅍ",
        "type": "명사",
        "mean": "규산이 많이 들어 있는 먼지를 오랫동안 들이마셔서 생기는 폐병. 숨이 차고 얼굴빛이 흙처럼 검어지면서 부종이 생기고 식욕이 없어지는 증상을 보이는데 채광, 채석, 야금 따위의 일을 하는 사람이나 도자기공, 석공 들이 많이 걸린다. ≒규석증·규폐병·규폐증."
    },
    "규폐병": {
        "word": "규폐병",
        "chosung": "ㄱㅍㅂ",
        "type": "명사",
        "mean": "=규폐."
    },
    "규폐증": {
        "word": "규폐증",
        "chosung": "ㄱㅍㅈ",
        "type": "명사",
        "mean": "=규폐."
    },
    "규폭": {
        "word": "규폭",
        "chosung": "ㄱㅍ",
        "type": "명사",
        "mean": "［북한어］ 이랑의 너비를 이르는 말."
    },
    "규표": {
        "word": "규표",
        "chosung": "ㄱㅍ",
        "type": "명사",
        "mean": "조선 시대의 천문 관측 기구. 김응기 등이 천체의 운행하는 도수(度數)를 참고하여 세 벌을 만들었으나 지금은 전하지 않는다."
    },
    "규풍": {
        "word": "규풍",
        "chosung": "ㄱㅍ",
        "type": "명사",
        "mean": " 풍습을 바로잡음."
    },
    "규풍하다": {
        "word": "규풍하다",
        "chosung": "ㄱㅍㅎㄷ",
        "type": "동사",
        "mean": "［옛말］ '풍간하다'의 옛말."
    },
    "규피": {
        "word": "규피",
        "chosung": "ㄱㅍ",
        "type": "명사",
        "mean": " 피할 길을 꾀함."
    },
    "규한": {
        "word": "규한",
        "chosung": "ㄱㅎ",
        "type": "명사",
        "mean": " =규장(奎章)."
    },
    "규한록": {
        "word": "규한록",
        "chosung": "ㄱㅎㄹ",
        "type": "명사",
        "mean": "《문학》조선 시대에 윤선도의 8대 종손부인 이씨 부인이 지은 소설. 시집간 지 3개월 만에 남편을 여의고 규방에서 홀로 쓸쓸하게 지내는 여인의 심정을 수기 형식으로 적었다."
    },
    "규함": {
        "word": "규함",
        "chosung": "ㄱㅎ",
        "type": "명사",
        "mean": "［북한어］ 부르짖음과 외침."
    },
    "규합": {
        "word": "규합",
        "chosung": "ㄱㅎ",
        "type": "명사",
        "mean": "1. 궁중의 작은 문. 또는 침전. 2. =안방 ."
    },
    "규합지신": {
        "word": "규합지신",
        "chosung": "ㄱㅎㅈㅅ",
        "type": "명사",
        "mean": "궁중에서, 잠자리를 돌보아 주는 신하를 이르던 말."
    },
    "규합총서": {
        "word": "규합총서",
        "chosung": "ㄱㅎㅊㅅ",
        "type": "명사",
        "mean": "조선 순조 9년(1809)에 빙허각(憑虛閣) 이 씨가 편찬한 부녀자의 생활 지침서. 일상생활에서 지켜야 할 범절을 비롯하여 약주 방문, 장초법(醬醋法), 어육 조리법, 염색술 따위를 한글로 적었다. 5책의 목판본."
    },
    "규핵": {
        "word": "규핵",
        "chosung": "ㄱㅎ",
        "type": "명사",
        "mean": " 과오나 죄상을 따져서 밝힘."
    },
    "규행": {
        "word": "규행",
        "chosung": "ㄱㅎ",
        "type": "명사",
        "mean": "［북한어］ 부녀자의 행실."
    },
    "규형": {
        "word": "규형",
        "chosung": "ㄱㅎ",
        "type": "명사",
        "mean": "=인지의."
    },
    "규호": {
        "word": "규호",
        "chosung": "ㄱㅎ",
        "type": "명사",
        "mean": "［북한어］ '뒤웅박'의 북한어."
    },
    "규호성": {
        "word": "규호성",
        "chosung": "ㄱㅎㅅ",
        "type": "명사",
        "mean": "［북한어］ 큰 목소리로 부르짖는 소리."
    },
    "규화": {
        "word": "규화",
        "chosung": "ㄱㅎ",
        "type": "명사",
        "mean": "1. =접시꽃. 2. =해바라기."
    },
    "규화목": {
        "word": "규화목",
        "chosung": "ㄱㅎㅁ",
        "type": "명사",
        "mean": " 규산 물질로 변화한 나무. 이산화규소를 함유한 지하수 따위의 작용으로 땅속에 묻힌 나무가 단백석이나 마노로 변한 것이다."
    },
    "규화물": {
        "word": "규화물",
        "chosung": "ㄱㅎㅁ",
        "type": "명사",
        "mean": "규소보다 전기적으로 양성(陽性)인 금속 원소와 규소의 화합물. ≒실리사이드."
    },
    "규화수소": {
        "word": "규화수소",
        "chosung": "ㄱㅎㅅㅅ",
        "type": "명사",
        "mean": "=실란."
    },
    "규화작용": {
        "word": "규화작용",
        "chosung": "ㄱㅎㅈㅇ",
        "type": "명사",
        "mean": "암석의 빈틈을 이산화규소가 채우거나 다른 광물을 대체하여 규질 암석으로 바꾸는 일."
    },
    "규환": {
        "word": "규환",
        "chosung": "ㄱㅎ",
        "type": "명사",
        "mean": " 큰 소리로 부르짖음."
    },
    "규환지옥": {
        "word": "규환지옥",
        "chosung": "ㄱㅎㅈㅇ",
        "type": "명사",
        "mean": "《불교》팔열 지옥의 하나. 가마솥에서 삶거나 뜨거운 불 속에 던져 고통을 견디지 못하여 울부짖는 지옥이다."
    },
    "규회": {
        "word": "규회",
        "chosung": "ㄱㅎ",
        "type": "명사",
        "mean": " 따지고 바로잡아 가르침."
    },
    "규회벽돌": {
        "word": "규회벽돌",
        "chosung": "ㄱㅎㅂㄷ",
        "type": "명사",
        "mean": "규암 모래와 수산화칼슘을 물에 혼합하여 만든 점토질의 벽돌."
    },
    "규회석": {
        "word": "규회석",
        "chosung": "ㄱㅎㅅ",
        "type": "명사",
        "mean": "《광업》삼사 정계에 속하는 광물. 철이나 망간이 칼슘을 치환하여 고용체로 함유되어 있다. 백색 또는 회백색이며 유리 광택이 있다. 주로 바닥과 벽 타일, 전기 절연체와 자기 정착물 등 많은 요업 제품을 만드는 데 쓴다."
    },
    "규회철광": {
        "word": "규회철광",
        "chosung": "ㄱㅎㅊㄱ",
        "type": "명사",
        "mean": "'규회철석'의 전 용어."
    },
    "규회철석": {
        "word": "규회철석",
        "chosung": "ㄱㅎㅊㅅ",
        "type": "명사",
        "mean": "《광업》칼슘과 철로 이루어진 함수(含水) 규산염 광물. 사방 정계에 속하며, 검은 회색을 띤다."
    },
    "규획": {
        "word": "규획",
        "chosung": "ㄱㅎ",
        "type": "명사",
        "mean": " 계략을 꾸밈. 또는 그 계략."
    },
    "규후": {
        "word": "규후",
        "chosung": "ㄱㅎ",
        "type": "명사",
        "mean": " 사자 따위의 짐승이 울부짖음."
    }
}