{
    "극": {
        "word": "극",
        "chosung": "ㄱ",
        "type": "명사",
        "mean": "革 '극하다'의 어근."
    },
    "극가": {
        "word": "극가",
        "chosung": "ㄱㄱ",
        "type": "명사",
        "mean": "極嘉 '극가하다'의 어근."
    },
    "극간": {
        "word": "극간",
        "chosung": "ㄱㄱ",
        "type": "명사",
        "mean": " =간극(間隙) ."
    },
    "극간게이지": {
        "word": "극간게이지",
        "chosung": "ㄱㄱㄱㅇㅈ",
        "type": "명사",
        "mean": "=틈새 게이지."
    },
    "극감": {
        "word": "극감",
        "chosung": "ㄱㄱ",
        "type": "명사",
        "mean": " 더 줄일 수 없을 정도로 몹시 줄임."
    },
    "극값": {
        "word": "극값",
        "chosung": "ㄱㄱ",
        "type": "명사",
        "mean": "1. 《수학》함수의 극댓값과 극솟값을 통틀어 이르는 말. ≒극치(極値). 2. 《지리》기온, 기압, 강수량, 풍속 따위의 기상 요소를 장기 관측하여 얻은 가장 큰 값 또는 가장 작은 값. 가장 큰 값을 고극(高極), 가장 작은 값을 저극(低極)이라 한다."
    },
    "극값문제": {
        "word": "극값문제",
        "chosung": "ㄱㄱㅁㅈ",
        "type": "명사",
        "mean": "극값 또는 극값을 주는 원소를 찾아내는 문제."
    },
    "극값조종": {
        "word": "극값조종",
        "chosung": "ㄱㄱㅈㅈ",
        "type": "명사",
        "mean": "직접 재는 질의 지표가 최댓값이나 최솟값을 가지도록 조종 대상의 동작 상태를 유지하려는 자동 조종 방법. 질의 지표를 직접 잴 수 있는 경우에 적용된다."
    },
    "극거리": {
        "word": "극거리",
        "chosung": "ㄱㄱㄹ",
        "type": "명사",
        "mean": "천구(天球) 위의 한 천체가 천구의 극과 이루는 각거리. 남극과 이루는 각거리를 남극 거리, 북극과 이루는 각거리를 북극 거리라 한다."
    },
    "극계": {
        "word": "극계",
        "chosung": "ㄱㄱ",
        "type": "명사",
        "mean": "연극에 관련된 분야에 종사하는 사람들의 사회. ≒극단(劇壇) ·극원(劇園)."
    },
    "극고": {
        "word": "극고",
        "chosung": "ㄱㄱ",
        "type": "명사",
        "mean": " =극고생."
    },
    "극고기압": {
        "word": "극고기압",
        "chosung": "ㄱㄱㄱㅇ",
        "type": "명사",
        "mean": "《지리》극지방의 찬 눈과 얼음 위에서 생겨난 고기압."
    },
    "극고도": {
        "word": "극고도",
        "chosung": "ㄱㄱㄷ",
        "type": "명사",
        "mean": "'극거리'의 북한어. '극높이'로 다듬음."
    },
    "극고생": {
        "word": "극고생",
        "chosung": "ㄱㄱㅅ",
        "type": "명사",
        "mean": " 극심하게 고생함. 또는 그런 고생. ≒극고(極苦)."
    },
    "극곤": {
        "word": "극곤",
        "chosung": "ㄱㄱ",
        "type": "명사",
        "mean": "極困 '극곤하다'의 어근."
    },
    "극공": {
        "word": "극공",
        "chosung": "ㄱㄱ",
        "type": "명사",
        "mean": " =틈 ."
    },
    "극공명": {
        "word": "극공명",
        "chosung": "ㄱㄱㅁ",
        "type": "명사",
        "mean": "1. 지극히 높은 벼슬. ≒극관(極官). 2. 분수에 넘치는 벼슬."
    },
    "극과": {
        "word": "극과",
        "chosung": "ㄱㄱ",
        "type": "명사",
        "mean": "지극한 증과(證果). 대승(大乘)의 불과(佛果), 소승(小乘)의 무학과(無學果) 따위이다."
    },
    "극관": {
        "word": "극관",
        "chosung": "ㄱㄱ",
        "type": "명사",
        "mean": " =극공명 ."
    },
    "극관계": {
        "word": "극관계",
        "chosung": "ㄱㄱㄱ",
        "type": "명사",
        "mean": "점이 직선에 대한 극점으로 대응되고, 반대로 직선이 점에 대한 극선으로 대응되는 관계."
    },
    "극광": {
        "word": "극광",
        "chosung": "ㄱㄱ",
        "type": "명사",
        "mean": "주로 양극(兩 極) 지방의 초고층 대기 중에 나타나는 발광(發光) 현상. 태양으로부터의 대전 입자가 극지 상공의 대기를 이온화하여 일어나는 현상으로, 빨강·파랑·노랑·연두·분홍 따위의 색채를 보인다. '오로라(aurora)'로 순화."
    },
    "극광극": {
        "word": "극광극",
        "chosung": "ㄱㄱㄱ",
        "type": "명사",
        "mean": " 《지리》극광 등빈도선의 중심에 있는 지구상(地球上)의 점."
    },
    "극광대": {
        "word": "극광대",
        "chosung": "ㄱㄱㄷ",
        "type": "명사",
        "mean": "오로라가 가장 자주 나타나는 지구 자기극 둘레의 둥근 모양 지대."
    },
    "극광등빈도선": {
        "word": "극광등빈도선",
        "chosung": "ㄱㄱㄷㅂㄷㅅ",
        "type": "명사",
        "mean": "극광 빈도의 평균치가 비슷한 점을 연결한 선."
    },
    "극광띠": {
        "word": "극광띠",
        "chosung": "ㄱㄱㄸ",
        "type": "명사",
        "mean": "'극광대'의 북한어."
    },
    "극광빈도": {
        "word": "극광빈도",
        "chosung": "ㄱㄱㅂㄷ",
        "type": "명사",
        "mean": "어떤 특정한 장소에서 야간에 오로라를 볼 수 있는 비율. 또는 구름이 없다고 가정할 때 볼 수 있는 비율."
    },
    "극광영역": {
        "word": "극광영역",
        "chosung": "ㄱㄱㅇㅇ",
        "type": "명사",
        "mean": "극광극에서부터 자기 위도 30도 안의 영역."
    },
    "극괴": {
        "word": "극괴",
        "chosung": "ㄱㄱ",
        "type": "명사",
        "mean": "極怪 '극괴하다'의 어근."
    },
    "극구": {
        "word": "극구",
        "chosung": "ㄱㄱ",
        "type": "명사",
        "mean": " 달리는 말을 문틈으로 본다는 뜻으로, 세월이 빨리 지나감을 이르는 말."
    },
    "극구광음": {
        "word": "극구광음",
        "chosung": "ㄱㄱㄱㅇ",
        "type": "명사",
        "mean": " 몹시 빨리 지나가는 세월을 비유적으로 이르는 말."
    },
    "극궁": {
        "word": "극궁",
        "chosung": "ㄱㄱ",
        "type": "명사",
        "mean": "極窮 '극궁하다'의 어근."
    },
    "극권": {
        "word": "극권",
        "chosung": "ㄱㄱ",
        "type": "명사",
        "mean": "지구의 남북으로 각각 66도 33분 되는 위선으로부터 양극까지의 지역. 각각 남극권, 북극권이라 한다."
    },
    "극궤도": {
        "word": "극궤도",
        "chosung": "ㄱㄱㄷ",
        "type": "명사",
        "mean": "인공위성이 남극과 북극의 상공을 통과하여 지구를 세로로 회전하는 궤도."
    },
    "극귀": {
        "word": "극귀",
        "chosung": "ㄱㄱ",
        "type": "명사",
        "mean": "極貴 '극귀하다'의 어근."
    },
    "극기": {
        "word": "극기",
        "chosung": "ㄱㄱ",
        "type": "명사",
        "mean": "병의 기본 증상이 심하게 나타나는 시기. 몸 안에서 병원체가 많이 증식하여 전신 중독 증상이 나타나는데 며칠이 되기도 하고 몇 주일, 몇 달씩 가기도 한다."
    },
    "극기단": {
        "word": "극기단",
        "chosung": "ㄱㄱㄷ",
        "type": "명사",
        "mean": "극지방에서 발생하는 한랭 기단. 대륙성 북극 기단, 해양성 북극 기단 따위가 있다."
    },
    "극기력": {
        "word": "극기력",
        "chosung": "ㄱㄱㄹ",
        "type": "명사",
        "mean": " 자기의 감정이나 충동 따위를 스스로 눌러 이기는 힘."
    },
    "극기복례": {
        "word": "극기복례",
        "chosung": "ㄱㄱㅂㄹ",
        "type": "명사",
        "mean": " 자기의 욕심을 누르고 예의범절을 따름. ≒극복(克復) ."
    },
    "극기심": {
        "word": "극기심",
        "chosung": "ㄱㄱㅅ",
        "type": "명사",
        "mean": " 자기의 감정이나 욕심, 충동 따위를 스스로 눌러 이기는 마음."
    },
    "극기온도": {
        "word": "극기온도",
        "chosung": "ㄱㄱㅇㄷ",
        "type": "명사",
        "mean": "=임계 온도."
    },
    "극기전선": {
        "word": "극기전선",
        "chosung": "ㄱㄱㅈㅅ",
        "type": "명사",
        "mean": "1. =극전선 . 2. =극전선 ."
    },
    "극기주간": {
        "word": "극기주간",
        "chosung": "ㄱㄱㅈㄱ",
        "type": "명사",
        "mean": "구세군에서, 사욕을 억제하고 검소한 생활을 하는 주간. 검소한 생활을 함으로써 얻은 비용으로 자선에 이바지한다."
    },
    "극기주의": {
        "word": "극기주의",
        "chosung": "ㄱㄱㅈㅇ",
        "type": "명사",
        "mean": "=금욕주의."
    },
    "극기파": {
        "word": "극기파",
        "chosung": "ㄱㄱㅍ",
        "type": "명사",
        "mean": "=스토아학파."
    },
    "극기후": {
        "word": "극기후",
        "chosung": "ㄱㄱㅎ",
        "type": "명사",
        "mean": "극에 가까운 고위도 지방의 기후. 기온이 매우 낮고 눈이 많이 내리며, 수목이 거의 자라지 못한다."
    },
    "극난": {
        "word": "극난",
        "chosung": "ㄱㄴ",
        "type": "명사",
        "mean": "極難 '극난하다'의 어근."
    },
    "극난사": {
        "word": "극난사",
        "chosung": "ㄱㄴㅅ",
        "type": "명사",
        "mean": " 매우 어렵고 힘든 일."
    },
    "극남": {
        "word": "극남",
        "chosung": "ㄱㄴ",
        "type": "명사",
        "mean": " 남쪽의 맨 끝. ≒궁남(窮南)."
    },
    "극남노랑나비": {
        "word": "극남노랑나비",
        "chosung": "ㄱㄴㄴㄹㄴㅂ",
        "type": "명사",
        "mean": "흰나빗과의 곤충. 편 날개의 길이는 3.7cm이며, 모양과 색깔이 남방노랑나비와 비슷하나 앞날개의 검은 테 모양으로 구별된다. 봄형, 가을형은 앞날개 끝이 직각으로 되고 날개 뒷면에 갈색 점이 적으며, 여름형은 앞날개 끝이 조금 둥글고 뒷면의 갈색 점이 작다. 한국, 일본 등지에 분포한다. (Eurema laeta)"
    },
    "극낭": {
        "word": "극낭",
        "chosung": "ㄱㄴ",
        "type": "명사",
        "mean": "포자충류에서, 포자의 한쪽에 있는 타원형의 세포 기관. 1~4개이며, 짝을 이루는 일이 많고 외계의 자극에 의하여 극사(極絲)가 튀어나와 새 숙주에 붙는다. ≒극포(極胞)."
    },
    "극년": {
        "word": "극년",
        "chosung": "ㄱㄴ",
        "type": "명사",
        "mean": "세계 각국의 지구 물리학자들이 50년에 한 번씩 1년 동안에 걸쳐 극지방을 공동 관측하기로 결정한 해. 제1회는 1882 ~1883년, 제2회는 1932~1933년이었고, 제3회는 과학의 진보에 따라 25년 만인 1957~1958년으로 정하면서 관측 범위를 전 지구로 넓히고, 이름을 '국제 지구 관측년'으로 바꾸었다. ≒국제 극년."
    },
    "극년관측": {
        "word": "극년관측",
        "chosung": "ㄱㄴㄱㅊ",
        "type": "명사",
        "mean": "극년에 행하는 극지방에 대한 국제적인 공동 관측."
    },
    "극놀이": {
        "word": "극놀이",
        "chosung": "ㄱㄴㅇ",
        "type": "명사",
        "mean": "［북한어］ =극유희."
    },
    "극높이": {
        "word": "극높이",
        "chosung": "ㄱㄴㅇ",
        "type": "명사",
        "mean": "'극고도'를 다듬은 말."
    },
    "극다": {
        "word": "극다",
        "chosung": "ㄱㄷ",
        "type": "명사",
        "mean": " 아주 많음."
    },
    "극단": {
        "word": "극단",
        "chosung": "ㄱㄷ",
        "type": "명사",
        "mean": "1. 맨 끝. 2. 길이나 일의 진행이 끝까지 미쳐 더 나아갈 데가 없는 지경."
    },
    "극단가": {
        "word": "극단가",
        "chosung": "ㄱㄷㄱ",
        "type": "명사",
        "mean": " 말이나 행동이 한쪽으로 크게 치우친 사람."
    },
    "극단론": {
        "word": "극단론",
        "chosung": "ㄱㄷㄹ",
        "type": "명사",
        "mean": " 일이나 현상의 여러 가지 측면이나 요소를 살피지 않고 어느 한쪽으로만 크게 치우친 이론. ≒극론(極論) ."
    },
    "극단론자": {
        "word": "극단론자",
        "chosung": "ㄱㄷㄹㅈ",
        "type": "명사",
        "mean": " 모든 사물을 한쪽으로 지나치게 치우쳐서 생각하는 사람."
    },
    "극단주의": {
        "word": "극단주의",
        "chosung": "ㄱㄷㅈㅇ",
        "type": "명사",
        "mean": " 모든 생각이나 행동이 한쪽으로 지나치게 치우치는 태도."
    },
    "극담": {
        "word": "극담",
        "chosung": "ㄱㄷ",
        "type": "명사",
        "mean": "1. 쾌활한 이야기. 2. 아주 과격한 말. 3. 연극에 관한 이야기."
    },
    "극대": {
        "word": "극대",
        "chosung": "ㄱㄷ",
        "type": "명사",
        "mean": "독일의 기상학자 쾨펜이 정한 기후대의 분류에서, 매월의 평균 온도가 1년간을 통하여 10℃ 이하인 지대."
    },
    "극대감각": {
        "word": "극대감각",
        "chosung": "ㄱㄷㄱㄱ",
        "type": "명사",
        "mean": "느낄 수 있는 가장 강한 감각. 증가되는 자극을 더 이상 받아들일 수 없을 때의 감각이다."
    },
    "극대값": {
        "word": "극대값",
        "chosung": "ㄱㄷㄱ",
        "type": "명사",
        "mean": "'극댓값'의 북한어."
    },
    "극대규모집적회로": {
        "word": "극대규모집적회로",
        "chosung": "ㄱㄷㄱㅁㅈㅈㅎㄹ",
        "type": "명사",
        "mean": "=유엘에스아이."
    },
    "극대량": {
        "word": "극대량",
        "chosung": "ㄱㄷㄹ",
        "type": "명사",
        "mean": " 아주 많은 분량."
    },
    "극대억제분석법": {
        "word": "극대억제분석법",
        "chosung": "ㄱㄷㅇㅈㅂㅅㅂ",
        "type": "명사",
        "mean": "폴라로그래피에서 실관 활성 물질에 의하여 극대 전류가 억제되는 현상을 반대로 이용하여 실관 활성 물질을 분석하는 방법."
    },
    "극대억제제": {
        "word": "극대억제제",
        "chosung": "ㄱㄷㅇㅈㅈ",
        "type": "명사",
        "mean": "폴라로그래피에서 나타나는 극대 현상을 억제하는 미량의 실관 활성 물질."
    },
    "극대원리": {
        "word": "극대원리",
        "chosung": "ㄱㄷㅇㄹ",
        "type": "명사",
        "mean": "가계는 최대 만족을 추구하며, 기업은 최대 이윤을 추구하여 행동한다는 경제 원리."
    },
    "극대전류": {
        "word": "극대전류",
        "chosung": "ㄱㄷㅈㄹ",
        "type": "명사",
        "mean": "폴라로그래피에서 극대 현상에 의하여 나타나는 전류."
    },
    "극대점": {
        "word": "극대점",
        "chosung": "ㄱㄷㅈ",
        "type": "명사",
        "mean": "어느 함수의 극댓값을 나타내는 점."
    },
    "극대치": {
        "word": "극대치",
        "chosung": "ㄱㄷㅊ",
        "type": "명사",
        "mean": "=극댓값."
    },
    "극대파": {
        "word": "극대파",
        "chosung": "ㄱㄷㅍ",
        "type": "명사",
        "mean": "폴라로그래피에서 극대현상에 의하여 나타나는 전류 전압 곡선. 폴라로그래피 분석에 쓴다."
    },
    "극대한": {
        "word": "극대한",
        "chosung": "ㄱㄷㅎ",
        "type": "명사",
        "mean": "［북한어］ 극도로 큰 한도."
    },
    "극대현상": {
        "word": "극대현상",
        "chosung": "ㄱㄷㅎㅅ",
        "type": "명사",
        "mean": "적정 수은 전극에 의하여 전류 전압 곡선을 그릴 때 나타나는 이상 현상. 폴라로그래피에서 녹아 있는 산소를 확인하거나, 표면 활성 물질이나 전기 실관 곡선을 연구할 때 쓴다."
    },
    "극대형로보트": {
        "word": "극대형로보트",
        "chosung": "ㄱㄷㅎㄹㅂㅌ",
        "type": "명사",
        "mean": "1톤 이상의 물건을 다룰 수 있는 아주 큰 로봇. ※ 극대형 로봇."
    },
    "극대화": {
        "word": "극대화",
        "chosung": "ㄱㄷㅎ",
        "type": "명사",
        "mean": " 아주 커짐. 또는 아주 크게 함."
    },
    "극대효용": {
        "word": "극대효용",
        "chosung": "ㄱㄷㅎㅇ",
        "type": "명사",
        "mean": "일정한 소득을 각 소비재에 알맞게 나누어 지출함으로써 얻는 최대의 효용."
    },
    "극댓값": {
        "word": "극댓값",
        "chosung": "ㄱㄷㄱ",
        "type": "명사",
        "mean": "《수학》어떤 함수가 극대일 때의 값. ≒극대치."
    },
    "극도": {
        "word": "극도",
        "chosung": "ㄱㄷ",
        "type": "명사",
        "mean": " 더할 수 없는 정도."
    },
    "극도법": {
        "word": "극도법",
        "chosung": "ㄱㄷㅂ",
        "type": "명사",
        "mean": " 《지리》양극에 중심을 두는 방위 도법의 하나. 모든 대권이 직선으로 표시되며 두 지점 간의 최단 거리를 알 수 있다. ≒극방위 도법."
    },
    "극독": {
        "word": "극독",
        "chosung": "ㄱㄷ",
        "type": "명사",
        "mean": " 아주 적은 양으로도 생명을 잃을 만큼 치명적인 독."
    },
    "극독약": {
        "word": "극독약",
        "chosung": "ㄱㄷㅇ",
        "type": "명사",
        "mean": " 극약과 독약을 아울러 이르는 말."
    },
    "극돈": {
        "word": "극돈",
        "chosung": "ㄱㄷ",
        "type": "명사",
        "mean": "=가시복."
    },
    "극동": {
        "word": "극동",
        "chosung": "ㄱㄷ",
        "type": "명사",
        "mean": "유럽에서 아시아 대륙의 동부와 그 주변의 섬들을 이르는 말. 한국, 중국, 일본, 대만 따위가 여기에 속한다. ≒원동(遠東)."
    },
    "극동국제군사재판": {
        "word": "극동국제군사재판",
        "chosung": "ㄱㄷㄱㅈㄱㅅㅈㅍ",
        "type": "명사",
        "mean": "포츠담 선언에 따라 제이 차 세계 대전 때 일본의 주요 전쟁 범죄자에 대해 행한 재판. 1946년에 연합국 최고 사령관의 명령으로 도쿄에 설치하여 미국, 영국, 중국, 소련, 캐나다, 오스트레일리아, 뉴질랜드, 프랑스, 인도, 필리핀, 네덜란드에서 11명의 재판관이 나와 일본 전범자(戰犯者) 도조 히데키(東條英機) 외 25명을 재판하였는데, 1946년 5월에 개정하여 1948년에 판결을 내렸다. ≒도쿄 재판."
    },
    "극동기": {
        "word": "극동기",
        "chosung": "ㄱㄷㄱ",
        "type": "명사",
        "mean": "［북한어］ 최대로 얼리는 기계나 장치."
    },
    "극동선수권대회": {
        "word": "극동선수권대회",
        "chosung": "ㄱㄷㅅㅅㄱㄷㅎ",
        "type": "명사",
        "mean": "極東選手權大會 1913년에 동양 여러 나라의 체육을 장려하기 위하여 필리핀 체육 협회의 주창으로 발족한 경기 대회. 1934년 제10회까지 계속되었다."
    },
    "극동식배구": {
        "word": "극동식배구",
        "chosung": "ㄱㄷㅅㅂㄱ",
        "type": "명사",
        "mean": "極東式排球 9명을 한 조로 하는 배구. 아시아 지역에서 주로 하며 1세트가 21점이다. ≒구인조 배구."
    },
    "극동위원회": {
        "word": "극동위원회",
        "chosung": "ㄱㄷㅇㅇㅎ",
        "type": "명사",
        "mean": "제이 차 세계 대전에서 항복한 일본을 강화 조약이 성립될 때까지 관리하기 위하여 설치한, 연합국의 최고 결정 기관. 1945년 12월 미국, 영국, 소련의 외상 회의의 결정에 의하여 워싱턴에 설치되었다가 대일 강화 조약이 발효됨과 동시에 해체되었다."
    },
    "극동풍": {
        "word": "극동풍",
        "chosung": "ㄱㄷㅍ",
        "type": "명사",
        "mean": "위도 60도 이상의 극지방에서 발생하는 고기압으로부터 불어 나오는 차가운 바람. 지구의 자전 때문에 생기며 극전선의 원천이 된다. ≒극풍(極風)."
    },
    "극동학원": {
        "word": "극동학원",
        "chosung": "ㄱㄷㅎㅇ",
        "type": "명사",
        "mean": "=원동 박고원."
    },
    "극동해파리": {
        "word": "극동해파리",
        "chosung": "ㄱㄷㅎㅍㄹ",
        "type": "명사",
        "mean": "바다에 사는 자포동물의 하나. 갓의 너비는 30~40cm이고 약간 둥그스름하다. 여러 개의 주연체가 있으며 갓의 가운데 부분에 네 개의 고리 모양 생식샘이 있다. 갓은 투명한 연푸른색이다. 주로 오호츠크 해, 베링 해 등지에 분포한다."
    },
    "극락": {
        "word": "극락",
        "chosung": "ㄱㄹ",
        "type": "명사",
        "mean": "1. 더없이 안락해서 아무 걱정이 없는 경우와 처지. 또는 그런 장소."
    },
    "극락계": {
        "word": "극락계",
        "chosung": "ㄱㄹㄱ",
        "type": "명사",
        "mean": "=극락(極樂 ) ."
    },
    "극락길": {
        "word": "극락길",
        "chosung": "ㄱㄹㄱ",
        "type": "명사",
        "mean": "1. 극락세계로 가는 길. 2. 극락세계로 가는 도리와 방법."
    },
    "극락대": {
        "word": "극락대",
        "chosung": "ㄱㄹㄷ",
        "type": "명사",
        "mean": "극락정토에 있다는 연화대."
    },
    "극락동문": {
        "word": "극락동문",
        "chosung": "ㄱㄹㄷㅁ",
        "type": "명사",
        "mean": "극락의 동쪽 문. 이 세계에서 서쪽으로 가면 극락세계로부터 동쪽의 인간 세계를 향하여 열려 있다고 한다."
    },
    "극락만다라": {
        "word": "극락만다라",
        "chosung": "ㄱㄹㅁㄷㄹ",
        "type": "명사",
        "mean": "극락을 그림으로 나타낸 만다라. ≒정토 만다라."
    },
    "극락발원": {
        "word": "극락발원",
        "chosung": "ㄱㄹㅂㅇ",
        "type": "명사",
        "mean": "극락에 가기를 바라는 서원(誓願)."
    },
    "극락세계": {
        "word": "극락세계",
        "chosung": "ㄱㄹㅅㄱ",
        "type": "명사",
        "mean": "=극락(極樂 ) ."
    },
    "극락안양정토": {
        "word": "극락안양정토",
        "chosung": "ㄱㄹㅇㅇㅈㅌ",
        "type": "명사",
        "mean": "=극락(極樂 ) ."
    },
    "극락어": {
        "word": "극락어",
        "chosung": "ㄱㄹㅇ",
        "type": "명사",
        "mean": "=패러다이스피시."
    },
    "극락영": {
        "word": "극락영",
        "chosung": "ㄱㄹㅇ",
        "type": "명사",
        "mean": "극락왕생을 빌고 염불한 사람의 임종에 극락정토로부터 아미타불이 와서 맞이하는 일."
    },
    "극락왕생": {
        "word": "극락왕생",
        "chosung": "ㄱㄹㅇㅅ",
        "type": "명사",
        "mean": "죽어서 극락세계에 다시 태어남. ≒안양왕생·왕생극락·정토왕생."
    },
    "극락원": {
        "word": "극락원",
        "chosung": "ㄱㄹㅇ",
        "type": "명사",
        "mean": "극락정토에 왕생하고 싶다는 소원."
    },
    "극락장엄": {
        "word": "극락장엄",
        "chosung": "ㄱㄹㅈㅇ",
        "type": "명사",
        "mean": "극락이 아름답게 장식되어 화려하고 엄숙함."
    },
    "극락전": {
        "word": "극락전",
        "chosung": "ㄱㄹㅈ",
        "type": "명사",
        "mean": "아미타불을 본존(本尊)으로 모신 법당."
    },
    "극락정토": {
        "word": "극락정토",
        "chosung": "ㄱㄹㅈㅌ",
        "type": "명사",
        "mean": "=극락 ."
    },
    "극락조": {
        "word": "극락조",
        "chosung": "ㄱㄹㅈ",
        "type": "명사",
        "mean": "참새목 풍조과의 새를 통틀어 이르는 말. 부리와 꽁지가 길며, 수컷은 몸의 빛깔이 화려하고 여러 가지 동작으로 구애의 춤을 춘다. 40여 종이 뉴기니에 분포한다. ≒풍조(風鳥)."
    },
    "극락조자리": {
        "word": "극락조자리",
        "chosung": "ㄱㄹㅈㅈㄹ",
        "type": "명사",
        "mean": "천구(天球)의 남극 가까이에 있는 극락조 모양의 별자리. 주성(主星)은 알파성을 포함한 4개의 4등성으로 이루어져 있다. 우리나라에서는 보이지 않는다. ≒풍조자리·풍조좌."
    },
    "극락조화": {
        "word": "극락조화",
        "chosung": "ㄱㄹㅈㅎ",
        "type": "명사",
        "mean": "파초과의 여러해살이풀. 높이는 1~2미터이며, 뿌리는 굵고 줄기는 없다. 잎은 타원형이며 잎자루가 길다. 누렇거나 붉은 자주색의 꽃이 꽃줄기 끝에 피는데 새가 날개를 편 듯한 모양이다. 남아프리카 희망봉이 원산지이다. (Strelitzia reginae)"
    },
    "극량": {
        "word": "극량",
        "chosung": "ㄱㄹ",
        "type": "명사",
        "mean": "위험이 없이 한 번 또는 하루에 사용할 수 있는 약의 최대 분량."
    },
    "극려": {
        "word": "극려",
        "chosung": "ㄱㄹ",
        "type": "명사",
        "mean": "極麗 '극려하다'의 어근."
    },
    "극력": {
        "word": "극력",
        "chosung": "ㄱㄹ",
        "type": "명사",
        "mean": " 있는 힘을 아끼지 않고 다함. 또는 그 힘."
    },
    "극력갈진": {
        "word": "극력갈진",
        "chosung": "ㄱㄹㄱㅈ",
        "type": "명사",
        "mean": "［북한어］ 있는 힘을 남김없이 다함."
    },
    "극렬": {
        "word": "극렬",
        "chosung": "ㄱㄹ",
        "type": "명사",
        "mean": " 매우 열렬하거나 맹렬함."
    },
    "극렬분자": {
        "word": "극렬분자",
        "chosung": "ㄱㄹㅂㅈ",
        "type": "명사",
        "mean": " 사상이나 행동 따위가 매우 과격한 사람을 낮잡아 이르는 말."
    },
    "극렬화": {
        "word": "극렬화",
        "chosung": "ㄱㄹㅎ",
        "type": "명사",
        "mean": " 지나칠 정도로 매우 맹렬하게 됨."
    },
    "극로": {
        "word": "극로",
        "chosung": "ㄱㄹ",
        "type": "명사",
        "mean": "極老 '극로하다'의 어근."
    },
    "극론": {
        "word": "극론",
        "chosung": "ㄱㄹ",
        "type": "명사",
        "mean": "1. 지나치게 심한 말이나 논의. 2. 철저하게 논함. 3. =극단론."
    },
    "극류": {
        "word": "극류",
        "chosung": "ㄱㄹ",
        "type": "명사",
        "mean": "남북의 양 극지방에서 적도 쪽으로 흐르는 한류."
    },
    "극류도장": {
        "word": "극류도장",
        "chosung": "ㄱㄹㄷㅈ",
        "type": "명사",
        "mean": " 벼슬아치가 마땅히 관아에 바쳐야 할 장물(贓物)의 일부를 빼돌리는 짓."
    },
    "극률": {
        "word": "극률",
        "chosung": "ㄱㄹ",
        "type": "명사",
        "mean": "사형과 같은 극한 형벌에 해당하는 죄를 정한 법률."
    },
    "극률부도": {
        "word": "극률부도",
        "chosung": "ㄱㄹㅂㄷ",
        "type": "명사",
        "mean": "［북한어］ 극형을 받아야 할 정도로 도리에 어긋난 행위."
    },
    "극릉": {
        "word": "극릉",
        "chosung": "ㄱㄹ",
        "type": "명사",
        "mean": "추(錐) 모양의 결정에서 위아래 방향에 어긋나게 축에 교차되는 모서리."
    },
    "극리지간": {
        "word": "극리지간",
        "chosung": "ㄱㄹㅈㄱ",
        "type": "명사",
        "mean": " 걸어다니는 동안."
    },
    "극막": {
        "word": "극막",
        "chosung": "ㄱㅁ",
        "type": "명사",
        "mean": "《연영》연극에서 무대를 가리는 데 쓰는 막."
    },
    "극망원경": {
        "word": "극망원경",
        "chosung": "ㄱㅁㅇㄱ",
        "type": "명사",
        "mean": "세차(歲差)나 장동을 관측하기 위하여 천구(天球)의 극을 향해 고정시킨 망원경."
    },
    "극맹": {
        "word": "극맹",
        "chosung": "ㄱㅁ",
        "type": "명사",
        "mean": "劇猛 '극맹하다'의 어근."
    },
    "극면": {
        "word": "극면",
        "chosung": "ㄱㅁ",
        "type": "명사",
        "mean": "이차 곡면 위에 있지 않은 어떤 점에서, 이 곡면에 그은 접선의 접점으로 이루어진 곡선을 지나는 평면. ≒극평면."
    },
    "극명": {
        "word": "극명",
        "chosung": "ㄱㅁ",
        "type": "명사",
        "mean": "1. 속속들이 똑똑하게 밝힘. 2. 매우 분명함."
    },
    "극명성": {
        "word": "극명성",
        "chosung": "ㄱㅁㅅ",
        "type": "명사",
        "mean": " 더없이 자세하고 분명한 특성."
    },
    "극모": {
        "word": "극모",
        "chosung": "ㄱㅁ",
        "type": "명사",
        "mean": "=성상체(星狀體)."
    },
    "극목": {
        "word": "극목",
        "chosung": "ㄱㅁ",
        "type": "명사",
        "mean": " 시력이 미치는 데까지 봄."
    },
    "극묘": {
        "word": "극묘",
        "chosung": "ㄱㅁ",
        "type": "명사",
        "mean": "極妙 '극묘하다'의 어근."
    },
    "극무": {
        "word": "극무",
        "chosung": "ㄱㅁ",
        "type": "명사",
        "mean": " 매우 바쁘고 힘든 사무."
    },
    "극문": {
        "word": "극문",
        "chosung": "ㄱㅁ",
        "type": "명사",
        "mean": " 급히 물음."
    },
    "극문학": {
        "word": "극문학",
        "chosung": "ㄱㅁㅎ",
        "type": "명사",
        "mean": "무대 공연이나 상영을 목적으로 하는 문학. 희곡, 각본, 시나리오 따위가 있다."
    },
    "극문화": {
        "word": "극문화",
        "chosung": "ㄱㅁㅎ",
        "type": "명사",
        "mean": " 극 예술 분야에서 이룩한 모든 예술적·기술적·이론적 성과를 통틀어 이르는 말."
    },
    "극물": {
        "word": "극물",
        "chosung": "ㄱㅁ",
        "type": "명사",
        "mean": " 극약에 버금가는 정도의 독성을 지닌 비의약품."
    },
    "극미": {
        "word": "극미",
        "chosung": "ㄱㅁ",
        "type": "명사",
        "mean": "極美 '극미하다'의 어근."
    },
    "극미량": {
        "word": "극미량",
        "chosung": "ㄱㅁㄹ",
        "type": "명사",
        "mean": " 더할 수 없이 적고 보잘것없는 분량."
    },
    "극미소지진": {
        "word": "극미소지진",
        "chosung": "ㄱㅁㅅㅈㅈ",
        "type": "명사",
        "mean": "진도 1 미만의 지진. 사람들이 잘 느끼지는 못하지만 지진대 안에서는 수없이 많이 일어나고 있다."
    },
    "극바람": {
        "word": "극바람",
        "chosung": "ㄱㅂㄹ",
        "type": "명사",
        "mean": "'극풍(極風)'의 북한어."
    },
    "극반경": {
        "word": "극반경",
        "chosung": "ㄱㅂㄱ",
        "type": "명사",
        "mean": "=극반지름."
    },
    "극반동": {
        "word": "극반동",
        "chosung": "ㄱㅂㄷ",
        "type": "명사",
        "mean": "［북한어］ 가장 악질적인 반동. 또는 극도의 반동."
    },
    "극반지름": {
        "word": "극반지름",
        "chosung": "ㄱㅂㅈㄹ",
        "type": "명사",
        "mean": "지구의 중심에서 북극 또는 남극을 이은 선. 길이는 약 6,357km이다. ≒극반경."
    },
    "극방": {
        "word": "극방",
        "chosung": "ㄱㅂ",
        "type": "명사",
        "mean": " 세 군데로 통하는 길."
    },
    "극방사": {
        "word": "극방사",
        "chosung": "ㄱㅂㅅ",
        "type": "명사",
        "mean": "=성상체."
    },
    "극방위도법": {
        "word": "극방위도법",
        "chosung": "ㄱㅂㅇㄷㅂ",
        "type": "명사",
        "mean": "=극도법."
    },
    "극방정식": {
        "word": "극방정식",
        "chosung": "ㄱㅂㅈㅅ",
        "type": "명사",
        "mean": "《수학》극좌표를 써서 직선, 곡선, 곡면 따위를 나타낸 방정식. 예를 들면, 평면 위의 직선의 극방정식은 rcos(θ-ω)=ρ이다."
    },
    "극배경방식": {
        "word": "극배경방식",
        "chosung": "ㄱㅂㄱㅂㅅ",
        "type": "명사",
        "mean": "쏠림빛을 이용하여 화면의 이동 효과를 표시하는 방식. 텔레비전에서 일기 예보를 할 때 비나 태양의 모양을 점이 움직이는 것처럼 보이게 하는 것 따위이다."
    },
    "극번": {
        "word": "극번",
        "chosung": "ㄱㅂ",
        "type": "명사",
        "mean": "劇繁 '극번하다'의 어근."
    },
    "극벌원욕": {
        "word": "극벌원욕",
        "chosung": "ㄱㅂㅇㅇ",
        "type": "명사",
        "mean": " 이기고자 하며, 제 자랑하기를 좋아하며, 원망하고 화를 내며, 탐욕하는 네 가지 나쁜 행위를 아울러 이르는 말."
    },
    "극변": {
        "word": "극변",
        "chosung": "ㄱㅂ",
        "type": "명사",
        "mean": " 중심이 되는 곳에서 아주 멀리 떨어져 있는 변경."
    },
    "극변원찬": {
        "word": "극변원찬",
        "chosung": "ㄱㅂㅇㅊ",
        "type": "명사",
        "mean": " 중심이 되는 곳에서 아주 멀리 떨어져 있는 변경으로 귀양을 보냄."
    },
    "극복": {
        "word": "극복",
        "chosung": "ㄱㅂ",
        "type": "명사",
        "mean": "1. 악조건이나 고생 따위를 이겨 냄."
    },
    "극본": {
        "word": "극본",
        "chosung": "ㄱㅂ",
        "type": "명사",
        "mean": "=각본(脚本) ."
    },
    "극부통풍기": {
        "word": "극부통풍기",
        "chosung": "ㄱㅂㅌㅍㄱ",
        "type": "명사",
        "mean": "한 구멍으로 뚫려 있는 막장에서 공기가 흐르도록 하는 기계. 2. 《기계》'축류 송풍기'의 북한어."
    },
    "극북": {
        "word": "극북",
        "chosung": "ㄱㅂ",
        "type": "명사",
        "mean": " 북쪽의 맨끝. ≒궁북(窮北)."
    },
    "극북어": {
        "word": "극북어",
        "chosung": "ㄱㅂㅇ",
        "type": "명사",
        "mean": "연해주에서 아시아 북동쪽에 걸쳐 분포하는 여러 민족의 언어를 통틀어 이르는 말. 길랴크 어, 유카기르 어 등이 있다."
    },
    "극북족": {
        "word": "극북족",
        "chosung": "ㄱㅂㅈ",
        "type": "명사",
        "mean": " 극북어를 사용하는 종족."
    },
    "극북지방": {
        "word": "극북지방",
        "chosung": "ㄱㅂㅈㅂ",
        "type": "명사",
        "mean": "=북극 지방."
    },
    "극비": {
        "word": "극비",
        "chosung": "ㄱㅂ",
        "type": "명사",
        "mean": " =극비밀."
    },
    "극비리": {
        "word": "극비리",
        "chosung": "ㄱㅂㄹ",
        "type": "명사",
        "mean": "｛ 주로 '극비리에' 꼴로 쓰여｝ =극비밀리."
    },
    "극비밀": {
        "word": "극비밀",
        "chosung": "ㄱㅂㅁ",
        "type": "명사",
        "mean": " 절대 알려져서는 안되는 중요한 일. ≒극비(極□)."
    },
    "극비밀리": {
        "word": "극비밀리",
        "chosung": "ㄱㅂㅁㄹ",
        "type": "명사",
        "mean": "｛ 주로 '극비밀리에' 꼴로 쓰여｝ 다른 사람들에게는 전혀 알려지지 않은 가운데. ≒극비리."
    },
    "극비칭": {
        "word": "극비칭",
        "chosung": "ㄱㅂㅊ",
        "type": "명사",
        "mean": "=아주낮춤 ."
    },
    "극빈": {
        "word": "극빈",
        "chosung": "ㄱㅂ",
        "type": "명사",
        "mean": " 몹시 가난함."
    },
    "극빈자": {
        "word": "극빈자",
        "chosung": "ㄱㅂㅈ",
        "type": "명사",
        "mean": " 몹시 가난한 사람."
    },
    "극빙": {
        "word": "극빙",
        "chosung": "ㄱㅂ",
        "type": "명사",
        "mean": "만들어진 지 일 년 이상이 되고 두께가 3미터를 넘는 바다 얼음."
    },
    "극사": {
        "word": "극사",
        "chosung": "ㄱㅅ",
        "type": "명사",
        "mean": "유사 분열 때에, 중심체를 둘러싸는 중심점에서 나와 극낭 속에 나선상으로 말려 있는 긴 실."
    },
    "극사극치": {
        "word": "극사극치",
        "chosung": "ㄱㅅㄱㅊ",
        "type": "명사",
        "mean": " 더할 수 없이 매우 사치함."
    },
    "극사면체": {
        "word": "극사면체",
        "chosung": "ㄱㅅㅁㅊ",
        "type": "명사",
        "mean": "각 꼭짓점이 어느 이차 곡면의 극점인 사면체."
    },
    "극사실주의": {
        "word": "극사실주의",
        "chosung": "ㄱㅅㅅㅈㅇ",
        "type": "명사",
        "mean": "팝 아트 이후 1960년대 후반에 미국에서 일어난 미술 경향. 주로 일상적인 현실을 극히 생생하고 완벽하게 묘사하는 것을 특징으로 한다. ≒슈퍼리얼리즘."
    },
    "극사영": {
        "word": "극사영",
        "chosung": "ㄱㅅㅇ",
        "type": "명사",
        "mean": "=입체 투영."
    },
    "극산병": {
        "word": "극산병",
        "chosung": "ㄱㅅㅂ",
        "type": "명사",
        "mean": "해발 500미터 이상 되는 일부 산악 지대에서 볼 수 있는, 심근이 썩는 심장병. 미량 원소·비타민·필수 아미노산 따위가 모자랄 때 오는 것으로, 급성·만성·잠재형이 있다."
    },
    "극삼각형": {
        "word": "극삼각형",
        "chosung": "ㄱㅅㄱㅎ",
        "type": "명사",
        "mean": "구면 삼각형에서 각 변의 두 극 가운데 맞은쪽 꼭짓점과 같은 쪽에 있는 극을 대원의 호로 이어서 얻은 구면 삼각형을, 본래의 구면 삼각형에 상대하여 이르는 말."
    },
    "극상": {
        "word": "극상",
        "chosung": "ㄱㅅ",
        "type": "명사",
        "mean": "식물이 외계의 영향을 받아 변화하다가 최후로 그 지점에서의 생태적 조건에 가장 적합한 식물군을 이룬 안정된 상태. ≒안정기(安定期) ."
    },
    "극상등": {
        "word": "극상등",
        "chosung": "ㄱㅅㄷ",
        "type": "명사",
        "mean": " 가장 높은 등급."
    },
    "극상림": {
        "word": "극상림",
        "chosung": "ㄱㅅㄹ",
        "type": "명사",
        "mean": "기후 조건이 가장 적합한 안정된 지역에서 극상에 이르렀다고 간주되는 숲. 너도밤나무 숲, 구실잣밤나무 숲 따위이다."
    },
    "극상품": {
        "word": "극상품",
        "chosung": "ㄱㅅㅍ",
        "type": "명사",
        "mean": " 가장 좋은 품질. 또는 그런 물건. ≒극품(極品)."
    },
    "극생활": {
        "word": "극생활",
        "chosung": "ㄱㅅㅎ",
        "type": "명사",
        "mean": "문학 예술 작품에서, 인물들의 대립과 투쟁 또는 극적 정서를 불러일으키는 이야기로 엮어진 생활."
    },
    "극서": {
        "word": "극서",
        "chosung": "ㄱㅅ",
        "type": "명사",
        "mean": " 서쪽의 맨 끝."
    },
    "극선": {
        "word": "극선",
        "chosung": "ㄱㅅ",
        "type": "명사",
        "mean": " =극택(極擇)."
    },
    "극선일지": {
        "word": "극선일지",
        "chosung": "ㄱㅅㅇㅈ",
        "type": "명사",
        "mean": "의 표제(標題). 진(晉)나라의 극선(□詵)이 무제(武帝)에게 대답하기를, 자기의 대책은 천하제일이라고 하나 계림(桂林)의 한낱 가지요 쿤산(崑山) 산의 옥 조각에 지나지 않는다고 한 데서 유래한다."
    },
    "극성": {
        "word": "극성",
        "chosung": "ㄱㅅ",
        "type": "명사",
        "mean": "더할 나위 없는 성인이라는 뜻으로, '부처'를 이르는 말."
    },
    "극성결합": {
        "word": "극성결합",
        "chosung": "ㄱㅅㄱㅎ",
        "type": "명사",
        "mean": "전기 음성도가 서로 다른 원자 사이에 이루어지는 결합. 공유 전자가 전기 음성도가 큰 원자 쪽으로 쏠려 있어 한 원자는 양전하, 다른 한 원자는 음전하를 띤다. 물 분자나 염화수소 분자 따위에서 볼 수 있다."
    },
    "극성계전기": {
        "word": "극성계전기",
        "chosung": "ㄱㅅㄱㅈㄱ",
        "type": "명사",
        "mean": "신호 전압과 전류의 극성에 따라 가동 철편의 움직이는 방향이 바뀌는 계전기. 자동화 장치, 계전 보호 장치, 통신 장치 따위에 많이 쓰인다."
    },
    "극성고무": {
        "word": "극성고무",
        "chosung": "ㄱㅅㄱㅁ",
        "type": "명사",
        "mean": "분자 안에 극성 원자단을 가지며 쌍극자 능률이 큰 고무. 기름과 열에 잘 견딘다."
    },
    "극성기": {
        "word": "극성기",
        "chosung": "ㄱㅅㄱ",
        "type": "명사",
        "mean": " 몹시 왕성한 시기."
    },
    "극성떨다": {
        "word": "극성떨다",
        "chosung": "ㄱㅅㄸㄷ",
        "type": "동사",
        "mean": " 몹시 드세거나 지나치게 적극적으로 행동하다. ≒극성부리다."
    },
    "극성뗑이": {
        "word": "극성뗑이",
        "chosung": "ㄱㅅㄸㅇ",
        "type": "명사",
        "mean": " =극성쟁이."
    },
    "극성령": {
        "word": "극성령",
        "chosung": "ㄱㅅㄹ",
        "type": "명사",
        "mean": "평안북도 희천군 서면과 초산군 도원면 사이에 있는 고개. 높이는 654미터."
    },
    "극성맞다": {
        "word": "극성맞다",
        "chosung": "ㄱㅅㅁㄷ",
        "type": "형용사",
        "mean": " 성질이나 행동이 몹시 드세거나 지나치게 적극적이다."
    },
    "극성법칙": {
        "word": "극성법칙",
        "chosung": "ㄱㅅㅂㅊ",
        "type": "명사",
        "mean": "태양 흑점의 자기 극성이 22년을 주기로 변한다는 법칙. 이 법칙은 태양 자기 마당의 구조와 태양이 지구에 미치는 영향을 연구하는 데 이용된다."
    },
    "극성병": {
        "word": "극성병",
        "chosung": "ㄱㅅㅂ",
        "type": "명사",
        "mean": " 지독하고 심한 병증."
    },
    "극성부리다": {
        "word": "극성부리다",
        "chosung": "ㄱㅅㅂㄹㄷ",
        "type": "동사",
        "mean": " =극성떨다."
    },
    "극성분자": {
        "word": "극성분자",
        "chosung": "ㄱㅅㅂㅈ",
        "type": "명사",
        "mean": "분자 내부에서 전하의 전기 쌍극자 모멘트를 갖는 분자. 물, 암모니아, 에틸알코올, 염화수소, 아세톤 따위의 분자가 이에 속한다. ≒유극성 분자."
    },
    "극성스럽다": {
        "word": "극성스럽다",
        "chosung": "ㄱㅅㅅㄹㄷ",
        "type": "형용사",
        "mean": " 성질이나 행동이 몹시 드세거나 지나치게 적극적인 데가 있다."
    },
    "극성용매": {
        "word": "극성용매",
        "chosung": "ㄱㅅㅇㅁ",
        "type": "명사",
        "mean": "분자 구조 자체가 영구적인 전기적 쌍극자로 되어 있는 용매. 용매에 비하여 투전율이 크다. 물, 에틸알코올, 액체 암모니아, 빙초산, 아세톤 따위가 있다."
    },
    "극성위도법": {
        "word": "극성위도법",
        "chosung": "ㄱㅅㅇㄷㅂ",
        "type": "명사",
        "mean": "극성의 고도를 재어 그 지점의 위도를 산출하는 방법."
    },
    "극성쟁이": {
        "word": "극성쟁이",
        "chosung": "ㄱㅅㅈㅇ",
        "type": "명사",
        "mean": " 성질이나 행동이 몹시 드세거나 지나치게 적극적인 사람을 낮잡아 이르는 말. ≒극성뗑이."
    },
    "극성즉패": {
        "word": "극성즉패",
        "chosung": "ㄱㅅㅈㅍ",
        "type": "명사",
        "mean": " 몹시 왕성하면 얼마 가지 못해서 패망함. ≒극성지패."
    },
    "극성지패": {
        "word": "극성지패",
        "chosung": "ㄱㅅㅈㅍ",
        "type": "명사",
        "mean": " =극성즉패."
    },
    "극성팬": {
        "word": "극성팬",
        "chosung": "ㄱㅅㅍ",
        "type": "명사",
        "mean": " 운동 경기, 영화, 음악 따위에 지나치게 적극적이거나 열광적인 애호가."
    },
    "극성표시회로": {
        "word": "극성표시회로",
        "chosung": "ㄱㅅㅍㅅㅎㄹ",
        "type": "명사",
        "mean": "입구 신호 전압의 극성을 알아내어 표시판에 지시하는 회로."
    },
    "극성화합물": {
        "word": "극성화합물",
        "chosung": "ㄱㅅㅎㅎㅁ",
        "type": "명사",
        "mean": "극성을 가지고 있는 화합물. 물, 염화수소 따위가 있다."
    },
    "극성효과": {
        "word": "극성효과",
        "chosung": "ㄱㅅㅎㄱ",
        "type": "명사",
        "mean": "극성 화합물 분자의 물리 화학적 성질이 정전기의 영향을 받는 현상. 분자를 이루고 있는 원자의 전기 음성도의 차이, 공명 따위에 의하여 생긴다."
    },
    "극성흡착": {
        "word": "극성흡착",
        "chosung": "ㄱㅅㅎㅊ",
        "type": "명사",
        "mean": "강전해질이 용액에서 고체 표면이나 용액 표면에 흡착될 때에, 양이온과 음이온이 서로 당량 관계로 흡착되지 않는 현상."
    },
    "극세": {
        "word": "극세",
        "chosung": "ㄱㅅ",
        "type": "명사",
        "mean": "極細 '극세하다'의 어근."
    },
    "극세계": {
        "word": "극세계",
        "chosung": "ㄱㅅㄱ",
        "type": "명사",
        "mean": "［북한어］ 극작품이 보여 주는 사상이나 정신."
    },
    "극세말": {
        "word": "극세말",
        "chosung": "ㄱㅅㅁ",
        "type": "명사",
        "mean": " 매우 곱고 보드랍게 만든 가루."
    },
    "극세포": {
        "word": "극세포",
        "chosung": "ㄱㅅㅍ",
        "type": "명사",
        "mean": "1. 환형동물과 연체동물의 발생 과정에서 나타나는 큰 세포. 2. 곤충의 초기 발생 과정에서 생식 세포를 만드는 큰 세포."
    },
    "극소": {
        "word": "극소",
        "chosung": "ㄱㅅ",
        "type": "명사",
        "mean": " 끝닿은 곳."
    },
    "극소감각": {
        "word": "극소감각",
        "chosung": "ㄱㅅㄱㄱ",
        "type": "명사",
        "mean": "느낄 수 있는 가장 약한 감각."
    },
    "극소값": {
        "word": "극소값",
        "chosung": "ㄱㅅㄱ",
        "type": "명사",
        "mean": "'극솟값'의 북한어."
    },
    "극소국가": {
        "word": "극소국가",
        "chosung": "ㄱㅅㄱㄱ",
        "type": "명사",
        "mean": "국토가 좁고 인구가 아주 적은 나라. 모나코, 리히텐슈타인, 서사모아, 나우루 따위가 있다."
    },
    "극소량": {
        "word": "극소량",
        "chosung": "ㄱㅅㄹ",
        "type": "명사",
        "mean": " 아주 적은 분량."
    },
    "극소수": {
        "word": "극소수",
        "chosung": "ㄱㅅㅅ",
        "type": "명사",
        "mean": " 아주 작은 수."
    },
    "극소점": {
        "word": "극소점",
        "chosung": "ㄱㅅㅈ",
        "type": "명사",
        "mean": "어느 함수의 극솟값을 나타내는 점."
    },
    "극소체": {
        "word": "극소체",
        "chosung": "ㄱㅅㅊ",
        "type": "명사",
        "mean": "=이염소체."
    },
    "극소치": {
        "word": "극소치",
        "chosung": "ㄱㅅㅊ",
        "type": "명사",
        "mean": "=극솟값."
    },
    "극소품": {
        "word": "극소품",
        "chosung": "ㄱㅅㅍ",
        "type": "명사",
        "mean": "비교적 간단한 사실과 사건을 내용으로 하는 짧은 극. 막간극, 촌극 따위를 이른다."
    },
    "극소현상": {
        "word": "극소현상",
        "chosung": "ㄱㅅㅎㅅ",
        "type": "명사",
        "mean": "폴라로그래피에서, 어떤 전압에서 전류의 세기가 갑자기 작아지는 현상."
    },
    "극소형로보트": {
        "word": "극소형로보트",
        "chosung": "ㄱㅅㅎㄹㅂㅌ",
        "type": "명사",
        "mean": "0.1kg 이하의 물건을 다룰 수 있고, 작업 구역이 0.1㎥ 이하인 아주 작은 로봇. ※ 극소형 로봇."
    },
    "극소형전자계산기": {
        "word": "극소형전자계산기",
        "chosung": "ㄱㅅㅎㅈㅈㄱㅅㄱ",
        "type": "명사",
        "mean": "'마이크로컴퓨터'의 북한어."
    },
    "극소형처리소자": {
        "word": "극소형처리소자",
        "chosung": "ㄱㅅㅎㅊㄹㅅㅈ",
        "type": "명사",
        "mean": "'마이크로프로세서'의 북한어."
    },
    "극소화": {
        "word": "극소화",
        "chosung": "ㄱㅅㅎ",
        "type": "명사",
        "mean": " 아주 적어짐. 또는 아주 적게 함."
    },
    "극솟값": {
        "word": "극솟값",
        "chosung": "ㄱㅅㄱ",
        "type": "명사",
        "mean": "《수학》어떤 함수가 극소일 때의 함숫값. ≒극소치."
    },
    "극쇠갈매기": {
        "word": "극쇠갈매기",
        "chosung": "ㄱㅅㄱㅁㄱ",
        "type": "명사",
        "mean": "갈매깃과의 새. 갈매기와 비슷한데 날개는 비교적 길고, 꼬리는 제비 꼬리와 비슷하다. 몸은 연한 잿빛, 머리는 검은색, 부리는 붉은색이다. 유럽, 아메리카의 북쪽 추운 지방에 분포한다."
    },
    "극수": {
        "word": "극수",
        "chosung": "ㄱㅅ",
        "type": "명사",
        "mean": "=고갱이 ."
    },
    "극수찬관": {
        "word": "극수찬관",
        "chosung": "ㄱㅅㅊㄱ",
        "type": "명사",
        "mean": "고려 충숙왕 12년(1325)에 춘추관에 둔 벼슬. 삼품 이하의 벼슬아치로 임명하였으며, 춘추관의 중추적인 기능을 담당하였다."
    },
    "극순": {
        "word": "극순",
        "chosung": "ㄱㅅ",
        "type": "명사",
        "mean": " 창과 방패를 아울러 이르는 말."
    },
    "극순환": {
        "word": "극순환",
        "chosung": "ㄱㅅㅎ",
        "type": "명사",
        "mean": "대기 대순환의 한 부분. 북위 60도 이북과 남위 60도 이남의 극지방에서 일어나는 대기 흐름의 상태이다."
    },
    "극승": {
        "word": "극승",
        "chosung": "ㄱㅅ",
        "type": "명사",
        "mean": "［북한어］ 이기기 어려운 것을 잘 이겨 냄."
    },
    "극시": {
        "word": "극시",
        "chosung": "ㄱㅅ",
        "type": "명사",
        "mean": "1. 희곡 형식으로 된 시. 서정시, 서사시와 더불어 시의 3대 장르의 하나로 전편이 운문체의 대사로 이루어진다. 괴테의 《파우스트》가 여기에 속한다. 2. 연극의 형식을 취하거나 극적 구성을 가지고 있는 장편의 시."
    },
    "극심": {
        "word": "극심",
        "chosung": "ㄱㅅ",
        "type": "명사",
        "mean": "極甚/劇甚 '극심하다'의 어근."
    },
    "극심스럽다": {
        "word": "극심스럽다",
        "chosung": "ㄱㅅㅅㄹㄷ",
        "type": "형용사",
        "mean": " 보기에 매우 심한 데가 있다."
    },
    "극악": {
        "word": "극악",
        "chosung": "ㄱㅇ",
        "type": "명사",
        "mean": "1. 마음씨나 행동이 더할 나위 없이 악함. 2. 가장 나쁨."
    },
    "극악무도": {
        "word": "극악무도",
        "chosung": "ㄱㅇㅁㄷ",
        "type": "명사",
        "mean": " 더할 나위 없이 악하고 도리에 완전히 어긋나 있음."
    },
    "극악봉": {
        "word": "극악봉",
        "chosung": "ㄱㅇㅂ",
        "type": "명사",
        "mean": " 매우 험악한 산봉우리."
    },
    "극악인": {
        "word": "극악인",
        "chosung": "ㄱㅇㅇ",
        "type": "명사",
        "mean": " 더할 나위 없이 악한 사람."
    },
    "극야": {
        "word": "극야",
        "chosung": "ㄱㅇ",
        "type": "명사",
        "mean": "겨울철 고위도 지방이나 극점 지방에서 추분부터 춘분 사이에 오랫동안 해가 뜨지 않고 밤만 계속되는 상태."
    },
    "극야제트": {
        "word": "극야제트",
        "chosung": "ㄱㅇㅈㅌ",
        "type": "명사",
        "mean": "겨울에 극지방의 상공 25km 부근에서 부는 강한 서풍. 최대 풍속은 초속 100미터에 이르며, 여름에는 소멸한다."
    },
    "극약": {
        "word": "극약",
        "chosung": "ㄱㅇ",
        "type": "명사",
        "mean": "1. 《약학》독약보다는 약하나 적은 분량으로 사람이나 동물에게 위험을 줄 수 있는 약품. 산토닌, 카페인 따위가 있다."
    },
    "극양": {
        "word": "극양",
        "chosung": "ㄱㅇ",
        "type": "명사",
        "mean": "남극이나 북극에 가까운 바다."
    },
    "극양포경": {
        "word": "극양포경",
        "chosung": "ㄱㅇㅍㄱ",
        "type": "명사",
        "mean": " 남극이나 북극에 가까운 바다에서 이루어지는 고래잡이. 모선식 어업의 형태를 띤다."
    },
    "극어": {
        "word": "극어",
        "chosung": "ㄱㅇ",
        "type": "명사",
        "mean": " 과격한 말."
    },
    "극어류": {
        "word": "극어류",
        "chosung": "ㄱㅇㄹ",
        "type": "명사",
        "mean": "어류의 한 목. 고생대의 실루리아기에서 페름기에 화석으로만 발견된다. (Acanthodii)"
    },
    "극언": {
        "word": "극언",
        "chosung": "ㄱㅇ",
        "type": "명사",
        "mean": "1. 극단적으로 말함. 또는 그런 말."
    },
    "극엄": {
        "word": "극엄",
        "chosung": "ㄱㅇ",
        "type": "명사",
        "mean": "極嚴 '극엄하다'의 어근."
    },
    "극역": {
        "word": "극역",
        "chosung": "ㄱㅇ",
        "type": "명사",
        "mean": " 임금과 나라에 큰 죄가 되는 것 가운데서 가장 흉악한 것."
    },
    "극역대대": {
        "word": "극역대대",
        "chosung": "ㄱㅇㄷㄷ",
        "type": "명사",
        "mean": " 임금을 죽이려 한 사람이라는 뜻으로, 큰 역적을 이르는 말."
    },
    "극열": {
        "word": "극열",
        "chosung": "ㄱㅇ",
        "type": "명사",
        "mean": "1. 매우 심한 열. 2. 몹시 뜨거움. 또는 그런 열기."
    },
    "극열지대": {
        "word": "극열지대",
        "chosung": "ㄱㅇㅈㄷ",
        "type": "명사",
        "mean": "기온이 매우 높아 몹시 뜨거운 지역."
    },
    "극열지옥": {
        "word": "극열지옥",
        "chosung": "ㄱㅇㅈㅇ",
        "type": "명사",
        "mean": "《불교》=대초열지옥."
    },
    "극염": {
        "word": "극염",
        "chosung": "ㄱㅇ",
        "type": "명사",
        "mean": " =혹서."
    },
    "극영화": {
        "word": "극영화",
        "chosung": "ㄱㅇㅎ",
        "type": "명사",
        "mean": "각본에 따라 배우의 연기로써 이루어지는 영화. 허구로 이루어진 일정한 줄거리를 가지고 있는 일반 영화들이 여기에 속한다. ≒키네마 드라마·포토플레이 ."
    },
    "극예": {
        "word": "극예",
        "chosung": "ㄱㅇ",
        "type": "명사",
        "mean": "極銳 '극예하다'의 어근."
    },
    "극예술": {
        "word": "극예술",
        "chosung": "ㄱㅇㅅ",
        "type": "명사",
        "mean": "무대에서 연출되는 온갖 종류의 연극 예술."
    },
    "극예술연구회": {
        "word": "극예술연구회",
        "chosung": "ㄱㅇㅅㅇㄱㅎ",
        "type": "명사",
        "mean": "1931년 7월에 유치진, 서항석, 김진섭 등 해외 문학 연구자들과 홍해성 등의 연극인들이 연구와 신극 수립을 목적으로 결성한 연극 단체. 전기에는 홍해성의 주도로 《검찰관》따위의 신극을 공연하였으며, 후기에는 유치진과 서항석을 중심으로 《소》, 《춘향전》따위의 창작극을 공연하였다."
    },
    "극예술협회": {
        "word": "극예술협회",
        "chosung": "ㄱㅇㅅㅎㅎ",
        "type": "명사",
        "mean": "1920년에 일본 도쿄에서 문학과 기악 등을 공부하던 유학생들이 조직한 연극 연구 단체. 주로 서양의 고전극과 근대극 작품을 연구·토론하였으며, 1921년에 귀국하여 전국을 순회하며 , 따위를 공연하는 등 신극사 발전에 크게 공헌하였다. 주요 회원은 김우진, 조명희, 유춘섭 등 10여 명이었다."
    },
    "극올종": {
        "word": "극올종",
        "chosung": "ㄱㅇㅈ",
        "type": "명사",
        "mean": "가장 이른 시기에 수확하는 품종."
    },
    "극욕": {
        "word": "극욕",
        "chosung": "ㄱㅇ",
        "type": "명사",
        "mean": " 욕심을 눌러 이김."
    },
    "극우": {
        "word": "극우",
        "chosung": "ㄱㅇ",
        "type": "명사",
        "mean": " =빈집 ."
    },
    "극우익": {
        "word": "극우익",
        "chosung": "ㄱㅇㅇ",
        "type": "명사",
        "mean": " =극우(極右)."
    },
    "극우파": {
        "word": "극우파",
        "chosung": "ㄱㅇㅍ",
        "type": "명사",
        "mean": " 극단적인 보수주의나 국수주의의 성향을 띤 세력."
    },
    "극운동": {
        "word": "극운동",
        "chosung": "ㄱㅇㄷ",
        "type": "명사",
        "mean": "지구의 자전축이 0.2초 정도의 각도 안에서 약 14개월의 주기로 원운동에 가깝게 이동하는 현상."
    },
    "극원": {
        "word": "극원",
        "chosung": "ㄱㅇ",
        "type": "명사",
        "mean": "極遠 '극원하다'의 어근."
    },
    "극월": {
        "word": "극월",
        "chosung": "ㄱㅇ",
        "type": "명사",
        "mean": " =섣달."
    },
    "극위": {
        "word": "극위",
        "chosung": "ㄱㅇ",
        "type": "명사",
        "mean": " 가장 높은 지위."
    },
    "극위성": {
        "word": "극위성",
        "chosung": "ㄱㅇㅅ",
        "type": "명사",
        "mean": "남극과 북극의 상공을 통과하여 지구를 세로로 선회하는 인공위성. 미국의 디스커버러 위성이 대표적이다."
    },
    "극유진": {
        "word": "극유진",
        "chosung": "ㄱㅇㅈ",
        "type": "명사",
        "mean": "공중에 흩어져 있어 육안으로 겨우 알아볼 수 있는 미진(微塵)."
    },
    "극유희": {
        "word": "극유희",
        "chosung": "ㄱㅇㅎ",
        "type": "명사",
        "mean": "［북한어］ 동화, 동시, 동요 따위를 극적으로 표현하는 어린이들의 유희. ≒극놀이."
    },
    "극음": {
        "word": "극음",
        "chosung": "ㄱㅇ",
        "type": "명사",
        "mean": " 술 따위를 지나치게 많이 마심."
    },
    "극음악": {
        "word": "극음악",
        "chosung": "ㄱㅇㅇ",
        "type": "명사",
        "mean": "《음악》가극이나 소가극처럼 극 형식으로 연주되는 음악. 또는 연극을 위한 음악."
    },
    "극응력": {
        "word": "극응력",
        "chosung": "ㄱㅇㄹ",
        "type": "명사",
        "mean": "《물리》물체가 파괴되지 않고 견디어 낼 수 있는 극한의 힘. ≒파괴 변형력·파괴 응력."
    },
    "극의": {
        "word": "극의",
        "chosung": "ㄱㅇ",
        "type": "명사",
        "mean": "1. 지극한 뜻."
    },
    "극이동": {
        "word": "극이동",
        "chosung": "ㄱㅇㄷ",
        "type": "명사",
        "mean": "지질 시대를 통하여 자기극의 위치가 지구 자전축의 극에 대하여 상대적으로 이동한 것처럼 보이는 현상."
    },
    "극이동설": {
        "word": "극이동설",
        "chosung": "ㄱㅇㄷㅅ",
        "type": "명사",
        "mean": "지질 시대를 통하여 자기극의 위치가 지구 자전축의 극에 대하여 상대적으로 이동하였다고 하는 학설."
    },
    "극인": {
        "word": "극인",
        "chosung": "ㄱㅇ",
        "type": "명사",
        "mean": "［북한어］1. '표식(表式)'의 북한어. 2. 예전에, 화폐의 발행소나 화폐량을 표시하기 위하여 쓰던 표지."
    },
    "극자": {
        "word": "극자",
        "chosung": "ㄱㅈ",
        "type": "명사",
        "mean": "연극이나 영화에 출연하는 사람."
    },
    "극자리표": {
        "word": "극자리표",
        "chosung": "ㄱㅈㄹㅍ",
        "type": "명사",
        "mean": "=극좌표."
    },
    "극자리표로보트": {
        "word": "극자리표로보트",
        "chosung": "ㄱㅈㄹㅍㄹㅂㅌ",
        "type": "명사",
        "mean": "기계손의 위치를 한 개의 병진 운동과 두 개의 회전 운동으로 표시할 수 있는 로봇. ※ 극자리표 로봇."
    },
    "극작": {
        "word": "극작",
        "chosung": "ㄱㅈ",
        "type": "명사",
        "mean": " 연극의 각본을 씀."
    },
    "극작가": {
        "word": "극작가",
        "chosung": "ㄱㅈㄱ",
        "type": "명사",
        "mean": " 연극의 각본을 쓰는 것을 업으로 하는 사람."
    },
    "극작계": {
        "word": "극작계",
        "chosung": "ㄱㅈㄱ",
        "type": "명사",
        "mean": " 연극의 각본을 전문으로 쓰는 사람들이 활동하는 분야."
    },
    "극작법": {
        "word": "극작법",
        "chosung": "ㄱㅈㅂ",
        "type": "명사",
        "mean": " 극작품을 쓰는 방법에 관한 이론."
    },
    "극작술": {
        "word": "극작술",
        "chosung": "ㄱㅈㅅ",
        "type": "명사",
        "mean": " 극작품을 짓는 수법."
    },
    "극작품": {
        "word": "극작품",
        "chosung": "ㄱㅈㅍ",
        "type": "명사",
        "mean": "《문학》극적 묘사로 이루어진 문학 작품. 시·소설과 함께 문학의 3대 장르를 이루며, 작가의 말이나 생각이 직접적으로 표현되지 않고 등장인물들의 대사에 의하여 작품이 엮어져 있는 것이 특징이다."
    },
    "극장": {
        "word": "극장",
        "chosung": "ㄱㅈ",
        "type": "명사",
        "mean": " 연극이나 음악, 무용 따위를 공연하거나 영화를 상영하기 위하여 무대와 객석 등을 설치한 건물이나 시설."
    },
    "극장가": {
        "word": "극장가",
        "chosung": "ㄱㅈㄱ",
        "type": "명사",
        "mean": " 극장이 주로 모여 있는 거리."
    },
    "극장권": {
        "word": "극장권",
        "chosung": "ㄱㅈㄱ",
        "type": "명사",
        "mean": "［북한어］ '극장표'의 북한어."
    },
    "극장식당": {
        "word": "극장식당",
        "chosung": "ㄱㅈㅅㄷ",
        "type": "명사",
        "mean": " 각종 공연을 보면서 식사를 할 수 있도록 만든 곳. 무대가 설치되어 있고 관람석 대신 식탁을 놓아 식사를 할 수 있도록 되어 있다."
    },
    "극장음악": {
        "word": "극장음악",
        "chosung": "ㄱㅈㅇㅇ",
        "type": "명사",
        "mean": "연극이나 연예와 관련하여 극장에서 연주되는 음악. 음악 영화, 뮤지컬 등의 음악 부분, 영화·연극의 반주 또는 삽입 음악 따위이다."
    },
    "극장의우상": {
        "word": "극장의우상",
        "chosung": "ㄱㅈㅇㅇㅅ",
        "type": "명사",
        "mean": "영국의 철학자 베이컨(Bacon, F.)이 말한 우상설의 네 가지 우상 가운데 하나. 자기의 생각이나 판단에 의하지 않고 어떤 권위나 전통에 기대어 생각하고 판단할 때 범하는 편견을 이른다."
    },
    "극장표": {
        "word": "극장표",
        "chosung": "ㄱㅈㅍ",
        "type": "명사",
        "mean": " 연극이나 영화, 무용 따위를 관람하기 위하여 극장 측에 돈을 지급하고 구입하는 표."
    },
    "극쟁": {
        "word": "극쟁",
        "chosung": "ㄱㅈ",
        "type": "명사",
        "mean": " 매우 격렬하게 다툼."
    },
    "극저온": {
        "word": "극저온",
        "chosung": "ㄱㅈㅇ",
        "type": "명사",
        "mean": "절대 영도에 가까운 매우 낮은 온도."
    },
    "극저온공학": {
        "word": "극저온공학",
        "chosung": "ㄱㅈㅇㄱㅎ",
        "type": "명사",
        "mean": "영하 150℃부터 절대 영도인 영하 273℃까지의 낮은 온도를 다루는 학문. 공학의 한 분야이다. 1908년 네덜란드에서 헬륨 액화에 성공한 이후 미국을 중심으로 연구가 활발하며, 액체 공기·액체 수소·액체 헬륨의 제조와 이용, 초전도 현상의 연구와 이용, 초강력 전자석 따위의 이용에 응용된다."
    },
    "극저온기억장치": {
        "word": "극저온기억장치",
        "chosung": "ㄱㅈㅇㄱㅇㅈㅊ",
        "type": "명사",
        "mean": "극저온에서 일어나는 물질의 초전도 특성을 이용하여 컴퓨터의 처리 속도를 향상시키거나 기억 밀도를 높이도록 고안된 장치. ≒조지프슨 기억 장치."
    },
    "극저온물리학": {
        "word": "극저온물리학",
        "chosung": "ㄱㅈㅇㅁㄹㅎ",
        "type": "명사",
        "mean": "원자, 전자 따위가 절대 영도에 가까운 낮은 온도에서 나타내는 특이한 성질을 연구하는 학문. 물리학의 한 분야이다."
    },
    "극저온일렉트로닉스": {
        "word": "극저온일렉트로닉스",
        "chosung": "ㄱㅈㅇㅇㄹㅌㄹㄴㅅ",
        "type": "명사",
        "mean": "극저온 액체인 헬륨 온도 영하 269.5℃에서의 여러 가지 전자 장치와 연구를 행하는 학문. 전자 공학의 한 분야이다."
    },
    "극저층수": {
        "word": "극저층수",
        "chosung": "ㄱㅈㅊㅅ",
        "type": "명사",
        "mean": "극지방의 바다에서 대류에 의하여 바다의 가장 깊은 층으로 가라앉은 수괴(水塊). 적도를 향하여 바다 밑에서 느리게 흐른다."
    },
    "극적": {
        "word": "극적",
        "chosung": "ㄱㅈ",
        "type": "명사",
        "mean": " 범행의 규모가 큰 도둑."
    },
    "극적갈등": {
        "word": "극적갈등",
        "chosung": "ㄱㅈㄱㄷ",
        "type": "명사",
        "mean": "갈등 가운데서 등장인물 사이의 관계가 보다 날카롭고 심각한 갈등."
    },
    "극적계기": {
        "word": "극적계기",
        "chosung": "ㄱㅈㄱㄱ",
        "type": "명사",
        "mean": "극예술 작품에서, 어떤 사건이나 행동에 원인을 제공하거나 인물 성격의 발전에 바탕이 되는 계기."
    },
    "극적관계": {
        "word": "극적관계",
        "chosung": "ㄱㅈㄱㄱ",
        "type": "명사",
        "mean": "문예 작품에서 인물들이 서로 작용하는 관계."
    },
    "극적사건": {
        "word": "극적사건",
        "chosung": "ㄱㅈㅅㄱ",
        "type": "명사",
        "mean": "등장인물의 극적 행동을 야기하며 인물 상호 간에 새로운 관계를 파생시킴으로써 극의 발전을 주동하는 사건."
    },
    "극전": {
        "word": "극전",
        "chosung": "ㄱㅈ",
        "type": "명사",
        "mean": " 한 집안에 대대로 전하여 내려오는, 가장 중요한 물건이나 비결."
    },
    "극전선": {
        "word": "극전선",
        "chosung": "ㄱㅈㅅ",
        "type": "명사",
        "mean": "1. 남반구와 북반구의 중위도 지역 기단과 극 지역 기단과의 경계면에 생기는 불연속선. 기류가 거두어지는 장소이며, 고위도 저기압대로 되어 있고 온대 저기압이 발생하는 장소이다.≒극기 전선 . 2. 한류와 난류의 두 수괴(水塊)의 경계선. 극류인 한류는 이 부근에서 하층으로 가라앉고 해양 성층권이라는 수층을 형성한다. ≒극기 전선 ."
    },
    "극전압": {
        "word": "극전압",
        "chosung": "ㄱㅈㅇ",
        "type": "명사",
        "mean": "《전기》전지의 두 극에 저항을 접속시켜 전류가 흐르고 있을 때 두 극 사이의 전위차. 전지의 기전력에서 전지의 내부 저항에 의한 전위 강하(降下)를 뺀 것과 같다."
    },
    "극점": {
        "word": "극점",
        "chosung": "ㄱㅈ",
        "type": "명사",
        "mean": "위도 90도의 지점. 남극점과 북극점이 있다."
    },
    "극접": {
        "word": "극접",
        "chosung": "ㄱㅈ",
        "type": "명사",
        "mean": "《동물》=가시가자미."
    },
    "극정": {
        "word": "극정",
        "chosung": "ㄱㅈ",
        "type": "명사",
        "mean": " =절정(絶頂) ."
    },
    "극정이": {
        "word": "극정이",
        "chosung": "ㄱㅈㅇ",
        "type": "명사",
        "mean": "'극젱이'의 잘못."
    },
    "극제품": {
        "word": "극제품",
        "chosung": "ㄱㅈㅍ",
        "type": "명사",
        "mean": " 품질이 매우 좋은 물건."
    },
    "극젱이": {
        "word": "극젱이",
        "chosung": "ㄱㅈㅇ",
        "type": "명사",
        "mean": "땅을 가는 데 쓰는 농기구. 쟁기와 비슷하나 쟁깃술이 곧게 내려가고 보습 끝이 무디다. 소 한 마리로 끌어 쟁기로 갈아 놓은 논밭에 골을 타거나, 흙이 얕은 논밭을 가는 데 쓴다. ≒굽정이·끌쟁기."
    },
    "극젱이질": {
        "word": "극젱이질",
        "chosung": "ㄱㅈㅇㅈ",
        "type": "명사",
        "mean": "극젱이로 고랑을 파서 이랑의 북을 돋우는 일."
    },
    "극조": {
        "word": "극조",
        "chosung": "ㄱㅈ",
        "type": "명사",
        "mean": "지구 회전축의 운동으로 생기는, 약 6mm의 진폭을 가지는 조류(潮流). 운동 주기는 428일이다."
    },
    "극조교": {
        "word": "극조교",
        "chosung": "ㄱㅈㄱ",
        "type": "명사",
        "mean": "=가시줄상어."
    },
    "극조직": {
        "word": "극조직",
        "chosung": "ㄱㅈㅈ",
        "type": "명사",
        "mean": "작품의 이야기를 극적으로 짜 나가는 일. 등장인물의 관계를 중심으로 다양한 사건을 맺고 풀어 준다."
    },
    "극존": {
        "word": "극존",
        "chosung": "ㄱㅈ",
        "type": "명사",
        "mean": "1. =지존(至尊). 2. 지위가 매우 높음."
    },
    "극존대": {
        "word": "극존대",
        "chosung": "ㄱㅈㄷ",
        "type": "명사",
        "mean": " 극진히 높이어 대접함."
    },
    "극존칭": {
        "word": "극존칭",
        "chosung": "ㄱㅈㅊ",
        "type": "명사",
        "mean": "=아주높임 ."
    },
    "극종": {
        "word": "극종",
        "chosung": "ㄱㅈ",
        "type": "명사",
        "mean": "1. 이겨서 복종을 시킴. 2. 잘 복종함."
    },
    "극좌": {
        "word": "극좌",
        "chosung": "ㄱㅈ",
        "type": "명사",
        "mean": " 극단적으로 사회주의적이거나 공산주의적인 성향. 또는 그 성향을 가진 사람이나 세력. ≒극좌익."
    },
    "극좌모험주의": {
        "word": "극좌모험주의",
        "chosung": "ㄱㅈㅁㅎㅈㅇ",
        "type": "명사",
        "mean": "극좌적인 경향으로 흘러서 무모한 위험을 무릅쓰는 태도."
    },
    "극좌분자": {
        "word": "극좌분자",
        "chosung": "ㄱㅈㅂㅈ",
        "type": "명사",
        "mean": "［북한어］ 극단적으로 사회주의적이거나 공산주의적인 성향을 띤 사람."
    },
    "극좌익": {
        "word": "극좌익",
        "chosung": "ㄱㅈㅇ",
        "type": "명사",
        "mean": " =극좌."
    },
    "극좌파": {
        "word": "극좌파",
        "chosung": "ㄱㅈㅍ",
        "type": "명사",
        "mean": " 극단적인 사회주의나 공산주의의 성향을 띤 세력."
    },
    "극좌표": {
        "word": "극좌표",
        "chosung": "ㄱㅈㅍ",
        "type": "명사",
        "mean": "평면 위의 점의 위치를, 정점(定點)으로부터의 거리와 방향에 따라 나타내는 좌표. ≒극자리표."
    },
    "극중": {
        "word": "극중",
        "chosung": "ㄱㅈ",
        "type": "명사",
        "mean": "極重 '극중하다'의 어근."
    },
    "극중극": {
        "word": "극중극",
        "chosung": "ㄱㅈㄱ",
        "type": "명사",
        "mean": "《연영》연극 속에서 이루어지는 또 하나의 연극."
    },
    "극중극애": {
        "word": "극중극애",
        "chosung": "ㄱㅈㄱㅇ",
        "type": "명사",
        "mean": "［북한어］ 더없이 중하게 여기고 사랑함."
    },
    "극중악인": {
        "word": "극중악인",
        "chosung": "ㄱㅈㅇㅇ",
        "type": "명사",
        "mean": " 가장 큰 죄를 지은 악한 사람."
    },
    "극증": {
        "word": "극증",
        "chosung": "ㄱㅈ",
        "type": "명사",
        "mean": "1. 매우 심각한 증세. 2. 병세가 매우 급히 진전되는 병."
    },
    "극지": {
        "word": "극지",
        "chosung": "ㄱㅈ",
        "type": "명사",
        "mean": " 끝에 이르러 멈춤."
    },
    "극지낮": {
        "word": "극지낮",
        "chosung": "ㄱㅈㄴ",
        "type": "명사",
        "mean": "'백야(白夜)'의 북한어."
    },
    "극지동토대": {
        "word": "극지동토대",
        "chosung": "ㄱㅈㄷㅌㄷ",
        "type": "명사",
        "mean": "'툰드라'의 북한어."
    },
    "극지밤": {
        "word": "극지밤",
        "chosung": "ㄱㅈㅂ",
        "type": "명사",
        "mean": "'극야(極夜)'의 북한어."
    },
    "극지방": {
        "word": "극지방",
        "chosung": "ㄱㅈㅂ",
        "type": "명사",
        "mean": "남극과 북극을 중심으로 한 그 주변 지역. 경계선은 일반적으로 교목 한계로 정하며, 북반구에서는 가장 더운 달의 평균 기온이 10℃인 등온선과 대략 일치한다. ≒극지(極地) ."
    },
    "극지법": {
        "word": "극지법",
        "chosung": "ㄱㅈㅂ",
        "type": "명사",
        "mean": "등산에서, 우선 본거지를 설정하고 차차로 전진 기지를 설치하며 목적지에 도달하는 방법. 남극이나 북극을 탐험할 때 쓴 데서 유래한다."
    },
    "극지식물": {
        "word": "극지식물",
        "chosung": "ㄱㅈㅅㅁ",
        "type": "명사",
        "mean": "삼림 한계선보다 높은 위도 지대인 남극, 북극 지방에서 자라는 식물을 통틀어 이르는 말. 관목, 초본, 지의류 따위이다."
    },
    "극지항법": {
        "word": "극지항법",
        "chosung": "ㄱㅈㅎㅂ",
        "type": "명사",
        "mean": "항법상의 난점이 많아 두 지점 간의 최단 거리를 비행할 목적으로 유도 전파나 천측 항법을 써서 남극이나 북극을 통과하여 비행하는 항법."
    },
    "극직": {
        "word": "극직",
        "chosung": "ㄱㅈ",
        "type": "명사",
        "mean": " 몹시 바쁘고 힘든 직업상의 임무."
    },
    "극진": {
        "word": "극진",
        "chosung": "ㄱㅈ",
        "type": "명사",
        "mean": "極盡 '극진하다'의 어근."
    },
    "극진미신": {
        "word": "극진미신",
        "chosung": "ㄱㅈㅁㅅ",
        "type": "명사",
        "mean": "중국 전한(前漢) 말기의 양웅(揚雄)이 왕망(王莽)에게 아첨하여 지은 글. 진(秦)나라의 횡포를 비난하고 왕망이 세운 신(新)나라를 칭송한 것이다."
    },
    "극진지두": {
        "word": "극진지두",
        "chosung": "ㄱㅈㅈㄷ",
        "type": "명사",
        "mean": "1. 머리가 땅에 닿도록 극진히 함. 2. 궁극의 지점."
    },
    "극찬": {
        "word": "극찬",
        "chosung": "ㄱㅊ",
        "type": "명사",
        "mean": " 매우 칭찬함. 또는 그런 칭찬."
    },
    "극참": {
        "word": "극참",
        "chosung": "ㄱㅊ",
        "type": "명사",
        "mean": " 일곱 군데로 통하는 길. 극현(劇縣)이라는 곳에 교차하는 세 개의 길과 곁길이 있다는 데서 유래한다."
    },
    "극창": {
        "word": "극창",
        "chosung": "ㄱㅊ",
        "type": "명사",
        "mean": "=판소리."
    },
    "극채색": {
        "word": "극채색",
        "chosung": "ㄱㅊㅅ",
        "type": "명사",
        "mean": "1. 아주 정밀하고 짙은 채색."
    },
    "극처": {
        "word": "극처",
        "chosung": "ㄱㅊ",
        "type": "명사",
        "mean": " 궁극에 다다른 곳. 또는 맨 끝."
    },
    "극천": {
        "word": "극천",
        "chosung": "ㄱㅊ",
        "type": "명사",
        "mean": "수소음심경에 속하는 혈(穴)의 이름. 겨드랑이의 가운데서 맥동이 만져지는 곳이다."
    },
    "극첩": {
        "word": "극첩",
        "chosung": "ㄱㅊ",
        "type": "명사",
        "mean": " 싸움에 이김."
    },
    "극체": {
        "word": "극체",
        "chosung": "ㄱㅊ",
        "type": "명사",
        "mean": "동물의 난모 세포가 감수 분열을 하여 난자가 되는 과정에서 생기는 작은 세포. 한 개의 제1난모 세포에서 모두 3개가 생기는데 퇴화한다."
    },
    "극초단파": {
        "word": "극초단파",
        "chosung": "ㄱㅊㄷㅍ",
        "type": "명사",
        "mean": "파장이 1미터보다 작은 전자기파. ≒데시미터파·유에이치에프."
    },
    "극초단파방송": {
        "word": "극초단파방송",
        "chosung": "ㄱㅊㄷㅍㅂㅅ",
        "type": "명사",
        "mean": "=유에이치에프 방송."
    },
    "극초단파안테나": {
        "word": "극초단파안테나",
        "chosung": "ㄱㅊㄷㅍㅇㅌㄴ",
        "type": "명사",
        "mean": "극초단파 대역에서 쓰는 안테나. 극초단파에 맞게 설계하여 만든다."
    },
    "극초단파전자관": {
        "word": "극초단파전자관",
        "chosung": "ㄱㅊㄷㅍㅈㅈㄱ",
        "type": "명사",
        "mean": "'마그네트론'의 북한어."
    },
    "극초단파텔레비전": {
        "word": "극초단파텔레비전",
        "chosung": "ㄱㅊㄷㅍㅌㄹㅂㅈ",
        "type": "명사",
        "mean": "=유에이치에프 텔레비전."
    },
    "극초대규모집적회로": {
        "word": "극초대규모집적회로",
        "chosung": "ㄱㅊㄷㄱㅁㅈㅈㅎㄹ",
        "type": "명사",
        "mean": "'유엘에스아이'의 북한어."
    },
    "극초대형": {
        "word": "극초대형",
        "chosung": "ㄱㅊㄷㅎ",
        "type": "명사",
        "mean": " 크기가 보통의 것들보다 훨씬 큰 것들 가운데서도 가장 큰 축에 드는 것."
    },
    "극초두랄루민": {
        "word": "극초두랄루민",
        "chosung": "ㄱㅊㄷㄹㄹㅁ",
        "type": "명사",
        "mean": "=초초두랄루민."
    },
    "극초소형": {
        "word": "극초소형",
        "chosung": "ㄱㅊㅅㅎ",
        "type": "명사",
        "mean": " 크기가 보통의 것들보다 훨씬 작은 것들 가운데서도 가장 작은 축에 드는 것."
    },
    "극초음속": {
        "word": "극초음속",
        "chosung": "ㄱㅊㅇㅅ",
        "type": "명사",
        "mean": "《물리》소리의 보통 속력보다 5배 이상 빠른 물체의 속도. ≒하이퍼소닉 ."
    },
    "극초음파": {
        "word": "극초음파",
        "chosung": "ㄱㅊㅇㅍ",
        "type": "명사",
        "mean": "초당 진동수가 500MHz를 넘는 음파. ≒하이퍼소닉 ."
    },
    "극추": {
        "word": "극추",
        "chosung": "ㄱㅊ",
        "type": "명사",
        "mean": "1. 천극(天極)의 중심. 2. 북두칠성의 첫 번째 별."
    },
    "극축": {
        "word": "극축",
        "chosung": "ㄱㅊ",
        "type": "명사",
        "mean": "《수학》극좌표에서 평면의 점을 표시하기 위하여 각을 재는 기준이 되는 방향을 갖는 반직선."
    },
    "극치": {
        "word": "극치",
        "chosung": "ㄱㅊ",
        "type": "명사",
        "mean": " 도달할 수 있는 최고의 정취나 경지."
    },
    "극친": {
        "word": "극친",
        "chosung": "ㄱㅊ",
        "type": "명사",
        "mean": "極親 '극친하다'의 어근."
    },
    "극침": {
        "word": "극침",
        "chosung": "ㄱㅊ",
        "type": "명사",
        "mean": "1. =가시 . 2. 살을 에는 듯한 찬바람을 비유적으로 이르는 말."
    },
    "극탕": {
        "word": "극탕",
        "chosung": "ㄱㅌ",
        "type": "명사",
        "mean": "極蕩 '극탕하다'의 어근."
    },
    "극태사": {
        "word": "극태사",
        "chosung": "ㄱㅌㅅ",
        "type": "명사",
        "mean": " 아주 굵은 털실."
    },
    "극택": {
        "word": "극택",
        "chosung": "ㄱㅌ",
        "type": "명사",
        "mean": " 매우 정밀하게 잘 골라 뽑음. ≒극선(極選)."
    },
    "극터듬다": {
        "word": "극터듬다",
        "chosung": "ㄱㅌㄷㄷ",
        "type": "동사",
        "mean": "『 …을』 간신히 붙잡고 기어오르다."
    },
    "극통": {
        "word": "극통",
        "chosung": "ㄱㅌ",
        "type": "명사",
        "mean": "1. 몹시 심한 아픔. 2. 뼈에 사무치게 맺힌 고통."
    },
    "극투영": {
        "word": "극투영",
        "chosung": "ㄱㅌㅇ",
        "type": "명사",
        "mean": "=입체 투영."
    },
    "극판": {
        "word": "극판",
        "chosung": "ㄱㅍ",
        "type": "명사",
        "mean": "양극, 음극 따위의 전극에 쓰이는 도체(導體)의 판."
    },
    "극편수관": {
        "word": "극편수관",
        "chosung": "ㄱㅍㅅㄱ",
        "type": "명사",
        "mean": "고려 시대에, 춘추관에 속하여 역사 편찬의 일을 맡아보던 벼슬. 삼품 이하로 임명하였으며, 충숙왕 12년(1325)에 두었다."
    },
    "극평": {
        "word": "극평",
        "chosung": "ㄱㅍ",
        "type": "명사",
        "mean": "연극에 대하여 평가하거나 평론하는 일. 또는 그런 평가나 평론."
    },
    "극평가": {
        "word": "극평가",
        "chosung": "ㄱㅍㄱ",
        "type": "명사",
        "mean": " 연극에 대한 평론을 전문으로 하는 사람."
    },
    "극평면": {
        "word": "극평면",
        "chosung": "ㄱㅍㅁ",
        "type": "명사",
        "mean": "=극면."
    },
    "극포": {
        "word": "극포",
        "chosung": "ㄱㅍ",
        "type": "명사",
        "mean": "=극낭(極囊)."
    },
    "극품": {
        "word": "극품",
        "chosung": "ㄱㅍ",
        "type": "명사",
        "mean": " =극상품."
    },
    "극풍": {
        "word": "극풍",
        "chosung": "ㄱㅍ",
        "type": "명사",
        "mean": "=극동풍."
    },
    "극피": {
        "word": "극피",
        "chosung": "ㄱㅍ",
        "type": "명사",
        "mean": "겉몸에 석회질의 가시가 돋힌 동물의 껍질."
    },
    "극피동물": {
        "word": "극피동물",
        "chosung": "ㄱㅍㄷㅁ",
        "type": "명사",
        "mean": "동물계의 한 문. 몸은 공 모양, 원판 모양, 원통 모양, 별 모양 따위가 있고 체벽에 칼슘성의 뼛조각을 함유하거나 석회 판의 견고한 골격을 만드는 종도 있다. 호흡, 순환, 운동에 관계하는 특유의 수관계를 지닌다. 암수딴몸으로 모두 바다에 산다. 성게, 불가사리, 해삼, 바다나리 따위가 있다. (Echinodermata)"
    },
    "극피충": {
        "word": "극피충",
        "chosung": "ㄱㅍㅊ",
        "type": "명사",
        "mean": "극피충류의 하나. 몸의 길이는 0.4mm 정도이고 원통 모양이며, 환절이 있고 표면에 많은 가시가 있다. 머리의 가시를 신축시켜 이동하며 암수딴몸이다. 소화 기관의 대부분을 위장부가 차지하며 진흙 표면의 유기물 따위를 먹고 산다. 전 세계에 분포한다. (Echinoderella duiardinii)"
    },
    "극하": {
        "word": "극하",
        "chosung": "ㄱㅎ",
        "type": "명사",
        "mean": " 품질이 몹시 나쁨. 또는 그런 물건."
    },
    "극한": {
        "word": "극한",
        "chosung": "ㄱㅎ",
        "type": "명사",
        "mean": "어떤 양이 일정한 규칙에 따라 어떤 일정한 값에 한없이 가까워지는 일."
    },
    "극한값": {
        "word": "극한값",
        "chosung": "ㄱㅎㄱ",
        "type": "그칸깝씨",
        "mean": "《수학》함수 □(x)에서 x가 일정한 값 a에 한없이 가까워지면 □(x)도 일정한 값 b에 가까워질 때에 b를 이르는 말. ≒극한치."
    },
    "극한개념": {
        "word": "극한개념",
        "chosung": "ㄱㅎㄱㄴ",
        "type": "명사",
        "mean": "생각으로는 가능하리라고 믿어지나 실제로는 현실적으로 일치하지 아니하여, 사유의 비약을 필요로 하는 개념. 예를 들면, 무한히 작은 값을 '영'으로 보는 것이나 다각형의 극한을 '원'이라고 생각하는 따위를 이른다. ≒한계 개념."
    },
    "극한고열": {
        "word": "극한고열",
        "chosung": "ㄱㅎㄱㅇ",
        "type": "명사",
        "mean": " 몹시 심한 추위와 찌는 듯한 더위를 아울러 이르는 말."
    },
    "극한기후": {
        "word": "극한기후",
        "chosung": "ㄱㅎㄱㅎ",
        "type": "명사",
        "mean": "수목이 전혀 자라지 않을 정도로 기온이 낮은 기후."
    },
    "극한법": {
        "word": "극한법",
        "chosung": "ㄱㅎㅂ",
        "type": "명사",
        "mean": "《심리》실험자가 일정한 방식에 따라 피험자에게 자극을 변화하여 피험자의 판단을 요구하는 방법. 자극역이나 변별역의 측정에 이용된다."
    },
    "극한산법": {
        "word": "극한산법",
        "chosung": "ㄱㅎㅅㅂ",
        "type": "명사",
        "mean": "극한 개념을 포함한 셈법을 통틀어 이르는 말. 미분이나 적분 따위는 모두 이에 속한다."
    },
    "극한상태법": {
        "word": "극한상태법",
        "chosung": "ㄱㅎㅅㅌㅂ",
        "type": "명사",
        "mean": "극한 상태에서 진행하는 구조 계산 방법."
    },
    "극한상황": {
        "word": "극한상황",
        "chosung": "ㄱㅎㅅㅎ",
        "type": "명사",
        "mean": "=한계 상황."
    },
    "극한서식지": {
        "word": "극한서식지",
        "chosung": "ㄱㅎㅅㅅㅈ",
        "type": "명사",
        "mean": "생물이 살아가기 어려운 환경 조건에서도 서식하는 지역."
    },
    "극한설계": {
        "word": "극한설계",
        "chosung": "ㄱㅎㅅㄱ",
        "type": "명사",
        "mean": "구조물이 버틸 수 있는 극한 상태의 짐 무게를 기준으로 안전율을 설정하여 설계하는 방법. ≒리밋 디자인."
    },
    "극한재료": {
        "word": "극한재료",
        "chosung": "ㄱㅎㅈㄹ",
        "type": "명사",
        "mean": " 초고압력, 극저온, 극고진공 등의 극한 상황에서 얻는 새로운 재료."
    },
    "극한전력": {
        "word": "극한전력",
        "chosung": "ㄱㅎㅈㄹ",
        "type": "명사",
        "mean": "어떤 조건하에서 송전 계통이 안정도를 유지하면서 보낼 수 있는 최대의 전력."
    },
    "극한점": {
        "word": "극한점",
        "chosung": "ㄱㅎㅈ",
        "type": "명사",
        "mean": "무한히 많은 다른 점의 극한이 되는 점. ≒집적점."
    },
    "극한정리": {
        "word": "극한정리",
        "chosung": "ㄱㅎㅈㄹ",
        "type": "명사",
        "mean": "확률 변수에서 열의 극한에 대한 정리를 통틀어 이르는 말."
    },
    "극한지작전": {
        "word": "극한지작전",
        "chosung": "ㄱㅎㅈㅈㅈ",
        "type": "명사",
        "mean": "추위를 참고 견디며 벌이는 싸움."
    },
    "극한치": {
        "word": "극한치",
        "chosung": "ㄱㅎㅊ",
        "type": "명사",
        "mean": "=극한값."
    },
    "극한투쟁": {
        "word": "극한투쟁",
        "chosung": "ㄱㅎㅌㅈ",
        "type": "명사",
        "mean": " 어떤 목적을 이루고자 싸울 수 있는 데까지 있는 힘을 다하여 싸우는 일."
    },
    "극한하중": {
        "word": "극한하중",
        "chosung": "ㄱㅎㅎㅈ",
        "type": "명사",
        "mean": "철근 콘크리트 기둥이 굴절을 일으키기 직전의 구조물의 최대 하중. 또는 부재(部材)나 구조물 전체가 붕괴하는 하중."
    },
    "극한한계상태": {
        "word": "극한한계상태",
        "chosung": "ㄱㅎㅎㄱㅅㅌ",
        "type": "명사",
        "mean": "구조물이나 지반에서 위험 상태가 조성되어 그 기능을 수행할 수 없게 되는 상태. 지지 능력의 극한 상태, 변형의 극한 상태 따위가 있다."
    },
    "극합창": {
        "word": "극합창",
        "chosung": "ㄱㅎㅊ",
        "type": "명사",
        "mean": "'오라토리오'의 북한어."
    },
    "극항": {
        "word": "극항",
        "chosung": "ㄱㅎ",
        "type": "명사",
        "mean": " 극도에 이르러서 여지가 없음."
    },
    "극해": {
        "word": "극해",
        "chosung": "ㄱㅎ",
        "type": "명사",
        "mean": " 북극이나 남극의 바다."
    },
    "극해마": {
        "word": "극해마",
        "chosung": "ㄱㅎㅁ",
        "type": "명사",
        "mean": "=가시해마."
    },
    "극핵": {
        "word": "극핵",
        "chosung": "ㄱㅎ",
        "type": "명사",
        "mean": "《식물》=배낭핵(胚囊核)."
    },
    "극험": {
        "word": "극험",
        "chosung": "ㄱㅎ",
        "type": "명사",
        "mean": "極險 '극험하다'의 어근."
    },
    "극혈": {
        "word": "극혈",
        "chosung": "ㄱㅎ",
        "type": "명사",
        "mean": " =혈극."
    },
    "극형": {
        "word": "극형",
        "chosung": "ㄱㅎ",
        "type": "명사",
        "mean": " 가장 무거운 형벌이라는 뜻으로, '사형(死刑)'을 이르는 말. ≒상형(上刑)·정확(鼎□) ."
    },
    "극형식": {
        "word": "극형식",
        "chosung": "ㄱㅎㅅ",
        "type": "명사",
        "mean": "《수학》복소수를 그 절댓값과 편각의 크기를 써서 나타내는 식."
    },
    "극호사": {
        "word": "극호사",
        "chosung": "ㄱㅎㅅ",
        "type": "명사",
        "mean": " 더할 나위 없이 호화롭게 사치를 함. 또는 그 사치."
    },
    "극호음": {
        "word": "극호음",
        "chosung": "ㄱㅎㅇ",
        "type": "명사",
        "mean": "팔음(八音)의 하나. 맑고 아름다워 듣는 이가 싫증을 내지 않고, 모두 올바른 도(道)에 들어가게 하는 부처의 음성이다."
    },
    "극화": {
        "word": "극화",
        "chosung": "ㄱㅎ",
        "type": "명사",
        "mean": " 사건이나 소설 따위를 극의 형식으로 만듦."
    },
    "극화놀이": {
        "word": "극화놀이",
        "chosung": "ㄱㅎㄴㅇ",
        "type": "명사",
        "mean": "=놀이 학습."
    },
    "극회": {
        "word": "극회",
        "chosung": "ㄱㅎ",
        "type": "명사",
        "mean": " 극을 하는 사람들의 모임."
    },
    "극효": {
        "word": "극효",
        "chosung": "ㄱㅎ",
        "type": "명사",
        "mean": " 어버이를 잘 섬김."
    },
    "극흉": {
        "word": "극흉",
        "chosung": "ㄱㅎ",
        "type": "명사",
        "mean": " 아주 심한 흉년."
    },
    "극희": {
        "word": "극희",
        "chosung": "ㄱㅎ",
        "type": "명사",
        "mean": " 광대가 하는 연극."
    }
}