{
    "글": {
        "word": "글",
        "chosung": "ㄱ",
        "type": "명사",
        "mean": "1. 어떤 생각이나 일 따위의 내용을 글자로 나타낸 기록."
    },
    "글가락": {
        "word": "글가락",
        "chosung": "ㄱㄱㄹ",
        "type": "명사",
        "mean": "［북한어］ 얼마간의 글."
    },
    "글감": {
        "word": "글감",
        "chosung": "ㄱㄱ",
        "type": "명사",
        "mean": " 글의 내용이 되는 재료. ≒글거리."
    },
    "글강": {
        "word": "글강",
        "chosung": "ㄱㄱ",
        "type": "명사",
        "mean": " =강 ."
    },
    "글거리": {
        "word": "글거리",
        "chosung": "ㄱㄱㄹ",
        "type": "명사",
        "mean": " =글감."
    },
    "글거지": {
        "word": "글거지",
        "chosung": "ㄱㄱㅈ",
        "type": "명사",
        "mean": " 한강 하류 지방에서, 몸의 길이가 13cm 이하인 숭어를 일상적으로 이르는 말."
    },
    "글겅": {
        "word": "글겅",
        "chosung": "ㄱㄱ",
        "type": "명사",
        "mean": "'글겅거리다'의 어근."
    },
    "글겅글겅": {
        "word": "글겅글겅",
        "chosung": "ㄱㄱㄱㄱ",
        "type": "부사",
        "mean": " '글그렁글그렁'의 준말."
    },
    "글겅이": {
        "word": "글겅이",
        "chosung": "ㄱㄱㅇ",
        "type": "명사",
        "mean": "1. 말이나 소 따위의 털을 빗기는 도구. 2. 싸리로 결어 만든 고기잡이 도구의 하나. 3. 남의 재물을 긁어 들이는 사람을 비유적으로 이르는 말.【← 긁-+-엉+-이】"
    },
    "글겅이질": {
        "word": "글겅이질",
        "chosung": "ㄱㄱㅇㅈ",
        "type": "명사",
        "mean": "1. 글겅이로 말이나 소 따위의 털을 빗기는 일. 2. 글겅이로 물고기를 훑어 잡는 일. 3. 지방 관리나 세력 있는 자가 백성들의 재물을 긁어 들이는 짓을 비유적으로 이르는 말."
    },
    "글게": {
        "word": "글게",
        "chosung": "ㄱㄱ",
        "type": "명사",
        "mean": "［옛말］ '글겅이'의 옛말."
    },
    "글게도드리": {
        "word": "글게도드리",
        "chosung": "ㄱㄱㄷㄷㄹ",
        "type": "명사",
        "mean": "=양청도드리."
    },
    "글게양청": {
        "word": "글게양청",
        "chosung": "ㄱㄱㅇㅊ",
        "type": "명사",
        "mean": "=양청도드리."
    },
    "글게질하다": {
        "word": "글게질하다",
        "chosung": "ㄱㄱㅈㅎㄷ",
        "type": "동사",
        "mean": "［옛말］ '글겅이질하다'의 옛말."
    },
    "글겡이": {
        "word": "글겡이",
        "chosung": "ㄱㄱㅇ",
        "type": "명사",
        "mean": "1. '글겅이'의 잘못. 2. ［북한어］ '글겅이'의 북한어."
    },
    "글겡이질": {
        "word": "글겡이질",
        "chosung": "ㄱㄱㅇㅈ",
        "type": "명사",
        "mean": "［북한어］ '글겅이질'의 북한어."
    },
    "글곰뱅이쇠": {
        "word": "글곰뱅이쇠",
        "chosung": "ㄱㄱㅂㅇㅅ",
        "type": "명사",
        "mean": "남사당패 구성원의 하나. 한 패의 식사 수발을 담당한다. ≒밥곰뱅이쇠·식화주."
    },
    "글공부": {
        "word": "글공부",
        "chosung": "ㄱㄱㅂ",
        "type": "명사",
        "mean": "1. 글을 배우거나 익힘."
    },
    "글구": {
        "word": "글구",
        "chosung": "ㄱㄱ",
        "type": "명사",
        "mean": " '글귀'의 잘못."
    },
    "글구멍": {
        "word": "글구멍",
        "chosung": "ㄱㄱㅁ",
        "type": "명사",
        "mean": " 글이 들어가는 머리 구멍이라는 뜻으로, 글을 잘 이해하는 지혜를 이르는 말."
    },
    "글귀": {
        "word": "글귀",
        "chosung": "ㄱㄱ",
        "type": "명사",
        "mean": " 글의 구나 절."
    },
    "글그렁": {
        "word": "글그렁",
        "chosung": "ㄱㄱㄹ",
        "type": "부사",
        "mean": "［북한어］ 가래 따위가 목구멍에 걸려 숨 쉴 때마다 거칠게 나는 소리. 또는 그 모양."
    },
    "글그렁글그렁": {
        "word": "글그렁글그렁",
        "chosung": "ㄱㄱㄹㄱㄱㄹ",
        "type": "부사",
        "mean": " 가래 따위가 목구멍에 걸려 숨 쉴 때마다 자꾸 거칠게 나는 소리. 또는 그 모양."
    },
    "글깃": {
        "word": "글깃",
        "chosung": "ㄱㄱ",
        "type": "부사",
        "mean": "［북한어］ 곁눈으로 좀 사납게 한 번 흘겨보는 모양."
    },
    "글깃글깃": {
        "word": "글깃글깃",
        "chosung": "ㄱㄱㄱㄱ",
        "type": "부사",
        "mean": "［북한어］ 곁눈으로 좀 사납게 자꾸 흘겨보는 모양."
    },
    "글깅이": {
        "word": "글깅이",
        "chosung": "ㄱㄱㅇ",
        "type": "명사",
        "mean": " '글겅이'의 잘못."
    },
    "글꼬리": {
        "word": "글꼬리",
        "chosung": "ㄱㄲㄹ",
        "type": "명사",
        "mean": " 글의 끄트머리."
    },
    "글낏하다": {
        "word": "글낏하다",
        "chosung": "ㄱㄲㅎㄷ",
        "type": "동사",
        "mean": "［방언］ '삐끗하다'의 방언(평북)."
    },
    "글눈": {
        "word": "글눈",
        "chosung": "ㄱㄴ",
        "type": "명사",
        "mean": " 글을 보고 이해하는 능력."
    },
    "글니": {
        "word": "글니",
        "chosung": "ㄱㄴ",
        "type": "부사",
        "mean": "［옛말］ 그르게."
    },
    "글닐기": {
        "word": "글닐기",
        "chosung": "ㄱㄴㄱ",
        "type": "명사",
        "mean": "［옛말］ '독서(讀書)'의 옛말."
    },
    "글다": {
        "word": "글다",
        "chosung": "ㄱㄷ",
        "type": "동사",
        "mean": "『 …에』 '그을다'의 준말."
    },
    "글다듬기": {
        "word": "글다듬기",
        "chosung": "ㄱㄷㄷㄱ",
        "type": "명사",
        "mean": " 쓴 글을 짜임새 있게 고치는 일."
    },
    "글단": {
        "word": "글단",
        "chosung": "ㄱㄷ",
        "type": "명사",
        "mean": "'거란'의 원말."
    },
    "글덕": {
        "word": "글덕",
        "chosung": "ㄱㄷ",
        "type": "명사",
        "mean": "［북한어］ 글을 앎으로써 입는 덕."
    },
    "글뎨": {
        "word": "글뎨",
        "chosung": "ㄱㄷ",
        "type": "명사",
        "mean": "［옛말］ '글제'의 옛말."
    },
    "글동냥": {
        "word": "글동냥",
        "chosung": "ㄱㄷㄴ",
        "type": "명사",
        "mean": "［북한어］ 글 모르는 사람이 글 아는 사람에게 글을 읽어 달라고 하거나 써 달라고 부탁하는 일."
    },
    "글동무": {
        "word": "글동무",
        "chosung": "ㄱㄷㅁ",
        "type": "명사",
        "mean": " 같은 곳에서 함께 공부한 동무. ≒글동접."
    },
    "글동접": {
        "word": "글동접",
        "chosung": "ㄱㄷㅈ",
        "type": "명사",
        "mean": " =글동무."
    },
    "글뒤주": {
        "word": "글뒤주",
        "chosung": "ㄱㄷㅈ",
        "type": "명사",
        "mean": "［북한어］ 실천과 동떨어진 글공부를 하는 사람이나 글을 많이 읽어 머리에 채워 넣기는 하나 실제로 써먹을 줄 모르는 사람을 놀림조로 이르는 말. ≒글보."
    },
    "글때": {
        "word": "글때",
        "chosung": "ㄱㄸ",
        "type": "명사",
        "mean": "［북한어］ 글을 읽거나 글씨를 쓰는 일이 몸에 밴 것."
    },
    "글뛰다": {
        "word": "글뛰다",
        "chosung": "ㄱㄸㄷ",
        "type": "동사",
        "mean": " 동경하는 마음이 뒤끓다."
    },
    "글라디올러스": {
        "word": "글라디올러스",
        "chosung": "ㄱㄹㄷㅇㄹㅅ",
        "type": "명사",
        "mean": "붓꽃과의 여러해살이풀. 높이는 80~100cm이며, 잎은 알뿌리에서 나오는데 긴 칼 모양이다. 여름에 깔때기 모양의 빨간색, 노란색, 흰색 따위의 꽃이 한쪽으로 치우쳐서 핀다. 남아프리카가 원산지로 품종이 다양하다. ≒당창포(唐菖蒲). (Gladiolus gandavensis)"
    },
    "글라세": {
        "word": "글라세",
        "chosung": "ㄱㄹㅅ",
        "type": "명사",
        "mean": "1. 소량의 설탕과 버터를 사용하여 당근과 양파 따위의 채소를 윤이 나게 익힌 음식. 2. 과일 따위에 설탕의 얄팍한 결정 막을 씌운 과자."
    },
    "글라스": {
        "word": "글라스",
        "chosung": "ㄱㄹㅅ",
        "type": "명사",
        "mean": " 유리로 만든 잔. '유리잔'으로 순화."
    },
    "글라스노스트": {
        "word": "글라스노스트",
        "chosung": "ㄱㄹㅅㄴㅅㅌ",
        "type": "명사",
        "mean": "소련의 고르바초프(Gorbachyov, M.S.) 정권이 내세운 시정 방침의 하나. 정부가 가진 정보의 일부를 공개하고 언론 통제를 완화하는 정책을 이른다."
    },
    "글라스라이닝": {
        "word": "글라스라이닝",
        "chosung": "ㄱㄹㅅㄹㅇㄴ",
        "type": "명사",
        "mean": "철관이나 금속 용기의 재료를 보호할 목적으로 유리질을 표면에 부착하여 내식성을 부여하는 일. 내식성을 필요로 하는 화학 장치 따위에 이용된다."
    },
    "글라스반도체": {
        "word": "글라스반도체",
        "chosung": "ㄱㄹㅅㅂㄷㅊ",
        "type": "명사",
        "mean": "셀렌, 비소, 게르마늄, 텔루르, 유황 따위의 반도체를 섞어 만든 비결정질 물질."
    },
    "글라스블록": {
        "word": "글라스블록",
        "chosung": "ㄱㄹㅅㅂㄹ",
        "type": "명사",
        "mean": "유리로 만든 상자 모양의 건축용 블록. 속이 비어 있으며 채광, 단열, 방음 따위를 위하여 벽 또는 도로로 나온 지하실 천장에 쓴다."
    },
    "글라스파이버폴": {
        "word": "글라스파이버폴",
        "chosung": "ㄱㄹㅅㅍㅇㅂㅍ",
        "type": "명사",
        "mean": "glass fiber pole 장대높이뛰기에 쓰는 장대의 하나. 특수 유리 섬유로 만든 것으로, 대나무나 강철 폴보다 탄력이 크다."
    },
    "글라스하모니카": {
        "word": "글라스하모니카",
        "chosung": "ㄱㄹㅅㅎㅁㄴㅋ",
        "type": "명사",
        "mean": "크기가 다른 유리컵에 물을 넣고 젖은 손으로 컵의 가장자리를 문질러 소리를 내는 악기. 1761년에 프랭클린이 만들었다."
    },
    "글라신페이퍼": {
        "word": "글라신페이퍼",
        "chosung": "ㄱㄹㅅㅍㅇㅍ",
        "type": "명사",
        "mean": "식품, 담배, 약품 따위에 쓰는 반투명의 얇은 종이. 화학 펄프를 기계로 눌러 짜부라뜨리거나 절단하여 점성(粘性)을 갖게 한 뒤 떠서, 강한 광택을 내어 표면을 매끄럽게 마무리한다."
    },
    "글라우버": {
        "word": "글라우버",
        "chosung": "ㄱㄹㅇㅂ",
        "type": "명사",
        "mean": "독일 태생의 네덜란드 화학자(1604~1668). 독일 화학 공업의 선구자로 여러 가지의 산류·염류의 제조와 그 성질을 연구하였고, 황산나트륨의 수염(水鹽)인 글라우버염을 발견하였다."
    },
    "글라우버염": {
        "word": "글라우버염",
        "chosung": "ㄱㄹㅇㅂㅇ",
        "type": "명사",
        "mean": "결정수(結晶水)를 가지고 있는 황산나트륨. 공기 속에서 물이 없어지며, 물이나 알코올에 녹는 성질을 가지며, 물감·의약·유리 따위의 원료로 쓰인다. 독일의 화학자 글라우버가 발견하였다. 화학식은 Na2So4·10H2O."
    },
    "글라우신": {
        "word": "글라우신",
        "chosung": "ㄱㄹㅇㅅ",
        "type": "명사",
        "mean": "식물 속에 들어 있는 이소퀴놀린계 알칼로이드. 무색의 기둥 모양 결정으로, 의약품을 만드는 데 쓴다."
    },
    "글라이더": {
        "word": "글라이더",
        "chosung": "ㄱㄹㅇㄷ",
        "type": "명사",
        "mean": "비행기와 같은 고정 날개를 가진 항공기이지만, 자체에 엔진과 프로펠러나 제트 같은 추진 장치를 가지고 있지 않고 바람의 에너지나 자신의 중력의 전진 성분을 추력으로 삼아 비행하는 항공기. ≒활공기."
    },
    "글라이더경기": {
        "word": "글라이더경기",
        "chosung": "ㄱㄹㅇㄷㄱㄱ",
        "type": "명사",
        "mean": "glider競技 글라이더를 조종하여 활공 거리, 활공 속도, 절대 고도 따위를 겨루는 경기."
    },
    "글라이더왁스": {
        "word": "글라이더왁스",
        "chosung": "ㄱㄹㅇㄷㅇㅅ",
        "type": "명사",
        "mean": "glider wax 스키에서, 활강을 하기 전에 바르는 왁스."
    },
    "글라이드": {
        "word": "글라이드",
        "chosung": "ㄱㄹㅇㄷ",
        "type": "명사",
        "mean": "=활음(滑音)."
    },
    "글라이드패스": {
        "word": "글라이드패스",
        "chosung": "ㄱㄹㅇㄷㅍㅅ",
        "type": "명사",
        "mean": "항공기의 착륙 진입 경로. 또는 그 진입 경로를 지시하는 계기."
    },
    "글라이딩": {
        "word": "글라이딩",
        "chosung": "ㄱㄹㅇㄷ",
        "type": "명사",
        "mean": "=활공(滑空) ."
    },
    "글라임": {
        "word": "글라임",
        "chosung": "ㄱㄹㅇ",
        "type": "명사",
        "mean": "독일의 시인(1719~1803). 계몽 사조 시대의 아나크레온파로서 작품에 가 있다."
    },
    "글라주노프": {
        "word": "글라주노프",
        "chosung": "ㄱㄹㅈㄴㅍ",
        "type": "명사",
        "mean": "제정 러시아의 작곡가(1865~1936). 국민악파의 전통을 이어받아 러시아적인 웅대한 작품을 썼다. 작품에 교향시 , 발레 음악 따위가 있다."
    },
    "글랏코프": {
        "word": "글랏코프",
        "chosung": "ㄱㄹㅋㅍ",
        "type": "명사",
        "mean": "소련의 소설가(1883~1958). 사회주의 국가 건설을 다룬 작품을 많이 썼고, 노동자와 여성을 사실적으로 묘사하였다. 작품에 《시멘트》, 《에너지》, 따위가 있다."
    },
    "글래드스턴": {
        "word": "글래드스턴",
        "chosung": "ㄱㄹㄷㅅㅌ",
        "type": "명사",
        "mean": " 가운데서 양쪽으로 열게 된 상자 모양의 여행 가방. 영국의 정치가 글래드스턴이 사용한 데서 유래한다."
    },
    "글래머": {
        "word": "글래머",
        "chosung": "ㄱㄹㅁ",
        "type": "명사",
        "mean": " 육체가 풍만하여 성적 매력이 있는 여성."
    },
    "글래머주": {
        "word": "글래머주",
        "chosung": "ㄱㄹㅁㅈ",
        "type": "명사",
        "mean": "자본금의 규모가 작고 성장성이 좋아서 수익률이 높은 주식을 속되게 이르는 말."
    },
    "글래스고": {
        "word": "글래스고",
        "chosung": "ㄱㄹㅅㄱ",
        "type": "명사",
        "mean": "영국 스코틀랜드 남서부에 있는 항구 도시. 18세기 이래 영국 식민지와의 무역으로 세계적인 무역항이 되었다. 조선, 제철, 기계, 화학 따위의 중공업이 발달하였다."
    },
    "글래스펠": {
        "word": "글래스펠",
        "chosung": "ㄱㄹㅅㅍ",
        "type": "명사",
        "mean": "미국의 극작가·소설가(1882~1948). 신극 운동에 참가하였으며, 작품에 퓰리처상을 받은 이 있다."
    },
    "글램패션": {
        "word": "글램패션",
        "chosung": "ㄱㄹㅍㅅ",
        "type": "명사",
        "mean": " 반짝반짝 빛나는 천으로 된 통이 좁은 바지와, 새틴으로 된 셔츠에 빨간 네커치프를 두른 회고적인 차림. 로큰롤이 유행하였던 1950년대에 런던에서 시작된 유행이다."
    },
    "글러로": {
        "word": "글러로",
        "chosung": "ㄱㄹㄹ",
        "type": "부사",
        "mean": "［방언］ '그리로'의 방언(경상, 평북)."
    },
    "글러브": {
        "word": "글러브",
        "chosung": "ㄱㄹㅂ",
        "type": "명사",
        "mean": "권투, 야구, 하키, 펜싱 따위를 할 때 손에 끼는 장갑."
    },
    "글럭": {
        "word": "글럭",
        "chosung": "ㄱㄹ",
        "type": "명사",
        "mean": "［방언］ '근력'의 방언(평북)."
    },
    "글렁졀렁": {
        "word": "글렁졀렁",
        "chosung": "ㄱㄹㅈㄹ",
        "type": "부사",
        "mean": "［옛말］ '그렁저렁'의 옛말."
    },
    "글레어": {
        "word": "글레어",
        "chosung": "ㄱㄹㅇ",
        "type": "명사",
        "mean": "조명도의 분포가 고르지 않기 때문에 대상을 잘 볼 수 없게 되거나 잠시 보지 못하게 되는 현상. 강한 빛을 보았을 때나 수정체나 유리체에 혼탁이 있을 때 나타난다."
    },
    "글레이셔국립공원": {
        "word": "글레이셔국립공원",
        "chosung": "ㄱㄹㅇㅅㄱㄹㄱㅇ",
        "type": "명사",
        "mean": "미국 몬태나 주 북서부에 있는 국립공원. 로키 산맥 가운데에 있으며 미주리 강이 시작하는 곳과 가까이 있어 웅대한 빙하와 빙하 지형으로 유명하다. 1910년에 국립공원으로 지정되었으며, 면적은 4,102㎢."
    },
    "글레이즈": {
        "word": "글레이즈",
        "chosung": "ㄱㄹㅇㅈ",
        "type": "명사",
        "mean": "프랑스의 화가·이론가(1881~1953). 입체파에 참가하여 그 이해와 보급에 힘썼으며, 이지적이고 추상적인 작품들을 남겼다. 주요 작품에 이 있다."
    },
    "글레이징": {
        "word": "글레이징",
        "chosung": "ㄱㄹㅇㅈ",
        "type": "명사",
        "mean": "1. 유리판을 자르고 틀에 끼우는 일. 2. 관(管) 이음새의 납을 가열하여 반들반들하게 하는 일."
    },
    "글레이층": {
        "word": "글레이층",
        "chosung": "ㄱㄹㅇㅊ",
        "type": "명사",
        "mean": "배수가 잘 되지 아니하는 환경에서 형성된 토양층. 지하수가 차 있어 산소가 부족하고, 무기 화합물 특히 철이 환원되어서 생긴다."
    },
    "글렌첸트": {
        "word": "글렌첸트",
        "chosung": "ㄱㄹㅊㅌ",
        "type": "명사",
        "mean": "악보에서, 화려하게 연주하라는 말."
    },
    "글렝이": {
        "word": "글렝이",
        "chosung": "ㄱㄹㅇ",
        "type": "명사",
        "mean": " '글겅이'의 잘못."
    },
    "글로": {
        "word": "글로",
        "chosung": "ㄱㄹ",
        "type": "부사",
        "mean": " '그리로'의 준말."
    },
    "글로램프": {
        "word": "글로램프",
        "chosung": "ㄱㄹㄹㅍ",
        "type": "명사",
        "mean": "=점등관."
    },
    "글로리": {
        "word": "글로리",
        "chosung": "ㄱㄹㄹ",
        "type": "명사",
        "mean": "물체의 그림자 둘레에 빛의 고리가 나타나는 현상."
    },
    "글로리아": {
        "word": "글로리아",
        "chosung": "ㄱㄹㄹㅇ",
        "type": "명사",
        "mean": "하나님의 영광을 찬미하는 노래."
    },
    "글로리오사": {
        "word": "글로리오사",
        "chosung": "ㄱㄹㄹㅇㅅ",
        "type": "명사",
        "mean": "백합과 글로리아속의 원예 재배 식물을 통틀어 이르는 말. 잎은 끝이 뾰족하게 가늘어져서 덩굴손이 되어 다른 물체를 감고 올라가며, 땅속에 알뿌리가 있다. 7~8월에 적색, 오렌지색 꽃이 피는데 꽃잎 가장자리는 물결 모양으로 뒤집혀 있다. 아프리카가 원산지이다."
    },
    "글로리홀법": {
        "word": "글로리홀법",
        "chosung": "ㄱㄹㄹㅎㅂ",
        "type": "명사",
        "mean": "땅 위로 열려 있는 수직갱을 중심으로 하여 깔때기 모양으로 광석을 채굴하는 방법. 깔때기 모양의 빗면에서 캐낸 광석이 수직갱 안으로 떨어지도록 하고, 떨어진 광석을 수직갱과 연결된 갱도를 거쳐 운반한다. 지형이 나쁜 장소에도 적용할 수 있지만 위험이 따른다."
    },
    "글로방전": {
        "word": "글로방전",
        "chosung": "ㄱㄹㅂㅈ",
        "type": "명사",
        "mean": "진공의 유리관 속에 낮은 압력의 기체를 채우고 전류를 흘려보낼 때 생성된 플라스마에서 아름다운 빛이 생기는 현상."
    },
    "글로방전등": {
        "word": "글로방전등",
        "chosung": "ㄱㄹㅂㅈㄷ",
        "type": "명사",
        "mean": "진공의 유리관 속에 낮은 압력의 기체를 채우고 전류를 흘려보낼 때 빛이 생기는 현상을 이용한 등. 네온관, 수은등, 형광등 따위가 있다."
    },
    "글로버산": {
        "word": "글로버산",
        "chosung": "ㄱㄹㅂㅅ",
        "type": "명사",
        "mean": "글로버탑 밑에 괴는 산."
    },
    "글로버탑": {
        "word": "글로버탑",
        "chosung": "ㄱㄹㅂㅌ",
        "type": "명사",
        "mean": "연실법(鉛室法)으로 황산을 만들 때 쓰는 반응 장치. 질소를 품은 황산을 황산과 질소 산화물로 나누는 구실을 한다."
    },
    "글로벌리즘": {
        "word": "글로벌리즘",
        "chosung": "ㄱㄹㅂㄹㅈ",
        "type": "명사",
        "mean": "개별 국가의 단위를 초월하여 세계를 하나의 통합체로 만들려는 생각이나 운동. 제이 차 세계 대전 이후 미국을 중심으로 추진되어 왔으나, 유럽 공동체나 북아메리카 자유 무역 지대와 같은 지역주의나 보호 무역주의의 대두로 시련을 겪고 있다. '지구주의'로 순화."
    },
    "글로벌예산": {
        "word": "글로벌예산",
        "chosung": "ㄱㄹㅂㅇㅅ",
        "type": "명사",
        "mean": "수입에 따른 외화 지출 예산을 세울 때, 수입 지역을 지정하지 아니하고 수입업자가 희망하는 지역의 외화를 예산에 배정하는 일."
    },
    "글로불린": {
        "word": "글로불린",
        "chosung": "ㄱㄹㅂㄹ",
        "type": "명사",
        "mean": "생물체 안에 가장 널리 존재하는 단순 단백질. 동물에서는 혈장이나 난황 따위에 들어 있으며, 식물에서는 씨에 많이 들어 있다. 혈장 가운데는 면역 따위의 항체 형성에 중요한 구실을 한다. ≒구소(球素)."
    },
    "글로브": {
        "word": "글로브",
        "chosung": "ㄱㄹㅂ",
        "type": "명사",
        "mean": "유리로 만든 공 모양의 전등갓. 불빛을 부드럽게 하거나 빛 색깔을 바꾸기 위하여 사용한다. ≒외구(外球)."
    },
    "글로브극장": {
        "word": "글로브극장",
        "chosung": "ㄱㄹㅂㄱㅈ",
        "type": "명사",
        "mean": "1599년에 카스바트 바베라가 런던 교외 템스 강 남쪽 기슭의 사우스워크에 세운 극장. 셰익스피어 작품의 대부분이 초연된 곳으로 유명하다. ≒지구 극장."
    },
    "글로비게리나": {
        "word": "글로비게리나",
        "chosung": "ㄱㄹㅂㄱㄹㄴ",
        "type": "명사",
        "mean": "원생동물 유공충류의 한 속. 해산 플랑크톤으로 석회질의 껍데기를 가지고 있으며, 껍데기는 말려 있고 둥근 모양의 송이로 갈라져 있다. 죽으면 해저에 가라앉아 연니(軟泥)를 만든다."
    },
    "글로비게리나연니": {
        "word": "글로비게리나연니",
        "chosung": "ㄱㄹㅂㄱㄹㄴㅇㄴ",
        "type": "명사",
        "mean": "=유공충 연니."
    },
    "글로빈": {
        "word": "글로빈",
        "chosung": "ㄱㄹㅂ",
        "type": "명사",
        "mean": "염기성 단백질의 하나. 철이 들어 있는 색소체인 헴과 화합하여 헤모글로빈을 구성한다."
    },
    "글로소프테리스": {
        "word": "글로소프테리스",
        "chosung": "ㄱㄹㅅㅍㅌㄹㅅ",
        "type": "명사",
        "mean": "고생대 페름기와 중생대 트라이아스기에 살았던 양치식물 화석의 하나. 작은 가지 위에 주걱 모양의 잎이 둘러 나 있고, 잎에는 중앙 맥과 그물 모양의 측맥이 있다."
    },
    "글로스타터": {
        "word": "글로스타터",
        "chosung": "ㄱㄹㅅㅌㅌ",
        "type": "명사",
        "mean": "=점등관(點燈管)."
    },
    "글로스터": {
        "word": "글로스터",
        "chosung": "ㄱㄹㅅㅌ",
        "type": "명사",
        "mean": "영국 남서부에 있는 상공업 도시. 항공기 부품·금속 공업이 발달하였다. 로마 시대부터 있었던 오래된 도시로, 681년에 지은 수도원이 있으며, 최초의 주일 학교가 생긴 곳이다."
    },
    "글로시": {
        "word": "글로시",
        "chosung": "ㄱㄹㅅ",
        "type": "명사",
        "mean": "=광택 인화지."
    },
    "글로우스위치": {
        "word": "글로우스위치",
        "chosung": "ㄱㄹㅇㅅㅇㅊ",
        "type": "명사",
        "mean": "'점등관'의 북한어. ※ 글로 스위치."
    },
    "글로전압": {
        "word": "글로전압",
        "chosung": "ㄱㄹㅈㅇ",
        "type": "명사",
        "mean": "글로 방전을 유지하는 안정된 전압."
    },
    "글로켄슈필": {
        "word": "글로켄슈필",
        "chosung": "ㄱㄹㅋㅅㅍ",
        "type": "명사",
        "mean": "=철금(鐵琴)."
    },
    "글로키디움": {
        "word": "글로키디움",
        "chosung": "ㄱㄹㅋㄷㅇ",
        "type": "명사",
        "mean": "돌조갯과 동물의 유생. 하나의 폐각근으로 연결되는 두 개의 껍데기와 채찍 모양의 돌기가 있다."
    },
    "글로플러그": {
        "word": "글로플러그",
        "chosung": "ㄱㄹㅍㄹㄱ",
        "type": "명사",
        "mean": "디젤 엔진의 실린더 안에 부착된 소형 가열기. 시동을 걸기 전에 실린더 속의 공기를 미리 데우는 데 쓴다."
    },
    "글로하다": {
        "word": "글로하다",
        "chosung": "ㄱㄹㅎㄷ",
        "type": "동사",
        "mean": "［옛말］ 부리다. 쓰다."
    },
    "글록시니아": {
        "word": "글록시니아",
        "chosung": "ㄱㄹㅅㄴㅇ",
        "type": "명사",
        "mean": "게스네리아과의 여러해살이풀. 잎은 마주나고 달걀 모양이며, 8월에 흰색 또는 붉은 보라색 꽃이 긴 꽃줄기 끝에 하나씩 핀다. 브라질이 원산지로 온실에서 재배한다. (Sinningia speciosa)"
    },
    "글롬마강": {
        "word": "글롬마강",
        "chosung": "ㄱㄹㅁㄱ",
        "type": "명사",
        "mean": "노르웨이의 남부를 흐르는 강. 스칸디나비아 반도에서 가장 긴 강으로, 리엔 호에서 시작하여 스카게라크 해협으로 흘러 들어간다. 산지의 목재를 띄워 운반하는 수송로로 중요한 역할을 한다. 길이는 599km."
    },
    "글루시톨": {
        "word": "글루시톨",
        "chosung": "ㄱㄹㅅㅌ",
        "type": "명사",
        "mean": "=소르비톨."
    },
    "글루온": {
        "word": "글루온",
        "chosung": "ㄱㄹㅇ",
        "type": "명사",
        "mean": "쿼크의 양자 수(量子數) 사이에 작용하는 힘을 매개하는, 하전 입자와 전자기 마당으로 이루어진 입자."
    },
    "글루카곤": {
        "word": "글루카곤",
        "chosung": "ㄱㄹㅋㄱ",
        "type": "명사",
        "mean": "췌장의 랑게르한스섬에서 분비되는 호르몬. 같은 췌장 호르몬인 인슐린과는 반대로 간장의 글리코겐을 글루코오스로 분해하여 혈당량을 증가시킨다."
    },
    "글루코사민": {
        "word": "글루코사민",
        "chosung": "ㄱㄹㅋㅅㅁ",
        "type": "명사",
        "mean": "빛깔이 없는 바늘 모양 결정으로 된 천연 아미노당. 동식물·미생물의 다당류, 특히 무코다당·당단백질 및 당지질의 구성 성분으로 물에 녹는 강염기성 물질이다. 화학식은 C6H13O5N."
    },
    "글루코시다아제": {
        "word": "글루코시다아제",
        "chosung": "ㄱㄹㅋㅅㄷㅇㅈ",
        "type": "명사",
        "mean": "=글리코시다아제."
    },
    "글루코시드": {
        "word": "글루코시드",
        "chosung": "ㄱㄹㅋㅅㄷ",
        "type": "명사",
        "mean": "=글리코시드."
    },
    "글루코오스": {
        "word": "글루코오스",
        "chosung": "ㄱㄹㅋㅇㅅ",
        "type": "명사",
        "mean": "=포도당."
    },
    "글루코오스생성": {
        "word": "글루코오스생성",
        "chosung": "ㄱㄹㅋㅇㅅㅅㅅ",
        "type": "명사",
        "mean": "=글루코제네시스."
    },
    "글루코제네시스": {
        "word": "글루코제네시스",
        "chosung": "ㄱㄹㅋㅈㄴㅅㅅ",
        "type": "명사",
        "mean": "동물의 체내에서, 글리코겐 이외의 다른 선구 물질에서 포도당을 합성하는 일. ≒글루코오스 생성."
    },
    "글루코코르티코이드": {
        "word": "글루코코르티코이드",
        "chosung": "ㄱㄹㅋㅋㄹㅌㅋㅇㄷ",
        "type": "명사",
        "mean": "단백질, 탄수화물, 지질의 대사에 작용하는 호르몬. 그 외 항염증 작용, 면역 억제 작용도 한다."
    },
    "글루코프로테이드": {
        "word": "글루코프로테이드",
        "chosung": "ㄱㄹㅋㅍㄹㅌㅇㄷ",
        "type": "명사",
        "mean": "가수 분해에 의하여 비단백질성 물질에서 당류를 생성하는 복합 단백질의 하나."
    },
    "글루콘산": {
        "word": "글루콘산",
        "chosung": "ㄱㄹㅋㅅ",
        "type": "명사",
        "mean": "포도당의 알데히드기가 산화하여 카르복시기로 된 결정성 물질. 신맛이 나며, 물에는 잘 녹으나 에틸알코올에는 잘 녹지 않는다. 의약품, 양념감, 금속의 세척 따위에 쓴다. 화학식은 C6H12O7."
    },
    "글루콘산균": {
        "word": "글루콘산균",
        "chosung": "ㄱㄹㅋㅅㄱ",
        "type": "명사",
        "mean": "글루콘산 발효를 일으키는 미생물을 통틀어 이르는 말."
    },
    "글루콘산발효": {
        "word": "글루콘산발효",
        "chosung": "ㄱㄹㅋㅅㅂㅎ",
        "type": "명사",
        "mean": "포도당을 호기성으로 산화하여 글루콘산을 만드는 발효."
    },
    "글루콘산소다": {
        "word": "글루콘산소다",
        "chosung": "ㄱㄹㅋㅅㅅㄷ",
        "type": "명사",
        "mean": "황색이나 흰색의 결정성 분말. 발효에 의하여 만들어지며, 식품 공업·제약 공업·금속 세척 따위에 쓰인다. 화학식은 NaC6H11O7."
    },
    "글루콜리피드": {
        "word": "글루콜리피드",
        "chosung": "ㄱㄹㅋㄹㅍㄷ",
        "type": "명사",
        "mean": "=당지질."
    },
    "글루쿠론산": {
        "word": "글루쿠론산",
        "chosung": "ㄱㄹㅋㄹㅅ",
        "type": "명사",
        "mean": "포도당의 산화 물질인 우론산. 몸 안에 알코올·페놀 따위의 독소가 들어오면 산화하면서 해독 작용을 하며, 글리코시드로 오줌에 섞여 배출된다. 식물성의 고무질, 헤파린, 마늘 따위에 디(D)형으로 존재한다. 화학식은 C6H10O7."
    },
    "글루크": {
        "word": "글루크",
        "chosung": "ㄱㄹㅋ",
        "type": "명사",
        "mean": "독일의 작곡가(1714~1787). 종래의 아리아 중심의 오페라를 가사와 극적 내용을 존중하는 새로운 양식으로 개혁하였다. 작품에, 따위가 있다."
    },
    "글루타르산": {
        "word": "글루타르산",
        "chosung": "ㄱㄹㅌㄹㅅ",
        "type": "명사",
        "mean": "사탕무나 양모의 추출물 속에 함유되어 있는 지방족 2염기성 산. 빛깔이 없고 바늘 모양의 결정으로, 물이나 알코올에 잘 녹고, 폴리에스테르·폴리아미드·염화비닐용 가소제의 원료로 쓴다. 화학식은 C5H8O4."
    },
    "글루타미나아제": {
        "word": "글루타미나아제",
        "chosung": "ㄱㄹㅌㅁㄴㅇㅈ",
        "type": "명사",
        "mean": "글루타민을 가수 분해 하여 글루탐산과 암모니아를 생성하는 반응을 촉매하는 효소."
    },
    "글루타민": {
        "word": "글루타민",
        "chosung": "ㄱㄹㅌㅁ",
        "type": "명사",
        "mean": "식물체의 발아 종자 속에 함유되어 있는, 바늘 모양 결정의 알파 아미노산의 하나. 동식물의 몸 안에서는 글루탐산과 암모니아에서 생합성되며, 단백질 분해로 생기는 암모니아를 저장하거나 공급하는 구실을 한다. 화학식은 H2NOC(CH2)2CH(NH2)COOH."
    },
    "글루타티온": {
        "word": "글루타티온",
        "chosung": "ㄱㄹㅌㅌㅇ",
        "type": "명사",
        "mean": "글루탐산, 시스테인, 글리신의 세 가지 아미노산으로 이루어진 결정성 펩티드. 효모, 동물의 근육과 간장 따위의 조직에 함유되어 있다. 생물체 안의 산화·환원 반응 및 해독 작용을 하며, 생체 조직의 호흡에 관계한다. 화학식은 C10H17N3O6S."
    },
    "글루탐산": {
        "word": "글루탐산",
        "chosung": "ㄱㄹㅌㅅ",
        "type": "명사",
        "mean": "식물성 단백질 속에 많이 함유되어 있는 아미노산. 글루타민을 산으로 가수 분해 하여 얻으며, 다른 아미노산의 합성과 분해에 중요한 구실을 한다. 화학식은 HOOC(CH2)3CH(NH2)COOH."
    },
    "글루탐산나트륨": {
        "word": "글루탐산나트륨",
        "chosung": "ㄱㄹㅌㅅㄴㅌㄹ",
        "type": "명사",
        "mean": "글루탐산의 모노 나트륨염. 콩이나 밀 따위에 함유되어 있는 글루텐을 가수 분해 하여 얻는다. 희거나 빛깔이 없는 바늘 모양의 결정으로, 물에 잘 녹고 엘(L)체는 맛이 좋아 화학조미료의 원료로 쓴다. ≒글루탐산소다."
    },
    "글루탐산발효": {
        "word": "글루탐산발효",
        "chosung": "ㄱㄹㅌㅅㅂㅎ",
        "type": "명사",
        "mean": "당(糖)이나 무기(無機)의 질소원 따위에서 글루탐산을 생성하고 축적하는 발효. 균종은 브레비박테리움 속의 세균 따위이다."
    },
    "글루탐산소다": {
        "word": "글루탐산소다",
        "chosung": "ㄱㄹㅌㅅㅅㄷ",
        "type": "명사",
        "mean": "=글루탐산나트륨."
    },
    "글루테닌": {
        "word": "글루테닌",
        "chosung": "ㄱㄹㅌㄴ",
        "type": "명사",
        "mean": "밀에 함유되어 있는 글루텔린."
    },
    "글루테티미드": {
        "word": "글루테티미드",
        "chosung": "ㄱㄹㅌㅌㅁㄷ",
        "type": "명사",
        "mean": "불안·긴장 상태를 진정하거나 불면증을 치료하는 데에 쓰는 수면제."
    },
    "글루텐": {
        "word": "글루텐",
        "chosung": "ㄱㄹㅌ",
        "type": "명사",
        "mean": "식물의 종자 속에 들어 있는 식물성 단백질의 혼합물. 회갈색의 찰기가 있는 물질로, 글루탐산을 다량으로 함유한다. 접착제, 글루탐산의 원료로 쓴다. ≒부소(□素)."
    },
    "글루텔린": {
        "word": "글루텔린",
        "chosung": "ㄱㄹㅌㄹ",
        "type": "명사",
        "mean": "밀, 보리, 쌀 따위의 곡물류 씨앗 속에 함유되어 있는 식물성 단순 단백질. 열에 불안정하고, 물·알코올·중성염 용액 따위에는 녹지 않으나 묽은 산이나 알칼리에는 녹는다."
    },
    "글르다": {
        "word": "글르다",
        "chosung": "ㄱㄹㄷ",
        "type": "형용사",
        "mean": " '그르다'의 잘못."
    },
    "글리": {
        "word": "글리",
        "chosung": "ㄱㄹ",
        "type": "부사",
        "mean": " 그릇되게."
    },
    "글리다": {
        "word": "글리다",
        "chosung": "ㄱㄹㄷ",
        "type": "동사",
        "mean": "『 …을 …에』 '그을리다'의 준말."
    },
    "글리벤클라마이드": {
        "word": "글리벤클라마이드",
        "chosung": "ㄱㄹㅂㅋㄹㅁㅇㄷ",
        "type": "명사",
        "mean": "당뇨병 치료제의 하나. 부작용으로 위장 장애, 황달, 저혈당 따위가 나타나기도 한다."
    },
    "글리비체": {
        "word": "글리비체",
        "chosung": "ㄱㄹㅂㅊ",
        "type": "명사",
        "mean": "폴란드 남서부 카토비체 현(縣)의 중공업 도시. 슐레지엔 탄전의 중심지이고, 철강·기계·화학 따위의 중공업이 발달하였으며, 하항으로도 크게 발전하고 있다."
    },
    "글리사드": {
        "word": "글리사드",
        "chosung": "ㄱㄹㅅㄷ",
        "type": "명사",
        "mean": "등산에서, 눈의 사면(斜面)을 등산화 바닥으로 속도를 조절하면서 내려오는 기술."
    },
    "글리산도": {
        "word": "글리산도",
        "chosung": "ㄱㄹㅅㄷ",
        "type": "명사",
        "mean": "피아노, 현악기 따위나 성악에서, 비교적 넓은 음역을 빠르게 미끄러지듯 소리를 내는 방법. ≒활주(滑奏)."
    },
    "글리세": {
        "word": "글리세",
        "chosung": "ㄱㄹㅅ",
        "type": "명사",
        "mean": "펜싱에서, 상대편의 칼을 눌러 미끄러지게 하면서 찌르는 기술."
    },
    "글리세롤": {
        "word": "글리세롤",
        "chosung": "ㄱㄹㅅㄹ",
        "type": "명사",
        "mean": "=글리세린."
    },
    "글리세롤발효": {
        "word": "글리세롤발효",
        "chosung": "ㄱㄹㅅㄹㅂㅎ",
        "type": "명사",
        "mean": "당(糖)에서 글리세린을 생성하는 발효. 알코올 발효 중인 액체에 아황산나트륨을 넣거나 발효액을 염기성으로 유지하면 다량의 글리세린이 만들어진다."
    },
    "글리세롤연고": {
        "word": "글리세롤연고",
        "chosung": "ㄱㄹㅅㄹㅇㄱ",
        "type": "명사",
        "mean": "=글리세린 연고."
    },
    "글리세르알데히드": {
        "word": "글리세르알데히드",
        "chosung": "ㄱㄹㅅㄹㅇㄷㅎㄷ",
        "type": "명사",
        "mean": "세 개의 탄소 원자를 갖는 단당류의 하나. 빛깔이 없는 시럽 상태의 액체로 물, 알코올에 잘 녹는다. 화학식은 C3H6O3."
    },
    "글리세리드": {
        "word": "글리세리드",
        "chosung": "ㄱㄹㅅㄹㄷ",
        "type": "명사",
        "mean": "글리세린의 지방산 에스테르를 통틀어 이르는 말. 동식물 유지(油脂)의 주성분이며, 도료·비누 따위의 원료로 쓰인다."
    },
    "글리세린": {
        "word": "글리세린",
        "chosung": "ㄱㄹㅅㄹ",
        "type": "명사",
        "mean": "유지(油脂)가 가수 분해를 할 때 지방산과 함께 생성되는 액체. 무색투명하고 단맛과 끈기가 있다. 의약품, 폭약, 화장품 따위의 원료나 기계류의 윤활제로 쓴다. 화학식은 C3H8O3. ≒감유(甘油)·글리세롤."
    },
    "글리세린디아세테이트": {
        "word": "글리세린디아세테이트",
        "chosung": "ㄱㄹㅅㄹㄷㅇㅅㅌㅇㅌ",
        "type": "명사",
        "mean": "빛깔이 없는 흡습성의 액체. 알코올, 에테르, 벤젠 따위에 녹으며, 가소제·연화제·용제 따위로 쓰인다. 끓는점은 259℃."
    },
    "글리세린산": {
        "word": "글리세린산",
        "chosung": "ㄱㄹㅅㄹㅅ",
        "type": "명사",
        "mean": "글리세린을 질산으로 산화하여 얻는 물질. 끈끈하고 빛깔이 없는 액체로, 물·에탄올·아세톤 따위에 녹으며 증류하면 분해된다. 화학식은 HOCH2CHOHCOOH."
    },
    "글리세린연고": {
        "word": "글리세린연고",
        "chosung": "ㄱㄹㅅㄹㅇㄱ",
        "type": "명사",
        "mean": "글리세린을 원료로 하여 만든 연고. 염증성 궤양에 상처를 감싸서 보호할 목적으로 사용되었으나 현재는 쓰지 않는다. ≒글리세롤 연고."
    },
    "글리세린욕": {
        "word": "글리세린욕",
        "chosung": "ㄱㄹㅅㄹㅇ",
        "type": "명사",
        "mean": "글리세린을 가열 매질로 하는 가열 기구."
    },
    "글리시리진": {
        "word": "글리시리진",
        "chosung": "ㄱㄹㅅㄹㅈ",
        "type": "명사",
        "mean": "감초의 뿌리에서 채취되는 흰색이나 갈색 결정. 따뜻한 물에는 녹으나 찬물, 에탄올 따위에는 잘 녹지 않는다. 단맛이 있어서 음료 따위의 인공 감미료로 쓰인다."
    },
    "글리신": {
        "word": "글리신",
        "chosung": "ㄱㄹㅅ",
        "type": "명사",
        "mean": "1. 단맛이 나는 무색 결정의 아미노산. 필수 아미노산의 하나로, 젤라틴·에라스틴 따위의 동물성 단백질에 다량으로 함유되어 있다. 신경·근육 계통의 의약품이나 검출 시약 따위로 쓴다. 화학식은 CH2(NH2)COOH. 2. 사진 현상약의 하나. 흰색 가루로 독성이 있다."
    },
    "글리신크레졸적": {
        "word": "글리신크레졸적",
        "chosung": "ㄱㄹㅅㅋㄹㅈㅈ",
        "type": "명사",
        "mean": "금속 지시약의 하나. 붉은 갈색의 결정성 가루로 분석 화학에 쓴다."
    },
    "글리신티올청": {
        "word": "글리신티올청",
        "chosung": "ㄱㄹㅅㅌㅇㅊ",
        "type": "명사",
        "mean": "금속 지시약의 하나. 갈색 가루로 분석 화학에서 쓴다."
    },
    "글리아딘": {
        "word": "글리아딘",
        "chosung": "ㄱㄹㅇㄷ",
        "type": "명사",
        "mean": "플로라민에 속하는 식물성 단순 단백질. 의약품, 향료의 원료로 쓴다."
    },
    "글리오톡신": {
        "word": "글리오톡신",
        "chosung": "ㄱㄹㅇㅌㅅ",
        "type": "명사",
        "mean": "세균을 억제하는 항생 물질의 하나. 열에 불안정하다."
    },
    "글리옥살": {
        "word": "글리옥살",
        "chosung": "ㄱㄹㅇㅅ",
        "type": "명사",
        "mean": "두 개의 알데히드기로 결합된 황색 결정 물질. 물이나 유기 용매에 녹으며, 전분·셀룰로오스계 물질·단백질의 불용화(不 溶化) 방부 보존액 따위에 쓰인다. 녹는점은 15℃, 끓는점은 51℃, 화학식은 (CHO)2."
    },
    "글리옥살라아제": {
        "word": "글리옥살라아제",
        "chosung": "ㄱㄹㅇㅅㄹㅇㅈ",
        "type": "명사",
        "mean": "메틸글리옥살이 젖산으로 변환하는 데에 촉매 구실을 하는 효소. 여러 종류의 조직에 존재한다."
    },
    "글리옥살린": {
        "word": "글리옥살린",
        "chosung": "ㄱㄹㅇㅅㄹ",
        "type": "명사",
        "mean": "=이미다졸."
    },
    "글리옥살산": {
        "word": "글리옥살산",
        "chosung": "ㄱㄹㅇㅅㅅ",
        "type": "명사",
        "mean": "=글리옥실산."
    },
    "글리옥시솜": {
        "word": "글리옥시솜",
        "chosung": "ㄱㄹㅇㅅㅅ",
        "type": "명사",
        "mean": "=미소체."
    },
    "글리옥실산": {
        "word": "글리옥실산",
        "chosung": "ㄱㄹㅇㅅㅅ",
        "type": "명사",
        "mean": "알데히드산 가운데 구조가 가장 간단한 산. 빛깔이 없는 기둥 모양의 결정으로, 흡습성이 있으며 물에 녹는다. 덜 익은 과일이나 어린잎에 많이 들어 있다. 화학식은 CHOCOOH. 또는 1수화물인 CH(OH)2COOH. ≒글리옥살산."
    },
    "글리옥실산회로": {
        "word": "글리옥실산회로",
        "chosung": "ㄱㄹㅇㅅㅅㅎㄹ",
        "type": "명사",
        "mean": "미생물이나 고등 식물에서 볼 수 있는 대사 회로의 하나. 지방을 저장하는 씨앗의 발아 과정에 관한 생화학 반응으로, 지방을 당(糖)으로 바꾼다."
    },
    "글리코겐": {
        "word": "글리코겐",
        "chosung": "ㄱㄹㅋㄱ",
        "type": "명사",
        "mean": "동물의 간장이나 근육 따위에 들어 있는 동물성 전분. 맛이 없고 냄새가 없는 백색 가루로, 에너지 대사에 중요한 물질이다. 화학식은 (C6H10O5)n. ≒당원(糖原)·당원질(糖原質) ·동물 전분."
    },
    "글리코겐축적증": {
        "word": "글리코겐축적증",
        "chosung": "ㄱㄹㅋㄱㅊㅈㅈ",
        "type": "명사",
        "mean": "글리코겐이 포도당으로 분해되는 대사에 필요한 효소가 선천적으로 부족하여 근육이나 간 따위에 글리코겐이 쌓이는 병. ≒당원병(糖原病)."
    },
    "글리코시다아제": {
        "word": "글리코시다아제",
        "chosung": "ㄱㄹㅋㅅㄷㅇㅈ",
        "type": "명사",
        "mean": "간이나 근육 속에서 배당체(配糖體)를 가수 분해 하여 당과 아글리콘을 생성하는 반응을 촉매하는 효소를 통틀어 이르는 말. ≒글루코시다아제·배당체 가수 분해 효소."
    },
    "글리코시드": {
        "word": "글리코시드",
        "chosung": "ㄱㄹㅋㅅㄷ",
        "type": "명사",
        "mean": "단당류의 헤미아세탈성 히드록시기와 알코올이나 그 밖의 비당질 화합물이 결합하여 아세탈 결합을 한 화합물을 통틀어 이르는 말. 주로 식물계에 널리 분포되어 있으나 드물게는 동물체에도 존재한다. 중성으로 질소를 함유하고 있지 않으며, 산·알칼리·효소 따위에 의하여 당과 그 밖의 화합물로 가수 분해가 된다. 타닌, 사포닌, 디기탈리스 따위가 있다. ≒글루코시드·당원질(糖原質) ·배당체(配糖體)."
    },
    "글리콜": {
        "word": "글리콜",
        "chosung": "ㄱㄹㅋ",
        "type": "명사",
        "mean": "1. 지방족이나 지환식(脂環式) 화합물의 탄소 원자에 두 개의 히드록시기가 결합된 이가(二價) 알코올을 통틀어 이르는 말. 점도가 높은, 단맛의 무색 액체이며 물에 잘 녹는다. 2. =에틸렌글리콜."
    },
    "글리콜산": {
        "word": "글리콜산",
        "chosung": "ㄱㄹㅋㅅ",
        "type": "명사",
        "mean": "클로르아세트산을 탄산바륨으로 가수 분해 하여 얻는, 빛깔이 없는 바늘 모양이나 나뭇잎 모양의 결정. 덜 익은 열매나 잎, 사탕옥수수 따위에 들어 있고, 산화하여 글리옥살산이나 옥살산으로 된다. 섬유용 물감의 중간체로 쓴다. 화학식은 HOCH2COOH."
    },
    "글리콜에테르": {
        "word": "글리콜에테르",
        "chosung": "ㄱㄹㅋㅇㅌㄹ",
        "type": "명사",
        "mean": "용제, 희석제로 쓰는 빛깔이 없는 액체."
    },
    "글리클라자이드": {
        "word": "글리클라자이드",
        "chosung": "ㄱㄹㅋㄹㅈㅇㄷ",
        "type": "명사",
        "mean": "당뇨병 치료제의 하나. 발작, 구토, 설사, 변비, 간 장애, 빈혈 따위의 부작용이 나타나기도 한다."
    },
    "글리클럽": {
        "word": "글리클럽",
        "chosung": "ㄱㄹㅋㄹ",
        "type": "명사",
        "mean": "주로 미국 등지의 대학 또는 고등학교에서 클래식한 합창곡이나 학생가를 부르는 남성 합창단. 18세기 후반에 영국에서 일어난, 주로 글리를 부르는 남성 합창단에서 유래하였다."
    },
    "글리프탈수지": {
        "word": "글리프탈수지",
        "chosung": "ㄱㄹㅍㅌㅅㅈ",
        "type": "명사",
        "mean": "글리세린과 프탈산을 축합시켜 만든 수지. 절전 재료, 화학 장치, 자동차, 가구 따위의 도료로 널리 쓴다."
    },
    "글린카": {
        "word": "글린카",
        "chosung": "ㄱㄹㅋ",
        "type": "명사",
        "mean": "제정 러시아의 작곡가(1804~1857). 러시아 국민의 생활, 역사, 시정(詩情)을 서구적 수법으로 표현하여 국민 음악파의 시조라 불린다. 작품에 오페라, 관현악곡 따위가 있다."
    },
    "글림계전관": {
        "word": "글림계전관",
        "chosung": "ㄱㄹㄱㅈㄱ",
        "type": "명사",
        "mean": "양극과 냉(冷 )음극 사이에 제어 극을 두고, 저압으로 아르곤을 봉하여 넣은 방전관. 전기적 계전기의 작용을 하며, 매우 약한 전류로 큰 전류를 제어할 때 편리하다. ≒삼극 방전관."
    },
    "글립패": {
        "word": "글립패",
        "chosung": "ㄱㄹㅍ",
        "type": "명사",
        "mean": "［방언］ '걸립패'의 방언(강원)."
    },
    "글마디": {
        "word": "글마디",
        "chosung": "ㄱㅁㄷ",
        "type": "명사",
        "mean": "'어절(語節)'의 북한어."
    },
    "글마루": {
        "word": "글마루",
        "chosung": "ㄱㅁㄹ",
        "type": "명사",
        "mean": " 글에서 본문에 해당하는 부분."
    },
    "글말": {
        "word": "글말",
        "chosung": "ㄱㅁ",
        "type": "명사",
        "mean": "=문자 언어."
    },
    "글말글": {
        "word": "글말글",
        "chosung": "ㄱㅁㄱ",
        "type": "명사",
        "mean": "=문어문."
    },
    "글말언어행위": {
        "word": "글말언어행위",
        "chosung": "ㄱㅁㅇㅇㅎㅇ",
        "type": "명사",
        "mean": "글을 쓰며 읽는 과정을 통하여 이루어지는 의사 전달 행위. 사상, 감정 따위를 오직 글로만 전달하기 때문에 정확한 단어 선택과 명료한 표현이 요구된다. ≒서사언어행위."
    },
    "글말체": {
        "word": "글말체",
        "chosung": "ㄱㅁㅊ",
        "type": "명사",
        "mean": "=문어체."
    },
    "글맛": {
        "word": "글맛",
        "chosung": "ㄱㅁ",
        "type": "명사",
        "mean": " 글월이 가지는 독특한 운치나 글월을 읽으면서 느끼는 재미."
    },
    "글맵시": {
        "word": "글맵시",
        "chosung": "ㄱㅁㅅ",
        "type": "명사",
        "mean": " 글의 아름다운 꾸밈새."
    },
    "글머리": {
        "word": "글머리",
        "chosung": "ㄱㅁㄹ",
        "type": "명사",
        "mean": " =서두(書頭) ."
    },
    "글먼": {
        "word": "글먼",
        "chosung": "ㄱㅁ",
        "type": "부사",
        "mean": "［방언］ '그러면'의 방언(전남)."
    },
    "글메": {
        "word": "글메",
        "chosung": "ㄱㅁ",
        "type": "감탄사",
        "mean": "［방언］ '글쎄'의 방언(전남)."
    },
    "글밑천": {
        "word": "글밑천",
        "chosung": "ㄱㅁㅊ",
        "type": "명사",
        "mean": " 글을 배워서 알고 있는 지식."
    },
    "글바보": {
        "word": "글바보",
        "chosung": "ㄱㅂㅂ",
        "type": "명사",
        "mean": "［북한어］ 공부를 하고도 그것을 제대로 써먹을 줄 모르는 사람을 놀림조로 이르는 말."
    },
    "글발": {
        "word": "글발",
        "chosung": "ㄱㅂ",
        "type": "명사",
        "mean": "［옛말］ '글월'의 옛말."
    },
    "글방": {
        "word": "글방",
        "chosung": "ㄱㅂ",
        "type": "명사",
        "mean": " 예전에, 한문을 사사로이 가르치던 곳. ≒당(堂) ·사숙(私塾)·사횡(私□)·서당(書堂)·서숙(書塾)·서옥(書屋)·서재(書齋) ·학당(學堂) ·학방(學房)."
    },
    "글방도련님": {
        "word": "글방도련님",
        "chosung": "ㄱㅂㄷㄹㄴ",
        "type": "명사",
        "mean": " 세상 물정을 도무지 모르는 사람을 비유적으로 이르는 말."
    },
    "글방물림": {
        "word": "글방물림",
        "chosung": "ㄱㅂㅁㄹ",
        "type": "명사",
        "mean": " 글방에서 공부만 하다가 갓 사회에 나와 세상 물정에 어두운 사람을 낮잡아 이르는 말. ≒글방퇴물."
    },
    "글방사랑": {
        "word": "글방사랑",
        "chosung": "ㄱㅂㅅㄹ",
        "type": "명사",
        "mean": " 글방으로 차려 놓은 사랑방."
    },
    "글방서방님": {
        "word": "글방서방님",
        "chosung": "ㄱㅂㅅㅂㄴ",
        "type": "명사",
        "mean": " 글방에나 다니면서 글공부하는 일 이외에는 아무것도 하는 일이 없는 남자를 놀림조로 이르는 말."
    },
    "글방퇴물": {
        "word": "글방퇴물",
        "chosung": "ㄱㅂㅌㅁ",
        "type": "명사",
        "mean": " =글방물림."
    },
    "글밭": {
        "word": "글밭",
        "chosung": "ㄱㅂ",
        "type": "명사",
        "mean": "《농업》'그루밭'의 준말."
    },
    "글벗": {
        "word": "글벗",
        "chosung": "ㄱㅂ",
        "type": "명사",
        "mean": " =문우(文友)."
    },
    "글벙어리": {
        "word": "글벙어리",
        "chosung": "ㄱㅂㅇㄹ",
        "type": "명사",
        "mean": " 글을 읽고 이해는 하지만 제대로 쓰지 못하는 사람."
    },
    "글보": {
        "word": "글보",
        "chosung": "ㄱㅂ",
        "type": "명사",
        "mean": "［북한어］ =글뒤주."
    },
    "글속": {
        "word": "글속",
        "chosung": "ㄱㅅ",
        "type": "명사",
        "mean": " 학문을 이해하는 정도."
    },
    "글스기": {
        "word": "글스기",
        "chosung": "ㄱㅅㄱ",
        "type": "명사",
        "mean": "［옛말］ '글쓰기'의 옛말."
    },
    "글시": {
        "word": "글시",
        "chosung": "ㄱㅅ",
        "type": "명사",
        "mean": "［옛말］ 글씨. 글쓰기."
    },
    "글심부름": {
        "word": "글심부름",
        "chosung": "ㄱㅅㅂㄹ",
        "type": "명사",
        "mean": "［북한어］1. 글을 갖다 전해 주거나 하는 따위의 심부름. 2. 글공부를 잘할 수 있도록 여러 가지로 보살펴 주는 뒷받침이나 뒷바라지."
    },
    "글썽": {
        "word": "글썽",
        "chosung": "ㄱㅆ",
        "type": "부사",
        "mean": " 눈에 눈물이 넘칠 듯이 그득하게 고이는 모양."
    },
    "글썽글썽": {
        "word": "글썽글썽",
        "chosung": "ㄱㅆㄱㅆ",
        "type": "부사",
        "mean": " 눈에 눈물이 자꾸 넘칠 듯이 그득하게 고이는 모양."
    },
    "글쎄": {
        "word": "글쎄",
        "chosung": "ㄱㅆ",
        "type": "명사",
        "mean": "［방언］ '글씨'의 방언(함남)."
    },
    "글쎄다": {
        "word": "글쎄다",
        "chosung": "ㄱㅆㄷ",
        "type": "감탄사",
        "mean": " 남의 물음이나 요구에 대하여 분명하지 않은 태도를 나타낼 때 쓰는 말. 해라할 자리에 쓴다."
    },
    "글쎄올시다": {
        "word": "글쎄올시다",
        "chosung": "ㄱㅆㅇㅅㄷ",
        "type": "감탄사",
        "mean": " 남의 물음이나 요구에 대하여 분명하지 않은 태도를 나타낼 때 쓰는 말. 하오할 자리에 쓴다."
    },
    "글쎄요": {
        "word": "글쎄요",
        "chosung": "ㄱㅆㅇ",
        "type": "감탄사",
        "mean": " 남의 물음이나 요구에 대하여 분명하지 않은 태도를 나타낼 때 쓰는 말. 해요할 자리에 쓴다."
    },
    "글쓰기": {
        "word": "글쓰기",
        "chosung": "ㄱㅆㄱ",
        "type": "명사",
        "mean": "+-기】"
    },
    "글쓴이": {
        "word": "글쓴이",
        "chosung": "ㄱㅆㅇ",
        "type": "명사",
        "mean": " 글을 쓴 사람."
    },
    "글씨": {
        "word": "글씨",
        "chosung": "ㄱㅆ",
        "type": "명사",
        "mean": "+-이】"
    },
    "글씨름": {
        "word": "글씨름",
        "chosung": "ㄱㅆㄹ",
        "type": "명사",
        "mean": "［북한어］ 서로 글을 지어 이기고 짐을 겨루는 일."
    },
    "글씨본": {
        "word": "글씨본",
        "chosung": "ㄱㅆㅂ",
        "type": "명사",
        "mean": " 글씨를 보고 쓰며 익힐 수 있도록 만든 책. 또는 거기에 쓰인 글씨."
    },
    "글씨체": {
        "word": "글씨체",
        "chosung": "ㄱㅆㅊ",
        "type": "명사",
        "mean": "1. =서체(書體) ."
    },
    "글안": {
        "word": "글안",
        "chosung": "ㄱㅇ",
        "type": "명사",
        "mean": "=거란."
    },
    "글안장": {
        "word": "글안장",
        "chosung": "ㄱㅇㅈ",
        "type": "명사",
        "mean": "=거란장."
    },
    "글월": {
        "word": "글월",
        "chosung": "ㄱㅇ",
        "type": "명사",
        "mean": "1. 글이나 문장. 2. '편지'를 달리 이르는 말."
    },
    "글월문": {
        "word": "글월문",
        "chosung": "ㄱㅇㅁ",
        "type": "명사",
        "mean": " 한자 부수의 하나. '斐', '□' 따위에 쓰인 '文'을 이른다."
    },
    "글위": {
        "word": "글위",
        "chosung": "ㄱㅇ",
        "type": "명사",
        "mean": "［옛말］ '그네'의 옛말."
    },
    "글위ㅂ드다": {
        "word": "글위ㅂ드다",
        "chosung": "ㄱㅇㅂㄷㄷ",
        "type": "동사",
        "mean": "［옛말］ 그네를 뛰다."
    },
    "글음": {
        "word": "글음",
        "chosung": "ㄱㅇ",
        "type": "명사",
        "mean": " '그을음'의 준말."
    },
    "글자": {
        "word": "글자",
        "chosung": "ㄱㅈ",
        "type": "명사",
        "mean": "［옛말］ '글자'의 옛말."
    },
    "글자갈": {
        "word": "글자갈",
        "chosung": "ㄱㅈㄱ",
        "type": "명사",
        "mean": "=문자학(文字學)."
    },
    "글자개혁": {
        "word": "글자개혁",
        "chosung": "ㄱㅈㄱㅎ",
        "type": "명사",
        "mean": "이미 쓰고 있던 글자를 새로운 글자로 완전히 바꾸거나 글자의 일부 부족한 점을 고쳐 새로운 글자를 쓰게 하는 일."
    },
    "글자꼴": {
        "word": "글자꼴",
        "chosung": "ㄱㅈㄲ",
        "type": "명사",
        "mean": " 글자의 모양. ≒자양(字樣)·자체(字體) ·자형(字形)."
    },
    "글자도안": {
        "word": "글자도안",
        "chosung": "ㄱㅈㄷㅇ",
        "type": "명사",
        "mean": "그림 따위로 글자가 색다른 모양을 갖도록 하는 일. 포스터, 상표, 우표, 마크 따위의 출판 및 장식 미술 분야에서 많이 쓴다."
    },
    "글자렬": {
        "word": "글자렬",
        "chosung": "ㄱㅈㄹ",
        "type": "명사",
        "mean": "'문자열(文字列 )'의 북한어. ※ 글자열."
    },
    "글자론": {
        "word": "글자론",
        "chosung": "ㄱㅈㄹ",
        "type": "명사",
        "mean": "=문자학."
    },
    "글자막": {
        "word": "글자막",
        "chosung": "ㄱㅈㅁ",
        "type": "명사",
        "mean": "［북한어］ '자막'의 북한어."
    },
    "글자모임": {
        "word": "글자모임",
        "chosung": "ㄱㅈㅁㅇ",
        "type": "명사",
        "mean": "컴퓨터 언어에서 문자와 숫자, 기타 기호들을 통틀어 이르는 말. ≒문자모임."
    },
    "글자무늬": {
        "word": "글자무늬",
        "chosung": "ㄱㅈㅁㄴ",
        "type": "명사",
        "mean": "글자를 장식 대상에 맞게 양식화하여 쓰는 무늬."
    },
    "글자밀도": {
        "word": "글자밀도",
        "chosung": "ㄱㅈㅁㄷ",
        "type": "명사",
        "mean": "'문자 밀도'의 북한어."
    },
    "글자본": {
        "word": "글자본",
        "chosung": "ㄱㅈㅂ",
        "type": "명사",
        "mean": "활자를 새기기 위한 글자의 본."
    },
    "글자수": {
        "word": "글자수",
        "chosung": "ㄱㅈㅅ",
        "type": "명사",
        "mean": "여러 가지 내용의 글자를 새기는 자수."
    },
    "글자악보": {
        "word": "글자악보",
        "chosung": "ㄱㅈㅇㅂ",
        "type": "명사",
        "mean": "음 이름이나 연주법을 나타내는 글자나 기호로 적은 악보."
    },
    "글자인식": {
        "word": "글자인식",
        "chosung": "ㄱㅈㅇㅅ",
        "type": "명사",
        "mean": "'문자 인식'의 북한어."
    },
    "글자종이": {
        "word": "글자종이",
        "chosung": "ㄱㅈㅈㅇ",
        "type": "명사",
        "mean": "'인쇄 전신용 종이 테이프'의 북한어."
    },
    "글자체": {
        "word": "글자체",
        "chosung": "ㄱㅈㅊ",
        "type": "명사",
        "mean": " 글자의 모양."
    },
    "글자충전": {
        "word": "글자충전",
        "chosung": "ㄱㅈㅊㅈ",
        "type": "명사",
        "mean": "기억 장치 안에 글자를 채워 넣는 일. ≒문자충전."
    },
    "글자크기": {
        "word": "글자크기",
        "chosung": "ㄱㅈㅋㄱ",
        "type": "명사",
        "mean": "컴퓨터 언어에서, 한 개의 글자를 나타내는 데 필요한 0과 1의 2진수의 개수. ≒문자크기."
    },
    "글자판": {
        "word": "글자판",
        "chosung": "ㄱㅈㅍ",
        "type": "명사",
        "mean": " 컴퓨터, 타자기, 시계, 계량기 따위에서 글자나 숫자, 기호가 그려진 면. ≒문자반(文字盤)·문자판·바늘판(-板)."
    },
    "글자풀이": {
        "word": "글자풀이",
        "chosung": "ㄱㅈㅍㅇ",
        "type": "명사",
        "mean": "글자의 차례를 따라가면서 그 소리나 뜻에 맞게 일정한 내용을 풀어 가는 노래 형식. 국문풀이나 천자풀이 따위가 있다."
    },
    "글자풀이노래": {
        "word": "글자풀이노래",
        "chosung": "ㄱㅈㅍㅇㄴㄹ",
        "type": "명사",
        "mean": "글자의 차례를 따라가면서 그 소리나 뜻에 맞는 가사를 간결하고 반복되는 선율에 담아 부르는 노래. 또는 그런 노래 형식. 보통 자모순으로 하고 있으나 북한에서는 소위 혁명가요 《요일가》와 같이 요일의 차례를 따라서 만들어진 노래도 있다."
    },
    "글자학": {
        "word": "글자학",
        "chosung": "ㄱㅈㅎ",
        "type": "명사",
        "mean": "'문자학'의 북한어."
    },
    "글장": {
        "word": "글장",
        "chosung": "ㄱㅈ",
        "type": "명사",
        "mean": "=권자(卷子) ."
    },
    "글장님": {
        "word": "글장님",
        "chosung": "ㄱㅈㄴ",
        "type": "명사",
        "mean": "［북한어］ '문맹자'의 북한어."
    },
    "글장이": {
        "word": "글장이",
        "chosung": "ㄱㅈㅇ",
        "type": "명사",
        "mean": " '글쟁이'의 잘못."
    },
    "글재간": {
        "word": "글재간",
        "chosung": "ㄱㅈㄱ",
        "type": "명사",
        "mean": " =글재주."
    },
    "글재조": {
        "word": "글재조",
        "chosung": "ㄱㅈㅈ",
        "type": "명사",
        "mean": "［옛말］ '글재주'의 옛말."
    },
    "글재주": {
        "word": "글재주",
        "chosung": "ㄱㅈㅈ",
        "type": "명사",
        "mean": " 글을 쉽게 깨우치거나 잘 짓는 재주. ≒글재간."
    },
    "글쟁이": {
        "word": "글쟁이",
        "chosung": "ㄱㅈㅇ",
        "type": "명사",
        "mean": " 글 쓰는 것을 직업으로 하는 사람을 낮잡아 이르는 말."
    },
    "글점": {
        "word": "글점",
        "chosung": "ㄱㅈ",
        "type": "명사",
        "mean": "=문장 부호."
    },
    "글제": {
        "word": "글제",
        "chosung": "ㄱㅈ",
        "type": "명사",
        "mean": " 글의 제목. ≒문제(文題)."
    },
    "글줄": {
        "word": "글줄",
        "chosung": "ㄱㅈ",
        "type": "명사",
        "mean": "1. 여러 글자를 잇따라 써서 이루어진 줄."
    },
    "글줄주기": {
        "word": "글줄주기",
        "chosung": "ㄱㅈㅈㄱ",
        "type": "명사",
        "mean": "기계식 활자 주기의 하나. 곧 단어나 문장으로 된 글줄을 한 줄씩 부으면서 인쇄판을 짜는 일이다. ≒글줄채자."
    },
    "글줄채자": {
        "word": "글줄채자",
        "chosung": "ㄱㅈㅊㅈ",
        "type": "명사",
        "mean": "=글줄주기."
    },
    "글줄채자기": {
        "word": "글줄채자기",
        "chosung": "ㄱㅈㅊㅈㄱ",
        "type": "명사",
        "mean": "라이노타이프의 한 가지. 타자수가 원고대로 타자를 하면 글줄이 한 줄씩 통째로 주조되어 나오면서 자동적으로 인쇄판을 짜게 되어 있다."
    },
    "글지이": {
        "word": "글지이",
        "chosung": "ㄱㅈㅇ",
        "type": "명사",
        "mean": "［옛말］ '글짓기'의 옛말."
    },
    "글짓기": {
        "word": "글짓기",
        "chosung": "ㄱㅈㄱ",
        "type": "명사",
        "mean": "학생들에게 글 짓는 원리와 방법을 가르쳐 주는 학과목."
    },
    "글쪼각": {
        "word": "글쪼각",
        "chosung": "ㄱㅉㄱ",
        "type": "명사",
        "mean": "［북한어］ 짤막한 글."
    },
    "글쪽지": {
        "word": "글쪽지",
        "chosung": "ㄱㅉㅈ",
        "type": "명사",
        "mean": " 어떤 내용의 글을 적은 종이쪽. ≒쪽지 ."
    },
    "글채": {
        "word": "글채",
        "chosung": "ㄱㅊ",
        "type": "명사",
        "mean": " '머리채'의 잘못."
    },
    "글첩": {
        "word": "글첩",
        "chosung": "ㄱㅊ",
        "type": "명사",
        "mean": "［북한어］ 여러 가지 글을 모아서 엮은 책."
    },
    "글체": {
        "word": "글체",
        "chosung": "ㄱㅊ",
        "type": "명사",
        "mean": "=문체(文體) ."
    },
    "글초": {
        "word": "글초",
        "chosung": "ㄱㅊ",
        "type": "명사",
        "mean": " =초고(草稿)."
    },
    "글치레": {
        "word": "글치레",
        "chosung": "ㄱㅊㄹ",
        "type": "명사",
        "mean": " 글을 잘 매만져 꾸밈."
    },
    "글치장": {
        "word": "글치장",
        "chosung": "ㄱㅊㅈ",
        "type": "명사",
        "mean": " '글치레'의 잘못."
    },
    "글컹": {
        "word": "글컹",
        "chosung": "ㄱㅋ",
        "type": "명사",
        "mean": "'글컹거리다'의 어근."
    },
    "글컹글컹": {
        "word": "글컹글컹",
        "chosung": "ㄱㅋㄱㅋ",
        "type": "부사",
        "mean": " 남의 심사를 자꾸 긁어 상하게 하는 모양."
    },
    "글콩": {
        "word": "글콩",
        "chosung": "ㄱㅋ",
        "type": "명사",
        "mean": " '그루콩'의 준말."
    },
    "글키다": {
        "word": "글키다",
        "chosung": "ㄱㅋㄷ",
        "type": "동사",
        "mean": "［옛말］ 긁게 하다."
    },
    "글탄": {
        "word": "글탄",
        "chosung": "ㄱㅌ",
        "type": "명사",
        "mean": "［방언］ '끌탕'의 방언(평북)."
    },
    "글탏다": {
        "word": "글탏다",
        "chosung": "ㄱㅌㄷ",
        "type": "동사",
        "mean": "［옛말］ 끓이고 달이다. 애태우다."
    },
    "글테기": {
        "word": "글테기",
        "chosung": "ㄱㅌㄱ",
        "type": "명사",
        "mean": "［방언］ '그루터기'의 방언(강원, 경남, 평북)."
    },
    "글토막": {
        "word": "글토막",
        "chosung": "ㄱㅌㅁ",
        "type": "명사",
        "mean": "［북한어］1. 글 가운데의 한 토막. 2. '토막글'의 북한어."
    },
    "글투": {
        "word": "글투",
        "chosung": "ㄱㅌ",
        "type": "명사",
        "mean": " =문투(文套) ."
    },
    "글페": {
        "word": "글페",
        "chosung": "ㄱㅍ",
        "type": "명사",
        "mean": "［방언］ '글피'의 방언(강원, 충남, 평북, 함경)."
    },
    "글편": {
        "word": "글편",
        "chosung": "ㄱㅍ",
        "type": "명사",
        "mean": "［북한어］ 몇 편의 글."
    },
    "글푸": {
        "word": "글푸",
        "chosung": "ㄱㅍ",
        "type": "명사",
        "mean": "［방언］ '글피'의 방언(평북)."
    },
    "글품": {
        "word": "글품",
        "chosung": "ㄱㅍ",
        "type": "명사",
        "mean": " 글을 쓰는 데에 드는 품이나 노력."
    },
    "글품쟁이": {
        "word": "글품쟁이",
        "chosung": "ㄱㅍㅈㅇ",
        "type": "명사",
        "mean": " 글 쓰는 데에 드는 품이나 노력을 파는 사람."
    },
    "글픠": {
        "word": "글픠",
        "chosung": "ㄱㅍ",
        "type": "명사",
        "mean": "［옛말］ '글피'의 옛말."
    },
    "글피": {
        "word": "글피",
        "chosung": "ㄱㅍ",
        "type": "명사",
        "mean": " 모레의 다음 날. ≒삼명일(三明日)."
    },
    "글하다": {
        "word": "글하다",
        "chosung": "ㄱㅎㄷ",
        "type": "동사",
        "mean": "［옛말］ '글하다'의 옛말."
    },
    "글해영": {
        "word": "글해영",
        "chosung": "ㄱㅎㅇ",
        "type": "명사",
        "mean": "［옛말］ '그령'의 옛말."
    },
    "글획": {
        "word": "글획",
        "chosung": "ㄱㅎ",
        "type": "명사",
        "mean": "［북한어］ 글자의 획."
    },
    "글희다": {
        "word": "글희다",
        "chosung": "ㄱㅎㄷ",
        "type": "동사",
        "mean": "［옛말］ 끄르다. 풀다."
    },
    "글희듣다": {
        "word": "글희듣다",
        "chosung": "ㄱㅎㄷㄷ",
        "type": "동사",
        "mean": "［옛말］ 끌러지다. 풀어지다."
    },
    "글희영": {
        "word": "글희영",
        "chosung": "ㄱㅎㅇ",
        "type": "명사",
        "mean": "［옛말］ '그령'의 옛말."
    },
    "글희혀다": {
        "word": "글희혀다",
        "chosung": "ㄱㅎㅎㄷ",
        "type": "동사",
        "mean": "［옛말］ '벌리다'의 옛말."
    },
    "글히다": {
        "word": "글히다",
        "chosung": "ㄱㅎㄷ",
        "type": "동사",
        "mean": "［옛말］ '끓이다'의 옛말."
    }
}