{
    "긔": {
        "word": "긔",
        "chosung": "ㄱ",
        "type": "어미",
        "mean": "［옛말］｛ 주로 동사, 형용사 어간이나 어미 뒤에 붙어｝ -게."
    },
    "긔ㅅ대": {
        "word": "긔ㅅ대",
        "chosung": "ㄱㅅㄷ",
        "type": "명사",
        "mean": "［옛말］ '깃대'의 옛말."
    },
    "긔ㅅ동": {
        "word": "긔ㅅ동",
        "chosung": "ㄱㅅㄷ",
        "type": "부사",
        "mean": "［옛말］ 고작. 또는 기껏."
    },
    "긔갈": {
        "word": "긔갈",
        "chosung": "ㄱㄱ",
        "type": "명사",
        "mean": "［옛말］ '기갈(飢渴)'의 옛말."
    },
    "긔걸": {
        "word": "긔걸",
        "chosung": "ㄱㄱ",
        "type": "명사",
        "mean": "［옛말］ 명령. 분부."
    },
    "긔계": {
        "word": "긔계",
        "chosung": "ㄱㄱ",
        "type": "명사",
        "mean": "［옛말］ '병기(兵器)'의 옛말."
    },
    "긔구": {
        "word": "긔구",
        "chosung": "ㄱㄱ",
        "type": "명사",
        "mean": "［옛말］ '기구(器具)'의 옛말."
    },
    "긔구무": {
        "word": "긔구무",
        "chosung": "ㄱㄱㅁ",
        "type": "명사",
        "mean": "［옛말］ 목구멍. 후두."
    },
    "긔구하다": {
        "word": "긔구하다",
        "chosung": "ㄱㄱㅎㄷ",
        "type": "형용사",
        "mean": "［옛말］ '기구하다(崎嶇―)'의 옛말."
    },
    "긔군하다": {
        "word": "긔군하다",
        "chosung": "ㄱㄱㅎㄷ",
        "type": "동사",
        "mean": "［옛말］ '기병하다(起兵-)'의 옛말."
    },
    "긔난즁생": {
        "word": "긔난즁생",
        "chosung": "ㄱㄴㅈㅅ",
        "type": "명사",
        "mean": "［옛말］ '길짐승'의 옛말."
    },
    "긔년": {
        "word": "긔년",
        "chosung": "ㄱㄴ",
        "type": "명사",
        "mean": "［옛말］ '기년(期年)'의 옛말."
    },
    "긔다": {
        "word": "긔다",
        "chosung": "ㄱㄷ",
        "type": "동사",
        "mean": "［옛말］ '기다'의 옛말."
    },
    "긔동하다": {
        "word": "긔동하다",
        "chosung": "ㄱㄷㅎㄷ",
        "type": "동사",
        "mean": "［옛말］ '기동하다(起動―)'의 옛말."
    },
    "긔듕하다": {
        "word": "긔듕하다",
        "chosung": "ㄱㄷㅎㄷ",
        "type": "동사",
        "mean": "［옛말］ '기색하다(氣塞 ―)'의 옛말."
    },
    "긔디": {
        "word": "긔디",
        "chosung": "ㄱㄷ",
        "type": "명사",
        "mean": "［옛말］ '기억(記憶)'의 옛말."
    },
    "긔량": {
        "word": "긔량",
        "chosung": "ㄱㄹ",
        "type": "명사",
        "mean": "［옛말］ '기량(器量)'의 옛말."
    },
    "긔력": {
        "word": "긔력",
        "chosung": "ㄱㄹ",
        "type": "명사",
        "mean": "［옛말］ '기력(氣力)'의 옛말."
    },
    "긔록": {
        "word": "긔록",
        "chosung": "ㄱㄹ",
        "type": "명사",
        "mean": "［옛말］ '기록(記錄)'의 옛말."
    },
    "긔롱": {
        "word": "긔롱",
        "chosung": "ㄱㄹ",
        "type": "명사",
        "mean": "［옛말］ '기롱(譏弄)'의 옛말."
    },
    "긔린": {
        "word": "긔린",
        "chosung": "ㄱㄹ",
        "type": "명사",
        "mean": "［옛말］ '기린(麒麟)'의 옛말."
    },
    "긔막히다": {
        "word": "긔막히다",
        "chosung": "ㄱㅁㅎㄷ",
        "type": "형용사",
        "mean": "［옛말］ '기막히다'의 옛말."
    },
    "긔명": {
        "word": "긔명",
        "chosung": "ㄱㅁ",
        "type": "명사",
        "mean": "［옛말］ '기명(器皿)'의 옛말."
    },
    "긔묘하다": {
        "word": "긔묘하다",
        "chosung": "ㄱㅁㅎㄷ",
        "type": "형용사",
        "mean": "［옛말］ '기묘하다'의 옛말."
    },
    "긔믈": {
        "word": "긔믈",
        "chosung": "ㄱㅁ",
        "type": "명사",
        "mean": "［옛말］ '기물(器物)'의 옛말."
    },
    "긔미": {
        "word": "긔미",
        "chosung": "ㄱㅁ",
        "type": "명사",
        "mean": "［옛말］ '기미(幾微)'의 옛말."
    },
    "긔별": {
        "word": "긔별",
        "chosung": "ㄱㅂ",
        "type": "명사",
        "mean": "［옛말］ '기별(奇別)'의 옛말."
    },
    "긔사": {
        "word": "긔사",
        "chosung": "ㄱㅅ",
        "type": "부사",
        "mean": "［옛말］ '그야'의 옛말."
    },
    "긔색": {
        "word": "긔색",
        "chosung": "ㄱㅅ",
        "type": "명사",
        "mean": "［옛말］ '기색(氣色)'의 옛말."
    },
    "긔수": {
        "word": "긔수",
        "chosung": "ㄱㅅ",
        "type": "명사",
        "mean": "［옛말］ '상종(相從)'의 옛말."
    },
    "긔수하다": {
        "word": "긔수하다",
        "chosung": "ㄱㅅㅎㄷ",
        "type": "동사",
        "mean": "［옛말］ '수기하다'의 옛말."
    },
    "긔싀다": {
        "word": "긔싀다",
        "chosung": "ㄱㅅㄷ",
        "type": "동사",
        "mean": "［옛말］ '기이다'의 옛말."
    },
    "긔식하다": {
        "word": "긔식하다",
        "chosung": "ㄱㅅㅎㄷ",
        "type": "동사",
        "mean": "［옛말］ '기식하다(寄食―)'의 옛말."
    },
    "긔약": {
        "word": "긔약",
        "chosung": "ㄱㅇ",
        "type": "명사",
        "mean": "［옛말］ '기약(期約)'의 옛말."
    },
    "긔연": {
        "word": "긔연",
        "chosung": "ㄱㅇ",
        "type": "명사",
        "mean": "［옛말］ '기연(機緣)'의 옛말."
    },
    "긔우하다": {
        "word": "긔우하다",
        "chosung": "ㄱㅇㅎㄷ",
        "type": "동사",
        "mean": "［옛말］ '기휘하다(忌諱―)'의 옛말."
    },
    "긔운": {
        "word": "긔운",
        "chosung": "ㄱㅇ",
        "type": "명사",
        "mean": "［옛말］ '기운'의 옛말."
    },
    "긔운젓다": {
        "word": "긔운젓다",
        "chosung": "ㄱㅇㅈㄷ",
        "type": "형용사",
        "mean": "［옛말］ '기운차다'의 옛말."
    },
    "긔이하다": {
        "word": "긔이하다",
        "chosung": "ㄱㅇㅎㄷ",
        "type": "형용사",
        "mean": "［옛말］ '기이하다(奇異―)'의 옛말."
    },
    "긔저리다": {
        "word": "긔저리다",
        "chosung": "ㄱㅈㄹㄷ",
        "type": "동사",
        "mean": "［옛말］ '어지럽히다'의 옛말."
    },
    "긔정": {
        "word": "긔정",
        "chosung": "ㄱㅈ",
        "type": "명사",
        "mean": "［방언］ '벼랑'의 방언(제주)."
    },
    "긔졀하다": {
        "word": "긔졀하다",
        "chosung": "ㄱㅈㅎㄷ",
        "type": "동사",
        "mean": "［옛말］ '기절하다(氣絶―)'의 옛말."
    },
    "긔쥬하다": {
        "word": "긔쥬하다",
        "chosung": "ㄱㅈㅎㄷ",
        "type": "동사",
        "mean": "［옛말］ '기주하다(起酒―)'의 옛말."
    },
    "긔질": {
        "word": "긔질",
        "chosung": "ㄱㅈ",
        "type": "명사",
        "mean": "［옛말］ '기질(氣質)'의 옛말."
    },
    "긔찰하다": {
        "word": "긔찰하다",
        "chosung": "ㄱㅊㅎㄷ",
        "type": "동사",
        "mean": "［옛말］ '기찰하다(譏察―)'의 옛말."
    },
    "긔쳑": {
        "word": "긔쳑",
        "chosung": "ㄱㅊ",
        "type": "명사",
        "mean": "［옛말］ '기척'의 옛말."
    },
    "긔추": {
        "word": "긔추",
        "chosung": "ㄱㅊ",
        "type": "명사",
        "mean": "［옛말］ '기추(騎芻)'의 옛말."
    },
    "긔추ㅅ곡지": {
        "word": "긔추ㅅ곡지",
        "chosung": "ㄱㅊㅅㄱㅈ",
        "type": "명사",
        "mean": "［옛말］ 기추(騎芻)의 표적."
    },
    "긔췌": {
        "word": "긔췌",
        "chosung": "ㄱㅊ",
        "type": "명사",
        "mean": "［옛말］ '기취(箕□)'의 옛말."
    },
    "긔츌": {
        "word": "긔츌",
        "chosung": "ㄱㅊ",
        "type": "명사",
        "mean": "［옛말］ '기출(己出)'의 옛말."
    },
    "긔특": {
        "word": "긔특",
        "chosung": "ㄱㅌ",
        "type": "명사",
        "mean": "［옛말］ 기이함."
    },
    "긔틀": {
        "word": "긔틀",
        "chosung": "ㄱㅌ",
        "type": "명사",
        "mean": "［옛말］ '기틀'의 옛말."
    },
    "긔필하다": {
        "word": "긔필하다",
        "chosung": "ㄱㅍㅎㄷ",
        "type": "동사",
        "mean": "［옛말］ '기필하다(期必―)'의 옛말."
    },
    "긔하다": {
        "word": "긔하다",
        "chosung": "ㄱㅎㄷ",
        "type": "동사",
        "mean": "［옛말］ 뜨다. 발효하다."
    },
    "긔한": {
        "word": "긔한",
        "chosung": "ㄱㅎ",
        "type": "명사",
        "mean": "［옛말］ '기한(飢寒)'의 옛말."
    },
    "긔한하다": {
        "word": "긔한하다",
        "chosung": "ㄱㅎㅎㄷ",
        "type": "동사",
        "mean": "［옛말］ '기한하다'의 옛말."
    },
    "긔혈": {
        "word": "긔혈",
        "chosung": "ㄱㅎ",
        "type": "명사",
        "mean": "［옛말］ '기혈(氣血)'의 옛말."
    },
    "긔화": {
        "word": "긔화",
        "chosung": "ㄱㅎ",
        "type": "명사",
        "mean": "［옛말］ '꽃무늬'의 옛말."
    },
    "긔화노히": {
        "word": "긔화노히",
        "chosung": "ㄱㅎㄴㅎ",
        "type": "명사",
        "mean": "［옛말］ 꽃무늬를 놓은 것."
    },
    "긔황하다": {
        "word": "긔황하다",
        "chosung": "ㄱㅎㅎㄷ",
        "type": "형용사",
        "mean": "［옛말］ 굶주리고 궁색하다."
    },
    "긔회": {
        "word": "긔회",
        "chosung": "ㄱㅎ",
        "type": "명사",
        "mean": "［옛말］ '기회(機會)'의 옛말."
    },
    "긔휘": {
        "word": "긔휘",
        "chosung": "ㄱㅎ",
        "type": "명사",
        "mean": "［옛말］ '기휘(忌諱)'의 옛말."
    }
}