{
    "길": {
        "word": "길",
        "chosung": "ㄱ",
        "type": "명사",
        "mean": " 우리나라 성(姓)의 하나. 본관은 해평(海平), 선산(善山) 등이 현존한다."
    },
    "길가": {
        "word": "길가",
        "chosung": "ㄱㄱ",
        "type": "명사",
        "mean": " 길의 양쪽 가장자리. ≒노방·노변(路 邊)·노측(路 側)·도방·도변."
    },
    "길가름목": {
        "word": "길가름목",
        "chosung": "ㄱㄱㄹㅁ",
        "type": "명사",
        "mean": " '길목'의 잘못."
    },
    "길가메시": {
        "word": "길가메시",
        "chosung": "ㄱㄱㅁㅅ",
        "type": "명사",
        "mean": "고대 바빌로니아의 서사시에 나오는 주인공. 새 사료(史料)가 발견되어 실제 존재했던 지배자로서 역사성을 인정받았다."
    },
    "길가메시서사시": {
        "word": "길가메시서사시",
        "chosung": "ㄱㄱㅁㅅㅅㅅㅅ",
        "type": "명사",
        "mean": "고대 바빌로니아의 서사시. 수메르, 바빌로니아 등 고대 동양 여러 민족 사이에 널리 알려진 신화적 영웅 길가메시의 모험담을 모두 12편의 사시(史詩)로 엮은 것으로, 기원전 24세기 무렵에 지어진 것으로 추정된다."
    },
    "길가방": {
        "word": "길가방",
        "chosung": "ㄱㄱㅂ",
        "type": "명사",
        "mean": "［북한어］ 길가 쪽으로 접한 방."
    },
    "길가장자리구역": {
        "word": "길가장자리구역",
        "chosung": "ㄱㄱㅈㅈㄹㄱㅇ",
        "type": "명사",
        "mean": "보도와 차도가 구분되지 않은 도로에서 보행자의 안전을 확보하기 위하여 안전표지 따위로 그 경계를 표시한 도로의 가장자리 부분. ≒노측대."
    },
    "길가집": {
        "word": "길가집",
        "chosung": "ㄱㄱㅈ",
        "type": "명사",
        "mean": "［북한어］ '길갓집'의 북한어."
    },
    "길갈": {
        "word": "길갈",
        "chosung": "ㄱㄱ",
        "type": "명사",
        "mean": "1. 요르단 강 가에 있는 고대 팔레스타인의 땅. 원래 제사 의식을 위한 고리 모양의 신성한 돌담을 의미하며, 이것을 만들었던 장소로 이 지명이 붙었다. 2. 사무엘이 순회 방문한 도시. 엘리야와 엘리사가 선지자를 양성하였던 곳으로 큰 성소(聖所)가 있었다."
    },
    "길갈래": {
        "word": "길갈래",
        "chosung": "ㄱㄱㄹ",
        "type": "명사",
        "mean": "광산 안에 이리저리 통하여 있는 길."
    },
    "길갓집": {
        "word": "길갓집",
        "chosung": "ㄱㄱㅈ",
        "type": "명사",
        "mean": " 길의 가장자리에 있는 집."
    },
    "길강": {
        "word": "길강",
        "chosung": "ㄱㄱ",
        "type": "명사",
        "mean": "=쇠똥구리."
    },
    "길강도": {
        "word": "길강도",
        "chosung": "ㄱㄱㄷ",
        "type": "명사",
        "mean": " =노상강도."
    },
    "길거": {
        "word": "길거",
        "chosung": "ㄱㄱ",
        "type": "명사",
        "mean": " 쉴 새 없이 일을 함."
    },
    "길거리": {
        "word": "길거리",
        "chosung": "ㄱㄱㄹ",
        "type": "명사",
        "mean": " 사람이나 차가 많이 다니는 길. ≒가구(街衢) ·가항(街巷)·거리 ·노두(路 頭)·도항(途巷)."
    },
    "길거민면": {
        "word": "길거민면",
        "chosung": "ㄱㄱㅁㅁ",
        "type": "명사",
        "mean": " 몹시 애써서 일함."
    },
    "길걸": {
        "word": "길걸",
        "chosung": "ㄱㄱ",
        "type": "명사",
        "mean": "桔桀 '길걸하다'의 어근."
    },
    "길경": {
        "word": "길경",
        "chosung": "ㄱㄱ",
        "type": "명사",
        "mean": "'도라지'로 순화."
    },
    "길경생채": {
        "word": "길경생채",
        "chosung": "ㄱㄱㅅㅊ",
        "type": "명사",
        "mean": " =도라지생채."
    },
    "길경이": {
        "word": "길경이",
        "chosung": "ㄱㄱㅇ",
        "type": "명사",
        "mean": "［옛말］ '질경이'의 옛말."
    },
    "길경자반": {
        "word": "길경자반",
        "chosung": "ㄱㄱㅈㅂ",
        "type": "명사",
        "mean": " =도랒자반."
    },
    "길경장": {
        "word": "길경장",
        "chosung": "ㄱㄱㅈ",
        "type": "명사",
        "mean": " 도라지로 담근 간장."
    },
    "길경전유어": {
        "word": "길경전유어",
        "chosung": "ㄱㄱㅈㅇㅇ",
        "type": "명사",
        "mean": " =도랒저냐."
    },
    "길경정과": {
        "word": "길경정과",
        "chosung": "ㄱㄱㅈㄱ",
        "type": "명사",
        "mean": " =도랒정과."
    },
    "길경찬": {
        "word": "길경찬",
        "chosung": "ㄱㄱㅊ",
        "type": "명사",
        "mean": "밀교에서 전교관정(傳敎灌頂)을 할 때, 법을 받는 사람이 각위(覺位)에 오르는 것을 경사롭게 찬탄하는 노래."
    },
    "길경채": {
        "word": "길경채",
        "chosung": "ㄱㄱㅊ",
        "type": "명사",
        "mean": " =도라지나물."
    },
    "길고": {
        "word": "길고",
        "chosung": "ㄱㄱ",
        "type": "명사",
        "mean": " =두레박틀."
    },
    "길골풀": {
        "word": "길골풀",
        "chosung": "ㄱㄱㅍ",
        "type": "명사",
        "mean": "골풀과의 여러해살이풀. 줄기는 높이가 30~60cm이며, 잎은 편평하고 길다. 6~7월에 가장자리가 흰 엷은 풀색의 꽃이 줄기 끝에 핀다. 응달이나 풀밭에서 자라는데 우리나라 각지에 분포한다. (Juncus tenuis)"
    },
    "길공원": {
        "word": "길공원",
        "chosung": "ㄱㄱㅇ",
        "type": "명사",
        "mean": " 공원을 겸하는 넓은 길. ≒도로공원."
    },
    "길괘": {
        "word": "길괘",
        "chosung": "ㄱㄱ",
        "type": "명사",
        "mean": " 좋은 점괘."
    },
    "길구다": {
        "word": "길구다",
        "chosung": "ㄱㄱㄷ",
        "type": "동사",
        "mean": "［방언］ '기르다'의 방언(함경)."
    },
    "길구드": {
        "word": "길구드",
        "chosung": "ㄱㄱㄷ",
        "type": "명사",
        "mean": "영국의 배우(1904~1946). 왕립 연극 아카데미에서 수학하였고 햄릿 역으로 정평을 얻었다. 영화에도 출연하였으며, 영국 극단에서 중심적인 역할을 하였다."
    },
    "길국": {
        "word": "길국",
        "chosung": "ㄱㄱ",
        "type": "명사",
        "mean": "《동물》=뻐꾸기."
    },
    "길국화": {
        "word": "길국화",
        "chosung": "ㄱㄱㅎ",
        "type": "명사",
        "mean": "'코스모스'의 북한어."
    },
    "길군악": {
        "word": "길군악",
        "chosung": "ㄱㄱㅇ",
        "type": "명사",
        "mean": "1. 《문학》조선 시대에 널리 불리던 십이 가사의 하나. 민요적인 색채를 띠고 있으며 중간에 입타령이 끼어 있다. ≒노요곡(路謠曲)·절화(折花) ·절화사(折花詞) ·행군악(行軍樂) . 2. 《음악》옛 취타곡(吹打曲)의 하나. 임금의 거둥 때나 군대의 행진 때 연주되었다. ≒노군악(路軍樂)·도군악(都軍樂)·절화사 ·행군악 ."
    },
    "길군악칠채": {
        "word": "길군악칠채",
        "chosung": "ㄱㄱㅇㅊㅊ",
        "type": "명사",
        "mean": "경기도 남부 지방의 농악에서 주로 쓰는 쇠가락의 하나. 주로 행군하는 데 쓰며 칠채는 연주할 때 징을 일곱 번 친다고 하여 붙여진 이름이다. 삼분박과 이분박의 혼합 박자가 씩씩한 느낌을 주며, 느린 길군악칠채와 자진 길군악칠채의 두 종류로 나뉜다."
    },
    "길굴": {
        "word": "길굴",
        "chosung": "ㄱㄱ",
        "type": "명사",
        "mean": " =길굴오아."
    },
    "길굴오아": {
        "word": "길굴오아",
        "chosung": "ㄱㄱㅇㅇ",
        "type": "명사",
        "mean": " 문구가 난삽하여 뜻을 이해하기 어려움. ≒길굴·힐굴오아."
    },
    "길굼국": {
        "word": "길굼국",
        "chosung": "ㄱㄱㄱ",
        "type": "명사",
        "mean": "［방언］ '콩나물국'의 방언(함경)."
    },
    "길굼턱": {
        "word": "길굼턱",
        "chosung": "ㄱㄱㅌ",
        "type": "명사",
        "mean": " 길이 굽어진 턱."
    },
    "길궐": {
        "word": "길궐",
        "chosung": "ㄱㄱ",
        "type": "명사",
        "mean": "=장구벌레."
    },
    "길귀": {
        "word": "길귀",
        "chosung": "ㄱㄱ",
        "type": "명사",
        "mean": " =갓길 ."
    },
    "길그물": {
        "word": "길그물",
        "chosung": "ㄱㄱㅁ",
        "type": "명사",
        "mean": " 통그물 따위로 고기 떼를 이끄는 길이 되도록 치는 그물."
    },
    "길금": {
        "word": "길금",
        "chosung": "ㄱㄱ",
        "type": "명사",
        "mean": "1. 그릇 따위를 만드는 데 쓰는 구리. 2. 질이 좋은 쇠."
    },
    "길금당": {
        "word": "길금당",
        "chosung": "ㄱㄱㄷ",
        "type": "명사",
        "mean": "'엿당'의 북한어."
    },
    "길금죽": {
        "word": "길금죽",
        "chosung": "ㄱㄱㅈ",
        "type": "명사",
        "mean": "［북한어］ 엿기름가루를 물과 섞어서 죽처럼 만든 것."
    },
    "길금콩": {
        "word": "길금콩",
        "chosung": "ㄱㄱㅋ",
        "type": "명사",
        "mean": "1. '기름콩'의 잘못. 2. ［북한어］ '기름콩'의 북한어."
    },
    "길기": {
        "word": "길기",
        "chosung": "ㄱㄱ",
        "type": "명사",
        "mean": " 흠이 없는 그릇."
    },
    "길길이": {
        "word": "길길이",
        "chosung": "ㄱㄱㅇ",
        "type": "부사",
        "mean": "1. 성이 나서 펄펄 뛰는 모양."
    },
    "길길하다": {
        "word": "길길하다",
        "chosung": "ㄱㄱㅎㄷ",
        "type": "동사",
        "mean": "［방언］ '빌빌하다'의 방언(평북)."
    },
    "길깔이돌": {
        "word": "길깔이돌",
        "chosung": "ㄱㄲㅇㄷ",
        "type": "명사",
        "mean": "［북한어］ '포석(鋪石)'의 북한어."
    },
    "길꼬내기": {
        "word": "길꼬내기",
        "chosung": "ㄱㄲㄴㄱ",
        "type": "명사",
        "mean": "'길꼬냉이'의 잘못."
    },
    "길꼬냉이": {
        "word": "길꼬냉이",
        "chosung": "ㄱㄲㄴㅇ",
        "type": "명사",
        "mean": "진도 들노래의 하나. 논매기의 마지막인 세벌매기가 끝나는 날에 그 마을에서 농사가 제일 잘된 집을 골라서 축하하고, 그 집의 머슴을 위로하기 위하여 소 위에 태우고 농악대를 앞세워 그 집을 향하여 걸어가면서 부르는 노래이다."
    },
    "길꾸내기": {
        "word": "길꾸내기",
        "chosung": "ㄱㄲㄴㄱ",
        "type": "명사",
        "mean": "'길꼬냉이'의 잘못."
    },
    "길꾼": {
        "word": "길꾼",
        "chosung": "ㄱㄲ",
        "type": "명사",
        "mean": " 노름 따위에 길이 익어 곧잘 하는 사람."
    },
    "길끊개": {
        "word": "길끊개",
        "chosung": "ㄱㄲㄱ",
        "type": "명사",
        "mean": "'단로기(斷路器)'의 북한어."
    },
    "길나": {
        "word": "길나",
        "chosung": "ㄱㄴ",
        "type": "명사",
        "mean": "신라의 장군(?~?). 태종 무열왕 7년(660)에 7,000명의 군사를 이끌고 중국 당나라 낭장(郎 將) 유인원(劉 仁願)의 부장으로 출전하여 백제의 사비성을 공격하였다."
    },
    "길나다": {
        "word": "길나다",
        "chosung": "ㄱㄴㄷ",
        "type": "동사",
        "mean": "［옛말］ '출발하다'의 옛말."
    },
    "길나들이": {
        "word": "길나들이",
        "chosung": "ㄱㄴㄷㅇ",
        "type": "명사",
        "mean": "［북한어］ 먼 길을 가는 나들이."
    },
    "길나장이": {
        "word": "길나장이",
        "chosung": "ㄱㄴㅈㅇ",
        "type": "명사",
        "mean": "수령이 외출할 때에 길을 인도하던 사령. 갓을 쓰고 짙은 옥색 철릭을 입되, 두 앞자락을 뒤로 걸쳐 매고 거기에 큰 방울을 하나나 둘, 셋을 달고 다녔다. 2. 쓸데없이 길거리를 돌아다니는 사람을 놀림조로 이르는 말."
    },
    "길날": {
        "word": "길날",
        "chosung": "ㄱㄴ",
        "type": "명사",
        "mean": "철길, 도로, 물길 따위의 중심축 자리."
    },
    "길날잡이": {
        "word": "길날잡이",
        "chosung": "ㄱㄴㅈㅇ",
        "type": "명사",
        "mean": "철길 건설에서 가장 합리적인 노선을 잡아 그것을 현지 또는 지형도 위에 고정하는 작업을 통틀어 이르는 말."
    },
    "길넘이": {
        "word": "길넘이",
        "chosung": "ㄱㄴㅇ",
        "type": "명사",
        "mean": "=모둘빼기."
    },
    "길녁": {
        "word": "길녁",
        "chosung": "ㄱㄴ",
        "type": "명사",
        "mean": " '길녘'의 잘못."
    },
    "길년": {
        "word": "길년",
        "chosung": "ㄱㄴ",
        "type": "명사",
        "mean": " 결혼하기 좋다고 하는 해나 나이."
    },
    "길녘": {
        "word": "길녘",
        "chosung": "ㄱㄴ",
        "type": "명사",
        "mean": " 길의 옆이나 부근."
    },
    "길노래": {
        "word": "길노래",
        "chosung": "ㄱㄴㄹ",
        "type": "명사",
        "mean": "전라남도 해안 지방에서, 부녀자들이 무리를 지어 들에 일하러 다닐 때나 풍작을 축하할 때에 부르는 노래."
    },
    "길놀이": {
        "word": "길놀이",
        "chosung": "ㄱㄴㅇ",
        "type": "명사",
        "mean": "농악대, 길군악대, 탈꾼 따위가 탈놀이 본마당에 들어가기 전에 탈춤을 놀 곳까지 풍악을 울리면서 가는 행렬. ≒앞놀이."
    },
    "길눈": {
        "word": "길눈",
        "chosung": "ㄱㄴ",
        "type": "명사",
        "mean": " 한 번 가 본 길을 잘 익혀 두어 기억하는 눈썰미."
    },
    "길다": {
        "word": "길다",
        "chosung": "ㄱㄷ",
        "type": "형용사",
        "mean": "1. 물체의 두 끝이 서로 멀다."
    },
    "길다랗다": {
        "word": "길다랗다",
        "chosung": "ㄱㄷㄹㄷ",
        "type": "형용사",
        "mean": "1. '기다랗다'의 잘못.2. ［북한어］ '기다랗다'의 북한어."
    },
    "길다리": {
        "word": "길다리",
        "chosung": "ㄱㄷㄹ",
        "type": "명사",
        "mean": "=도로교."
    },
    "길닦기": {
        "word": "길닦기",
        "chosung": "ㄱㄷㄱ",
        "type": "명사",
        "mean": "=길닦음."
    },
    "길닦음": {
        "word": "길닦음",
        "chosung": "ㄱㄷㅇ",
        "type": "명사",
        "mean": "씻김굿이나 오구굿 따위에서, 죽은 이가 이승에 맺힌 원한을 풀고 극락으로 가는 길을 닦아 주는 대목의 굿. ≒길닦기·다리염불."
    },
    "길닦음소리": {
        "word": "길닦음소리",
        "chosung": "ㄱㄷㅇㅅㄹ",
        "type": "명사",
        "mean": "죽은 이가 이승에 맺힌 원한을 풀고 극락으로 가는 길을 닦아 주는 대목의 소리."
    },
    "길닦이": {
        "word": "길닦이",
        "chosung": "ㄱㄷㅇ",
        "type": "명사",
        "mean": "1. 길을 고쳐 닦는 일. ≒치도(治道) . 2. ［북한어］ 어떤 목적을 달성하기 위한 조건이나 방도를 마련함."
    },
    "길당나귀": {
        "word": "길당나귀",
        "chosung": "ㄱㄷㄴㄱ",
        "type": "명사",
        "mean": "'길앞잡이'의 북한어."
    },
    "길닿다": {
        "word": "길닿다",
        "chosung": "ㄱㄷㄷ",
        "type": "형용사",
        "mean": " '기닿다'의 잘못."
    },
    "길더": {
        "word": "길더",
        "chosung": "ㄱㄷ",
        "type": "명사",
        "mean": "［의존명사］ 네덜란드의 화폐 단위. 기호는 G. ≒플로린·훌덴."
    },
    "길도랑": {
        "word": "길도랑",
        "chosung": "ㄱㄷㄹ",
        "type": "명사",
        "mean": "길바닥의 물이 잘 빠지도록 차도와 인도의 경계선을 따라 만든 얕은 도랑. ≒가거(街渠)·측구."
    },
    "길독": {
        "word": "길독",
        "chosung": "ㄱㄷ",
        "type": "명사",
        "mean": " =노독(路毒)."
    },
    "길동": {
        "word": "길동",
        "chosung": "ㄱㄷ",
        "type": "명사",
        "mean": "［방언］ '끝동'의 방언(평북)."
    },
    "길동그랗다": {
        "word": "길동그랗다",
        "chosung": "ㄱㄷㄱㄹㄷ",
        "type": "형용사",
        "mean": " 모양이 기름하게 동그랗다."
    },
    "길동글다": {
        "word": "길동글다",
        "chosung": "ㄱㄷㄱㄷ",
        "type": "형용사",
        "mean": " 모양이 기름하게 동글다."
    },
    "길동무": {
        "word": "길동무",
        "chosung": "ㄱㄷㅁ",
        "type": "명사",
        "mean": "1. 길을 함께 가는 동무. 또는 같은 길을 가는 사람. ≒길벗·동행친구."
    },
    "길둥그렇다": {
        "word": "길둥그렇다",
        "chosung": "ㄱㄷㄱㄹㄷ",
        "type": "형용사",
        "mean": " 모양이 기름하게 둥그렇다."
    },
    "길둥근구멍": {
        "word": "길둥근구멍",
        "chosung": "ㄱㄷㄱㄱㅁ",
        "type": "명사",
        "mean": "'난원창'의 북한어."
    },
    "길둥근형그물치기": {
        "word": "길둥근형그물치기",
        "chosung": "ㄱㄷㄱㅎㄱㅁㅊㄱ",
        "type": "명사",
        "mean": "그물을 길고 둥글게 쳐 물고기를 잡는 방법."
    },
    "길둥글다": {
        "word": "길둥글다",
        "chosung": "ㄱㄷㄱㄷ",
        "type": "형용사",
        "mean": " 모양이 기름하게 둥글다."
    },
    "길드": {
        "word": "길드",
        "chosung": "ㄱㄷ",
        "type": "명사",
        "mean": "중세 시대에, 상공업자들이 만든 상호 부조적인 동업 조합. 서유럽의 도시에서 발달하여 11세기에서 12세기에는 중세 영주의 권력에 대항하면서 도시의 정치적·경제적 실권을 쥐었으나, 근대 산업의 발달과 함께 세기 이후에 쇠퇴하였다."
    },
    "길드리다": {
        "word": "길드리다",
        "chosung": "ㄱㄷㄹㄷ",
        "type": "동사",
        "mean": "［옛말］ '길들이다'의 옛말."
    },
    "길드사회주의": {
        "word": "길드사회주의",
        "chosung": "ㄱㄷㅅㅎㅈㅇ",
        "type": "명사",
        "mean": "직능별 자치 단체를 전국적으로 연결하여 생산과 소비를 관리하려는 사상. 20세기 초에 영국을 중심으로 일어났으며, 생디칼리슴과 국가 사회주의를 결합한 개량주의적 사회주의이다. ≒산업 조합주의."
    },
    "길들다": {
        "word": "길들다",
        "chosung": "ㄱㄷㄷ",
        "type": "동사",
        "mean": "『 …에』 어떤 일에 익숙하게 되다."
    },
    "길들이다": {
        "word": "길들이다",
        "chosung": "ㄱㄷㅇㄷ",
        "type": "동사",
        "mean": "『 …에 …을』 어떤 일에 익숙하게 하다."
    },
    "길등": {
        "word": "길등",
        "chosung": "ㄱㄷ",
        "type": "명사",
        "mean": "［북한어］ 밤길을 걸을 때 들고 다니는 등."
    },
    "길디길다": {
        "word": "길디길다",
        "chosung": "ㄱㄷㄱㄷ",
        "type": "형용사",
        "mean": " 매우 길다."
    },
    "길딩메탈": {
        "word": "길딩메탈",
        "chosung": "ㄱㄷㅁㅌ",
        "type": "명사",
        "mean": "구리 95~97%, 아연 3~5%로 된 구리 합금. 소총탄의 약협·뇌관, 포탄의 탄대(彈帶)에 쓴다."
    },
    "길뚝": {
        "word": "길뚝",
        "chosung": "ㄱㄸ",
        "type": "명사",
        "mean": "［북한어］ 길옆에 길을 따라서 두둑하게 둑으로 된 곳."
    },
    "길뚝사초": {
        "word": "길뚝사초",
        "chosung": "ㄱㄸㅅㅊ",
        "type": "명사",
        "mean": "사초과의 여러해살이풀. 줄기는 높이가 10~40cm이며, 잎은 어긋나고 선 모양이다. 4~6월에 긴 타원형의 검은빛을 띤 누런 이삭꽃이 핀다. 산과 들에 자라는데 우리나라 각지에 분포한다. (Carex bostrychostigma)"
    },
    "길라잡이": {
        "word": "길라잡이",
        "chosung": "ㄱㄹㅈㅇ",
        "type": "명사",
        "mean": " =길잡이 ."
    },
    "길래": {
        "word": "길래",
        "chosung": "ㄱㄹ",
        "type": "어미",
        "mean": "'-기에'의 잘못."
    },
    "길랭바레증후군": {
        "word": "길랭바레증후군",
        "chosung": "ㄱㄹㅂㄹㅈㅎㄱ",
        "type": "명사",
        "mean": "프랑스의 신경병학자 길랭(Guillain, G.)과 바레(Barr□, J.)가 최초로 보고한, 급성 다발성 신경염의 특징적인 증상. 신경근과 말초 신경이 장해를 받아 좌우 수족의 마비·동통·지각 이상 따위가 일어나는데, 이와 같은 장해가 연수·뇌교에 미치면 호흡 곤란을 일으키기도 한다."
    },
    "길랴크": {
        "word": "길랴크",
        "chosung": "ㄱㄹㅋ",
        "type": "명사",
        "mean": "=길랴크 족."
    },
    "길랴크어": {
        "word": "길랴크어",
        "chosung": "ㄱㄹㅋㅇ",
        "type": "명사",
        "mean": "고아시아 어군에 속하는 언어. 다른 언어와의 계통적인 관계는 입증되지 않았으며, 아무르 강 하류 지방과 사할린 북동부 등지에서 쓰인다."
    },
    "길랴크족": {
        "word": "길랴크족",
        "chosung": "ㄱㄹㅋㅈ",
        "type": "명사",
        "mean": "아무르 강 하류 지방과 사할린 북동부 등지에 사는 몽골계의 인종. 주로 순록을 사육하고 어로(漁撈)를 하며 생활한다. ≒길랴크."
    },
    "길량식": {
        "word": "길량식",
        "chosung": "ㄱㄹㅅ",
        "type": "명사",
        "mean": "［북한어］ '길양식'의 북한어."
    },
    "길렐스": {
        "word": "길렐스",
        "chosung": "ㄱㄹㅅ",
        "type": "명사",
        "mean": "소련의 피아니스트(1916~1985). 완벽한 기교와 서정성을 갖춘 힘 있는 연주가 특색이다."
    },
    "길력": {
        "word": "길력",
        "chosung": "ㄱㄹ",
        "type": "명사",
        "mean": "［방언］ '기력'의 방언(전남)."
    },
    "길례": {
        "word": "길례",
        "chosung": "ㄱㄹ",
        "type": "명사",
        "mean": "1. 오례(五禮)의 하나. 대사(大祀), 중사, 소사 등 나라에서 지내 온 제사의 모든 예절을 이른다. 2. 관례나 혼례 따위의 경사스러운 예식."
    },
    "길례요람": {
        "word": "길례요람",
        "chosung": "ㄱㄹㅇㄹ",
        "type": "명사",
        "mean": "조선 고종 7년(1870)에 흥선 대원군이 역대 관례를 참조하여 왕실의 관혼(冠婚)에 관한 의식과 절차를 적은 책. 2권 2책의 사본(寫本)."
    },
    "길로틴": {
        "word": "길로틴",
        "chosung": "ㄱㄹㅌ",
        "type": "명사",
        "mean": " '기요틴(guillotine)'의 잘못."
    },
    "길르앗": {
        "word": "길르앗",
        "chosung": "ㄱㄹㅇ",
        "type": "명사",
        "mean": "요르단 강 동쪽에 있는 지방. 산악 지대에 성이 있고, 열두 지파 가운데 길르앗 지파가 살던 곳이다."
    },
    "길리기아": {
        "word": "길리기아",
        "chosung": "ㄱㄹㄱㅇ",
        "type": "명사",
        "mean": "소아시아 동남쪽에 있는 로마의 한 마을. 사도 바울의 고향인 다소 성(Tarseus城)이 있다."
    },
    "길림": {
        "word": "길림",
        "chosung": "ㄱㄹ",
        "type": "명사",
        "mean": "'지린'을 우리 한자음으로 읽은 이름."
    },
    "길림성": {
        "word": "길림성",
        "chosung": "ㄱㄹㅅ",
        "type": "명사",
        "mean": "'지린 성'을 우리 한자음으로 읽은 이름."
    },
    "길마": {
        "word": "길마",
        "chosung": "ㄱㅁ",
        "type": "명사",
        "mean": " 짐을 싣거나 수레를 끌기 위하여 소나 말 따위의 등에 얹는 안장."
    },
    "길마루": {
        "word": "길마루",
        "chosung": "ㄱㅁㄹ",
        "type": "명사",
        "mean": "=노정(路 頂)."
    },
    "길마머리": {
        "word": "길마머리",
        "chosung": "ㄱㅁㅁㄹ",
        "type": "명사",
        "mean": "이마에 멍울이 생겨 불룩 튀어나오고 정수리가 움푹 들어가서 길마 모양이 된 머리. 구루병에서 볼 수 있다. ≒십자두·안두(鞍頭)."
    },
    "길마상처": {
        "word": "길마상처",
        "chosung": "ㄱㅁㅅㅊ",
        "type": "명사",
        "mean": " 길맛가지에 눌리고 스쳐서 소나 말의 등에 난 상처."
    },
    "길마을": {
        "word": "길마을",
        "chosung": "ㄱㅁㅇ",
        "type": "명사",
        "mean": " =가촌(街村)."
    },
    "길마재": {
        "word": "길마재",
        "chosung": "ㄱㅁㅈ",
        "type": "명사",
        "mean": "'무악재'의 옛 이름."
    },
    "길마접": {
        "word": "길마접",
        "chosung": "ㄱㅁㅈ",
        "type": "명사",
        "mean": "《농업》대목(臺木)과 접지(□枝)의 한쪽을 길마 모양으로 깎아 내고 한데 맞추어 동여매는 접붙이기. ≒안장접·안접(鞍□)."
    },
    "길마중": {
        "word": "길마중",
        "chosung": "ㄱㅁㅈ",
        "type": "명사",
        "mean": " 올 사람을 기다리기 위하여 길에 나가 있는 일."
    },
    "길막이": {
        "word": "길막이",
        "chosung": "ㄱㅁㅇ",
        "type": "명사",
        "mean": "1. =차단기(遮斷機) . 2. =차단기 ."
    },
    "길맛가지": {
        "word": "길맛가지",
        "chosung": "ㄱㅁㄱㅈ",
        "type": "명사",
        "mean": " 길마의 몸을 이루는 말굽 모양의 나뭇가지.【＜ 기□ 맛가지≪번역노걸대(1517)≫← 기□ 마+-ㅅ+가지】"
    },
    "길맛가지나무": {
        "word": "길맛가지나무",
        "chosung": "ㄱㅁㄱㅈㄴㅁ",
        "type": "명사",
        "mean": "인동과의 낙엽 관목. 높이는 3미터 정도이며, 잎은 마주나고 타원형 또는 넓은 피침 모양이다. 봄에 꽃이 잎겨드랑이에서 밑을 향하여 피고, 열매는 장과(漿果)로 가을에 붉게 익는데 식용한다. 산기슭 양지바른 바위 틈에서 자라는데 우리나라 각지에 분포한다. (Lonicera harai)"
    },
    "길머리": {
        "word": "길머리",
        "chosung": "ㄱㅁㄹ",
        "type": "명사",
        "mean": " =길목 ."
    },
    "길명": {
        "word": "길명",
        "chosung": "ㄱㅁ",
        "type": "명사",
        "mean": " 좋은 운명."
    },
    "길명지구대": {
        "word": "길명지구대",
        "chosung": "ㄱㅁㅈㄱㄷ",
        "type": "명사",
        "mean": "함경북도의 길주와 명천 사이에 있는 지구대. 남으로는 성진, 북으로는 온성에 이르는 지역에 이루어진 좁고 긴 구렁이다. ≒길주·명천 지구대."
    },
    "길모": {
        "word": "길모",
        "chosung": "ㄱㅁ",
        "type": "명사",
        "mean": "'길모어'의 우리나라 이름."
    },
    "길모어": {
        "word": "길모어",
        "chosung": "ㄱㅁㅇ",
        "type": "명사",
        "mean": "미국의 감리교 목사(1858~?). 조선 고종 22년(1886)에 신학문의 교사로 미국 정부의 추천을 받아 입국하여, 육영 공원의 설립에 힘쓰고 1889년까지 교사로 재직하였다."
    },
    "길모퉁이": {
        "word": "길모퉁이",
        "chosung": "ㄱㅁㅌㅇ",
        "type": "명사",
        "mean": " 길이 구부러지거나 꺾여 돌아가는 자리."
    },
    "길목": {
        "word": "길목",
        "chosung": "ㄱㅁ",
        "type": "명사",
        "mean": "1. =길목버선."
    },
    "길목버선": {
        "word": "길목버선",
        "chosung": "ㄱㅁㅂㅅ",
        "type": "명사",
        "mean": " 먼 길을 갈 때 신는 허름한 버선. ≒길목 ."
    },
    "길목신호기": {
        "word": "길목신호기",
        "chosung": "ㄱㅁㅅㅎㄱ",
        "type": "명사",
        "mean": "도착하거나 떠나는 열차가 역구내의 한 구역에서 다른 구역으로 갈 수 있는가 없는가를 알리는 신호기."
    },
    "길몽": {
        "word": "길몽",
        "chosung": "ㄱㅁ",
        "type": "명사",
        "mean": " 좋은 징조의 꿈."
    },
    "길몽가": {
        "word": "길몽가",
        "chosung": "ㄱㅁㄱ",
        "type": "명사",
        "mean": "조선 영조 35년(1759)에 운암(雲庵) 한석지(韓錫地)가 지은 가사. 꿈속에서 맹자를 만나 그 뜻을 받아서 세상을 구제할 것을 결심한다는 내용으로, 에 전한다."
    },
    "길물": {
        "word": "길물",
        "chosung": "ㄱㅁ",
        "type": "명사",
        "mean": " 한 길 깊이가 되는 물."
    },
    "길미": {
        "word": "길미",
        "chosung": "ㄱㅁ",
        "type": "명사",
        "mean": "1. =이익(利益) ."
    },
    "길밋세": {
        "word": "길밋세",
        "chosung": "ㄱㅁㅅ",
        "type": "명사",
        "mean": " 길미에 대하여 매기는 세금."
    },
    "길바닥": {
        "word": "길바닥",
        "chosung": "ㄱㅂㄷ",
        "type": "명사",
        "mean": "1. 길의 바닥 표면. ≒노면(路 面)·노상(路 上) ."
    },
    "길바로": {
        "word": "길바로",
        "chosung": "ㄱㅂㄹ",
        "type": "부사",
        "mean": " 길을 제대로 잡아들어서."
    },
    "길반": {
        "word": "길반",
        "chosung": "ㄱㅂ",
        "type": "명사",
        "mean": "［북한어］ 가거나 오거나 할 길의 절반."
    },
    "길반이": {
        "word": "길반이",
        "chosung": "ㄱㅂㅇ",
        "type": "명사",
        "mean": "［방언］ '키다리'의 방언(평북)."
    },
    "길발": {
        "word": "길발",
        "chosung": "ㄱㅂ",
        "type": "명사",
        "mean": " 발로 만든 길그물 장치."
    },
    "길배": {
        "word": "길배",
        "chosung": "ㄱㅂ",
        "type": "명사",
        "mean": "구배의 하나. 한 번 절하고 다시 이마를 조아려 절한다."
    },
    "길버트": {
        "word": "길버트",
        "chosung": "ㄱㅂㅌ",
        "type": "명사",
        "mean": "영국의 의사·물리학자(1544~1603). 전기와 자기의 실험적 연구를 하여 지구 자기 현상을 설명하였다."
    },
    "길버트제도": {
        "word": "길버트제도",
        "chosung": "ㄱㅂㅌㅈㄷ",
        "type": "명사",
        "mean": "태평양 중부, 미크로네시아 남동쪽에 있는 섬의 무리. 적도를 끼는 16개의 환초(環礁)로 이루어져 있으며, 원주민은 미크로네시아 인과 사모아 인의 혼혈이다. 1788년에 영국 선장 길버트가 발견하였다. 1892년에 영국 보호령이 되었다가 1979년에 키리바시 공화국으로 독립하였다. 경제는 주로 농업과 어업에 의존하고 있으며, 주요 수출품은 인산 비료와 코프라이다. 면적은 272㎢."
    },
    "길벋": {
        "word": "길벋",
        "chosung": "ㄱㅂ",
        "type": "명사",
        "mean": "［옛말］ '길벗'의 옛말."
    },
    "길벌": {
        "word": "길벌",
        "chosung": "ㄱㅂ",
        "type": "명사",
        "mean": "'대모벌'의 북한어."
    },
    "길벌레": {
        "word": "길벌레",
        "chosung": "ㄱㅂㄹ",
        "type": "명사",
        "mean": " 기어 다니는 벌레."
    },
    "길벗": {
        "word": "길벗",
        "chosung": "ㄱㅂ",
        "type": "명사",
        "mean": " =길동무 ."
    },
    "길보": {
        "word": "길보",
        "chosung": "ㄱㅂ",
        "type": "명사",
        "mean": " 좋은 소식."
    },
    "길보아": {
        "word": "길보아",
        "chosung": "ㄱㅂㅇ",
        "type": "명사",
        "mean": "이사갈 지방 요르단 강 서쪽에 있는 산. 이스라엘 초대 왕 사울과 그의 아들 요나단이 이곳에서 블레셋 사람에게 패하여 전사하였다."
    },
    "길보짐": {
        "word": "길보짐",
        "chosung": "ㄱㅂㅈ",
        "type": "명사",
        "mean": "［북한어］ '길봇짐'의 북한어."
    },
    "길복": {
        "word": "길복",
        "chosung": "ㄱㅂ",
        "type": "명사",
        "mean": "1. 혼인 때 신랑 신부가 입는 옷. 2. 삼년상을 마친 뒤에 입는 보통 옷."
    },
    "길복벗김": {
        "word": "길복벗김",
        "chosung": "ㄱㅂㅂㄱ",
        "type": "명사",
        "mean": "=관디벗김."
    },
    "길봇짐": {
        "word": "길봇짐",
        "chosung": "ㄱㅂㅈ",
        "type": "명사",
        "mean": " 먼 길을 갈 때 꾸리는 봇짐."
    },
    "길브레스": {
        "word": "길브레스",
        "chosung": "ㄱㅂㄹㅅ",
        "type": "명사",
        "mean": "미국의 기술자(1868~1924). 테일러(Taylor, F.W.)의 작업 시간 연구를 발전시켜 '동작 연구'를 창안하였다."
    },
    "길비": {
        "word": "길비",
        "chosung": "ㄱㅂ",
        "type": "명사",
        "mean": " 어질고 좋은 비(妃)."
    },
    "길비용": {
        "word": "길비용",
        "chosung": "ㄱㅂㅇ",
        "type": "명사",
        "mean": " =노자(路資)."
    },
    "길사": {
        "word": "길사",
        "chosung": "ㄱㅅ",
        "type": "명사",
        "mean": "1. '선비'를 멋스럽게 이르는 말. 2. 운수가 트인 사람."
    },
    "길사람": {
        "word": "길사람",
        "chosung": "ㄱㅅㄹ",
        "type": "명사",
        "mean": " 길에서 만나는 낯모르는 사람.【↖길□ 사□≪동국신속삼강행실도(1617)효≫← 긿+-□ +사□ 】"
    },
    "길사위": {
        "word": "길사위",
        "chosung": "ㄱㅅㅇ",
        "type": "명사",
        "mean": "오광대놀이에서, 엉금엉금 기는 춤사위."
    },
    "길상": {
        "word": "길상",
        "chosung": "ㄱㅅ",
        "type": "명사",
        "mean": " 좋은 형상."
    },
    "길상과": {
        "word": "길상과",
        "chosung": "ㄱㅅㄱ",
        "type": "명사",
        "mean": "1. 길상천의 어머니인 귀자모신이 오른손에 든 과일. 석류를 이르는데 마(魔)를 없애는 과일이라고 한다. 2. 엽의관음이 염렬(炎熱)의 괴로움을 당하는 중생을 구제하고자 서원한 표지."
    },
    "길상금강": {
        "word": "길상금강",
        "chosung": "ㄱㅅㄱㄱ",
        "type": "명사",
        "mean": "=문수(文殊)."
    },
    "길상단": {
        "word": "길상단",
        "chosung": "ㄱㅅㄷ",
        "type": "명사",
        "mean": " 중국에서 만든 비단의 하나."
    },
    "길상무늬": {
        "word": "길상무늬",
        "chosung": "ㄱㅅㅁㄴ",
        "type": "명사",
        "mean": " 장수나 행복 따위의 좋은 일을 상징하는 무늬. 십장생이나 나비 따위의 소재로 구성한다. ≒길상문."
    },
    "길상문": {
        "word": "길상문",
        "chosung": "ㄱㅅㅁ",
        "type": "명사",
        "mean": " =길상무늬."
    },
    "길상사": {
        "word": "길상사",
        "chosung": "ㄱㅅㅅ",
        "type": "명사",
        "mean": " 중국에서 나는 생사로 짠 옷감의 하나."
    },
    "길상선사": {
        "word": "길상선사",
        "chosung": "ㄱㅅㅅㅅ",
        "type": "명사",
        "mean": " 더할 나위 없이 기쁘고 좋은 일."
    },
    "길상좌": {
        "word": "길상좌",
        "chosung": "ㄱㅅㅈ",
        "type": "명사",
        "mean": "왼발을 오른쪽 넓적다리 위에 얹어 놓은 다음에 오른발을 왼쪽 넓적다리 위에 놓고 앉음. 또는 그런 자세."
    },
    "길상천": {
        "word": "길상천",
        "chosung": "ㄱㅅㅊ",
        "type": "명사",
        "mean": "복덕을 주는 여신. 아름다운 얼굴에 천의(天衣)를 입고 보관(寶冠)을 썼으며, 왼손에 여의주를 받들고 있다. ≒공덕천·공덕천녀·길상천녀."
    },
    "길상천녀": {
        "word": "길상천녀",
        "chosung": "ㄱㅅㅊㄴ",
        "type": "명사",
        "mean": "=길상천."
    },
    "길상천녀법": {
        "word": "길상천녀법",
        "chosung": "ㄱㅅㅊㄴㅂ",
        "type": "명사",
        "mean": "《불교》밀교에서, 길상천녀를 본존으로 하여 복덕을 얻기 위하여 기도하는 수행 방법."
    },
    "길상초": {
        "word": "길상초",
        "chosung": "ㄱㅅㅊ",
        "type": "명사",
        "mean": "백합과의 여러해살이풀. 줄기는 땅으로 뻗으며, 잎은 뭉쳐나고 피침 모양이다. 가을에 연보라색 꽃이 꽃줄기 끝에 이삭 모양으로 피고 열매는 처음에는 붉으나 마르면 검은색으로 바뀐다. 관상용이고 나무밑이나 그늘에 자라는데 일본, 중국 등지에 분포한다. (Reineckia carnea)"
    },
    "길상해운": {
        "word": "길상해운",
        "chosung": "ㄱㅅㅎㅇ",
        "type": "명사",
        "mean": "=길상해운상."
    },
    "길상해운상": {
        "word": "길상해운상",
        "chosung": "ㄱㅅㅎㅇㅅ",
        "type": "명사",
        "mean": "인도에서 전하는, 경사스러운 일이 일어날 조짐을 알리는 표상(表象). '卍'의 모양으로 '덕(德)' 자 또는 '만(萬)' 자로 번역된다. ≒길상해운."
    },
    "길상회과": {
        "word": "길상회과",
        "chosung": "ㄱㅅㅎㄱ",
        "type": "명사",
        "mean": "정월 초하룻날에 길상천을 본존으로 하여 풍년과 길운을 비는 일."
    },
    "길새": {
        "word": "길새",
        "chosung": "ㄱㅅ",
        "type": "명사",
        "mean": "［북한어］ 길의 모양이나 상태."
    },
    "길서": {
        "word": "길서",
        "chosung": "ㄱㅅ",
        "type": "명사",
        "mean": " =길상(吉祥)."
    },
    "길석": {
        "word": "길석",
        "chosung": "ㄱㅅ",
        "type": "명사",
        "mean": " 혼례식 따위의 기쁜 자리."
    },
    "길선주": {
        "word": "길선주",
        "chosung": "ㄱㅅㅈ",
        "type": "명사",
        "mean": "독립 운동가·목사(1869~1935). 자는 윤열(潤悅). 호는 영계(靈 溪). 3·1 독립 선언의 민족 대표 33인 가운데 한 사람으로, 1897년에 안창호 등과 함께 독립 협회의 평양 지부를 조직하였고, 숭실·숭덕 학교를 설립하여 교육 사업에도 힘썼다. 저서에 ,  따위가 있다."
    },
    "길성": {
        "word": "길성",
        "chosung": "ㄱㅅ",
        "type": "명사",
        "mean": "길하고 상서로운 별. 이 별이 비치는 곳은 좋은 일이 있다고 한다."
    },
    "길섶": {
        "word": "길섶",
        "chosung": "ㄱㅅ",
        "type": "명사",
        "mean": " 길의 가장자리."
    },
    "길세": {
        "word": "길세",
        "chosung": "ㄱㅅ",
        "type": "명사",
        "mean": " 강도가 길 가는 사람에게서 강제로 빼앗는 돈을 속되게 이르는 말."
    },
    "길속": {
        "word": "길속",
        "chosung": "ㄱㅅ",
        "type": "명사",
        "mean": " 익숙해져 길난 일의 속내."
    },
    "길손": {
        "word": "길손",
        "chosung": "ㄱㅅ",
        "type": "명사",
        "mean": " 먼 길을 가는 나그네."
    },
    "길송장": {
        "word": "길송장",
        "chosung": "ㄱㅅㅈ",
        "type": "명사",
        "mean": " 길에서 죽은 사람의 시체."
    },
    "길수": {
        "word": "길수",
        "chosung": "ㄱㅅ",
        "type": "명사",
        "mean": " 묘한 이치나 도리."
    },
    "길시": {
        "word": "길시",
        "chosung": "ㄱㅅ",
        "type": "명사",
        "mean": "［옛말］ 세로 길이."
    },
    "길식량": {
        "word": "길식량",
        "chosung": "ㄱㅅㄹ",
        "type": "명사",
        "mean": "［북한어］ '길양식'의 북한어."
    },
    "길신": {
        "word": "길신",
        "chosung": "ㄱㅅ",
        "type": "명사",
        "mean": "1. 길한 시절. 2. =길일(吉日) ."
    },
    "길싸움": {
        "word": "길싸움",
        "chosung": "ㄱㅆㅇ",
        "type": "명사",
        "mean": " 길을 먼저 지나가려고 하는 싸움."
    },
    "길쌈": {
        "word": "길쌈",
        "chosung": "ㄱㅆ",
        "type": "명사",
        "mean": " 실을 내어 옷감을 짜는 모든 일을 통틀어 이르는 말. ≒여공지사·여공침."
    },
    "길쌈노래": {
        "word": "길쌈노래",
        "chosung": "ㄱㅆㄴㄹ",
        "type": "명사",
        "mean": "조선 시대의 규방 문학. 부녀자들이 길쌈을 하면서 그들의 희로애락을 담아 부른 민요로 , 《베틀가》, 따위가 있다."
    },
    "길쌈놀이": {
        "word": "길쌈놀이",
        "chosung": "ㄱㅆㄴㅇ",
        "type": "명사",
        "mean": "길쌈하는 모습을 형상화한 춤."
    },
    "길쌈질": {
        "word": "길쌈질",
        "chosung": "ㄱㅆㅈ",
        "type": "명사",
        "mean": " 실을 내어 옷감을 짜는 일."
    },
    "길쌈틀": {
        "word": "길쌈틀",
        "chosung": "ㄱㅆㅌ",
        "type": "명사",
        "mean": "=방직기계."
    },
    "길쎄": {
        "word": "길쎄",
        "chosung": "ㄱㅆ",
        "type": "감탄사",
        "mean": "［방언］ '글쎄'의 방언(평북)."
    },
    "길쑥길쑥": {
        "word": "길쑥길쑥",
        "chosung": "ㄱㅆㄱㅆ",
        "type": "부사",
        "mean": "［북한어］ 여럿이 다 시원스럽게 조금 긴 모양."
    },
    "길쑥하다": {
        "word": "길쑥하다",
        "chosung": "ㄱㅆㅎㄷ",
        "type": "형용사",
        "mean": "［북한어］ 시원스럽게 길다."
    },
    "길쑴길쑴": {
        "word": "길쑴길쑴",
        "chosung": "ㄱㅆㄱㅆ",
        "type": "부사",
        "mean": "［북한어］ 여럿이 다 시원스레 조금 기름한 모양."
    },
    "길쑴하다": {
        "word": "길쑴하다",
        "chosung": "ㄱㅆㅎㄷ",
        "type": "형용사",
        "mean": "［북한어］ 시원스레 조금 기름하다."
    },
    "길쓸별": {
        "word": "길쓸별",
        "chosung": "ㄱㅆㅂ",
        "type": "명사",
        "mean": " '혜성(彗星)'을 달리 이르는 말. 살별의 모양이 길을 쓰는 빗자루 같다고 해서 생긴 이름이다."
    },
    "길씨": {
        "word": "길씨",
        "chosung": "ㄱㅆ",
        "type": "명사",
        "mean": "［방언］ '길이'의 방언(경북, 함북)."
    },
    "길안": {
        "word": "길안",
        "chosung": "ㄱㅇ",
        "type": "명사",
        "mean": "'지안'의 잘못."
    },
    "길앞잡이": {
        "word": "길앞잡이",
        "chosung": "ㄱㅇㅈㅇ",
        "type": "명사",
        "mean": " '길잡이'의 잘못."
    },
    "길앞잡잇과": {
        "word": "길앞잡잇과",
        "chosung": "ㄱㅇㅈㅇㄱ",
        "type": "명사",
        "mean": "곤충강 딱정벌레목의 한 과. 몸에는 금속광택의 무늬가 있고 큰 턱은 매우 날카로우며 애벌레는 땅속에서 작은 동물을 잡아먹는다. 전 세계에 약 1,300종이 분포하는데 우리나라에는 1속 16종이 있다. 길앞잡이, 좀길앞잡이, 산길앞잡이 따위가 있다. (Cicindelidae)"
    },
    "길양식": {
        "word": "길양식",
        "chosung": "ㄱㅇㅅ",
        "type": "명사",
        "mean": " 여행할 때 먹으려고 준비한 먹을거리."
    },
    "길어": {
        "word": "길어",
        "chosung": "ㄱㅇ",
        "type": "명사",
        "mean": " 좋은 소식."
    },
    "길어구": {
        "word": "길어구",
        "chosung": "ㄱㅇㄱ",
        "type": "명사",
        "mean": "［북한어］ 어떤 길로 접어드는 어귀."
    },
    "길어김": {
        "word": "길어김",
        "chosung": "ㄱㅇㄱ",
        "type": "명사",
        "mean": "［북한어］ 길의 방향이 서로 반대가 되어 스쳐 지나감."
    },
    "길연": {
        "word": "길연",
        "chosung": "ㄱㅇ",
        "type": "명사",
        "mean": " 경사스러운 잔치."
    },
    "길옆": {
        "word": "길옆",
        "chosung": "ㄱㅇ",
        "type": "명사",
        "mean": " 길의 가장자리."
    },
    "길옥": {
        "word": "길옥",
        "chosung": "ㄱㅇ",
        "type": "명사",
        "mean": " 좋은 옥."
    },
    "길요강": {
        "word": "길요강",
        "chosung": "ㄱㅇㄱ",
        "type": "명사",
        "mean": " 말이나 가마를 타고 여행할 때 가지고 다니는 놋요강."
    },
    "길우다": {
        "word": "길우다",
        "chosung": "ㄱㅇㄷ",
        "type": "동사",
        "mean": "［옛말］ 기르다. 길게 하다."
    },
    "길운": {
        "word": "길운",
        "chosung": "ㄱㅇ",
        "type": "명사",
        "mean": " 좋은 운수."
    },
    "길월": {
        "word": "길월",
        "chosung": "ㄱㅇ",
        "type": "명사",
        "mean": " 운이 좋고 상서로운 달."
    },
    "길이": {
        "word": "길이",
        "chosung": "ㄱㅇ",
        "type": "부사",
        "mean": " 오랜 세월이 지나도록."
    },
    "길이길이": {
        "word": "길이길이",
        "chosung": "ㄱㅇㄱㅇ",
        "type": "부사",
        "mean": " 아주 오래도록."
    },
    "길이다": {
        "word": "길이다",
        "chosung": "ㄱㅇㄷ",
        "type": "동사",
        "mean": "［옛말］ 긷게 하다."
    },
    "길이마루": {
        "word": "길이마루",
        "chosung": "ㄱㅇㅁㄹ",
        "type": "명사",
        "mean": "단어를 구성하는 말소리 가운데 다른 것보다 발음 시간이 긴 모음에 의하여 표현되는 악센트. '없다'의 '없'이나 '돌다'의 '돌' 따위가 해당한다."
    },
    "길이모쌓기": {
        "word": "길이모쌓기",
        "chosung": "ㄱㅇㅁㅆㄱ",
        "type": "명사",
        "mean": "벽돌의 긴 면을 가로로 하여 쌓는 일. ≒길이쌓기·장방적(長方積)."
    },
    "길이불": {
        "word": "길이불",
        "chosung": "ㄱㅇㅂ",
        "type": "명사",
        "mean": " 여행할 때 가지고 다니기 편하도록 가볍고 얇게 만든 이불."
    },
    "길이세워쌓기": {
        "word": "길이세워쌓기",
        "chosung": "ㄱㅇㅅㅇㅆㄱ",
        "type": "명사",
        "mean": "벽돌의 긴 면을 수직으로 세워 쌓는 일."
    },
    "길이쌓기": {
        "word": "길이쌓기",
        "chosung": "ㄱㅇㅆㄱ",
        "type": "명사",
        "mean": "=길이모쌓기."
    },
    "길이이음": {
        "word": "길이이음",
        "chosung": "ㄱㅇㅇㅇ",
        "type": "명사",
        "mean": "목재 따위를 길게 잇는 방법. ≒접수(接手)."
    },
    "길이재개": {
        "word": "길이재개",
        "chosung": "ㄱㅇㅈㄱ",
        "type": "명사",
        "mean": "'검척기(檢尺器)'의 북한어."
    },
    "길이팽창": {
        "word": "길이팽창",
        "chosung": "ㄱㅇㅍㅊ",
        "type": "명사",
        "mean": "=선팽창."
    },
    "길이팽창계수": {
        "word": "길이팽창계수",
        "chosung": "ㄱㅇㅍㅊㄱㅅ",
        "type": "명사",
        "mean": "=선팽창 계수."
    },
    "길이팽창률": {
        "word": "길이팽창률",
        "chosung": "ㄱㅇㅍㅊㄹ",
        "type": "명사",
        "mean": "=선팽창 계수."
    },
    "길이표": {
        "word": "길이표",
        "chosung": "ㄱㅇㅍ",
        "type": "명사",
        "mean": "자모 결합식 무용 표기에서 무용의 시간을 표시하기 위하여 정한 표지. 음악에서의 음표와 일치한다."
    },
    "길인": {
        "word": "길인",
        "chosung": "ㄱㅇ",
        "type": "명사",
        "mean": " 성품이 바르고 복스러워 좋은 사람."
    },
    "길일": {
        "word": "길일",
        "chosung": "ㄱㅇ",
        "type": "명사",
        "mean": "1. 운이 좋거나 상서로운 날. ≒길신(吉辰 ) ."
    },
    "길잡다": {
        "word": "길잡다",
        "chosung": "ㄱㅈㄷ",
        "type": "동사",
        "mean": "［옛말］ '인도하다'의 옛말."
    },
    "길잡이": {
        "word": "길잡이",
        "chosung": "ㄱㅈㅇ",
        "type": "명사",
        "mean": "1. 길을 인도해 주는 사람이나 사물. ≒길라잡이."
    },
    "길잡이기구": {
        "word": "길잡이기구",
        "chosung": "ㄱㅈㅇㄱㄱ",
        "type": "명사",
        "mean": "기술 공학적으로 요구되는 좌표를 그리면서 운동하는 지렛대 기구."
    },
    "길잡이대": {
        "word": "길잡이대",
        "chosung": "ㄱㅈㅇㄷ",
        "type": "명사",
        "mean": "'조향간(操向杆)'을 다듬은 말."
    },
    "길잡이대차": {
        "word": "길잡이대차",
        "chosung": "ㄱㅈㅇㄷㅊ",
        "type": "명사",
        "mean": "'선대차'의 북한어."
    },
    "길잡이도르래": {
        "word": "길잡이도르래",
        "chosung": "ㄱㅈㅇㄷㄹㄹ",
        "type": "명사",
        "mean": "권양 밧줄의 방향을 정확하게 이끌어 주는 도르래. 밧줄의 수명을 연장하기 위하여 밧줄이 닿는 부분에 나무, 무른 금속, 고무, 합성수지 따위를 댄다."
    },
    "길잡이등": {
        "word": "길잡이등",
        "chosung": "ㄱㅈㅇㄷ",
        "type": "명사",
        "mean": "［북한어］ '도등(導燈)'의 북한어."
    },
    "길잡이바퀴": {
        "word": "길잡이바퀴",
        "chosung": "ㄱㅈㅇㅂㅋ",
        "type": "명사",
        "mean": "'선도륜(先導輪)'을 다듬은 말."
    },
    "길잡이별": {
        "word": "길잡이별",
        "chosung": "ㄱㅈㅇㅂ",
        "type": "명사",
        "mean": "［북한어］1. 북극성, 북두칠성 따위처럼 어두운 밤에 방향을 알려 주는 별."
    },
    "길잡이소해": {
        "word": "길잡이소해",
        "chosung": "ㄱㅈㅇㅅㅎ",
        "type": "명사",
        "mean": "기뢰가 있는 위험한 곳을 지나가는 함정을 위하여 기뢰를 피하거나 제거하면서 뱃길을 내는 일."
    },
    "길잡이장치": {
        "word": "길잡이장치",
        "chosung": "ㄱㅈㅇㅈㅊ",
        "type": "명사",
        "mean": "'조향 장치'의 북한어."
    },
    "길잡이증력장치": {
        "word": "길잡이증력장치",
        "chosung": "ㄱㅈㅇㅈㄹㅈㅊ",
        "type": "명사",
        "mean": "'동력 조향 장치'의 북한어."
    },
    "길잡이축": {
        "word": "길잡이축",
        "chosung": "ㄱㅈㅇㅊ",
        "type": "명사",
        "mean": "차량이 달리면서 방향을 바꿀 수 있게 하는 조향 장치의 축."
    },
    "길장": {
        "word": "길장",
        "chosung": "ㄱㅈ",
        "type": "명사",
        "mean": "중국 수나라의 중(549~623). 공관(空觀) 불교의 권위자로 삼론종을 대성하였다. 저서에 《삼론현의》, , , ,  따위가 있다."
    },
    "길장승": {
        "word": "길장승",
        "chosung": "ㄱㅈㅅ",
        "type": "명사",
        "mean": " 큰길가에 세워 지명이나 거리 따위를 적어 놓은 장승."
    },
    "길재": {
        "word": "길재",
        "chosung": "ㄱㅈ",
        "type": "명사",
        "mean": "고려 말기에서 조선 전기의 성리학자(1353~1419). 자는 재부(再夫). 호는 야은(冶隱)·금오산인(金 鰲山人). 고려 삼은(三隱) 가운데 한 사람으로, 이색·정몽주 등의 문하에서 학문을 익히고 성균관 박사가 되어 유생들을 가르쳤다. 저서에 《야은집》,  따위가 있다."
    },
    "길점": {
        "word": "길점",
        "chosung": "ㄱㅈ",
        "type": "명사",
        "mean": " 운이 좋거나 상서로운 조짐의 점."
    },
    "길점용": {
        "word": "길점용",
        "chosung": "ㄱㅈㅇ",
        "type": "명사",
        "mean": "=도로 점용."
    },
    "길제": {
        "word": "길제",
        "chosung": "ㄱㅈ",
        "type": "명사",
        "mean": " 죽은 지 27개월 만에 지내는 제사. 이를 지낸 후에 상주(喪主)는 상복을 벗고 평상복을 입을 수 있다."
    },
    "길제사": {
        "word": "길제사",
        "chosung": "ㄱㅈㅅ",
        "type": "명사",
        "mean": "1. 포수가 사냥 갈 준비를 할 때 산신에게 지내는 제사. 2. 먼 길을 떠나는 사람이 가는 길이 편안하기를 빌며 지내는 제사."
    },
    "길조": {
        "word": "길조",
        "chosung": "ㄱㅈ",
        "type": "명사",
        "mean": " 까치나 황새 따위와 같이 좋은 일이 생길 것을 미리 알려 주는 새."
    },
    "길주": {
        "word": "길주",
        "chosung": "ㄱㅈ",
        "type": "명사",
        "mean": "함경북도 길주군에 있는 읍. 군청 소재지이다."
    },
    "길주군": {
        "word": "길주군",
        "chosung": "ㄱㅈㄱ",
        "type": "명사",
        "mean": "함경북도 북서부에 있는 군. 고구려·발해의 옛 땅으로, 넓고 비옥한 길주평야가 있어 쌀·콩·보리·조·피·수수 따위 농산물이 많이 나고, 석탄이 많이 나는 길주·명천(明川) 탄전과 합수(合水) 탄전이 있다. 보현사, 남대계(南大溪), 두류산 따위의 명승지가 있다. 군청 소재지는 길주, 면적은 1,376㎢."
    },
    "길주명천지구대": {
        "word": "길주명천지구대",
        "chosung": "ㄱㅈㅁㅊㅈㄱㄷ",
        "type": "명사",
        "mean": "=길명 지구대."
    },
    "길주요": {
        "word": "길주요",
        "chosung": "ㄱㅈㅇ",
        "type": "명사",
        "mean": "중국 장시 성(江西省) 지안 현(吉安縣)에서 나던 도기(陶器)."
    },
    "길죽길죽": {
        "word": "길죽길죽",
        "chosung": "ㄱㅈㄱㅈ",
        "type": "부사",
        "mean": "1. '길쭉길쭉'의 잘못. 2. ［북한어］ '길쭉길쭉'의 북한어."
    },
    "길죽스름하다": {
        "word": "길죽스름하다",
        "chosung": "ㄱㅈㅅㄹㅎㄷ",
        "type": "형용사",
        "mean": "［북한어］ '길쭉스름하다'의 북한어."
    },
    "길죽하다": {
        "word": "길죽하다",
        "chosung": "ㄱㅈㅎㄷ",
        "type": "형용사",
        "mean": "1. '길쭉하다'의 잘못. 2. ［북한어］ '길쭉하다'의 북한어."
    },
    "길줄고기": {
        "word": "길줄고기",
        "chosung": "ㄱㅈㄱㄱ",
        "type": "명사",
        "mean": "날개줄고깃과의 바닷물고기. 주둥이 아래로 큰 수염이 많고 위턱에는 이가 거의 없으며 꼬리자루의 골판에는 가시가 하나씩 있다. 한국, 일본, 캄차카 등지에 분포한다. (Podothecus gilberti)"
    },
    "길쥭": {
        "word": "길쥭",
        "chosung": "ㄱㅈ",
        "type": "부사",
        "mean": "［옛말］ '길쭉이'의 옛말."
    },
    "길즈기": {
        "word": "길즈기",
        "chosung": "ㄱㅈㄱ",
        "type": "부사",
        "mean": "［옛말］ '길찍이'의 옛말."
    },
    "길즉대흉": {
        "word": "길즉대흉",
        "chosung": "ㄱㅈㄷㅎ",
        "type": "명사",
        "mean": "점괘·사주 풀이·토정비결 따위에서, 신수가 아주 좋을 때는 오히려 아주 불길하다는 말."
    },
    "길즉하다": {
        "word": "길즉하다",
        "chosung": "ㄱㅈㅎㄷ",
        "type": "형용사",
        "mean": "［옛말］ '길찍하다'의 옛말."
    },
    "길지": {
        "word": "길지",
        "chosung": "ㄱㅈ",
        "type": "명사",
        "mean": "=명당(明堂) ."
    },
    "길지막하다": {
        "word": "길지막하다",
        "chosung": "ㄱㅈㅁㅎㄷ",
        "type": "형용사",
        "mean": "［북한어］ '길쯔막하다'의 북한어."
    },
    "길직길직": {
        "word": "길직길직",
        "chosung": "ㄱㅈㄱㅈ",
        "type": "부사",
        "mean": "1. '길찍길찍'의 잘못. 2. ［북한어］ '길찍길찍'의 북한어."
    },
    "길직하다": {
        "word": "길직하다",
        "chosung": "ㄱㅈㅎㄷ",
        "type": "형용사",
        "mean": "1. '길찍하다'의 잘못. 2. ［북한어］ '길찍하다'의 북한어."
    },
    "길짐": {
        "word": "길짐",
        "chosung": "ㄱㅈ",
        "type": "명사",
        "mean": "큰길 근처에 사는 백성이 강제로 동원되어 번갈아 지어 나르던 관가의 짐."
    },
    "길짐승": {
        "word": "길짐승",
        "chosung": "ㄱㅈㅅ",
        "type": "명사",
        "mean": " 기어 다니는 짐승을 통틀어 이르는 말. ≒주수(走獸)."
    },
    "길징": {
        "word": "길징",
        "chosung": "ㄱㅈ",
        "type": "명사",
        "mean": " =길조(吉兆)."
    },
    "길짱구": {
        "word": "길짱구",
        "chosung": "ㄱㅉㄱ",
        "type": "명사",
        "mean": "'질경이'의 북한어."
    },
    "길짱구죽": {
        "word": "길짱구죽",
        "chosung": "ㄱㅉㄱㅈ",
        "type": "명사",
        "mean": "［북한어］ 질경이의 잎을 넣고 쑨 죽."
    },
    "길짱구택사": {
        "word": "길짱구택사",
        "chosung": "ㄱㅉㄱㅌㅅ",
        "type": "명사",
        "mean": "'질경이택사'의 북한어."
    },
    "길쭉": {
        "word": "길쭉",
        "chosung": "ㄱㅉ",
        "type": "명사",
        "mean": "'길쭉하다'의 어근."
    },
    "길쭉길쭉": {
        "word": "길쭉길쭉",
        "chosung": "ㄱㅉㄱㅉ",
        "type": "부사",
        "mean": " 여럿이 다 조금 긴 모양."
    },
    "길쭉바구미": {
        "word": "길쭉바구미",
        "chosung": "ㄱㅉㅂㄱㅁ",
        "type": "명사",
        "mean": "바구밋과의 곤충. 몸의 길이는 1.2cm 정도이다. 몸은 긴 방추형이고 머리와 주둥이의 주름살 사이에 점무늬가 빽빽하게 있으며 딱지날개에도 열 줄의 점무늬가 있다. 한국, 일본 등지에 분포한다. (Lixus impressiventris)"
    },
    "길쭉방아벌레": {
        "word": "길쭉방아벌레",
        "chosung": "ㄱㅉㅂㅇㅂㄹ",
        "type": "명사",
        "mean": "방아벌렛과의 곤충. 몸의 길이는 1.1~1.5cm이며, 갈색 털이 많이 나 있다. 더듬이, 입, 다리 및 몸의 아랫면은 붉은 갈색이다. 한국, 일본, 대만 등지에 분포한다. (Penthelater plebejus)"
    },
    "길쭉벌레": {
        "word": "길쭉벌레",
        "chosung": "ㄱㅉㅂㄹ",
        "type": "명사",
        "mean": "길쭉벌렛과의 곤충. 몸의 길이는 4mm 정도이며, 검은색에 비늘 조각이 빽빽이 나 있다. 딱지날개의 뒤쪽에는 잿빛의 비늘털 다발이 가로로 두 줄 나 있다. 썩은 나무에 산다. (Trachypholis variegata)"
    },
    "길쭉벌렛과": {
        "word": "길쭉벌렛과",
        "chosung": "ㄱㅉㅂㄹㄱ",
        "type": "명사",
        "mean": "곤충강 딱정벌레목의 한 과. 몸은 원통 모양이며 더듬이는 10~11마디이다. 썩은 나무에 사는데 전 세계에 1,400여 종이 분포한다. 길쭉벌레, 루이스길쭉벌레가 있다. (Colydiidae)"
    },
    "길쭉스름": {
        "word": "길쭉스름",
        "chosung": "ㄱㅉㅅㄹ",
        "type": "명사",
        "mean": "'길쭉스름하다'의 어근."
    },
    "길쯔막": {
        "word": "길쯔막",
        "chosung": "ㄱㅉㅁ",
        "type": "명사",
        "mean": "'길쯔막하다'의 어근."
    },
    "길쯕하다": {
        "word": "길쯕하다",
        "chosung": "ㄱㅉㅎㄷ",
        "type": "형용사",
        "mean": "［방언］ '길찍하다'의 방언(평북)."
    },
    "길쯤": {
        "word": "길쯤",
        "chosung": "ㄱㅉ",
        "type": "명사",
        "mean": "'길쯤하다'의 어근."
    },
    "길쯤길쯤": {
        "word": "길쯤길쯤",
        "chosung": "ㄱㅉㄱㅉ",
        "type": "부사",
        "mean": " 여럿이 다 꽤 기름한 모양."
    },
    "길찍": {
        "word": "길찍",
        "chosung": "ㄱㅉ",
        "type": "명사",
        "mean": "'길찍하다'의 어근."
    },
    "길찍길찍": {
        "word": "길찍길찍",
        "chosung": "ㄱㅉㄱㅉ",
        "type": "부사",
        "mean": " 여럿이 다 길이가 꽤 긴 듯한 모양."
    },
    "길차": {
        "word": "길차",
        "chosung": "ㄱㅊ",
        "type": "명사",
        "mean": "=길사(吉士)."
    },
    "길차다": {
        "word": "길차다",
        "chosung": "ㄱㅊㄷ",
        "type": "형용사",
        "mean": "1. 아주 미끈하게 길다."
    },
    "길차림": {
        "word": "길차림",
        "chosung": "ㄱㅊㄹ",
        "type": "명사",
        "mean": "［북한어］ 길을 걷는 데 알맞게 차린 몸차림."
    },
    "길차비": {
        "word": "길차비",
        "chosung": "ㄱㅊㅂ",
        "type": "명사",
        "mean": "［북한어］ '길채비'의 북한어."
    },
    "길참": {
        "word": "길참",
        "chosung": "ㄱㅊ",
        "type": "명사",
        "mean": "［북한어］ 길 다니는 사람들이 도중에 먹는 참."
    },
    "길채비": {
        "word": "길채비",
        "chosung": "ㄱㅊㅂ",
        "type": "명사",
        "mean": " 여행이나 먼 길 떠날 준비."
    },
    "길책": {
        "word": "길책",
        "chosung": "ㄱㅊ",
        "type": "명사",
        "mean": " '질책'의 변한말."
    },
    "길처": {
        "word": "길처",
        "chosung": "ㄱㅊ",
        "type": "명사",
        "mean": " 가는 길의 근처."
    },
    "길청": {
        "word": "길청",
        "chosung": "ㄱㅊ",
        "type": "명사",
        "mean": "군아(郡衙)에서 구실아치가 일을 보던 곳. ≒연청(椽廳)·작사청·작청(作廳)."
    },
    "길체": {
        "word": "길체",
        "chosung": "ㄱㅊ",
        "type": "명사",
        "mean": " 한쪽으로 치우쳐 있는 자리."
    },
    "길초": {
        "word": "길초",
        "chosung": "ㄱㅊ",
        "type": "명사",
        "mean": "'쥐오줌풀'의 잘못."
    },
    "길츼": {
        "word": "길츼",
        "chosung": "ㄱㅊ",
        "type": "명사",
        "mean": "［옛말］ '길체'의 옛말."
    },
    "길치": {
        "word": "길치",
        "chosung": "ㄱㅊ",
        "type": "명사",
        "mean": " 우리나라 남쪽 지방에서 나는 황소. 보통 살지고 윤택하나 억세지 못하다."
    },
    "길치기춤": {
        "word": "길치기춤",
        "chosung": "ㄱㅊㄱㅊ",
        "type": "명사",
        "mean": "제주 무당굿에서, 신을 맞이하는 길이나 죽은 이의 영혼을 저승에 보내는 길을 치는 시늉을 하며 추는 춤."
    },
    "길카리": {
        "word": "길카리",
        "chosung": "ㄱㅋㄹ",
        "type": "명사",
        "mean": " 가깝지 않은 친척."
    },
    "길켠": {
        "word": "길켠",
        "chosung": "ㄱㅋ",
        "type": "명사",
        "mean": " 길의 한 켠."
    },
    "길타령": {
        "word": "길타령",
        "chosung": "ㄱㅌㄹ",
        "type": "명사",
        "mean": "궁중의 연회, 무도 반주악의 하나. 길군악에 이어 연주하는 연례악이며 타령조로 12박 1장단이다."
    },
    "길턱": {
        "word": "길턱",
        "chosung": "ㄱㅌ",
        "type": "명사",
        "mean": " 길섶과 비탈면이 이어지는 길바닥의 가장자리."
    },
    "길트기": {
        "word": "길트기",
        "chosung": "ㄱㅌㄱ",
        "type": "명사",
        "mean": " 새 길이나 방법을 여는 일."
    },
    "길트타이프": {
        "word": "길트타이프",
        "chosung": "ㄱㅌㅌㅇㅍ",
        "type": "명사",
        "mean": "두꺼운 금박지에다 감광약을 바른 인화지에 밀착한 사진."
    },
    "길트톱": {
        "word": "길트톱",
        "chosung": "ㄱㅌㅌ",
        "type": "명사",
        "mean": "=천금(天金 )."
    },
    "길패": {
        "word": "길패",
        "chosung": "ㄱㅍ",
        "type": "명사",
        "mean": "=목화(木花) ."
    },
    "길표": {
        "word": "길표",
        "chosung": "ㄱㅍ",
        "type": "명사",
        "mean": " =도표(道標)."
    },
    "길품": {
        "word": "길품",
        "chosung": "ㄱㅍ",
        "type": "명사",
        "mean": " 남이 갈 길을 대신 가고 삯을 받는 일."
    },
    "길품삯": {
        "word": "길품삯",
        "chosung": "ㄱㅍㅅ",
        "type": "명사",
        "mean": " 남이 갈 길을 대신 가 주고 받는 삯. ≒보행전."
    },
    "길풍뎅이": {
        "word": "길풍뎅이",
        "chosung": "ㄱㅍㄷㅇ",
        "type": "명사",
        "mean": "곤충의 하나. 몸이 둥글둥글하며 검고, 정수리에 큰 뿔이 하나 있다."
    },
    "길항": {
        "word": "길항",
        "chosung": "ㄱㅎ",
        "type": "명사",
        "mean": " 서로 버티어 대항함. ≒힐항."
    },
    "길항근": {
        "word": "길항근",
        "chosung": "ㄱㅎㄱ",
        "type": "명사",
        "mean": "서로 반대되는 작용을 동시에 하는 한 쌍의 근육. 골격근의 신근(伸筋)과 굴근(屈筋), 동공의 괄약근(括約筋)과 산대근(散大筋) 따위가 있다."
    },
    "길항신경": {
        "word": "길항신경",
        "chosung": "ㄱㅎㅅㄱ",
        "type": "명사",
        "mean": "서로 반대되는 작용을 하면서 생리 기능을 조절하는 신경. 교감 신경과 부교감 신경이 있다."
    },
    "길항작용": {
        "word": "길항작용",
        "chosung": "ㄱㅎㅈㅇ",
        "type": "명사",
        "mean": "1. 생물체의 어떤 현상에 대하여, 두 개의 요인이 동시에 작용하면서 서로 그 효과를 줄이는 작용. 심장 박동에 대한 교감 신경과 부교감 신경의 작용이나, 두 개의 약물을 함께 사용했을 때 서로 약효를 약화시키는 작용 따위가 있다. ≒대항 작용 . 2. 여러 종류의 균이 섞여 있을 때, 어떤 종류의 균은 발육 조건이 적합하여 잘 증식하는 반면, 다른 종류의 균은 그렇지 않아 발육이 억제되는 작용. 푸른곰팡이와 세균이 함께 있을 때 세균이 죽는 경우나 방선균과 식물 병원성 균류가 함께 있을 때 식물 병원성 균류가 죽는 경우 따위이다. ≒대항 작용 ."
    },
    "길항제": {
        "word": "길항제",
        "chosung": "ㄱㅎㅈ",
        "type": "명사",
        "mean": "길항 작용을 나타내는 약. 두 가지 이상의 약물을 함께 사용함으로써 한쪽 약물이 다른 약물의 효과를 감소시키거나 양쪽 약물의 효과가 상호 감소한다."
    },
    "길행": {
        "word": "길행",
        "chosung": "ㄱㅎ",
        "type": "명사",
        "mean": " 혼인이나 환갑 따위의 경사스러운 일로 떠나는 여행."
    },
    "길허리": {
        "word": "길허리",
        "chosung": "ㄱㅎㄹ",
        "type": "명사",
        "mean": " 길의 중간을 비유적으로 이르는 말."
    },
    "길혈": {
        "word": "길혈",
        "chosung": "ㄱㅎ",
        "type": "명사",
        "mean": "풍수지리에서, 좋은 묏자리를 이르는 말."
    },
    "길호사": {
        "word": "길호사",
        "chosung": "ㄱㅎㅅ",
        "type": "명사",
        "mean": " 벼슬아치가 새로 부임하거나 시집·장가갈 때에 호사스럽게 차리고 길을 가는 일. 또는 그런 차림."
    },
    "길회선": {
        "word": "길회선",
        "chosung": "ㄱㅎㅅ",
        "type": "명사",
        "mean": "함경북도 회령과 중국 동북부의 지린(吉林) 사이를 잇는 철도."
    },
    "길흉": {
        "word": "길흉",
        "chosung": "ㄱㅎ",
        "type": "명사",
        "mean": " 운이 좋고 나쁨. ≒흉길(凶吉)."
    },
    "길흉사": {
        "word": "길흉사",
        "chosung": "ㄱㅎㅅ",
        "type": "명사",
        "mean": " 길사와 흉사를 아울러 이르는 말."
    },
    "길흉화복": {
        "word": "길흉화복",
        "chosung": "ㄱㅎㅎㅂ",
        "type": "명사",
        "mean": " 길흉과 화복을 아울러 이르는 말."
    }
}