{
    "깊다": {
        "word": "깊다",
        "chosung": "ㄱㄷ",
        "type": "형용사",
        "mean": "1. 겉에서 속까지의 거리가 멀다."
    },
    "깊다랗다": {
        "word": "깊다랗다",
        "chosung": "ㄱㄷㄹㄷ",
        "type": "형용사",
        "mean": " 꽤 깊다."
    },
    "깊드리": {
        "word": "깊드리",
        "chosung": "ㄱㄷㄹ",
        "type": "명사",
        "mean": " 바닥이 깊은 논."
    },
    "깊드리배미": {
        "word": "깊드리배미",
        "chosung": "ㄱㄷㄹㅂㅁ",
        "type": "명사",
        "mean": " 바닥이 깊은 논배미."
    },
    "깊디깊다": {
        "word": "깊디깊다",
        "chosung": "ㄱㄷㄱㄷ",
        "type": "형용사",
        "mean": " 아주 깊다."
    },
    "깊수룸": {
        "word": "깊수룸",
        "chosung": "ㄱㅅㄹ",
        "type": "명사",
        "mean": "'깊수룸하다'의 어근."
    },
    "깊숙": {
        "word": "깊숙",
        "chosung": "ㄱㅅ",
        "type": "명사",
        "mean": "'깊숙하다'의 어근."
    },
    "깊은갈이": {
        "word": "깊은갈이",
        "chosung": "ㄱㅇㄱㅇ",
        "type": "명사",
        "mean": "'깊이갈이'의 북한어."
    },
    "깊은구멍가공반": {
        "word": "깊은구멍가공반",
        "chosung": "ㄱㅇㄱㅁㄱㄱㅂ",
        "type": "명사",
        "mean": "지름에 대한 깊이의 비가 5보다 큰 구멍을 가공하는 보링 머신. 힘이 강하고 정밀도가 높다."
    },
    "깊은깊이굴": {
        "word": "깊은깊이굴",
        "chosung": "ㄱㅇㄱㅇㄱ",
        "type": "명사",
        "mean": "땅 표면으로부터 깊은 곳에 건설된 굴."
    },
    "깊은바다물결": {
        "word": "깊은바다물결",
        "chosung": "ㄱㅇㅂㄷㅁㄱ",
        "type": "명사",
        "mean": "'심해파'의 북한어."
    },
    "깊은바다지대": {
        "word": "깊은바다지대",
        "chosung": "ㄱㅇㅂㄷㅈㄷ",
        "type": "명사",
        "mean": "'심해대'의 북한어."
    },
    "깊은사랑": {
        "word": "깊은사랑",
        "chosung": "ㄱㅇㅅㄹ",
        "type": "명사",
        "mean": " 여러 사람이 모여 놀 수 있게 만든, 움과 같은 방."
    },
    "깊은산버섯지의": {
        "word": "깊은산버섯지의",
        "chosung": "ㄱㅇㅅㅂㅅㅈㅇ",
        "type": "명사",
        "mean": "돌버섯지의과의 엽상 지의류. 지의체는 둥글고 가장자리가 깊이 갈라져 있으며 윗면은 밤색으로 흰 가루가 있다. 산지(山地)의 바위에서 자란다."
    },
    "깊은숨": {
        "word": "깊은숨",
        "chosung": "ㄱㅇㅅ",
        "type": "명사",
        "mean": " =심호흡."
    },
    "깊이": {
        "word": "깊이",
        "chosung": "ㄱㅇ",
        "type": "부사",
        "mean": "1. 겉에서 속까지의 거리가 멀게."
    },
    "깊이갈이": {
        "word": "깊이갈이",
        "chosung": "ㄱㅇㄱㅇ",
        "type": "명사",
        "mean": "땅을 깊이 가는 일. ≒심경(深耕)."
    },
    "깊이게이지": {
        "word": "깊이게이지",
        "chosung": "ㄱㅇㄱㅇㅈ",
        "type": "명사",
        "mean": "기계 부분의 구멍이나 홈 따위의 깊이를 재는 기구."
    },
    "깊이깊이": {
        "word": "깊이깊이",
        "chosung": "ㄱㅇㄱㅇ",
        "type": "부사",
        "mean": "1. 겉에서 속까지의 거리가 아주 멀게."
    },
    "깊이다": {
        "word": "깊이다",
        "chosung": "ㄱㅇㄷ",
        "type": "동사",
        "mean": "『 …을』 1. '깊다'의 사동사."
    },
    "깊직하다": {
        "word": "깊직하다",
        "chosung": "ㄱㅈㅎㄷ",
        "type": "형용사",
        "mean": "1. '깊숙하다'의 잘못. 2. ［북한어］ 조금 깊숙하다."
    }
}