{
    "깎개질": {
        "word": "깎개질",
        "chosung": "ㄲㄱㅈ",
        "type": "명사",
        "mean": "［북한어］ '깎음질'의 북한어."
    },
    "깎기끌": {
        "word": "깎기끌",
        "chosung": "ㄲㄱㄲ",
        "type": "명사",
        "mean": "대패질을 할 수 없는 부분을 다듬거나 깎는 데 쓰는 끌."
    },
    "깎낫": {
        "word": "깎낫",
        "chosung": "ㄲㄴ",
        "type": "명사",
        "mean": " 방망이나 홍두깨 따위를 깎는 데 쓰는 낫."
    },
    "깎는목": {
        "word": "깎는목",
        "chosung": "ㄲㄴㅁ",
        "type": "명사",
        "mean": "《음악》판소리 창법에서, 소리를 하다가 모가 지게 내는 목소리."
    },
    "깎다": {
        "word": "깎다",
        "chosung": "ㄲㄷ",
        "type": "동사",
        "mean": "━ ⅰ『 …을』 1. 칼 따위로 물건의 가죽이나 표면을 얇게 벗겨 내다."
    },
    "깎사": {
        "word": "깎사",
        "chosung": "ㄲㅅ",
        "type": "명사",
        "mean": " 군인들의 은어로, '이발사'를 이르는 말."
    },
    "깎아내리다": {
        "word": "깎아내리다",
        "chosung": "ㄲㅇㄴㄹㄷ",
        "type": "동사",
        "mean": "『 …을』 인격이나 권위 따위를 헐뜯어서 떨어지게 하다."
    },
    "깎아먹다": {
        "word": "깎아먹다",
        "chosung": "ㄲㅇㅁㄷ",
        "type": "동사",
        "mean": "［북한어］ 예리한 끝으로 어떤 물건을 베거나 밀어내다."
    },
    "깎아썰기": {
        "word": "깎아썰기",
        "chosung": "ㄲㅇㅆㄱ",
        "type": "명사",
        "mean": " 감자, 무 따위를 깎듯이 써는 일."
    },
    "깎아지르다": {
        "word": "깎아지르다",
        "chosung": "ㄲㅇㅈㄹㄷ",
        "type": "형용사",
        "mean": "｛ 주로 '깎아지른 (듯하다)' 구성으로 쓰여｝ 벼랑 따위가 반듯하게 깎아 세운 듯 가파르다."
    },
    "깎아차기": {
        "word": "깎아차기",
        "chosung": "ㄲㅇㅊㄱ",
        "type": "명사",
        "mean": "축구에서, 공을 찰 때에 공이 휘어지도록 공의 옆 부분을 깎아 차는 일. 또는 그런 기술."
    },
    "깎아치기": {
        "word": "깎아치기",
        "chosung": "ㄲㅇㅊㄱ",
        "type": "명사",
        "mean": "탁구나 테니스 따위에서, 공의 한 옆을 쳐서 돌게 하는 일. 또는 그런 기술."
    },
    "깎은당한삼": {
        "word": "깎은당한삼",
        "chosung": "ㄲㅇㄷㅎㅅ",
        "type": "명사",
        "mean": " 솔기가 깎은 듯이 가늘다는 뜻으로, '홑당저고리'를 이르는 말."
    },
    "깎은서방님": {
        "word": "깎은서방님",
        "chosung": "ㄲㅇㅅㅂㄴ",
        "type": "명사",
        "mean": " 말쑥하고 단정하게 차린 남자. ≒깎은선비."
    },
    "깎은선비": {
        "word": "깎은선비",
        "chosung": "ㄲㅇㅅㅂ",
        "type": "명사",
        "mean": " =깎은서방님."
    },
    "깎음다리": {
        "word": "깎음다리",
        "chosung": "ㄲㅇㄷㄹ",
        "type": "명사",
        "mean": "태껸에서, 발의 장심(掌心)으로 상대의 무릎을 차는 발재간."
    },
    "깎음밥": {
        "word": "깎음밥",
        "chosung": "ㄲㅇㅂ",
        "type": "명사",
        "mean": "［북한어］ 칼 따위로 무엇을 깎을 때에 생기는 부스러기."
    },
    "깎음질": {
        "word": "깎음질",
        "chosung": "ㄲㅇㅈ",
        "type": "명사",
        "mean": " 나무 따위를 깎아 다듬는 일."
    },
    "깎이다": {
        "word": "깎이다",
        "chosung": "ㄲㅇㄷ",
        "type": "동사",
        "mean": "1. 『 …에게 …을』 '깎다'의 사동사."
    },
    "깎인면": {
        "word": "깎인면",
        "chosung": "ㄲㅇㅁ",
        "type": "명사",
        "mean": "격지를 손질한 면."
    }
}