{
    "깐": {
        "word": "깐",
        "chosung": "ㄲ",
        "type": "명사",
        "mean": "1. 일의 형편 따위를 속으로 헤아려 보는 생각이나 가늠."
    },
    "깐깐": {
        "word": "깐깐",
        "chosung": "ㄲㄲ",
        "type": "명사",
        "mean": "'깐깐하다'의 어근."
    },
    "깐깐오월": {
        "word": "깐깐오월",
        "chosung": "ㄲㄲㅇㅇ",
        "type": "명사",
        "mean": " 해가 길어서 일하기 지루한 달이라는 뜻으로, '음력 오월'을 이르는 말."
    },
    "깐깐이": {
        "word": "깐깐이",
        "chosung": "ㄲㄲㅇ",
        "type": "명사",
        "mean": " 행동이나 성격 따위가 까다로울 만큼 빈틈이 없고 알뜰한 사람."
    },
    "깐끔하다": {
        "word": "깐끔하다",
        "chosung": "ㄲㄲㅎㄷ",
        "type": "형용사",
        "mean": "［방언］ '깔끔하다'의 방언(강원)."
    },
    "깐나": {
        "word": "깐나",
        "chosung": "ㄲㄴ",
        "type": "명사",
        "mean": "［방언］ '아이'의 방언(경북)."
    },
    "깐난아": {
        "word": "깐난아",
        "chosung": "ㄲㄴㅇ",
        "type": "명사",
        "mean": "［방언］ '갓난아이'의 방언(충북)."
    },
    "깐난쟁이": {
        "word": "깐난쟁이",
        "chosung": "ㄲㄴㅈㅇ",
        "type": "명사",
        "mean": "［방언］ '갓난아이'의 방언(충북)."
    },
    "깐닥": {
        "word": "깐닥",
        "chosung": "ㄲㄷ",
        "type": "부사",
        "mean": "［북한어］ 작은 물체가 조금 깜찍하게 앞뒤로 얼핏 숙이거나 젖히는 모양."
    },
    "깐닥깐닥": {
        "word": "깐닥깐닥",
        "chosung": "ㄲㄷㄲㄷ",
        "type": "부사",
        "mean": "［방언］ '천천히'의 방언(전남)."
    },
    "깐대거리": {
        "word": "깐대거리",
        "chosung": "ㄲㄷㄱㄹ",
        "type": "부사",
        "mean": "［방언］ '까짓것'의 방언(경북)."
    },
    "깐돌": {
        "word": "깐돌",
        "chosung": "ㄲㄷ",
        "type": "명사",
        "mean": "집터 또는 무덤의 바닥이나 둘레에 한두 겹 얇게 깐 돌. ≒부석(敷石)."
    },
    "깐동": {
        "word": "깐동",
        "chosung": "ㄲㄷ",
        "type": "명사",
        "mean": "'깐동하다'의 어근."
    },
    "깐동그리다": {
        "word": "깐동그리다",
        "chosung": "ㄲㄷㄱㄹㄷ",
        "type": "동사",
        "mean": "『 …을』 하나도 흩어지지 않게 말끔히 잘 가다듬어 수습하다. '간동그리다'보다 센 느낌을 준다."
    },
    "깐동깐동": {
        "word": "깐동깐동",
        "chosung": "ㄲㄷㄲㄷ",
        "type": "부사",
        "mean": " 하나도 흩어지지 않게 말끔히 잘 가다듬어 수습하는 모양. '간동간동'보다 센 느낌을 준다."
    },
    "깐디기": {
        "word": "깐디기",
        "chosung": "ㄲㄷㄱ",
        "type": "명사",
        "mean": "［방언］ '깜부기'의 방언(경북)."
    },
    "깐딱": {
        "word": "깐딱",
        "chosung": "ㄲㄸ",
        "type": "부사",
        "mean": " 작은 물체가 얄밉게 흔들리거나 고갯짓을 하는 모양. '깐딱거리다'의 어근."
    },
    "깐딱깐딱": {
        "word": "깐딱깐딱",
        "chosung": "ㄲㄸㄲㄸ",
        "type": "부사",
        "mean": " 작은 물체가 가로로 조금씩 자꾸 흔들리는 모양. '간닥간닥'보다 아주 센 느낌을 준다."
    },
    "깐딱하먼": {
        "word": "깐딱하먼",
        "chosung": "ㄲㄸㅎㅁ",
        "type": "부사",
        "mean": "［방언］ 자칫하면(전남)."
    },
    "깐물": {
        "word": "깐물",
        "chosung": "ㄲㅁ",
        "type": "명사",
        "mean": "［방언］ '바닷물'의 방언(경상)."
    },
    "깐보다": {
        "word": "깐보다",
        "chosung": "ㄲㅂㄷ",
        "type": "동사",
        "mean": " '깔보다'의 잘못."
    },
    "깐비기": {
        "word": "깐비기",
        "chosung": "ㄲㅂㄱ",
        "type": "명사",
        "mean": "［방언］ '깜부기'의 방언(전남)."
    },
    "깐실깐실": {
        "word": "깐실깐실",
        "chosung": "ㄲㅅㄲㅅ",
        "type": "부사",
        "mean": " 남의 비위를 맞추면서 간사스럽게 행동하는 모양. '간실간실'보다 센 느낌을 준다."
    },
    "깐얼라": {
        "word": "깐얼라",
        "chosung": "ㄲㅇㄹ",
        "type": "명사",
        "mean": "［방언］ '아이'의 방언(경북)."
    },
    "깐작": {
        "word": "깐작",
        "chosung": "ㄲㅈ",
        "type": "명사",
        "mean": "'깐작거리다'의 어근."
    },
    "깐작깐작": {
        "word": "깐작깐작",
        "chosung": "ㄲㅈㄲㅈ",
        "type": "부사",
        "mean": "1. 끈끈하여 자꾸 착착 달라붙는 모양."
    },
    "깐잣고명": {
        "word": "깐잣고명",
        "chosung": "ㄲㅈㄱㅁ",
        "type": "명사",
        "mean": "［북한어］ 껍질을 깐 잣알을 음식에 두는 고명. 신선로, 화채, 수정과 따위에 쓴다."
    },
    "깐장하다": {
        "word": "깐장하다",
        "chosung": "ㄲㅈㅎㄷ",
        "type": "형용사",
        "mean": " '깡총하다'의 잘못."
    },
    "깐족": {
        "word": "깐족",
        "chosung": "ㄲㅈ",
        "type": "명사",
        "mean": "'깐족거리다'의 어근."
    },
    "깐족깐족": {
        "word": "깐족깐족",
        "chosung": "ㄲㅈㄲㅈ",
        "type": "부사",
        "mean": " 쓸데없는 소리를 밉살스럽고 짓궂게 달라붙어 계속 지껄이는 모양."
    },
    "깐주런하다": {
        "word": "깐주런하다",
        "chosung": "ㄲㅈㄹㅎㄷ",
        "type": "형용사",
        "mean": "［방언］ '가지런하다'의 방언(경북)."
    },
    "깐죽": {
        "word": "깐죽",
        "chosung": "ㄲㅈ",
        "type": "명사",
        "mean": "'깐죽거리다'의 어근."
    },
    "깐죽깐죽": {
        "word": "깐죽깐죽",
        "chosung": "ㄲㅈㄲㅈ",
        "type": "부사",
        "mean": "1. 쓸데없는 소리를 밉살스럽고 짓궂게 들러붙어 계속 지껄이는 모양."
    },
    "깐줄기": {
        "word": "깐줄기",
        "chosung": "ㄲㅈㄱ",
        "type": "명사",
        "mean": "1. 말이나 글에서 겉으로 드러나지 않고 속에 깔려 있게 하는 표현. 또는 그런 내용. 2. 일정한 조건이 갖추어지기 전까지 겉으로 드러나지 않고 바탕에 깔려 있게 하는 내용."
    },
    "깐중이": {
        "word": "깐중이",
        "chosung": "ㄲㅈㅇ",
        "type": "부사",
        "mean": "［방언］ '가지런히'의 방언(경북)."
    },
    "깐지다": {
        "word": "깐지다",
        "chosung": "ㄲㅈㄷ",
        "type": "저",
        "mean": "), -지니〕［형용사］ 성질이 까다로울 정도로 빈틈없고 야무지다."
    },
    "깐직깐직": {
        "word": "깐직깐직",
        "chosung": "ㄲㅈㄲㅈ",
        "type": "부사",
        "mean": "［북한어］ 조금 깐깐하고 끈질긴 모양."
    },
    "깐질기다": {
        "word": "깐질기다",
        "chosung": "ㄲㅈㄱㄷ",
        "type": "형용사",
        "mean": " 깐깐하고 검질기다."
    },
    "깐질깐질": {
        "word": "깐질깐질",
        "chosung": "ㄲㅈㄲㅈ",
        "type": "부사",
        "mean": " 매우 깐깐하고 검질긴 모양."
    },
    "깐챙이": {
        "word": "깐챙이",
        "chosung": "ㄲㅊㅇ",
        "type": "명사",
        "mean": "［방언］ '까치'의 방언(경상)."
    },
    "깐총하다": {
        "word": "깐총하다",
        "chosung": "ㄲㅊㅎㄷ",
        "type": "형용사",
        "mean": "［방언］ '가지런하다'의 방언(경북)."
    },
    "깐추렝이": {
        "word": "깐추렝이",
        "chosung": "ㄲㅊㄹㅇ",
        "type": "부사",
        "mean": "［방언］ '가지런히'의 방언(경북)."
    },
    "깐치": {
        "word": "깐치",
        "chosung": "ㄲㅊ",
        "type": "명사",
        "mean": "［방언］ '까치'의 방언(경상, 전라)."
    },
    "깐치동저구리": {
        "word": "깐치동저구리",
        "chosung": "ㄲㅊㄷㅈㄱㄹ",
        "type": "명사",
        "mean": "［방언］ '색동저고리'의 방언(전남)."
    },
    "깐풍기": {
        "word": "깐풍기",
        "chosung": "ㄲㅍㄱ",
        "type": "명사",
        "mean": " 중화요리의 하나. 토막을 친 닭고기에 녹말을 묻혀 튀긴 다음, 양념 초간장을 위에 끼얹어 먹는다."
    }
}