{
    "깔": {
        "word": "깔",
        "chosung": "ㄲ",
        "type": "접사",
        "mean": "｛ 몇몇 명사 뒤에 붙어｝ '상태' 또는 '바탕'의 뜻을 더하는 접미사."
    },
    "깔개": {
        "word": "깔개",
        "chosung": "ㄲㄱ",
        "type": "명사",
        "mean": "［방언］ '갈기'의 방언(경기)."
    },
    "깔개깃": {
        "word": "깔개깃",
        "chosung": "ㄲㄱㄱ",
        "type": "명사",
        "mean": "가축 우리의 바닥에 깔아 주는 깃. 가축을 추위나 습기로부터 보호하고 피로를 덜고 충분히 쉴 수 있게 하며 깨끗하게 관리하기 위하여 깔아 준다."
    },
    "깔개나무": {
        "word": "깔개나무",
        "chosung": "ㄲㄱㄴㅁ",
        "type": "명사",
        "mean": "베어 낸 나무를 끌어 내릴 때에 나무를 나르는 길이 패지 않고 나무가 잘 미끄러지도록 바닥에 까는 나무."
    },
    "깔개방석": {
        "word": "깔개방석",
        "chosung": "ㄲㄱㅂㅅ",
        "type": "명사",
        "mean": "［북한어］ '방석(方席)'의 북한어."
    },
    "깔개종이": {
        "word": "깔개종이",
        "chosung": "ㄲㄱㅈㅇ",
        "type": "명사",
        "mean": "어린 누에가 깔개 밑으로 새어 나와 떨어지는 것을 막기 위하여 깔개 위에 펴는 종이."
    },
    "깔개책임자": {
        "word": "깔개책임자",
        "chosung": "ㄲㄱㅊㅇㅈ",
        "type": "명사",
        "mean": "［북한어］레슬링에서, 한 경기장을 책임지고 경기를 운영하는 심판. 주심과 부심의 점수에 차이를 보일 때만 점수를 표시하며, 경기가 끝난 다음 승리자를 결정하고 관중에게 승부의 결과를 알려 준다."
    },
    "깔개천": {
        "word": "깔개천",
        "chosung": "ㄲㄱㅊ",
        "type": "명사",
        "mean": "'날염용 담요'의 북한어."
    },
    "깔갯짚": {
        "word": "깔갯짚",
        "chosung": "ㄲㄱㅈ",
        "type": "명사",
        "mean": " 외양간 따위에 깔아 주는 짚."
    },
    "깔그랑": {
        "word": "깔그랑",
        "chosung": "ㄲㄱㄹ",
        "type": "부사",
        "mean": "［북한어］ 부드럽지 못하고 깔깔한 느낌."
    },
    "깔그랑깔그랑": {
        "word": "깔그랑깔그랑",
        "chosung": "ㄲㄱㄹㄲㄱㄹ",
        "type": "부사",
        "mean": "［북한어］1. 매우 부드럽지 못하고 깔깔한 느낌."
    },
    "깔그랑머리": {
        "word": "깔그랑머리",
        "chosung": "ㄲㄱㄹㅁㄹ",
        "type": "명사",
        "mean": "［방언］ '고수머리'의 방언(함경)."
    },
    "깔그물": {
        "word": "깔그물",
        "chosung": "ㄲㄱㅁ",
        "type": "명사",
        "mean": "'까래그물'의 북한어."
    },
    "깔기다": {
        "word": "깔기다",
        "chosung": "ㄲㄱㄷ",
        "type": "동사",
        "mean": "『 …에/에게 …을』1. 똥, 오줌, 침 따위를 함부로 아무 데나 싸거나 뱉다. '갈기다'보다 센 느낌을 준다."
    },
    "깔기둥거리다": {
        "word": "깔기둥거리다",
        "chosung": "ㄲㄱㄷㄱㄹㄷ",
        "type": "동사",
        "mean": "［북한어］ 가벼운 곁눈으로 사납게 요리조리 흘겨보다. ≒깔기둥대다."
    },
    "깔기둥깔기둥": {
        "word": "깔기둥깔기둥",
        "chosung": "ㄲㄱㄷㄲㄱㄷ",
        "type": "부사",
        "mean": "［북한어］ 가벼운 곁눈으로 사납게 요리조리 흘겨보는 모양."
    },
    "깔기둥대다": {
        "word": "깔기둥대다",
        "chosung": "ㄲㄱㄷㄷㄷ",
        "type": "동사",
        "mean": "［북한어］ =깔기둥거리다."
    },
    "깔깃": {
        "word": "깔깃",
        "chosung": "ㄲㄱ",
        "type": "부사",
        "mean": "［북한어］ 곁눈으로 꽤 사납게 흘겨보는 모양."
    },
    "깔깃깔깃": {
        "word": "깔깃깔깃",
        "chosung": "ㄲㄱㄲㄱ",
        "type": "부사",
        "mean": "［북한어］ 곁눈으로 꽤 사납게 자꾸 흘겨보는 모양."
    },
    "깔깔": {
        "word": "깔깔",
        "chosung": "ㄲㄲ",
        "type": "부사",
        "mean": " 되바라진 목소리로 못 참을 듯이 웃는 소리."
    },
    "깔깔매미": {
        "word": "깔깔매미",
        "chosung": "ㄲㄲㅁㅁ",
        "type": "명사",
        "mean": "'깽깽매미'의 잘못."
    },
    "깔깔사": {
        "word": "깔깔사",
        "chosung": "ㄲㄲㅅ",
        "type": "명사",
        "mean": "깔깔수를 놓는 데 쓰는, 여러 번 꼰 실."
    },
    "깔깔수": {
        "word": "깔깔수",
        "chosung": "ㄲㄲㅅ",
        "type": "명사",
        "mean": "깔깔한 느낌이 들도록 도들도들하게 놓는 수."
    },
    "깔깔이": {
        "word": "깔깔이",
        "chosung": "ㄲㄲㅇ",
        "type": "명사",
        "mean": "1. '조젯'을 일상적으로 이르는 말. 2. 은어로, 은행에서 갓 나온 새 돈을 이르는 말."
    },
    "깔꾸막": {
        "word": "깔꾸막",
        "chosung": "ㄲㄲㅁ",
        "type": "명사",
        "mean": "［방언］ '비탈'의 방언(충남)."
    },
    "깔끄라기": {
        "word": "깔끄라기",
        "chosung": "ㄲㄲㄹㄱ",
        "type": "명사",
        "mean": "［북한어］ =깔끄랑이 ."
    },
    "깔끄라미": {
        "word": "깔끄라미",
        "chosung": "ㄲㄲㄹㅁ",
        "type": "명사",
        "mean": "［북한어］ =깔끄랑이 ."
    },
    "깔끄랑벼": {
        "word": "깔끄랑벼",
        "chosung": "ㄲㄲㄹㅂ",
        "type": "명사",
        "mean": " 잘 몽글리지 않아 까끄라기가 많이 섞여 있는 벼."
    },
    "깔끄랑보리": {
        "word": "깔끄랑보리",
        "chosung": "ㄲㄲㄹㅂㄹ",
        "type": "명사",
        "mean": " 잘 몽글리지 않아 까끄라기가 많이 섞여 있는 보리."
    },
    "깔끄랑이": {
        "word": "깔끄랑이",
        "chosung": "ㄲㄲㄹㅇ",
        "type": "명사",
        "mean": "1. '까끄라기'의 잘못. 2. ［북한어］ 깔끄러운 물건. ≒깔끄라기·깔끄라미."
    },
    "깔끄래기": {
        "word": "깔끄래기",
        "chosung": "ㄲㄲㄹㄱ",
        "type": "명사",
        "mean": "［방언］ '까끄라기'의 방언(강원, 경기)."
    },
    "깔끄러미": {
        "word": "깔끄러미",
        "chosung": "ㄲㄲㄹㅁ",
        "type": "부사",
        "mean": "［북한어］ 깐깐하게 유심히."
    },
    "깔끄럽다": {
        "word": "깔끄럽다",
        "chosung": "ㄲㄲㄹㄷ",
        "type": "형용사",
        "mean": "━ ⅰ1. 까끄라기 따위가 살에 닿아서 따끔거리는 느낌이 있다. 2. 매끄럽지 못하고 깔깔하거나 까칠까칠하다."
    },
    "깔끄룹다": {
        "word": "깔끄룹다",
        "chosung": "ㄲㄲㄹㄷ",
        "type": "형용사",
        "mean": "［방언］1. 종이나 송판 따위의 겉면이 미끄럽지 못하고 껄껄하다(충북). 2. '깔끄럽다'의 방언(충북)."
    },
    "깔끔": {
        "word": "깔끔",
        "chosung": "ㄲㄲ",
        "type": "명사",
        "mean": "'깔끔하다'의 어근."
    },
    "깔끔깔끔": {
        "word": "깔끔깔끔",
        "chosung": "ㄲㄲㄲㄲ",
        "type": "부사",
        "mean": " 까끄라기 따위가 살갗에 닿아 자꾸 깔끄럽게 따끔거리는 모양. ≒까끌까끌."
    },
    "깔끔이": {
        "word": "깔끔이",
        "chosung": "ㄲㄲㅇ",
        "type": "명사",
        "mean": " 모양새나 솜씨가 깨끗하고 매끈한 사람을 이르는 말."
    },
    "깔끔좁쌀풀": {
        "word": "깔끔좁쌀풀",
        "chosung": "ㄲㄲㅈㅆㅍ",
        "type": "명사",
        "mean": "현삼과의 한해살이풀. 줄기는 높이가 5~10cm이고, 밑을 향한 굽은 털이 빽빽이 나 있으며, 잎은 어긋나고 깃 모양이다. 8월에 꽃이 잎겨드랑이에서 피고 한라산에 분포한다. (Euphrasia coreana)"
    },
    "깔끗하다": {
        "word": "깔끗하다",
        "chosung": "ㄲㄲㅎㄷ",
        "type": "형용사",
        "mean": "［방언］ '깨끗하다'의 방언(경남)."
    },
    "깔끼": {
        "word": "깔끼",
        "chosung": "ㄲㄲ",
        "type": "명사",
        "mean": "［방언］ '갈퀴'의 방언(경북)."
    },
    "깔낏": {
        "word": "깔낏",
        "chosung": "ㄲㄲ",
        "type": "명사",
        "mean": "'깔낏하다'의 어근."
    },
    "깔다": {
        "word": "깔다",
        "chosung": "ㄲㄷ",
        "type": "동사",
        "mean": "━ ⅰ『 …을 …에』 1. 바닥에 펴 놓다."
    },
    "깔다귀": {
        "word": "깔다귀",
        "chosung": "ㄲㄷㄱ",
        "type": "명사",
        "mean": "［방언］ '하루살이'의 방언(충남)."
    },
    "깔담살이": {
        "word": "깔담살이",
        "chosung": "ㄲㄷㅅㅇ",
        "type": "명사",
        "mean": " '꼴머슴'의 잘못."
    },
    "깔돌": {
        "word": "깔돌",
        "chosung": "ㄲㄷ",
        "type": "명사",
        "mean": "실내나 현관 따위를 꾸미기 위하여 까는 돌."
    },
    "깔따구": {
        "word": "깔따구",
        "chosung": "ㄲㄸㄱ",
        "type": "명사",
        "mean": "［방언］ '각다귀'의 방언(강원, 전남)."
    },
    "깔따구길앞잡이": {
        "word": "깔따구길앞잡이",
        "chosung": "ㄲㄸㄱㄱㅇㅈㅇ",
        "type": "명사",
        "mean": "길앞잡잇과의 곤충. 몸의 길이는 1.1cm 정도이고 길쭉하며, 검은색이고 연한 광택이 난다. 앞가슴은 원통 모양이고 날개 끝에 붉은 갈색의 아롱무늬가 있다. 한국, 몽골, 시베리아 등지에 분포한다. (Cicindela gracilis)"
    },
    "깔따구하늘소": {
        "word": "깔따구하늘소",
        "chosung": "ㄲㄸㄱㅎㄴㅅ",
        "type": "명사",
        "mean": "하늘솟과의 곤충. 몸의 길이는 2~3cm이며, 검은 갈색이고 잿빛 흰색 털로 덮여 있다. 자란벌레는 6~9월에 나타난다. 애벌레는 상수리나무의 썩은 곳에 사는데 한국, 일본 등지에 분포한다. (Distenia gracilis)"
    },
    "깔따굿과": {
        "word": "깔따굿과",
        "chosung": "ㄲㄸㄱㄱ",
        "type": "명사",
        "mean": "곤충강 파리목의 한 과. 등깔따구, 장수깔따구, 숲아기깔따구, 그네깃깔따구 따위가 있다. (Chironomidae)"
    },
    "깔따기": {
        "word": "깔따기",
        "chosung": "ㄲㄸㄱ",
        "type": "명사",
        "mean": " '깔때기'의 잘못."
    },
    "깔딱": {
        "word": "깔딱",
        "chosung": "ㄲㄸ",
        "type": "부사",
        "mean": "1. 목구멍으로 물 따위를 힘겹게 조금 삼키는 소리. 또는 그 모양. 2. 약한 숨이 끊어질 듯 말 듯 하는 소리. 또는 그 모양."
    },
    "깔딱깔딱": {
        "word": "깔딱깔딱",
        "chosung": "ㄲㄸㄲㄸ",
        "type": "부사",
        "mean": "1. 목구멍으로 물 따위를 힘겹게 조금씩 자꾸 삼키는 소리. 또는 그 모양. 2. 약한 숨이 자꾸 끊어질 듯 말 듯 하는 소리. 또는 그 모양."
    },
    "깔딱낫": {
        "word": "깔딱낫",
        "chosung": "ㄲㄸㄴ",
        "type": "명사",
        "mean": " 보잘것없는 헌 낫."
    },
    "깔딱질": {
        "word": "깔딱질",
        "chosung": "ㄲㄸㅈ",
        "type": "명사",
        "mean": "［방언］ '딸꾹질'의 방언(강원, 경남)."
    },
    "깔때기": {
        "word": "깔때기",
        "chosung": "ㄲㄸㄱ",
        "type": "명사",
        "mean": "［방언］ '딸꾹질'의 방언(강원, 경북, 충북)."
    },
    "깔때기그물": {
        "word": "깔때기그물",
        "chosung": "ㄲㄸㄱㄱㅁ",
        "type": "명사",
        "mean": "'해선망'의 북한어."
    },
    "깔때기꼴": {
        "word": "깔때기꼴",
        "chosung": "ㄲㄸㄱㄲ",
        "type": "명사",
        "mean": " 깔때기처럼 생긴 모양. ≒누두상."
    },
    "깔때기꽃부리": {
        "word": "깔때기꽃부리",
        "chosung": "ㄲㄸㄱㄲㅂㄹ",
        "type": "명사",
        "mean": "=누두상 꽃부리."
    },
    "깔때기모양꽃갓": {
        "word": "깔때기모양꽃갓",
        "chosung": "ㄲㄸㄱㅁㅇㄲㄱ",
        "type": "명사",
        "mean": "'누두상 화관'의 북한어."
    },
    "깔때기배꼽골뱅이": {
        "word": "깔때기배꼽골뱅이",
        "chosung": "ㄲㄸㄱㅂㄲㄱㅂㅇ",
        "type": "명사",
        "mean": "골뱅이의 하나. 조가비는 작고 연약하며 원추형이다. 조가비 높이는 조가비 너비보다 작고 겉면은 윤기가 나지 않으며 잿빛이 도는 흰색 또는 누런빛이 도는 푸른색을 띤다."
    },
    "깔때기버섯": {
        "word": "깔때기버섯",
        "chosung": "ㄲㄸㄱㅂㅅ",
        "type": "명사",
        "mean": "송이버섯과의 버섯. 갓은 깔때기 모양이고 연한 붉은 밤색이며 늙은 것은 연하다. 대에 길게 내린 주름은 흰색이며, 대는 갓보다 연한 색이고 뿌리목에 털이 있다. (Clitocybe gibba)"
    },
    "깔때기세포": {
        "word": "깔때기세포",
        "chosung": "ㄲㄸㄱㅅㅍ",
        "type": "명사",
        "mean": "하등 동물의 배설관 끝 부분에 있는 세포. 깔때기 모양이며, 물결털이 빽빽이 나 있다. 배설물(排泄物)을 모아 배설관으로 내보내는 작용을 한다. ≒누두세포·염상세포."
    },
    "깔때기전건": {
        "word": "깔때기전건",
        "chosung": "ㄲㄸㄱㅈㄱ",
        "type": "명사",
        "mean": "=깔때기."
    },
    "깔때기홈통": {
        "word": "깔때기홈통",
        "chosung": "ㄲㄸㄱㅎㅌ",
        "type": "명사",
        "mean": "처마 끝에서 물을 받는 홈통과 그 물을 받아서 흘러내리게 하는 홈통을 잇는 깔때기 모양의 홈통."
    },
    "깔뚝질": {
        "word": "깔뚝질",
        "chosung": "ㄲㄸㅈ",
        "type": "명사",
        "mean": "［방언］ '딸꾹질'의 방언(경남)."
    },
    "깔뜨다": {
        "word": "깔뜨다",
        "chosung": "ㄲㄸㄷ",
        "type": "동사",
        "mean": "『 …을』 눈을 아래쪽으로 내리뜨다."
    },
    "깔뜽": {
        "word": "깔뜽",
        "chosung": "ㄲㄸ",
        "type": "명사",
        "mean": "［방언］ '꼴등'의 방언(평북)."
    },
    "깔락질": {
        "word": "깔락질",
        "chosung": "ㄲㄹㅈ",
        "type": "명사",
        "mean": "［방언］ '앙감질'의 방언(평북)."
    },
    "깔래기": {
        "word": "깔래기",
        "chosung": "ㄲㄹㄱ",
        "type": "명사",
        "mean": "［방언］ '개똥벌레'의 방언(평남)."
    },
    "깔래다": {
        "word": "깔래다",
        "chosung": "ㄲㄹㄷ",
        "type": "동사",
        "mean": "［방언］ '속이다'의 방언(경북)."
    },
    "깔려죽기": {
        "word": "깔려죽기",
        "chosung": "ㄲㄹㅈㄱ",
        "type": "명사",
        "mean": "'압사'를 다듬은 말."
    },
    "깔리다": {
        "word": "깔리다",
        "chosung": "ㄲㄹㄷ",
        "type": "동사",
        "mean": " '깔기다'의 잘못."
    },
    "깔리우다": {
        "word": "깔리우다",
        "chosung": "ㄲㄹㅇㄷ",
        "type": "동사",
        "mean": "［북한어］1. '깔리다'의 북한어."
    },
    "깔맵다": {
        "word": "깔맵다",
        "chosung": "ㄲㅁㄷ",
        "type": "형용사",
        "mean": "［북한어］ 성질이 깔끔하고 매섭게 독하거나 사납다."
    },
    "깔머슴": {
        "word": "깔머슴",
        "chosung": "ㄲㅁㅅ",
        "type": "명사",
        "mean": " '꼴머슴'의 잘못."
    },
    "깔목": {
        "word": "깔목",
        "chosung": "ㄲㅁ",
        "type": "명사",
        "mean": "［북한어］ '침목'의 북한어."
    },
    "깔묶기": {
        "word": "깔묶기",
        "chosung": "ㄲㅁㄱ",
        "type": "명사",
        "mean": "［북한어］ 벼, 강냉이, 풀 따위를 베어서 땅에 깔아 놓았다가 마른 다음에 묶는 것."
    },
    "깔물": {
        "word": "깔물",
        "chosung": "ㄲㅁ",
        "type": "명사",
        "mean": " '갈물'의 잘못."
    },
    "깔믜크몽골어": {
        "word": "깔믜크몽골어",
        "chosung": "ㄲㅁㅋㅁㄱㅇ",
        "type": "명사",
        "mean": "'칼무크 어'의 북한어. ※ 칼미크몽골 어."
    },
    "깔밋": {
        "word": "깔밋",
        "chosung": "ㄲㅁ",
        "type": "명사",
        "mean": "'깔밋하다'의 어근."
    },
    "깔밋잖다": {
        "word": "깔밋잖다",
        "chosung": "ㄲㅁㅈㄷ",
        "type": "자나",
        "mean": "〕［형용사］ 모양이나 차림새 따위가 깔끔하지 않다."
    },
    "깔밧": {
        "word": "깔밧",
        "chosung": "ㄲㅂ",
        "type": "명사",
        "mean": "［방언］ '갈대밭'의 방언(전남)."
    },
    "깔방니": {
        "word": "깔방니",
        "chosung": "ㄲㅂㄴ",
        "type": "명사",
        "mean": "［방언］ '가랑니'의 방언(경북)."
    },
    "깔방석": {
        "word": "깔방석",
        "chosung": "ㄲㅂㅅ",
        "type": "명사",
        "mean": " 바닥에 까는 방석."
    },
    "깔방얼라": {
        "word": "깔방얼라",
        "chosung": "ㄲㅂㅇㄹ",
        "type": "명사",
        "mean": "［방언］ '갓난아이'의 방언(경북)."
    },
    "깔범": {
        "word": "깔범",
        "chosung": "ㄲㅂ",
        "type": "명사",
        "mean": "［방언］ '개호주'의 방언(경남)."
    },
    "깔보다": {
        "word": "깔보다",
        "chosung": "ㄲㅂㄷ",
        "type": "동사",
        "mean": "『 …을』 얕잡아 보다."
    },
    "깔보이다": {
        "word": "깔보이다",
        "chosung": "ㄲㅂㅇㄷ",
        "type": "동사",
        "mean": "『 …에/에게』 '깔보다'의 피동사."
    },
    "깔복개": {
        "word": "깔복개",
        "chosung": "ㄲㅂㄱ",
        "type": "명사",
        "mean": "［북한어］ 돌을 가공하는 데 쓰는 공구의 하나. 화강석 가공에서 필요 없는 부분을 크게 떼거나 정확하게 떼는 데 쓴다. 필요한 곳에 대고 망치로 친다."
    },
    "깔뵈다": {
        "word": "깔뵈다",
        "chosung": "ㄲㅂㄷ",
        "type": "동사",
        "mean": "『 …에/에게』 '깔보이다'의 준말."
    },
    "깔비": {
        "word": "깔비",
        "chosung": "ㄲㅂ",
        "type": "명사",
        "mean": "［방언］ '솔가리'의 방언(경남)."
    },
    "깔빼기": {
        "word": "깔빼기",
        "chosung": "ㄲㅃㄱ",
        "type": "명사",
        "mean": " 구슬을 던져 바닥에 놓인 구슬을 맞히는 놀이."
    },
    "깔색": {
        "word": "깔색",
        "chosung": "ㄲㅅ",
        "type": "명사",
        "mean": " 물건의 빛깔이나 맵씨. ≒깔."
    },
    "깔성": {
        "word": "깔성",
        "chosung": "ㄲㅅ",
        "type": "명사",
        "mean": "'화성(化性)'을 다듬은 말."
    },
    "깔아두다": {
        "word": "깔아두다",
        "chosung": "ㄲㅇㄷㄷ",
        "type": "동사",
        "mean": "［북한어］ 무엇을 숨기고 알리지 않거나 처리하지 않고 그대로 두다."
    },
    "깔아뭉개다": {
        "word": "깔아뭉개다",
        "chosung": "ㄲㅇㅁㄱㄷ",
        "type": "동사",
        "mean": "『 …을』 1. 무엇을 밑에 두고 세게 누르거나 지나면서 누르다."
    },
    "깔아버리다": {
        "word": "깔아버리다",
        "chosung": "ㄲㅇㅂㄹㄷ",
        "type": "동사",
        "mean": "［북한어］ 무엇을 숨기고 알리지 않거나 처리하지 않고 그냥 슬쩍 넘겨 버리다. ≒깔아치우다."
    },
    "깔아치우다": {
        "word": "깔아치우다",
        "chosung": "ㄲㅇㅊㅇㄷ",
        "type": "동사",
        "mean": "［북한어］ =깔아버리다."
    },
    "깔앙그다": {
        "word": "깔앙그다",
        "chosung": "ㄲㅇㄱㄷ",
        "type": "동사",
        "mean": "［방언］ '가라앉다'의 방언(전남)."
    },
    "깔유리": {
        "word": "깔유리",
        "chosung": "ㄲㅇㄹ",
        "type": "명사",
        "mean": "현미경의 대물렌즈 아래 끼워 받치는 투명한 유리판. ≒받침 유리·슬라이드 ·슬라이드 글라스."
    },
    "깔이": {
        "word": "깔이",
        "chosung": "ㄲㅇ",
        "type": "명사",
        "mean": "｛ 주로 '잎', '장' 따위의 명사와 함께 쓰여｝ 그것을 까는 대상의 면적을 나타내는 말."
    },
    "깔이흙": {
        "word": "깔이흙",
        "chosung": "ㄲㅇㅎ",
        "type": "명사",
        "mean": "'객토'의 북한어."
    },
    "깔자리": {
        "word": "깔자리",
        "chosung": "ㄲㅈㄹ",
        "type": "명사",
        "mean": "［북한어］ 앉거나 눕거나 바닥에서 놀기 위하여 바닥에 까는 자리."
    },
    "깔자망": {
        "word": "깔자망",
        "chosung": "ㄲㅈㅁ",
        "type": "명사",
        "mean": "'밑걸그물'의 북한어."
    },
    "깔종": {
        "word": "깔종",
        "chosung": "ㄲㅈ",
        "type": "명사",
        "mean": "일정한 무게의 금속 세공품을 만들 때에, 재료의 무게에서 얼마나 까야 할 것인가를 미리 헤아려 보는 종작."
    },
    "깔주낙": {
        "word": "깔주낙",
        "chosung": "ㄲㅈㄴ",
        "type": "명사",
        "mean": "'저연승'의 북한어."
    },
    "깔지락거리다": {
        "word": "깔지락거리다",
        "chosung": "ㄲㅈㄹㄱㄹㄷ",
        "type": "동사",
        "mean": "［방언］ '갉작거리다'의 방언(평북)."
    },
    "깔지랑거리다": {
        "word": "깔지랑거리다",
        "chosung": "ㄲㅈㄹㄱㄹㄷ",
        "type": "동사",
        "mean": "［북한어］ 매우 까다롭게 굴다."
    },
    "깔짝": {
        "word": "깔짝",
        "chosung": "ㄲㅉ",
        "type": "부사",
        "mean": "［북한어］ 갉아서 뜯거나 진집을 내는 모양."
    },
    "깔짝깔짝": {
        "word": "깔짝깔짝",
        "chosung": "ㄲㅉㄲㅉ",
        "type": "부사",
        "mean": " 자꾸 갉아서 뜯거나 진집을 내는 모양."
    },
    "깔째": {
        "word": "깔째",
        "chosung": "ㄲㅉ",
        "type": "명사",
        "mean": " '꼴찌'의 잘못."
    },
    "깔쩩스": {
        "word": "깔쩩스",
        "chosung": "ㄲㅉㅅ",
        "type": "명사",
        "mean": "기관지염, 방광염, 감기 따위에 쓰는 해열제. ※ 칼첵스."
    },
    "깔쭉": {
        "word": "깔쭉",
        "chosung": "ㄲㅉ",
        "type": "부사",
        "mean": "［북한어］ 거칠고 깔끄럽게 따끔한 느낌."
    },
    "깔쭉깔쭉": {
        "word": "깔쭉깔쭉",
        "chosung": "ㄲㅉㄲㅉ",
        "type": "부사",
        "mean": "1. 거칠고 깔끄럽게 따끔거리는 느낌. 2. ［북한어］ 안타까울 정도로 매우 까다롭게 구는 모양."
    },
    "깔쭉이": {
        "word": "깔쭉이",
        "chosung": "ㄲㅉㅇ",
        "type": "명사",
        "mean": " 가장자리에 톱니 같은 금을 에어 깔쭉깔쭉하게 만든 주화(鑄貨)를 일상적으로 이르는 말."
    },
    "깔찌": {
        "word": "깔찌",
        "chosung": "ㄲㅉ",
        "type": "명사",
        "mean": " 밑에 깔아 괴는 물건."
    },
    "깔창": {
        "word": "깔창",
        "chosung": "ㄲㅊ",
        "type": "명사",
        "mean": " 신발의 바닥에 까는 물건."
    },
    "깔챙이": {
        "word": "깔챙이",
        "chosung": "ㄲㅊㅇ",
        "type": "명사",
        "mean": "［방언］ '까끄라기'의 방언(강원, 경기)."
    },
    "깔축": {
        "word": "깔축",
        "chosung": "ㄲㅊ",
        "type": "명사",
        "mean": " 조그만 축."
    },
    "깔축없다": {
        "word": "깔축없다",
        "chosung": "ㄲㅊㅇㄷ",
        "type": "업써",
        "mean": ", -없는[엄-], -없지［업찌］〕［형용사］ 조금도 축나거나 버릴 것이 없다."
    },
    "깔치": {
        "word": "깔치",
        "chosung": "ㄲㅊ",
        "type": "명사",
        "mean": "［방언］ '까끄라기'의 방언(강원, 경기)."
    },
    "깔크막": {
        "word": "깔크막",
        "chosung": "ㄲㅋㅁ",
        "type": "명사",
        "mean": "［방언］1. '가풀막'의 방언(경남). 2. '비탈'의 방언(전남)."
    },
    "깔킷깔킷": {
        "word": "깔킷깔킷",
        "chosung": "ㄲㅋㄲㅋ",
        "type": "부사",
        "mean": "［북한어］ 여럿이 다 또는 매우 깔깔하며 거북하고 불편한 모양."
    },
    "깔킷하다": {
        "word": "깔킷하다",
        "chosung": "ㄲㅋㅎㄷ",
        "type": "형용사",
        "mean": "［북한어］ 좀 깔깔하며 거북하고 불편하다."
    },
    "깔틈막이대": {
        "word": "깔틈막이대",
        "chosung": "ㄲㅌㅁㅇㄷ",
        "type": "명사",
        "mean": "널을 붙일 때에 그 뒤에 대어 틈서리를 막는 나무쪽."
    },
    "깔판": {
        "word": "깔판",
        "chosung": "ㄲㅍ",
        "type": "명사",
        "mean": "배나 다리 따위의 위에 까는 널빤지. ≒포판(鋪板)."
    },
    "깔판수송": {
        "word": "깔판수송",
        "chosung": "ㄲㅍㅅㅅ",
        "type": "명사",
        "mean": "깔판을 고정적으로 이용하여 짐을 나르는 운송 방법."
    },
    "깔힘": {
        "word": "깔힘",
        "chosung": "ㄲㅎ",
        "type": "명사",
        "mean": "［북한어］ 힘쓰는 사람을 직접 돕지는 않으나 옆에서 같이 밑받침해 주는 힘."
    }
}