{
    "깨": {
        "word": "깨",
        "chosung": "ㄲ",
        "type": "명사",
        "mean": "［방언］ '뚜껑'의 방언(충청, 황해)."
    },
    "깨가리": {
        "word": "깨가리",
        "chosung": "ㄲㄱㄹ",
        "type": "명사",
        "mean": "'개구리'의 잘못."
    },
    "깨강정": {
        "word": "깨강정",
        "chosung": "ㄲㄱㅈ",
        "type": "명사",
        "mean": " 찹쌀가루 반죽을 적당히 썰어서 말린 뒤에, 기름에 튀기고 꿀을 바른 위에 볶은 깨를 묻힌 강정. ≒지마강정."
    },
    "깨개갱": {
        "word": "깨개갱",
        "chosung": "ㄲㄱㄱ",
        "type": "부사",
        "mean": " 개가 아프거나 무서워서 길게 지르는 소리."
    },
    "깨갱": {
        "word": "깨갱",
        "chosung": "ㄲㄱ",
        "type": "부사",
        "mean": " 개가 아프거나 무서워서 지르는 소리."
    },
    "깨갱깨갱": {
        "word": "깨갱깨갱",
        "chosung": "ㄲㄱㄲㄱ",
        "type": "부사",
        "mean": " 개가 아프거나 무서워서 자꾸 지르는 소리."
    },
    "깨고래기": {
        "word": "깨고래기",
        "chosung": "ㄲㄱㄹㄱ",
        "type": "명사",
        "mean": "［방언］ '개구리'의 방언(전북, 충남)."
    },
    "깨고물": {
        "word": "깨고물",
        "chosung": "ㄲㄱㅁ",
        "type": "명사",
        "mean": " 참깨, 특히 검은깨를 볶아 곱게 빻아서 만든 고물. 주로 떡이나 경단 따위에 묻혀 먹는다. ≒임자말(荏子末)."
    },
    "깨고소": {
        "word": "깨고소",
        "chosung": "ㄲㄱㅅ",
        "type": "명사",
        "mean": "'깨고소하다'의 어근."
    },
    "깨고추장": {
        "word": "깨고추장",
        "chosung": "ㄲㄱㅊㅈ",
        "type": "명사",
        "mean": "［북한어］ 깨를 넣어 가공한 고추장."
    },
    "깨곰": {
        "word": "깨곰",
        "chosung": "ㄲㄱ",
        "type": "명사",
        "mean": "［방언］ '개암'의 방언(경상, 전북)."
    },
    "깨곰보": {
        "word": "깨곰보",
        "chosung": "ㄲㄱㅂ",
        "type": "명사",
        "mean": "［북한어］ 깨를 뿌린 듯이 심한 곰보."
    },
    "깨곰질": {
        "word": "깨곰질",
        "chosung": "ㄲㄱㅈ",
        "type": "명사",
        "mean": "［방언］ '앙감질'의 방언(평북)."
    },
    "깨구락지": {
        "word": "깨구락지",
        "chosung": "ㄲㄱㄹㅈ",
        "type": "명사",
        "mean": "［방언］ '개구리'의 방언(경기, 충남)."
    },
    "깨구랭이": {
        "word": "깨구랭이",
        "chosung": "ㄲㄱㄹㅇ",
        "type": "명사",
        "mean": "［방언］ '개구리'의 방언(경북)."
    },
    "깨글받다": {
        "word": "깨글받다",
        "chosung": "ㄲㄱㅂㄷ",
        "type": "형용사",
        "mean": "［방언］ '게으르다'의 방언(경북)."
    },
    "깨금": {
        "word": "깨금",
        "chosung": "ㄲㄱ",
        "type": "명사",
        "mean": "［방언］ '개암'의 방언(강원, 전북, 충청)."
    },
    "깨금다리": {
        "word": "깨금다리",
        "chosung": "ㄲㄱㄷㄹ",
        "type": "명사",
        "mean": "태껸에서 쓰는, 다리 기술의 하나."
    },
    "깨금발": {
        "word": "깨금발",
        "chosung": "ㄲㄱㅂ",
        "type": "명사",
        "mean": "［방언］ '앙감질'의 방언(경남)."
    },
    "깨금우산버섯": {
        "word": "깨금우산버섯",
        "chosung": "ㄲㄱㅇㅅㅂㅅ",
        "type": "명사",
        "mean": "=소름우산버섯."
    },
    "깨금집기": {
        "word": "깨금집기",
        "chosung": "ㄲㄱㅈㄱ",
        "type": "명사",
        "mean": "=돌차기."
    },
    "깨금쫒다": {
        "word": "깨금쫒다",
        "chosung": "ㄲㄱㅉㄷ",
        "type": "동사",
        "mean": "［방언］ '앙감질하다'의 방언(경남)."
    },
    "깨기": {
        "word": "깨기",
        "chosung": "ㄲㄱ",
        "type": "명사",
        "mean": "［방언］ '자두'의 방언(강원, 경북)."
    },
    "깨기군": {
        "word": "깨기군",
        "chosung": "ㄲㄱㄱ",
        "type": "명사",
        "mean": "［북한어］ 노동자들의 파업을 저지하고 생산을 계속하기 위하여 거리의 실업자와 부랑배들을 매수하고 끌어 모아 공장에 새로 고용한 노동자."
    },
    "깨까달스럽다": {
        "word": "깨까달스럽다",
        "chosung": "ㄲㄲㄷㅅㄹㄷ",
        "type": "형용사",
        "mean": "［방언］ '까다롭다'의 방언(경북, 충북)."
    },
    "깨까사다": {
        "word": "깨까사다",
        "chosung": "ㄲㄲㅅㄷ",
        "type": "형용사",
        "mean": "［방언］ '안녕하다'의 방언(함북)."
    },
    "깨까자다": {
        "word": "깨까자다",
        "chosung": "ㄲㄲㅈㄷ",
        "type": "형용사",
        "mean": "［방언］ '안녕하다'의 방언(함경)."
    },
    "깨깔스럽다": {
        "word": "깨깔스럽다",
        "chosung": "ㄲㄲㅅㄹㄷ",
        "type": "형용사",
        "mean": "［방언］ '까다롭다'의 방언(경북)."
    },
    "깨깨": {
        "word": "깨깨",
        "chosung": "ㄲㄲ",
        "type": "부사",
        "mean": "［북한어］1. 하나도 남김없이 몽땅."
    },
    "깨깨뚭벌기": {
        "word": "깨깨뚭벌기",
        "chosung": "ㄲㄲㄸㅂㄱ",
        "type": "명사",
        "mean": "［방언］ '개똥벌레'의 방언(평북)."
    },
    "깨꺼름": {
        "word": "깨꺼름",
        "chosung": "ㄲㄲㄹ",
        "type": "명사",
        "mean": " '앙감질'의 잘못."
    },
    "깨꼬눈이": {
        "word": "깨꼬눈이",
        "chosung": "ㄲㄲㄴㅇ",
        "type": "명사",
        "mean": "［방언］ '애꾸눈이'의 방언(황해)."
    },
    "깨꼼하다": {
        "word": "깨꼼하다",
        "chosung": "ㄲㄲㅎㄷ",
        "type": "형용사",
        "mean": "［방언］ '개운하다'의 방언(경남)."
    },
    "깨꽃": {
        "word": "깨꽃",
        "chosung": "ㄲㄲ",
        "type": "명사",
        "mean": "《식물》꿀풀과의 한해살이풀. 높이는 60~90cm이며, 잎은 마주나고 긴 달걀 모양이다. 5~10월에 빨간 꽃이 줄기와 가지 끝에 총상(總狀) 꽃차례로 핀다. 관상용이고 브라질이 원산지이다. ≒샐비어 . (Salvia splendens)"
    },
    "깨꾸지장": {
        "word": "깨꾸지장",
        "chosung": "ㄲㄲㅈㅈ",
        "type": "명사",
        "mean": "［북한어］ 깻묵으로 담근 장."
    },
    "깨꾹": {
        "word": "깨꾹",
        "chosung": "ㄲㄲ",
        "type": "명사",
        "mean": "［방언］ '콩국'의 방언(평북)."
    },
    "깨꾼": {
        "word": "깨꾼",
        "chosung": "ㄲㄲ",
        "type": "명사",
        "mean": " 은어로, '지게꾼'을 이르는 말."
    },
    "깨끄랍다": {
        "word": "깨끄랍다",
        "chosung": "ㄲㄲㄹㄷ",
        "type": "형용사",
        "mean": "［방언］ '까다롭다'의 방언(경상)."
    },
    "깨끌새": {
        "word": "깨끌새",
        "chosung": "ㄲㄲㅅ",
        "type": "명사",
        "mean": "［방언］ '꾀꼬리'의 방언(경북)."
    },
    "깨끔": {
        "word": "깨끔",
        "chosung": "ㄲㄲ",
        "type": "명사",
        "mean": "'깨끔하다'의 어근."
    },
    "깨끔박질": {
        "word": "깨끔박질",
        "chosung": "ㄲㄲㅂㅈ",
        "type": "명사",
        "mean": "［방언］ '앙감질'의 방언(함북)."
    },
    "깨끔밧다": {
        "word": "깨끔밧다",
        "chosung": "ㄲㄲㅂㄷ",
        "type": "형용사",
        "mean": "［방언］ '깨끗하다'의 방언(경남)."
    },
    "깨끔스럽다": {
        "word": "깨끔스럽다",
        "chosung": "ㄲㄲㅅㄹㄷ",
        "type": "형용사",
        "mean": " 보기에 깨끗하고 아담하다."
    },
    "깨끗": {
        "word": "깨끗",
        "chosung": "ㄲㄲ",
        "type": "명사",
        "mean": "'깨끗하다'의 어근."
    },
    "깨끼": {
        "word": "깨끼",
        "chosung": "ㄲㄲ",
        "type": "명사",
        "mean": "1. 안팎 솔기를 발이 얇고 성긴 깁을 써서 곱솔로 박아 옷을 짓는 일. 2. =깨끼옷. 3. 되질을 할 때에, 굴렁대로 깎아서 되는 방법."
    },
    "깨끼겹저고리": {
        "word": "깨끼겹저고리",
        "chosung": "ㄲㄲㄱㅈㄱㄹ",
        "type": "명사",
        "mean": " =깨끼저고리."
    },
    "깨끼두루마기": {
        "word": "깨끼두루마기",
        "chosung": "ㄲㄲㄷㄹㅁㄱ",
        "type": "명사",
        "mean": " 안팎 솔기를 발이 얇고 성긴 깁을 써서 곱솔로 박아 지은 두루마기."
    },
    "깨끼리": {
        "word": "깨끼리",
        "chosung": "ㄲㄲㄹ",
        "type": "명사",
        "mean": "양주 별산대놀이나 송파 산대놀이에서, 오른쪽 다리를 앞으로 굽혀 들고 두 팔을 활개펴기를 하였다가 차례로 오른 무릎 위에 손을 얹어 가며 추는 춤사위. ≒깨끼리춤 ."
    },
    "깨끼리춤": {
        "word": "깨끼리춤",
        "chosung": "ㄲㄲㄹㅊ",
        "type": "명사",
        "mean": " 곱사위와 멍석말이춤을 아울러 이르는 말."
    },
    "깨끼바지": {
        "word": "깨끼바지",
        "chosung": "ㄲㄲㅂㅈ",
        "type": "명사",
        "mean": " 안팎 솔기를 발이 얇고 성긴 깁을 써서 곱솔로 박아 지은 바지."
    },
    "깨끼발": {
        "word": "깨끼발",
        "chosung": "ㄲㄲㅂ",
        "type": "명사",
        "mean": " 한 발을 들고 한 발로 선 자세."
    },
    "깨끼손가락": {
        "word": "깨끼손가락",
        "chosung": "ㄲㄲㅅㄱㄹ",
        "type": "명사",
        "mean": "［방언］ '새끼손가락'의 방언(전라)."
    },
    "깨끼식춤": {
        "word": "깨끼식춤",
        "chosung": "ㄲㄲㅅㅊ",
        "type": "명사",
        "mean": "양주 별산대놀이 춤사위의 하나."
    },
    "깨끼옷": {
        "word": "깨끼옷",
        "chosung": "ㄲㄲㅇ",
        "type": "명사",
        "mean": " 안팎 솔기를 발이 얇고 성긴 깁을 써서 곱솔로 박아 지은 겹옷. ≒깨끼 ."
    },
    "깨끼있다": {
        "word": "깨끼있다",
        "chosung": "ㄲㄲㅇㄷ",
        "type": "형용사",
        "mean": "［방언］ '알뜰하다'의 방언(함남)."
    },
    "깨끼저고리": {
        "word": "깨끼저고리",
        "chosung": "ㄲㄲㅈㄱㄹ",
        "type": "명사",
        "mean": " 안팎 솔기를 발이 얇고 성긴 깁을 써서 곱솔로 박아 지은 저고리. ≒깨끼겹저고리."
    },
    "깨끼적삼": {
        "word": "깨끼적삼",
        "chosung": "ㄲㄲㅈㅅ",
        "type": "명사",
        "mean": " 안팎 솔기를 발이 얇고 성긴 깁을 써서 곱솔로 박아 지은 적삼."
    },
    "깨끼춤": {
        "word": "깨끼춤",
        "chosung": "ㄲㄲㅊ",
        "type": "명사",
        "mean": " 난봉꾼이 멋을 내어 재미있게 추는 춤."
    },
    "깨나": {
        "word": "깨나",
        "chosung": "ㄲㄴ",
        "type": "조사",
        "mean": " 어느 정도 이상의 뜻을 나타내는 보조사."
    },
    "깨나다": {
        "word": "깨나다",
        "chosung": "ㄲㄴㄷ",
        "type": "동사",
        "mean": "━ ⅰ『 …에서』 1. '깨어나다'의 준말."
    },
    "깨나른": {
        "word": "깨나른",
        "chosung": "ㄲㄴㄹ",
        "type": "명사",
        "mean": "'깨나른하다'의 어근."
    },
    "깨나물": {
        "word": "깨나물",
        "chosung": "ㄲㄴㅁ",
        "type": "명사",
        "mean": "꿀풀과의 여러해살이풀. 높이는 40~100cm이고, 줄기가 네모지며, 잎에는 톱니가 있다. 6~8월에 자주색 꽃이 취산(聚□) 꽃차례로 피고 어린잎은 식용한다. 산지에서 흔하게 자라며 경기, 경북, 전남, 평남, 함남 등지에 분포한다. (Isodon inflexus var. macrophyllus)"
    },
    "깨나오다": {
        "word": "깨나오다",
        "chosung": "ㄲㄴㅇㄷ",
        "type": "동사",
        "mean": "［북한어］ =까나오다."
    },
    "깨다": {
        "word": "깨다",
        "chosung": "ㄲㄷ",
        "type": "동사",
        "mean": "『 …을』 1. 단단한 물체를 쳐서 조각이 나게 하다."
    },
    "깨다듬다": {
        "word": "깨다듬다",
        "chosung": "ㄲㄷㄷㄷ",
        "type": "동사",
        "mean": "『 …을』 깨달아 마음을 가다듬다."
    },
    "깨다시꽃게": {
        "word": "깨다시꽃게",
        "chosung": "ㄲㄷㅅㄲㄱ",
        "type": "명사",
        "mean": "꽃겟과의 절지동물. 등딱지는 부채 모양이며, 자색을 띤 작은 과립이 덮여 있다. 집게발은 크고 배는 암수 모두 일곱 마디이다. 한국, 일본, 중국 등지에 분포한다. (Ovalipes punctatus)"
    },
    "깨다시등에": {
        "word": "깨다시등에",
        "chosung": "ㄲㄷㅅㄷㅇ",
        "type": "명사",
        "mean": "등엣과의 해충. 암컷의 몸의 길이는 8~13미크론(μ)이며, 광택 없는 검은색이다. 이마는 넓고 잿빛을 띠며 머리 폭의 3분의 1이 안 된다. 날개는 검은 갈색이고 투명한 무늬가 흩어져 있다."
    },
    "깨다시하늘소": {
        "word": "깨다시하늘소",
        "chosung": "ㄲㄷㅅㅎㄴㅅ",
        "type": "명사",
        "mean": "하늘솟과의 곤충. 몸의 길이는 1~1.7cm이며, 검은색에 푸른 황색의 불규칙한 깨알 같은 무늬가 여기저기 흩어져 있다. 더듬이는 짙은 갈색이고 각 마디의 끝 부분은 검고 밑 부분은 푸르스름하다. 한국, 일본 등지에 분포한다. (Mesosa myops)"
    },
    "깨다식": {
        "word": "깨다식",
        "chosung": "ㄲㄷㅅ",
        "type": "명사",
        "mean": " 깨를 볶아 곱게 빻아서 꿀이나 조청에 반죽하여 다식판에 박아 낸 뒤, 기름에 지져서 만든 과자."
    },
    "깨단": {
        "word": "깨단",
        "chosung": "ㄲㄷ",
        "type": "명사",
        "mean": "'깨단하다'의 어근."
    },
    "깨닫다": {
        "word": "깨닫다",
        "chosung": "ㄲㄷㄷ",
        "type": "동사",
        "mean": "『 …을』『 -음을』 1. 사물의 본질이나 이치 따위를 생각하거나 궁리하여 알게 되다."
    },
    "깨달은이": {
        "word": "깨달은이",
        "chosung": "ㄲㄷㅇㅇ",
        "type": "명사",
        "mean": "=각자(覺者) ."
    },
    "깨달음": {
        "word": "깨달음",
        "chosung": "ㄲㄷㅇ",
        "type": "명사",
        "mean": " 생각하고 궁리하다 알게 되는 것. ≒깨도 ."
    },
    "깨도": {
        "word": "깨도",
        "chosung": "ㄲㄷ",
        "type": "명사",
        "mean": "1. =깨달음. 2. ［북한어］ 까무러친 상태에서 깨어나 조금 정신을 차리는 것."
    },
    "깨돌이": {
        "word": "깨돌이",
        "chosung": "ㄲㄷㅇ",
        "type": "명사",
        "mean": " 얼굴에 주근깨가 많은 남자아이를 놀림조로 이르는 말."
    },
    "깨동": {
        "word": "깨동",
        "chosung": "ㄲㄷ",
        "type": "명사",
        "mean": "［방언］ '개암'의 방언(경상)."
    },
    "깨두드리다": {
        "word": "깨두드리다",
        "chosung": "ㄲㄷㄷㄹㄷ",
        "type": "동사",
        "mean": "『 …을』 단단한 물체를 두드리어 깨뜨리다."
    },
    "깨드득": {
        "word": "깨드득",
        "chosung": "ㄲㄷㄷ",
        "type": "부사",
        "mean": "［북한어］ 주로 아이나 여자들이 명랑하고 천진하게 웃는 소리. 또는 그 모양."
    },
    "깨드득깨드득": {
        "word": "깨드득깨드득",
        "chosung": "ㄲㄷㄷㄲㄷㄷ",
        "type": "부사",
        "mean": "［북한어］ 주로 아이나 여자들이 명랑하고 천진하게 자꾸 웃는 소리. 또는 그런 모양."
    },
    "깨드랑그리다": {
        "word": "깨드랑그리다",
        "chosung": "ㄲㄷㄹㄱㄹㄷ",
        "type": "동사",
        "mean": "［방언］ '가드락거리다'의 방언(경북)."
    },
    "깨득": {
        "word": "깨득",
        "chosung": "ㄲㄷ",
        "type": "부사",
        "mean": "［북한어］ '깨드득'의 준말."
    },
    "깨득깨득": {
        "word": "깨득깨득",
        "chosung": "ㄲㄷㄲㄷ",
        "type": "부사",
        "mean": "［북한어］ '깨드득깨드득'의 준말."
    },
    "깨들": {
        "word": "깨들",
        "chosung": "ㄲㄷ",
        "type": "부사",
        "mean": "［북한어］ 주로 어린아이가 참다못하여 끝내 웃음을 입속으로 높고 날카롭게 터뜨리는 외마디 소리. 또는 그런 모양."
    },
    "깨들깨들": {
        "word": "깨들깨들",
        "chosung": "ㄲㄷㄲㄷ",
        "type": "부사",
        "mean": "［북한어］ 주로 어린아이가 참다못하여 끝내 웃음을 입속으로 꽤 높고 날카롭게 잇따라 터뜨리는 소리. 또는 그런 모양."
    },
    "깨따래미": {
        "word": "깨따래미",
        "chosung": "ㄲㄸㄹㅁ",
        "type": "명사",
        "mean": "［방언］ '귀뚜라미'의 방언(경북)."
    },
    "깨떠리다": {
        "word": "깨떠리다",
        "chosung": "ㄲㄸㄹㄷ",
        "type": "동사",
        "mean": " '깨뜨리다'의 잘못."
    },
    "깨떡": {
        "word": "깨떡",
        "chosung": "ㄲㄸ",
        "type": "명사",
        "mean": " 시루에 쌀가루를 안치고, 켜 사이에 깨고물을 뿌려서 찐 떡. ≒호마병."
    },
    "깨똥불": {
        "word": "깨똥불",
        "chosung": "ㄲㄸㅂ",
        "type": "명사",
        "mean": "［방언］ '반딧불'의 방언(전북)."
    },
    "깨똥이": {
        "word": "깨똥이",
        "chosung": "ㄲㄸㅇ",
        "type": "명사",
        "mean": "［방언］ '개똥벌레'의 방언(평남)."
    },
    "깨똥파리": {
        "word": "깨똥파리",
        "chosung": "ㄲㄸㅍㄹ",
        "type": "명사",
        "mean": "［방언］ '개똥벌레'의 방언(황해)."
    },
    "깨뚜드리다": {
        "word": "깨뚜드리다",
        "chosung": "ㄲㄸㄷㄹㄷ",
        "type": "동사",
        "mean": "『 …을』 단단한 물체를 두드리어 깨뜨리다. '깨두드리다'보다 센 느낌을 준다."
    },
    "깨뚜벌기": {
        "word": "깨뚜벌기",
        "chosung": "ㄲㄸㅂㄱ",
        "type": "명사",
        "mean": "［방언］ '개똥벌레'의 방언(평북)."
    },
    "깨뚱구리": {
        "word": "깨뚱구리",
        "chosung": "ㄲㄸㄱㄹ",
        "type": "명사",
        "mean": "［방언］ '그루터기'의 방언(경남)."
    },
    "깨뜨러지다": {
        "word": "깨뜨러지다",
        "chosung": "ㄲㄸㄹㅈㄷ",
        "type": "저",
        "mean": "), -지니〕［동사］ '깨지다'를 강조하여 이르는 말. ≒깨트러지다."
    },
    "깨뜨리다": {
        "word": "깨뜨리다",
        "chosung": "ㄲㄸㄹㄷ",
        "type": "동사",
        "mean": "『 …을』 '깨다'를 강조하여 이르는 말. ≒깨트리다."
    },
    "깨뜰다": {
        "word": "깨뜰다",
        "chosung": "ㄲㄸㄷ",
        "type": "동사",
        "mean": "『 …을』 '깨뜨리다'의 준말."
    },
    "깨뜰벌기": {
        "word": "깨뜰벌기",
        "chosung": "ㄲㄸㅂㄱ",
        "type": "명사",
        "mean": "［방언］ '개똥벌레'의 방언(평북)."
    },
    "깨뜰빼기": {
        "word": "깨뜰빼기",
        "chosung": "ㄲㄸㅃㄱ",
        "type": "명사",
        "mean": "［방언］ '개똥벌레'의 방언(평북)."
    },
    "깨띠벌기": {
        "word": "깨띠벌기",
        "chosung": "ㄲㄸㅂㄱ",
        "type": "명사",
        "mean": "［방언］ '개똥벌레'의 방언(평안)."
    },
    "깨띠불": {
        "word": "깨띠불",
        "chosung": "ㄲㄸㅂ",
        "type": "명사",
        "mean": "［방언］ '반딧불'의 방언(평안)."
    },
    "깨랑창": {
        "word": "깨랑창",
        "chosung": "ㄲㄹㅊ",
        "type": "명사",
        "mean": " '개골창'의 잘못."
    },
    "깨르르": {
        "word": "깨르르",
        "chosung": "ㄲㄹㄹ",
        "type": "부사",
        "mean": "［북한어］ 주로 여자나 아이들이 조금 높고 날카로우면서도 되바라지게 웃는 소리. 또는 그런 모양."
    },
    "깨르르깨르르": {
        "word": "깨르르깨르르",
        "chosung": "ㄲㄹㄹㄲㄹㄹ",
        "type": "부사",
        "mean": "［북한어］ 주로 여자나 아이들이 조금 높고 날카로우면서 되바라지게 잇따라 웃는 소리. 또는 그 모양."
    },
    "깨리": {
        "word": "깨리",
        "chosung": "ㄲㄹ",
        "type": "명사",
        "mean": "［방언］ '꾸러미'의 방언(평북)."
    },
    "깨리우다": {
        "word": "깨리우다",
        "chosung": "ㄲㄹㅇㄷ",
        "type": "동사",
        "mean": "［방언］ '까부르다'의 방언(평북)."
    },
    "깨말": {
        "word": "깨말",
        "chosung": "ㄲㅁ",
        "type": "명사",
        "mean": "［방언］ '개암'의 방언(함남)."
    },
    "깨목": {
        "word": "깨목",
        "chosung": "ㄲㅁ",
        "type": "명사",
        "mean": "［방언］ '깜부기'의 방언(경남, 전남)."
    },
    "깨몽둥이": {
        "word": "깨몽둥이",
        "chosung": "ㄲㅁㄷㅇ",
        "type": "명사",
        "mean": " '깨엿'의 잘못."
    },
    "깨무늬잎말이나비": {
        "word": "깨무늬잎말이나비",
        "chosung": "ㄲㅁㄴㅇㅁㅇㄴㅂ",
        "type": "명사",
        "mean": "애기잎말이나방과의 해충. 몸의 길이는 4~5mm이며, 잿빛이 도는 갈색이다. 사과나무, 배나무 따위를 해친다."
    },
    "깨묵": {
        "word": "깨묵",
        "chosung": "ㄲㅁ",
        "type": "명사",
        "mean": "1. ［방언］ '깻묵'의 방언(경상). 2. ［북한어］ '깻묵'의 북한어."
    },
    "깨묵떡": {
        "word": "깨묵떡",
        "chosung": "ㄲㅁㄸ",
        "type": "명사",
        "mean": "［북한어］ 깻묵을 다른 가루에 섞어서 만든 떡. ※ 깻묵떡."
    },
    "깨묵먹이": {
        "word": "깨묵먹이",
        "chosung": "ㄲㅁㅁㅇ",
        "type": "명사",
        "mean": "［북한어］ 기름을 짜고 남은 찌꺼기로 만든 짐승의 먹이. 강냉이눈깻묵, 콩깻묵, 쌀겨깻묵 등 여러 가지가 있다. 가축에게 좋은 단백질 먹이이다. ※ 깻묵먹이."
    },
    "깨묵장": {
        "word": "깨묵장",
        "chosung": "ㄲㅁㅈ",
        "type": "명사",
        "mean": "［북한어］ 깻묵으로 만든 장. ※ 깻묵장."
    },
    "깨물기살": {
        "word": "깨물기살",
        "chosung": "ㄲㅁㄱㅅ",
        "type": "명사",
        "mean": "'저작근'의 북한어."
    },
    "깨물다": {
        "word": "깨물다",
        "chosung": "ㄲㅁㄷ",
        "type": "동사",
        "mean": "『 …을』 1. 아랫니와 윗니가 맞닿을 정도로 세게 물다."
    },
    "깨물리다": {
        "word": "깨물리다",
        "chosung": "ㄲㅁㄹㄷ",
        "type": "동사",
        "mean": "『 …에게』 '깨물다'의 피동사."
    },
    "깨미": {
        "word": "깨미",
        "chosung": "ㄲㅁ",
        "type": "명사",
        "mean": "［방언］ '개암'의 방언(함경)."
    },
    "깨바리": {
        "word": "깨바리",
        "chosung": "ㄲㅂㄹ",
        "type": "명사",
        "mean": " 은어로, '곱사등이'를 이르는 말."
    },
    "깨바심": {
        "word": "깨바심",
        "chosung": "ㄲㅂㅅ",
        "type": "명사",
        "mean": " '깨고물'의 잘못."
    },
    "깨밟다": {
        "word": "깨밟다",
        "chosung": "ㄲㅂㄷ",
        "type": "동사",
        "mean": "［방언］ 세게 밟다(황해)."
    },
    "깨배기": {
        "word": "깨배기",
        "chosung": "ㄲㅂㄱ",
        "type": "명사",
        "mean": "［방언］ 주근깨가 많은 사람(함북)."
    },
    "깨배다": {
        "word": "깨배다",
        "chosung": "ㄲㅂㄷ",
        "type": "동사",
        "mean": " '깨우다'의 잘못."
    },
    "깨보세이": {
        "word": "깨보세이",
        "chosung": "ㄲㅂㅅㅇ",
        "type": "명사",
        "mean": "［방언］ '깨고물'의 방언(강원)."
    },
    "깨보숭이": {
        "word": "깨보숭이",
        "chosung": "ㄲㅂㅅㅇ",
        "type": "명사",
        "mean": "1. '깨고물'의 잘못. 2. '깨소금'의 잘못."
    },
    "깨보시": {
        "word": "깨보시",
        "chosung": "ㄲㅂㅅ",
        "type": "명사",
        "mean": "［방언］ '깨소금'의 방언(황해)."
    },
    "깨부수다": {
        "word": "깨부수다",
        "chosung": "ㄲㅂㅅㄷ",
        "type": "동사",
        "mean": "『 …을』 1. 단단한 것을 쳐서 조각이 나게 하다."
    },
    "깨북데기": {
        "word": "깨북데기",
        "chosung": "ㄲㅂㄷㄱ",
        "type": "명사",
        "mean": "［북한어］ 깨의 이삭에서 깨알을 다 떨어 내고 남은 것."
    },
    "깨불나무": {
        "word": "깨불나무",
        "chosung": "ㄲㅂㄴㅁ",
        "type": "명사",
        "mean": "［방언］ '붉나무'의 방언(강원)."
    },
    "깨빈하다": {
        "word": "깨빈하다",
        "chosung": "ㄲㅂㅎㄷ",
        "type": "형용사",
        "mean": "［방언］ '개운하다'의 방언(경북)."
    },
    "깨새": {
        "word": "깨새",
        "chosung": "ㄲㅅ",
        "type": "명사",
        "mean": "'박새'의 잘못."
    },
    "깨설기": {
        "word": "깨설기",
        "chosung": "ㄲㅅㄱ",
        "type": "명사",
        "mean": " '개떡'의 잘못."
    },
    "깨성": {
        "word": "깨성",
        "chosung": "ㄲㅅ",
        "type": "명사",
        "mean": "1. '소복(蘇復)'의 잘못. 2. ［북한어］ '소복'의 북한어."
    },
    "깨소": {
        "word": "깨소",
        "chosung": "ㄲㅅ",
        "type": "명사",
        "mean": " 떡 속에 넣는, 깨로 만든 소."
    },
    "깨소금": {
        "word": "깨소금",
        "chosung": "ㄲㅅㄱ",
        "type": "명사",
        "mean": " 볶은 참깨에 소금을 치고 빻아 만든 양념."
    },
    "깨송이": {
        "word": "깨송이",
        "chosung": "ㄲㅅㅇ",
        "type": "명사",
        "mean": " '깨보숭이'의 잘못."
    },
    "깨순이": {
        "word": "깨순이",
        "chosung": "ㄲㅅㅇ",
        "type": "명사",
        "mean": " 얼굴에 주근깨가 많은 여자아이를 놀림조로 이르는 말."
    },
    "깨씹다": {
        "word": "깨씹다",
        "chosung": "ㄲㅆㄷ",
        "type": "동사",
        "mean": "［방언］ '되씹다'의 방언(경남)."
    },
    "깨악질": {
        "word": "깨악질",
        "chosung": "ㄲㅇㅈ",
        "type": "명사",
        "mean": "［방언］ '구역질'의 방언(경상)."
    },
    "깨알": {
        "word": "깨알",
        "chosung": "ㄲㅇ",
        "type": "명사",
        "mean": " 깨 씨의 낱알."
    },
    "깨알물노린재": {
        "word": "깨알물노린재",
        "chosung": "ㄲㅇㅁㄴㄹㅈ",
        "type": "명사",
        "mean": "깨알물노린잿과의 곤충. 몸의 길이는 1.7~2mm이며, 어두운 갈색에 황금색의 미세한 털이 퍼져 있다. 머리는 크고 앞 아래쪽으로 길게 돌출하였으며 검은색이고, 앞가슴등판은 중앙이 잘록한 표주박 모양이다. 습지에 사는데 한국, 일본, 수마트라 등지에 분포한다. (Hebrus nipponicus)"
    },
    "깨알물노린잿과": {
        "word": "깨알물노린잿과",
        "chosung": "ㄲㅇㅁㄴㄹㅈㄱ",
        "type": "명사",
        "mean": "곤충강 노린재목의 한 과. 몸이 아주 작으며, 대개 물가에 산다. 우리나라에서는 깨알물노린재 한 종이 기록되어 있다. (Hebridae)"
    },
    "깨알물방개": {
        "word": "깨알물방개",
        "chosung": "ㄲㅇㅁㅂㄱ",
        "type": "명사",
        "mean": "물방갯과의 곤충. 몸의 길이는 4~5mm이며, 머리와 몸 아랫면은 누런색이고 딱지날개는 누런색 또는 누런 갈색에 얼룩무늬가 있다. 다리는 누런 갈색이다. 딱지날개에는 뚜렷하지 않은 세 개의 작은 점으로 된 줄이 있다. 한국, 일본 등지에 분포한다. (Laccophilus difficilis)"
    },
    "깨알소금쟁잇과": {
        "word": "깨알소금쟁잇과",
        "chosung": "ㄲㅇㅅㄱㅈㅇㄱ",
        "type": "명사",
        "mean": "곤충강 노린재목의 한 과. 몸의 길이는 2~5mm이며, 갈색 또는 검은색이다. 우리나라에는 2속 6종이 분포한다. 긴깨알소금쟁이, 얼룩깨알소금쟁이, 털깨알소금쟁이 따위가 있다. (Veliidae)"
    },
    "깨앙": {
        "word": "깨앙",
        "chosung": "ㄲㅇ",
        "type": "명사",
        "mean": "［방언］ '개암'의 방언(경북)."
    },
    "깨앨타": {
        "word": "깨앨타",
        "chosung": "ㄲㅇㅌ",
        "type": "형용사",
        "mean": "［방언］ '게으르다'의 방언(경남)."
    },
    "깨어나다": {
        "word": "깨어나다",
        "chosung": "ㄲㅇㄴㄷ",
        "type": "동사",
        "mean": "━ ⅰ『 …에서』 1. 잠이나 술기운 따위로 잃었던 의식을 되찾아 가다."
    },
    "깨어지다": {
        "word": "깨어지다",
        "chosung": "ㄲㅇㅈㄷ",
        "type": "저",
        "mean": "), -지니〕［동사］━ ⅰ1. 단단한 물건이 여러 조각이 나다."
    },
    "깨얼배기": {
        "word": "깨얼배기",
        "chosung": "ㄲㅇㅂㄱ",
        "type": "명사",
        "mean": "［방언］ '게으름뱅이'의 방언(경상)."
    },
    "깨엘받다": {
        "word": "깨엘받다",
        "chosung": "ㄲㅇㅂㄷ",
        "type": "형용사",
        "mean": "［방언］ '게으르다'의 방언(경남)."
    },
    "깨여나다": {
        "word": "깨여나다",
        "chosung": "ㄲㅇㄴㄷ",
        "type": "동사",
        "mean": "［북한어］1. '깨어나다'의 북한어."
    },
    "깨여지다": {
        "word": "깨여지다",
        "chosung": "ㄲㅇㅈㄷ",
        "type": "동사",
        "mean": "［북한어］ 1. '깨어지다'의 북한어."
    },
    "깨엿": {
        "word": "깨엿",
        "chosung": "ㄲㅇ",
        "type": "명사",
        "mean": " 볶은 깨를 겉에 묻힌 엿."
    },
    "깨우기": {
        "word": "깨우기",
        "chosung": "ㄲㅇㄱ",
        "type": "명사",
        "mean": "'현상(現像)'의 북한어."
    },
    "깨우다": {
        "word": "깨우다",
        "chosung": "ㄲㅇㄷ",
        "type": "동사",
        "mean": "［북한어］ '현상하다(現像-)'의 북한어."
    },
    "깨우두룸하다": {
        "word": "깨우두룸하다",
        "chosung": "ㄲㅇㄷㄹㅎㄷ",
        "type": "형용사",
        "mean": "［방언］ '갸우스름하다'의 방언(평북)."
    },
    "깨우둥하다": {
        "word": "깨우둥하다",
        "chosung": "ㄲㅇㄷㅎㄷ",
        "type": "형용사",
        "mean": "［방언］ '갸우듬하다'의 방언(평북)."
    },
    "깨우리다": {
        "word": "깨우리다",
        "chosung": "ㄲㅇㄹㄷ",
        "type": "동사",
        "mean": "［방언］ '까불다'의 방언(평안)."
    },
    "깨우치다": {
        "word": "깨우치다",
        "chosung": "ㄲㅇㅊㄷ",
        "type": "동사",
        "mean": "『 …을』 깨달아 알게 하다."
    },
    "깨울거리다": {
        "word": "깨울거리다",
        "chosung": "ㄲㅇㄱㄹㄷ",
        "type": "동사",
        "mean": "［북한어］ 작은 물체가 이리저리 매우 귀엽게 자꾸 기울어지다. ≒깨울대다."
    },
    "깨울깨울": {
        "word": "깨울깨울",
        "chosung": "ㄲㅇㄲㅇ",
        "type": "부사",
        "mean": "［북한어］ 작은 물체가 이리저리 매우 귀엽게 자꾸 기울어지는 모양."
    },
    "깨울대다": {
        "word": "깨울대다",
        "chosung": "ㄲㅇㄷㄷ",
        "type": "동사",
        "mean": "［북한어］ =깨울거리다."
    },
    "깨울딱": {
        "word": "깨울딱",
        "chosung": "ㄲㅇㄸ",
        "type": "부사",
        "mean": "［북한어］ 작은 물체가 귀엽게 한쪽으로 아주 많이 기울어지는 모양."
    },
    "깨울딱깨울딱": {
        "word": "깨울딱깨울딱",
        "chosung": "ㄲㅇㄸㄲㅇㄸ",
        "type": "부사",
        "mean": "［북한어］ 작은 물체가 귀엽게 이리저리 자꾸 아주 많이 기울어지는 모양."
    },
    "깨움종이": {
        "word": "깨움종이",
        "chosung": "ㄲㅇㅈㅇ",
        "type": "명사",
        "mean": "'인화지'의 북한어."
    },
    "깨웃": {
        "word": "깨웃",
        "chosung": "ㄲㅇ",
        "type": "부사",
        "mean": "［북한어］ 고개나 몸 따위를 한쪽으로 매우 귀엽게 조금 기울이는 모양. ≒깨웃이."
    },
    "깨웃깨웃": {
        "word": "깨웃깨웃",
        "chosung": "ㄲㅇㄲㅇ",
        "type": "부사",
        "mean": "［북한어］ 고개나 몸 따위를 이쪽저쪽으로 매우 귀엽게 자꾸 조금씩 기울이는 모양."
    },
    "깨웃이": {
        "word": "깨웃이",
        "chosung": "ㄲㅇㅇ",
        "type": "부사",
        "mean": "［북한어］ =깨웃."
    },
    "깨을받다": {
        "word": "깨을받다",
        "chosung": "ㄲㅇㅂㄷ",
        "type": "형용사",
        "mean": "［방언］ '게으르다'의 방언(경북)."
    },
    "깨을배기": {
        "word": "깨을배기",
        "chosung": "ㄲㅇㅂㄱ",
        "type": "명사",
        "mean": "［방언］ '게으름뱅이'의 방언(경상)."
    },
    "깨이": {
        "word": "깨이",
        "chosung": "ㄲㅇ",
        "type": "명사",
        "mean": "［방언］ '괭이'의 방언(경남)."
    },
    "깨이다": {
        "word": "깨이다",
        "chosung": "ㄲㅇㄷ",
        "type": "동사",
        "mean": "1. '깎이다'의 잘못. 2. '줄어지다'의 잘못."
    },
    "깨인자갈": {
        "word": "깨인자갈",
        "chosung": "ㄲㅇㅈㄱ",
        "type": "명사",
        "mean": "콘크리트용으로 쓰기 위하여 잘게 깬 자갈돌."
    },
    "깨잎": {
        "word": "깨잎",
        "chosung": "ㄲㅇ",
        "type": "명사",
        "mean": "［북한어］ '깻잎'의 북한어."
    },
    "깨잎된장": {
        "word": "깨잎된장",
        "chosung": "ㄲㅇㄷㅈ",
        "type": "명사",
        "mean": "［북한어］ 깻잎을 넣어 만든 된장. ※ 깻잎된장."
    },
    "깨잎오리방풀": {
        "word": "깨잎오리방풀",
        "chosung": "ㄲㅇㅇㄹㅂㅍ",
        "type": "명사",
        "mean": "'산박하'의 북한어. ※ 깻잎오리방풀."
    },
    "깨잎장아찌": {
        "word": "깨잎장아찌",
        "chosung": "ㄲㅇㅈㅇㅉ",
        "type": "명사",
        "mean": "［북한어］ 양념장을 바른 깻잎을 쪄서 단지에 넣어 두어 만든 반찬."
    },
    "깨잎절임": {
        "word": "깨잎절임",
        "chosung": "ㄲㅇㅈㅇ",
        "type": "명사",
        "mean": "［북한어］ 깻잎을 소금이나 간장, 된장에 절인 것. ※ 깻잎절임."
    },
    "깨잎튀기": {
        "word": "깨잎튀기",
        "chosung": "ㄲㅇㅌㄱ",
        "type": "명사",
        "mean": "［북한어］ 깻잎에 찹쌀가루 또는 밀가루를 묻혀 기름에 튀겨 낸 요리. ※ 깻잎튀기."
    },
    "깨자반": {
        "word": "깨자반",
        "chosung": "ㄲㅈㅂ",
        "type": "명사",
        "mean": " '깨보숭이'의 잘못."
    },
    "깨작": {
        "word": "깨작",
        "chosung": "ㄲㅈ",
        "type": "부사",
        "mean": "［북한어］1. '깨지락'의 준말. 2. '깨지락'의 준말."
    },
    "깨작깨작": {
        "word": "깨작깨작",
        "chosung": "ㄲㅈㄲㅈ",
        "type": "부사",
        "mean": "1. '깨지락깨지락'의 준말. 2. '깨지락깨지락'의 준말."
    },
    "깨작은밤나비": {
        "word": "깨작은밤나비",
        "chosung": "ㄲㅈㅇㅂㄴㅂ",
        "type": "명사",
        "mean": "밤나방과의 해충. 앞날개는 보랏빛을 띤 갈색이고, 앞 가두리에서 밑 부분에 걸쳐 누런 풀색 또는 진한 누런색의 무늬가 있다. 오동나뭇과 식물을 해친다."
    },
    "깨장": {
        "word": "깨장",
        "chosung": "ㄲㅈ",
        "type": "명사",
        "mean": "［북한어］ 깨를 비롯한 여러 가지 양념을 넣어 만든 장."
    },
    "깨적거리다": {
        "word": "깨적거리다",
        "chosung": "ㄲㅈㄱㄹㄷ",
        "type": "동사",
        "mean": " 1. '깨작거리다'의 잘못. 2. '께적거리다'의 잘못."
    },
    "깨주무이": {
        "word": "깨주무이",
        "chosung": "ㄲㅈㅁㅇ",
        "type": "명사",
        "mean": "［방언］ '호주머니'의 방언(경남)."
    },
    "깨죽": {
        "word": "깨죽",
        "chosung": "ㄲㅈ",
        "type": "명사",
        "mean": " 껍질을 벗긴 참깨에 찹쌀을 섞고 함께 갈아서 쑨 죽. ≒지마죽·참깨죽·호마죽."
    },
    "깨죽깨죽": {
        "word": "깨죽깨죽",
        "chosung": "ㄲㅈㄲㅈ",
        "type": "부사",
        "mean": "1. 불평스럽게 자꾸 종알거리는 모양. 2. 음식을 먹기 싫은 듯이 자꾸 되씹는 모양."
    },
    "깨지다": {
        "word": "깨지다",
        "chosung": "ㄲㅈㄷ",
        "type": "저",
        "mean": "), -지니〕［동사］━ ⅰ1. '깨어지다'의 준말."
    },
    "깨지락": {
        "word": "깨지락",
        "chosung": "ㄲㅈㄹ",
        "type": "부사",
        "mean": "［북한어］1. 조금 달갑지 않은 음식을 억지로 굼뜨게 먹는 모양. 2. 조금 달갑지 않은 듯이 게으르고 굼뜨게 행동하는 모양."
    },
    "깨지락깨지락": {
        "word": "깨지락깨지락",
        "chosung": "ㄲㅈㄹㄲㅈㄹ",
        "type": "부사",
        "mean": "1. 조금 달갑지 않은 음식을 자꾸 억지로 굼뜨게 먹는 모양. 2. 조금 달갑지 않은 듯이 자꾸 게으르고 굼뜨게 행동하는 모양."
    },
    "깨진면": {
        "word": "깨진면",
        "chosung": "ㄲㅈㅁ",
        "type": "명사",
        "mean": "'깨진 자국'의 북한어."
    },
    "깨진바리": {
        "word": "깨진바리",
        "chosung": "ㄲㅈㅂㄹ",
        "type": "명사",
        "mean": " 은어로, '상이군인'을 이르는 말."
    },
    "깨진알": {
        "word": "깨진알",
        "chosung": "ㄲㅈㅇ",
        "type": "명사",
        "mean": "'파란(破卵)'을 다듬은 말."
    },
    "깨진자국": {
        "word": "깨진자국",
        "chosung": "ㄲㅈㅈㄱ",
        "type": "명사",
        "mean": "광물이나 석탄 또는 바윗돌이 깨질 때에 생기는 겉면. 광물 감정의 중요한 징표가 된다."
    },
    "깨질": {
        "word": "깨질",
        "chosung": "ㄲㅈ",
        "type": "부사",
        "mean": "［북한어］1. '깨지락'의 준말. 2. '깨지락'의 준말."
    },
    "깨질깨질": {
        "word": "깨질깨질",
        "chosung": "ㄲㅈㄲㅈ",
        "type": "부사",
        "mean": "1. '깨지락깨지락'의 준말. 2. '깨지락깨지락'의 준말."
    },
    "깨찌버리": {
        "word": "깨찌버리",
        "chosung": "ㄲㅉㅂㄹ",
        "type": "명사",
        "mean": "［방언］ '반딧불이'의 방언(함남)."
    },
    "깨찌벌레": {
        "word": "깨찌벌레",
        "chosung": "ㄲㅉㅂㄹ",
        "type": "명사",
        "mean": "［방언］ '반딧불이'의 방언(강원)."
    },
    "깨찌불": {
        "word": "깨찌불",
        "chosung": "ㄲㅉㅂ",
        "type": "명사",
        "mean": "［방언］ '반딧불'의 방언(함남)."
    },
    "깨춤": {
        "word": "깨춤",
        "chosung": "ㄲㅊ",
        "type": "명사",
        "mean": " 깨를 볶을 때에 톡톡 튀듯, 체구가 작은 사람이 방정맞게 까부는 모양을 비유적으로 이르는 말."
    },
    "깨치다": {
        "word": "깨치다",
        "chosung": "ㄲㅊㄷ",
        "type": "동사",
        "mean": " '깨뜨리다'의 잘못."
    },
    "깨트러지다": {
        "word": "깨트러지다",
        "chosung": "ㄲㅌㄹㅈㄷ",
        "type": "저",
        "mean": "), -지니〕［동사］ =깨뜨러지다."
    },
    "깨트리다": {
        "word": "깨트리다",
        "chosung": "ㄲㅌㄹㄷ",
        "type": "동사",
        "mean": "『 …을』 =깨뜨리다."
    },
    "깨판": {
        "word": "깨판",
        "chosung": "ㄲㅍ",
        "type": "명사",
        "mean": "［북한어］ 아주 고소하게 일이 벌어진 자리나 장면."
    },
    "깨편": {
        "word": "깨편",
        "chosung": "ㄲㅍ",
        "type": "명사",
        "mean": "1. '깨떡'의 잘못. 2. ［북한어］ '깨떡'의 북한어."
    },
    "깨풀": {
        "word": "깨풀",
        "chosung": "ㄲㅍ",
        "type": "명사",
        "mean": "대극과의 한해살이풀. 줄기는 높이가 30cm 정도이고 온몸에 짧은 털이 있으며, 잎은 어긋나고 달걀 모양으로 톱니가 있다. 7~8월에 갈색의 작은 꽃이 잎겨드랑이에서 수상(穗狀) 꽃차례로 피고 삭과(□果)를 맺는다. 어린잎은 식용하고 논밭이나 길가에 자라는데 한국, 일본 등지에 분포한다. ≒철현채(鐵□菜). (Acalypha australis)"
    }
}