{
    "깻가루": {
        "word": "깻가루",
        "chosung": "ㄲㄱㄹ",
        "type": "명사",
        "mean": " 깨를 빻은 가루. 흔히 고소한 맛을 내는 양념으로 쓴다."
    },
    "깻국": {
        "word": "깻국",
        "chosung": "ㄲㄱ",
        "type": "명사",
        "mean": " 물에 불리거나 삶은 참깨를 맷돌에 물을 치며 갈아서 체에 밭은 물. 흔히 밀국수 따위를 넣고 양념을 하여 말아 먹는다. ≒지마냉탕."
    },
    "깻단": {
        "word": "깻단",
        "chosung": "ㄲㄷ",
        "type": "명사",
        "mean": " 깨알을 떨어내기 위하여 깨를 단으로 묶어 놓은 것."
    },
    "깻묵": {
        "word": "깻묵",
        "chosung": "ㄲㅁ",
        "type": "명사",
        "mean": " 기름을 짜고 남은 깨의 찌꺼기. 흔히 낚시의 밑밥이나 논밭의 밑거름으로 쓴다. ≒유박(油粕)·탈지박."
    },
    "깻박치다": {
        "word": "깻박치다",
        "chosung": "ㄲㅂㅊㄷ",
        "type": "처",
        "mean": "), -치니〕［동사］『 …을』 (은어로) 그릇 따위를 떨어뜨려 속에 있던 것이 산산이 흩어지게 만들다."
    },
    "깻송이": {
        "word": "깻송이",
        "chosung": "ㄲㅅㅇ",
        "type": "명사",
        "mean": " 깨의 이삭."
    },
    "깻이파리": {
        "word": "깻이파리",
        "chosung": "ㄲㅇㅍㄹ",
        "type": "명사",
        "mean": " 깨의 잎사귀."
    },
    "깻잎": {
        "word": "깻잎",
        "chosung": "ㄲㅇ",
        "type": "깬니피",
        "mean": " 깨의 잎. 주로 여러 가지 반찬감으로 쓰인다."
    },
    "깻잎나물": {
        "word": "깻잎나물",
        "chosung": "ㄲㅇㄴㅁ",
        "type": "명사",
        "mean": "=산박하."
    },
    "깻잎쌈": {
        "word": "깻잎쌈",
        "chosung": "ㄲㅇㅆ",
        "type": "명사",
        "mean": " 날것 그대로거나 찐 깻잎에 밥이나 고기를 싸서 먹는 쌈."
    }
}