{
    "깽": {
        "word": "깽",
        "chosung": "ㄲ",
        "type": "부사",
        "mean": "1. 몹시 아프거나 힘에 겨워 조금 괴롭게 내는 소리. 2. 강아지 따위가 놀라거나 아파서 애달프게 짖는 소리."
    },
    "깽그리": {
        "word": "깽그리",
        "chosung": "ㄲㄱㄹ",
        "type": "명사",
        "mean": " '깡그리'의 잘못."
    },
    "깽깨막질": {
        "word": "깽깨막질",
        "chosung": "ㄲㄲㅁㅈ",
        "type": "명사",
        "mean": "［방언］ '앙감질'의 방언(황해)."
    },
    "깽깽": {
        "word": "깽깽",
        "chosung": "ㄲㄲ",
        "type": "부사",
        "mean": "1. 몹시 아프거나 힘에 겨워 조금 괴롭게 자꾸 내는 소리. 2. 강아지 따위가 놀라거나 아파서 애달프게 자꾸 짖는 소리."
    },
    "깽깽매미": {
        "word": "깽깽매미",
        "chosung": "ㄲㄲㅁㅁ",
        "type": "명사",
        "mean": "매밋과의 곤충. 몸의 길이는 5cm, 날개의 길이는 6.5~6.8cm이며, 검은색 바탕에 누런 갈색과 붉은 갈색 무늬가 있다. 가운데가슴에는 'W' 자 모양의 붉은 갈색 무늬가 선명하고 7~8월에 침엽수림에서 높은 소리로 운다. 한국, 일본, 중국 등지에 분포한다. ≒깽깽이. (Tibicen japonicus)"
    },
    "깽깽이": {
        "word": "깽깽이",
        "chosung": "ㄲㄲㅇ",
        "type": "명사",
        "mean": "=깽깽매미."
    },
    "깽깽이걸음": {
        "word": "깽깽이걸음",
        "chosung": "ㄲㄲㅇㄱㅇ",
        "type": "명사",
        "mean": " 앙감질하여 걷는 걸음걸이."
    },
    "깽깽이풀": {
        "word": "깽깽이풀",
        "chosung": "ㄲㄲㅇㅍ",
        "type": "명사",
        "mean": "매자나뭇과의 여러해살이풀. 땅 위로 솟아오른 줄기는 없고 짧은 줄기가 땅으로 뻗으며, 잎은 무더기로 나고 가장자리가 물결 모양이다. 이른 봄에 잎이 나오기 전 뿌리에서 나온 꽃줄기 끝에 자주색 꽃이 한 송이씩 피고 삭과(□果)를 맺는다. 뿌리는 약용하고 산지(山地)에 자라는데 강원, 경기, 평북, 함경 등지에 분포한다. ≒조황련. (Plagiorhegma dubium)"
    },
    "깽끼": {
        "word": "깽끼",
        "chosung": "ㄲㄲ",
        "type": "명사",
        "mean": "［방언］ '보시기'의 방언(경북)."
    },
    "깽끼손가락": {
        "word": "깽끼손가락",
        "chosung": "ㄲㄲㅅㄱㄹ",
        "type": "명사",
        "mean": "［방언］ '새끼손가락'의 방언(전북)."
    },
    "깽단": {
        "word": "깽단",
        "chosung": "ㄲㄷ",
        "type": "명사",
        "mean": "［북한어］ '갱단'의 북한어."
    },
    "깽대기": {
        "word": "깽대기",
        "chosung": "ㄲㄷㄱ",
        "type": "명사",
        "mean": "［방언］ '꿰미'의 방언(경남)."
    },
    "깽마구": {
        "word": "깽마구",
        "chosung": "ㄲㅁㄱ",
        "type": "명사",
        "mean": "［방언］ '꽹과리'의 방언(경북)."
    },
    "깽마깨이": {
        "word": "깽마깨이",
        "chosung": "ㄲㅁㄲㅇ",
        "type": "명사",
        "mean": "［방언］ '꽹과리'의 방언(경기, 경남, 황해)."
    },
    "깽매이": {
        "word": "깽매이",
        "chosung": "ㄲㅁㅇ",
        "type": "명사",
        "mean": "［방언］ '꽹과리'의 방언(경북)."
    },
    "깽비리": {
        "word": "깽비리",
        "chosung": "ㄲㅂㄹ",
        "type": "명사",
        "mean": " 어린아이나, 한 동아리 가운데 체구가 작은 사람을 낮잡아 이르는 말."
    },
    "깽새": {
        "word": "깽새",
        "chosung": "ㄲㅅ",
        "type": "명사",
        "mean": "［방언］ '꽹과리'의 방언(경북)."
    },
    "깽수": {
        "word": "깽수",
        "chosung": "ㄲㅅ",
        "type": "명사",
        "mean": "［방언］ '꽹과리'의 방언(경남)."
    },
    "깽이": {
        "word": "깽이",
        "chosung": "ㄲㅇ",
        "type": "명사",
        "mean": "［방언］ '괭이'의 방언(경상)."
    },
    "깽자리": {
        "word": "깽자리",
        "chosung": "ㄲㅈㄹ",
        "type": "명사",
        "mean": "［방언］ '잠자리'의 방언(경남)."
    },
    "깽증하다": {
        "word": "깽증하다",
        "chosung": "ㄲㅈㅎㄷ",
        "type": "형용사",
        "mean": "［방언］ '께느른하다'의 방언(평북)."
    },
    "깽지": {
        "word": "깽지",
        "chosung": "ㄲㅈ",
        "type": "명사",
        "mean": "［방언］ '밑싣개'의 방언(평북)."
    },
    "깽지근하다": {
        "word": "깽지근하다",
        "chosung": "ㄲㅈㄱㅎㄷ",
        "type": "형용사",
        "mean": "［방언］ '께느른하다'의 방언(평북)."
    },
    "깽지조개": {
        "word": "깽지조개",
        "chosung": "ㄲㅈㅈㄱ",
        "type": "명사",
        "mean": "조개의 하나. 조개껍데기는 얇으나 단단하고 부채 모양이다. 겉면은 밤색 또는 자갈색을 띠는데 물 깊이 약 40미터의 아연안대의 모래나 모래 진흙탕에서 산다. 동해 북부 연안, 경기·경남 연안에 분포한다. ≒살가지."
    },
    "깽판": {
        "word": "깽판",
        "chosung": "ㄲㅍ",
        "type": "명사",
        "mean": " 일을 훼방하거나 망치는 짓을 속되게 이르는 말."
    }
}