{
    "꺄룩": {
        "word": "꺄룩",
        "chosung": "ㄲㄹ",
        "type": "부사",
        "mean": " 무엇을 내다보거나 목구멍에 걸린 것을 삼키려고 목을 조금 길게 빼어 앞으로 내미는 모양."
    },
    "꺄룩꺄룩": {
        "word": "꺄룩꺄룩",
        "chosung": "ㄲㄹㄲㄹ",
        "type": "부사",
        "mean": " 무엇을 내다보거나 목구멍에 걸린 것을 삼키려고 목을 조금 길게 빼어 앞으로 자꾸 내미는 모양."
    },
    "꺄우듬": {
        "word": "꺄우듬",
        "chosung": "ㄲㅇㄷ",
        "type": "명사",
        "mean": "'꺄우듬하다'의 어근."
    },
    "꺄우뚱": {
        "word": "꺄우뚱",
        "chosung": "ㄲㅇㄸ",
        "type": "부사",
        "mean": " 물체가 한쪽으로 약간 갸울어지는 모양. '갸우뚱'보다 센 느낌을 준다."
    },
    "꺄우뚱꺄우뚱": {
        "word": "꺄우뚱꺄우뚱",
        "chosung": "ㄲㅇㄸㄲㅇㄸ",
        "type": "부사",
        "mean": " 물체가 자꾸 이쪽저쪽으로 갸울어지며 흔들리는 모양. '갸우뚱갸우뚱'보다 센 느낌을 준다."
    },
    "꺄우스름": {
        "word": "꺄우스름",
        "chosung": "ㄲㅇㅅㄹ",
        "type": "명사",
        "mean": "'꺄우스름하다'의 어근."
    },
    "꺄울거리다": {
        "word": "꺄울거리다",
        "chosung": "ㄲㅇㄱㄹㄷ",
        "type": "동사",
        "mean": "［북한어］1. 작은 물체가 이리저리 매우 깜찍하게 자꾸 기울어지다. ≒꺄울대다 . 2. 고개를 이리저리 기울이며 무엇을 자꾸 엿보거나 살피다. ≒꺄울대다 ."
    },
    "꺄울꺄울": {
        "word": "꺄울꺄울",
        "chosung": "ㄲㅇㄲㅇ",
        "type": "부사",
        "mean": "［북한어］1. 작은 물체가 이리저리 매우 깜찍하게 자꾸 기울어지는 모양. 2. 고개를 이리저리 기울이며 무엇을 자꾸 엿보거나 살피는 모양."
    },
    "꺄울다": {
        "word": "꺄울다",
        "chosung": "ㄲㅇㄷ",
        "type": "동사",
        "mean": " 비스듬하게 한쪽이 조금 낮아지거나 비뚤어지다. '갸울다'보다 센 느낌을 준다.［형용사］ 비스듬하여 한쪽이 조금 낮거나 비뚤다. '갸울다'보다 센 느낌을 준다."
    },
    "꺄울대다": {
        "word": "꺄울대다",
        "chosung": "ㄲㅇㄷㄷ",
        "type": "동사",
        "mean": "［북한어］1. =꺄울거리다 . 2. =꺄울거리다 ."
    },
    "꺄울딱": {
        "word": "꺄울딱",
        "chosung": "ㄲㅇㄸ",
        "type": "부사",
        "mean": "［북한어］ 작은 물체가 깜찍하게 한쪽으로 아주 많이 기울어지는 모양."
    },
    "꺄울딱꺄울딱": {
        "word": "꺄울딱꺄울딱",
        "chosung": "ㄲㅇㄸㄲㅇㄸ",
        "type": "부사",
        "mean": "［북한어］ 작은 물체가 깜찍하게 이리저리 자꾸 아주 많이 기울어지는 모양."
    },
    "꺄울어뜨리다": {
        "word": "꺄울어뜨리다",
        "chosung": "ㄲㅇㅇㄸㄹㄷ",
        "type": "동사",
        "mean": "『 …을』 갸울어지게 하다. '갸울어뜨리다'보다 센 느낌을 준다. ≒꺄울어트리다."
    },
    "꺄울어지다": {
        "word": "꺄울어지다",
        "chosung": "ㄲㅇㅇㅈㄷ",
        "type": "저",
        "mean": "), -지니〕［동사］ 비스듬하게 한쪽이 조금 낮아지거나 비뚤어지게 되다. '갸울어지다'보다 센 느낌을 준다."
    },
    "꺄울어트리다": {
        "word": "꺄울어트리다",
        "chosung": "ㄲㅇㅇㅌㄹㄷ",
        "type": "동사",
        "mean": "『 …을』 =꺄울어뜨리다."
    },
    "꺄울이다": {
        "word": "꺄울이다",
        "chosung": "ㄲㅇㅇㄷ",
        "type": "동사",
        "mean": "『 … 을』 '꺄울다'의 사동사."
    },
    "꺄웃": {
        "word": "꺄웃",
        "chosung": "ㄲㅇ",
        "type": "부사",
        "mean": " 고개나 몸 따위가 한쪽으로 조금 갸울어지는 모양. '갸웃'보다 센 느낌을 준다. ≒꺄웃이."
    },
    "꺄웃꺄웃": {
        "word": "꺄웃꺄웃",
        "chosung": "ㄲㅇㄲㅇ",
        "type": "부사",
        "mean": " 고개나 몸 따위가 이쪽저쪽으로 자꾸 조금씩 갸울어지는 모양. '갸웃갸웃'보다 센 느낌을 준다."
    },
    "꺄웃이": {
        "word": "꺄웃이",
        "chosung": "ㄲㅇㅇ",
        "type": "부사",
        "mean": " =꺄웃."
    }
}