{
    "꺼갱이": {
        "word": "꺼갱이",
        "chosung": "ㄲㄱㅇ",
        "type": "명사",
        "mean": "［방언］ '회충'의 방언(경상)."
    },
    "꺼겅": {
        "word": "꺼겅",
        "chosung": "ㄲㄱ",
        "type": "부사",
        "mean": "［북한어］ 꿩이 우는 소리."
    },
    "꺼겅꺼겅": {
        "word": "꺼겅꺼겅",
        "chosung": "ㄲㄱㄲㄱ",
        "type": "부사",
        "mean": "［북한어］ 꿩이 잇따라 우는 소리."
    },
    "꺼귀꺼귀": {
        "word": "꺼귀꺼귀",
        "chosung": "ㄲㄱㄲㄱ",
        "type": "부사",
        "mean": " 음식물을 입에 잔뜩 넣고 천천히 씹는 모양."
    },
    "꺼금하다": {
        "word": "꺼금하다",
        "chosung": "ㄲㄱㅎㄷ",
        "type": "형용사",
        "mean": "［방언］ '꺼림칙하다'의 방언(경기)."
    },
    "꺼깽이": {
        "word": "꺼깽이",
        "chosung": "ㄲㄲㅇ",
        "type": "명사",
        "mean": "［방언］ '거위'의 방언(경북)."
    },
    "꺼꺼부정하다": {
        "word": "꺼꺼부정하다",
        "chosung": "ㄲㄲㅂㅈㅎㄷ",
        "type": "형용사",
        "mean": "［북한어］ 몹시 꺼부정하다."
    },
    "꺼껄하다": {
        "word": "꺼껄하다",
        "chosung": "ㄲㄲㅎㄷ",
        "type": "형용사",
        "mean": "［방언］ '껄껄하다'의 방언(경남)."
    },
    "꺼껑이": {
        "word": "꺼껑이",
        "chosung": "ㄲㄲㅇ",
        "type": "명사",
        "mean": "［방언］ '지렁이'의 방언(경남)."
    },
    "꺼꾸": {
        "word": "꺼꾸",
        "chosung": "ㄲㄲ",
        "type": "명사",
        "mean": "［방언］ '회충'의 방언(강원)."
    },
    "꺼꾸대": {
        "word": "꺼꾸대",
        "chosung": "ㄲㄲㄷ",
        "type": "명사",
        "mean": "［방언］ '걸때'의 방언(함경)."
    },
    "꺼꾸러떠리다": {
        "word": "꺼꾸러떠리다",
        "chosung": "ㄲㄲㄹㄸㄹㄷ",
        "type": "동사",
        "mean": " '꺼꾸러뜨리다'의 잘못."
    },
    "꺼꾸러뜨리다": {
        "word": "꺼꾸러뜨리다",
        "chosung": "ㄲㄲㄹㄸㄹㄷ",
        "type": "동사",
        "mean": "『 …을』 1. 거꾸로 넘어지거나 엎어지게 하다. '거꾸러뜨리다'보다 센 느낌을 준다. ≒꺼꾸러트리다 ."
    },
    "꺼꾸러지다": {
        "word": "꺼꾸러지다",
        "chosung": "ㄲㄲㄹㅈㄷ",
        "type": "저",
        "mean": "), -지니〕［동사］ 1. 거꾸로 넘어지거나 엎어지다. '거꾸러지다'보다 센 느낌을 준다."
    },
    "꺼꾸러트리다": {
        "word": "꺼꾸러트리다",
        "chosung": "ㄲㄲㄹㅌㄹㄷ",
        "type": "동사",
        "mean": "『 …을』 1. =꺼꾸러뜨리다 . 2. =꺼꾸러뜨리다 . 3. =꺼꾸러뜨리다 ."
    },
    "꺼꾸로": {
        "word": "꺼꾸로",
        "chosung": "ㄲㄲㄹ",
        "type": "부사",
        "mean": " '거꾸로'의 잘못."
    },
    "꺼꾸룸하다": {
        "word": "꺼꾸룸하다",
        "chosung": "ㄲㄲㄹㅎㄷ",
        "type": "형용사",
        "mean": "［방언］ '꺼림하다'의 방언(경남)."
    },
    "꺼꾸룹다": {
        "word": "꺼꾸룹다",
        "chosung": "ㄲㄲㄹㄷ",
        "type": "형용사",
        "mean": "［방언］ '껄끄럽다'의 방언(경북)."
    },
    "꺼꾸리": {
        "word": "꺼꾸리",
        "chosung": "ㄲㄲㄹ",
        "type": "부사",
        "mean": "［방언］ '거꾸로'의 방언(경남)."
    },
    "꺼꾸박질": {
        "word": "꺼꾸박질",
        "chosung": "ㄲㄲㅂㅈ",
        "type": "명사",
        "mean": "［방언］ '곤두박질'의 방언(함북)."
    },
    "꺼꾸비통": {
        "word": "꺼꾸비통",
        "chosung": "ㄲㄲㅂㅌ",
        "type": "명사",
        "mean": "［방언］ '통발'의 방언(평북)."
    },
    "꺼꾸지": {
        "word": "꺼꾸지",
        "chosung": "ㄲㄲㅈ",
        "type": "명사",
        "mean": "［방언］ '지렁이'의 방언(경북)."
    },
    "꺼끄랭이": {
        "word": "꺼끄랭이",
        "chosung": "ㄲㄲㄹㅇ",
        "type": "명사",
        "mean": "［방언］ '꺼끄러기'의 방언(강원)."
    },
    "꺼끄러기": {
        "word": "꺼끄러기",
        "chosung": "ㄲㄲㄹㄱ",
        "type": "명사",
        "mean": " 벼나 보리 따위의 껄끄러운 수염. 또는 그 동강."
    },
    "꺼끌꺼끌": {
        "word": "꺼끌꺼끌",
        "chosung": "ㄲㄲㄲㄲ",
        "type": "부사",
        "mean": " 표면이 매우 거칠고 껄끄러운 모양."
    },
    "꺼끌복": {
        "word": "꺼끌복",
        "chosung": "ㄲㄲㅂ",
        "type": "명사",
        "mean": "《동물》참복과의 바닷물고기. 몸의 길이는 60cm 정도로 공 모양이며, 어두운 갈색 몸통에 등 쪽과 꼬리지느러미에 크고 작은 검은 반점이 많다. 몸 전체에 강한 가시가 있다. 한국, 일본, 말레이 제도 등지에 분포한다. (Arothron stellatus)"
    },
    "꺼끙그리다": {
        "word": "꺼끙그리다",
        "chosung": "ㄲㄲㄱㄹㄷ",
        "type": "동사",
        "mean": "『 …을』 겉곡식을 방아에 약간 쓿어 내다."
    },
    "꺼끼다": {
        "word": "꺼끼다",
        "chosung": "ㄲㄲㄷ",
        "type": "동사",
        "mean": " '께끼다'의 잘못."
    },
    "꺼낑이": {
        "word": "꺼낑이",
        "chosung": "ㄲㄲㅇ",
        "type": "명사",
        "mean": "［방언］ '지렁이'의 방언(경북)."
    },
    "꺼내다": {
        "word": "꺼내다",
        "chosung": "ㄲㄴㄷ",
        "type": "동사",
        "mean": "1. 『 …에서 …을』 속이나 안에 들어 있는 물건 따위를 손이나 도구를 이용하여 밖으로 나오게 하다."
    },
    "꺼내리다": {
        "word": "꺼내리다",
        "chosung": "ㄲㄴㄹㄷ",
        "type": "동사",
        "mean": "『 …을』 속이나 안에 들어 있는 물건 따위를 손이나 도구를 이용하여 밖으로 내서 아래쪽으로 내리다."
    },
    "꺼니": {
        "word": "꺼니",
        "chosung": "ㄲㄴ",
        "type": "어미",
        "mean": "［방언］ '-니까'의 방언(평안)."
    },
    "꺼다": {
        "word": "꺼다",
        "chosung": "ㄲㄷ",
        "type": "동사",
        "mean": " '끌다'의 잘못."
    },
    "꺼다리다": {
        "word": "꺼다리다",
        "chosung": "ㄲㄷㄹㄷ",
        "type": "동사",
        "mean": " '꺼당기다'의 잘못."
    },
    "꺼당기다": {
        "word": "꺼당기다",
        "chosung": "ㄲㄷㄱㄷ",
        "type": "동사",
        "mean": "『 …을』 앞으로 끌어당기다.【← 끗-+-어+당기-】"
    },
    "꺼덕": {
        "word": "꺼덕",
        "chosung": "ㄲㄷ",
        "type": "부사",
        "mean": "［북한어］ 고개나 손목 따위를 아래위로 가볍고 크게 한 번 움직이는 모양."
    },
    "꺼덕꺼덕": {
        "word": "꺼덕꺼덕",
        "chosung": "ㄲㄷㄲㄷ",
        "type": "부사",
        "mean": "［북한어］ 고개나 손목 따위를 아래위로 가볍고 크게 자꾸 움직이는 모양."
    },
    "꺼덕치다": {
        "word": "꺼덕치다",
        "chosung": "ㄲㄷㅊㄷ",
        "type": "처",
        "mean": "), -치니〕［형용사］ 모양 따위가 거칠고 막되어 어울리지 않다. '거덕치다'보다 센 느낌을 준다."
    },
    "꺼두르다": {
        "word": "꺼두르다",
        "chosung": "ㄲㄷㄹㄷ",
        "type": "동사",
        "mean": "『 …을』 움켜쥐고 함부로 휘두르다."
    },
    "꺼둘다": {
        "word": "꺼둘다",
        "chosung": "ㄲㄷㄷ",
        "type": "동사",
        "mean": "『 …을』 '꺼두르다'의 준말."
    },
    "꺼둘리다": {
        "word": "꺼둘리다",
        "chosung": "ㄲㄷㄹㄷ",
        "type": "동사",
        "mean": "『 …에/에게』 '꺼두르다'의 피동사."
    },
    "꺼드럭": {
        "word": "꺼드럭",
        "chosung": "ㄲㄷㄹ",
        "type": "명사",
        "mean": "'꺼드럭거리다'의 어근."
    },
    "꺼드럭꺼드럭": {
        "word": "꺼드럭꺼드럭",
        "chosung": "ㄲㄷㄹㄲㄷㄹ",
        "type": "부사",
        "mean": " 거만스럽게 잘난 체하며 자꾸 버릇없이 구는 모양. '거드럭거드럭'보다 센 느낌을 준다."
    },
    "꺼득꺼득": {
        "word": "꺼득꺼득",
        "chosung": "ㄲㄷㄲㄷ",
        "type": "부사",
        "mean": " '꺼덕꺼덕'의 잘못."
    },
    "꺼들": {
        "word": "꺼들",
        "chosung": "ㄲㄷ",
        "type": "명사",
        "mean": "'꺼들거리다'의 어근."
    },
    "꺼들꺼들": {
        "word": "꺼들꺼들",
        "chosung": "ㄲㄷㄲㄷ",
        "type": "부사",
        "mean": " '꺼드럭꺼드럭'의 준말."
    },
    "꺼들다": {
        "word": "꺼들다",
        "chosung": "ㄲㄷㄷ",
        "type": "동사",
        "mean": "『 …을』 1. 잡아 쥐고 당겨서 추켜들다."
    },
    "꺼들렁거리다": {
        "word": "꺼들렁거리다",
        "chosung": "ㄲㄷㄹㄱㄹㄷ",
        "type": "동사",
        "mean": "［북한어］ 매우 우쭐하여 멋없이 자꾸 서둘러 이리저리 왔다 갔다 하다. ≒꺼들렁대다."
    },
    "꺼들렁꺼들렁": {
        "word": "꺼들렁꺼들렁",
        "chosung": "ㄲㄷㄹㄲㄷㄹ",
        "type": "부사",
        "mean": "［북한어］ 매우 우쭐하여 멋없이 자꾸 서둘러 이리저리 왔다 갔다 하는 모양."
    },
    "꺼들렁대다": {
        "word": "꺼들렁대다",
        "chosung": "ㄲㄷㄹㄷㄷ",
        "type": "동사",
        "mean": "［북한어］ =꺼들렁거리다."
    },
    "꺼들리다": {
        "word": "꺼들리다",
        "chosung": "ㄲㄷㄹㄷ",
        "type": "동사",
        "mean": "『 (…을)』 1. '꺼들다'의 피동사."
    },
    "꺼들먹": {
        "word": "꺼들먹",
        "chosung": "ㄲㄷㅁ",
        "type": "명사",
        "mean": "'꺼들먹거리다'의 어근."
    },
    "꺼들먹꺼들먹": {
        "word": "꺼들먹꺼들먹",
        "chosung": "ㄲㄷㅁㄲㄷㅁ",
        "type": "부사",
        "mean": " 신이 나서 잘난 체하며 자꾸 함부로 거만하게 행동하는 모양. '거들먹거들먹'보다 센 느낌을 준다."
    },
    "꺼들이기": {
        "word": "꺼들이기",
        "chosung": "ㄲㄷㅇㄱ",
        "type": "명사",
        "mean": "［북한어］ 어떤 한계선의 밖에 있는 것을 한계선 안으로 끌어들이는 일."
    },
    "꺼들이다": {
        "word": "꺼들이다",
        "chosung": "ㄲㄷㅇㄷ",
        "type": "동사",
        "mean": "━ ⅰ『 …을 …으로』 물체나 사람 따위를 당겨서 안이나 속으로 들어오게 하다."
    },
    "꺼떡": {
        "word": "꺼떡",
        "chosung": "ㄲㄸ",
        "type": "부사",
        "mean": "［북한어］ 고개나 손목 따위를 아래위로 크고 세게 한 번 움직이는 모양."
    },
    "꺼떡꺼떡": {
        "word": "꺼떡꺼떡",
        "chosung": "ㄲㄸㄲㄸ",
        "type": "부사",
        "mean": "［북한어］ 고개나 손목 따위를 아래위로 크고 세게 자꾸 움직이는 모양."
    },
    "꺼뚜기": {
        "word": "꺼뚜기",
        "chosung": "ㄲㄸㄱ",
        "type": "명사",
        "mean": "［방언］ '나막신'의 방언(황해)."
    },
    "꺼뚜부리": {
        "word": "꺼뚜부리",
        "chosung": "ㄲㄸㅂㄹ",
        "type": "명사",
        "mean": "［방언］ '겉'의 방언(평북)."
    },
    "꺼뜨럭": {
        "word": "꺼뜨럭",
        "chosung": "ㄲㄸㄹ",
        "type": "명사",
        "mean": "'꺼뜨럭거리다'의 어근."
    },
    "꺼뜨럭꺼뜨럭": {
        "word": "꺼뜨럭꺼뜨럭",
        "chosung": "ㄲㄸㄹㄲㄸㄹ",
        "type": "부사",
        "mean": " 거만스럽게 잘난 체하며 자꾸 버릇없이 구는 모양. '거드럭거드럭'보다 아주 센 느낌을 준다."
    },
    "꺼뜨리다": {
        "word": "꺼뜨리다",
        "chosung": "ㄲㄸㄹㄷ",
        "type": "동사",
        "mean": "『 …을』 1. 실수나 부주의 따위로 불을 꺼지게 하다. ≒꺼트리다 ."
    },
    "꺼뜰거리다": {
        "word": "꺼뜰거리다",
        "chosung": "ㄲㄸㄱㄹㄷ",
        "type": "동사",
        "mean": "［북한어］ 거만스럽게 잘난 체하며 자꾸 몹시 버릇없이 굴다. ≒꺼뜰대다."
    },
    "꺼뜰꺼뜰": {
        "word": "꺼뜰꺼뜰",
        "chosung": "ㄲㄸㄲㄸ",
        "type": "부사",
        "mean": "［북한어］ 거만스럽게 잘난 체하며 자꾸 몹시 버릇없이 구는 모양."
    },
    "꺼뜰대다": {
        "word": "꺼뜰대다",
        "chosung": "ㄲㄸㄷㄷ",
        "type": "동사",
        "mean": "［북한어］ =꺼뜰거리다."
    },
    "꺼뜰렁거리다": {
        "word": "꺼뜰렁거리다",
        "chosung": "ㄲㄸㄹㄱㄹㄷ",
        "type": "동사",
        "mean": "［북한어］ 매우 가벼운 행동으로 멋없이 우쭐하다. ≒꺼뜰렁대다."
    },
    "꺼뜰렁꺼뜰렁": {
        "word": "꺼뜰렁꺼뜰렁",
        "chosung": "ㄲㄸㄹㄲㄸㄹ",
        "type": "부사",
        "mean": "［북한어］ 매우 가벼운 행동으로 멋없이 우쭐하는 모양."
    },
    "꺼뜰렁대다": {
        "word": "꺼뜰렁대다",
        "chosung": "ㄲㄸㄹㄷㄷ",
        "type": "동사",
        "mean": "［북한어］ =꺼뜰렁거리다."
    },
    "꺼뜰먹거리다": {
        "word": "꺼뜰먹거리다",
        "chosung": "ㄲㄸㅁㄱㄹㄷ",
        "type": "동사",
        "mean": "［북한어］ 매우 거만하게 행동하다. ≒꺼뜰먹대다."
    },
    "꺼뜰먹꺼뜰먹": {
        "word": "꺼뜰먹꺼뜰먹",
        "chosung": "ㄲㄸㅁㄲㄸㅁ",
        "type": "부사",
        "mean": "［북한어］ 매우 거만하게 행동하는 모양."
    },
    "꺼뜰먹대다": {
        "word": "꺼뜰먹대다",
        "chosung": "ㄲㄸㅁㄷㄷ",
        "type": "동사",
        "mean": "［북한어］ =꺼뜰먹거리다."
    },
    "꺼러기": {
        "word": "꺼러기",
        "chosung": "ㄲㄹㄱ",
        "type": "명사",
        "mean": " '꺼끄러기'의 준말."
    },
    "꺼럭": {
        "word": "꺼럭",
        "chosung": "ㄲㄹ",
        "type": "명사",
        "mean": "［방언］ '털'의 방언(제주)."
    },
    "꺼럽다": {
        "word": "꺼럽다",
        "chosung": "ㄲㄹㄷ",
        "type": "형용사",
        "mean": "［방언］ '껄끄럽다'의 방언(전남, 제주)."
    },
    "꺼레매다": {
        "word": "꺼레매다",
        "chosung": "ㄲㄹㅁㄷ",
        "type": "동사",
        "mean": "［방언］ '꿰매다'의 방언(평안)."
    },
    "꺼레질": {
        "word": "꺼레질",
        "chosung": "ㄲㄹㅈ",
        "type": "명사",
        "mean": "'걸기질'의 잘못."
    },
    "꺼룩하다": {
        "word": "꺼룩하다",
        "chosung": "ㄲㄹㅎㄷ",
        "type": "형용사",
        "mean": "［북한어］ 액체 따위가 조금 걸쭉하다."
    },
    "꺼리": {
        "word": "꺼리",
        "chosung": "ㄲㄹ",
        "type": "명사",
        "mean": " '껑거리'의 잘못."
    },
    "꺼리끈": {
        "word": "꺼리끈",
        "chosung": "ㄲㄹㄲ",
        "type": "명사",
        "mean": "［방언］ '껑거리끈'의 방언(경기)."
    },
    "꺼리다": {
        "word": "꺼리다",
        "chosung": "ㄲㄹㄷ",
        "type": "동사",
        "mean": "━ ⅰ『 …을』『 -기를』 사물이나 일 따위가 자신에게 해가 될까 하여 피하거나 싫어하다."
    },
    "꺼리미": {
        "word": "꺼리미",
        "chosung": "ㄲㄹㅁ",
        "type": "명사",
        "mean": "［방언］ '꾸러미'의 방언(경남)."
    },
    "꺼림": {
        "word": "꺼림",
        "chosung": "ㄲㄹ",
        "type": "명사",
        "mean": "'꺼림하다'의 어근."
    },
    "꺼림직이": {
        "word": "꺼림직이",
        "chosung": "ㄲㄹㅈㅇ",
        "type": "부사",
        "mean": "［북한어］ '꺼림칙이'의 북한어."
    },
    "꺼림직하다": {
        "word": "꺼림직하다",
        "chosung": "ㄲㄹㅈㅎㄷ",
        "type": "형용사",
        "mean": "1. '꺼림칙하다'의 잘못. 2. ［북한어］ '꺼림칙하다'의 북한어."
    },
    "꺼림칙": {
        "word": "꺼림칙",
        "chosung": "ㄲㄹㅊ",
        "type": "명사",
        "mean": "'꺼림칙하다'의 어근."
    },
    "꺼림칙스럽다": {
        "word": "꺼림칙스럽다",
        "chosung": "ㄲㄹㅊㅅㄹㄷ",
        "type": "형용사",
        "mean": "『 …이』『 -기가』 보기에 거리끼어 언짢은 데가 있다."
    },
    "꺼림텁텁": {
        "word": "꺼림텁텁",
        "chosung": "ㄲㄹㅌㅌ",
        "type": "명사",
        "mean": "'꺼림텁텁하다'의 어근."
    },
    "꺼마": {
        "word": "꺼마",
        "chosung": "ㄲㅁ",
        "type": "어미",
        "mean": "［방언］ '-ㄹ게'의 방언(경남)."
    },
    "꺼매다": {
        "word": "꺼매다",
        "chosung": "ㄲㅁㄷ",
        "type": "동사",
        "mean": "［방언］ '꿰매다'의 방언(평안)."
    },
    "꺼머멀쑥": {
        "word": "꺼머멀쑥",
        "chosung": "ㄲㅁㅁㅆ",
        "type": "명사",
        "mean": "'꺼머멀쑥하다'의 어근."
    },
    "꺼머무트름": {
        "word": "꺼머무트름",
        "chosung": "ㄲㅁㅁㅌㄹ",
        "type": "명사",
        "mean": "'꺼머무트름하다'의 어근."
    },
    "꺼머번드르": {
        "word": "꺼머번드르",
        "chosung": "ㄲㅁㅂㄷㄹ",
        "type": "명사",
        "mean": "'꺼머번드르하다'의 어근."
    },
    "꺼머번지르": {
        "word": "꺼머번지르",
        "chosung": "ㄲㅁㅂㅈㄹ",
        "type": "명사",
        "mean": "'꺼머번지르하다'의 어근."
    },
    "꺼먹": {
        "word": "꺼먹",
        "chosung": "ㄲㅁ",
        "type": "명사",
        "mean": "'꺼먹거리다'의 어근."
    },
    "꺼먹깨": {
        "word": "꺼먹깨",
        "chosung": "ㄲㅁㄲ",
        "type": "명사",
        "mean": "［방언］ '주근깨'의 방언(경남, 충청)."
    },
    "꺼먹꺼먹": {
        "word": "꺼먹꺼먹",
        "chosung": "ㄲㅁㄲㅁ",
        "type": "부사",
        "mean": "1. '끄먹끄먹'의 잘못. 2. ［북한어］ 희미하고 큰 불빛이 자꾸 꺼지려다 살아나곤 하는 모양."
    },
    "꺼먹창": {
        "word": "꺼먹창",
        "chosung": "ㄲㅁㅊ",
        "type": "명사",
        "mean": "［방언］ '검은자위'의 방언(충북)."
    },
    "꺼먼빛": {
        "word": "꺼먼빛",
        "chosung": "ㄲㅁㅂ",
        "type": "명사",
        "mean": " 어둡고 짙게 검은 빛."
    },
    "꺼먼색": {
        "word": "꺼먼색",
        "chosung": "ㄲㅁㅅ",
        "type": "명사",
        "mean": " 어둡고 짙게 검은 색."
    },
    "꺼멍": {
        "word": "꺼멍",
        "chosung": "ㄲㅁ",
        "type": "명사",
        "mean": "［방언］1. '그을음'의 방언(경북). 2. 그을음의 덩어리(경북)."
    },
    "꺼멍이": {
        "word": "꺼멍이",
        "chosung": "ㄲㅁㅇ",
        "type": "명사",
        "mean": " '껌정이'의 잘못."
    },
    "꺼멓다": {
        "word": "꺼멓다",
        "chosung": "ㄲㅁㄷ",
        "type": "형용사",
        "mean": " 물체의 빛깔이 조금 지나치게 검다. '거멓다'보다 센 느낌을 준다."
    },
    "꺼메지다": {
        "word": "꺼메지다",
        "chosung": "ㄲㅁㅈㄷ",
        "type": "저",
        "mean": "), -지니〕［동사］ 꺼멓게 되다."
    },
    "꺼무께": {
        "word": "꺼무께",
        "chosung": "ㄲㅁㄲ",
        "type": "명사",
        "mean": "'꺼무께하다'의 어근."
    },
    "꺼무꾸룸하다": {
        "word": "꺼무꾸룸하다",
        "chosung": "ㄲㅁㄲㄹㅎㄷ",
        "type": "형용사",
        "mean": "［방언］ '꺼무스름하다'의 방언(경남)."
    },
    "꺼무끄름": {
        "word": "꺼무끄름",
        "chosung": "ㄲㅁㄲㄹ",
        "type": "명사",
        "mean": "'꺼무끄름하다'의 어근."
    },
    "꺼무데데": {
        "word": "꺼무데데",
        "chosung": "ㄲㅁㄷㄷ",
        "type": "명사",
        "mean": "'꺼무데데하다'의 어근."
    },
    "꺼무뎅뎅": {
        "word": "꺼무뎅뎅",
        "chosung": "ㄲㅁㄷㄷ",
        "type": "명사",
        "mean": "'꺼무뎅뎅하다'의 어근."
    },
    "꺼무럭거리다": {
        "word": "꺼무럭거리다",
        "chosung": "ㄲㅁㄹㄱㄹㄷ",
        "type": "동사",
        "mean": "［북한어］1. 약한 불빛이 거의 꺼질 듯 말 듯 계속 비치다. ≒꺼무럭대다 . 2. 조금 느리고 멋없이 눈을 자꾸 껌벅이다. ≒꺼무럭대다 ."
    },
    "꺼무럭꺼무럭": {
        "word": "꺼무럭꺼무럭",
        "chosung": "ㄲㅁㄹㄲㅁㄹ",
        "type": "부사",
        "mean": "［북한어］1. 약한 불빛이 거의 꺼질 듯 말 듯 계속 비치는 모양."
    },
    "꺼무럭대다": {
        "word": "꺼무럭대다",
        "chosung": "ㄲㅁㄹㄷㄷ",
        "type": "동사",
        "mean": "［북한어］1. =꺼무럭거리다 . 2. =꺼무럭거리다 ."
    },
    "꺼무레": {
        "word": "꺼무레",
        "chosung": "ㄲㅁㄹ",
        "type": "명사",
        "mean": "'꺼무레하다'의 어근."
    },
    "꺼무리": {
        "word": "꺼무리",
        "chosung": "ㄲㅁㄹ",
        "type": "명사",
        "mean": "［방언］ '껍질'의 방언(강원)."
    },
    "꺼무숙숙": {
        "word": "꺼무숙숙",
        "chosung": "ㄲㅁㅅㅅ",
        "type": "명사",
        "mean": "'꺼무숙숙하다'의 어근."
    },
    "꺼무스레": {
        "word": "꺼무스레",
        "chosung": "ㄲㅁㅅㄹ",
        "type": "부사",
        "mean": "［북한어］ 조금 껌게."
    },
    "꺼무스름": {
        "word": "꺼무스름",
        "chosung": "ㄲㅁㅅㄹ",
        "type": "명사",
        "mean": "'꺼무스름하다'의 어근."
    },
    "꺼무슥하다": {
        "word": "꺼무슥하다",
        "chosung": "ㄲㅁㅅㅎㄷ",
        "type": "형용사",
        "mean": "1. '꺼뭇하다'의 잘못. 2. ［북한어］ 약간 꺼뭇하다."
    },
    "꺼무접접": {
        "word": "꺼무접접",
        "chosung": "ㄲㅁㅈㅈ",
        "type": "명사",
        "mean": "'꺼무접접하다'의 어근."
    },
    "꺼무죽죽": {
        "word": "꺼무죽죽",
        "chosung": "ㄲㅁㅈㅈ",
        "type": "명사",
        "mean": "'꺼무죽죽하다'의 어근."
    },
    "꺼무충충": {
        "word": "꺼무충충",
        "chosung": "ㄲㅁㅊㅊ",
        "type": "명사",
        "mean": "'꺼무충충하다'의 어근."
    },
    "꺼무칙칙": {
        "word": "꺼무칙칙",
        "chosung": "ㄲㅁㅊㅊ",
        "type": "명사",
        "mean": "'꺼무칙칙하다'의 어근."
    },
    "꺼무테테하다": {
        "word": "꺼무테테하다",
        "chosung": "ㄲㅁㅌㅌㅎㄷ",
        "type": "형용사",
        "mean": "1. '꺼무튀튀하다'의 잘못. 2. ［북한어］ 탁하게 꺼무스름하다."
    },
    "꺼무튀튀": {
        "word": "꺼무튀튀",
        "chosung": "ㄲㅁㅌㅌ",
        "type": "명사",
        "mean": "'꺼무튀튀하다'의 어근."
    },
    "꺼무트름": {
        "word": "꺼무트름",
        "chosung": "ㄲㅁㅌㄹ",
        "type": "명사",
        "mean": "'꺼무트름하다'의 어근."
    },
    "꺼문창": {
        "word": "꺼문창",
        "chosung": "ㄲㅁㅊ",
        "type": "명사",
        "mean": "［방언］ '검은자위'의 방언(경남)."
    },
    "꺼물": {
        "word": "꺼물",
        "chosung": "ㄲㅁ",
        "type": "명사",
        "mean": "'꺼물거리다'의 어근."
    },
    "꺼물꺼물": {
        "word": "꺼물꺼물",
        "chosung": "ㄲㅁㄲㅁ",
        "type": "부사",
        "mean": "1. 약한 불빛 따위가 사라질 듯 말 듯 움직이는 모양. '거물거물'보다 센 느낌을 준다. 2. 멀리 있는 물체가 보일 듯 말 듯 희미하게 움직이는 모양. '거물거물'보다 센 느낌을 준다. 3. 의식이나 기억이 희미해져서 정신이 있는 둥 없는 둥 하는 모양. '거물거물'보다 센 느낌을 준다."
    },
    "꺼뭇": {
        "word": "꺼뭇",
        "chosung": "ㄲㅁ",
        "type": "명사",
        "mean": "'꺼뭇하다'의 어근."
    },
    "꺼뭇꺼뭇": {
        "word": "꺼뭇꺼뭇",
        "chosung": "ㄲㅁㄲㅁ",
        "type": "부사",
        "mean": "1. 군데군데 꺼무스름한 모양. ≒꺼뭇꺼뭇이 ."
    },
    "꺼뭇꺼뭇이": {
        "word": "꺼뭇꺼뭇이",
        "chosung": "ㄲㅁㄲㅁㅇ",
        "type": "부사",
        "mean": "1. =꺼뭇꺼뭇 . 2. =꺼뭇꺼뭇 ."
    },
    "꺼뭉": {
        "word": "꺼뭉",
        "chosung": "ㄲㅁ",
        "type": "명사",
        "mean": "［방언］ '검댕'의 방언(경북)."
    },
    "꺼밋꺼밋": {
        "word": "꺼밋꺼밋",
        "chosung": "ㄲㅁㄲㅁ",
        "type": "부사",
        "mean": "［북한어］ 색깔이 군데군데 매우 검은 듯한 모양."
    },
    "꺼밋하다": {
        "word": "꺼밋하다",
        "chosung": "ㄲㅁㅎㄷ",
        "type": "형용사",
        "mean": "［북한어］ 색깔이 매우 검은 듯하다."
    },
    "꺼벅": {
        "word": "꺼벅",
        "chosung": "ㄲㅂ",
        "type": "부사",
        "mean": "1. 머리나 몸을 멋쩍게 한 번 숙였다 드는 모양. 2. ［북한어］ 큰 불빛이 꺼질 듯하다가 되살아나는 모양. 3. ［북한어］ 큰 눈을 멋없이 얼핏 감았다 뜨는 모양."
    },
    "꺼벅꺼벅": {
        "word": "꺼벅꺼벅",
        "chosung": "ㄲㅂㄲㅂ",
        "type": "부사",
        "mean": "1. 머리나 몸을 멋쩍게 자꾸 숙였다 들었다 하는 모양. 2. ［북한어］ 큰 불빛이 자꾸 꺼질 듯하다가 되살아나는 모양. 3. ［북한어］ 큰 눈을 자꾸 멋없이 얼핏 감았다 떴다 하는 모양."
    },
    "꺼벅눈": {
        "word": "꺼벅눈",
        "chosung": "ㄲㅂㄴ",
        "type": "명사",
        "mean": "［북한어］ 자꾸 꺼벅거리는 눈. 또는 그런 동작을 하는 사람."
    },
    "꺼벙": {
        "word": "꺼벙",
        "chosung": "ㄲㅂ",
        "type": "명사",
        "mean": "'꺼벙하다'의 어근."
    },
    "꺼벙이": {
        "word": "꺼벙이",
        "chosung": "ㄲㅂㅇ",
        "type": "명사",
        "mean": " 성격이 야무지지 못하고 조금 모자란 듯한 사람을 낮잡아 이르는 말."
    },
    "꺼병이": {
        "word": "꺼병이",
        "chosung": "ㄲㅂㅇ",
        "type": "명사",
        "mean": "1. 꿩의 어린 새끼. 2. 옷차림 따위의 겉모습이 잘 어울리지 않고 거칠게 생긴 사람을 비유적으로 이르는 말."
    },
    "꺼부래지다": {
        "word": "꺼부래지다",
        "chosung": "ㄲㅂㄹㅈㄷ",
        "type": "동사",
        "mean": "［방언］ '꺼꾸러지다'의 방언(경북)."
    },
    "꺼부러기": {
        "word": "꺼부러기",
        "chosung": "ㄲㅂㄹㄱ",
        "type": "명사",
        "mean": "［방언］ '검부러기'의 방언(경남)."
    },
    "꺼부러뜨리다": {
        "word": "꺼부러뜨리다",
        "chosung": "ㄲㅂㄹㄸㄹㄷ",
        "type": "동사",
        "mean": "『 …을』 많은 힘을 써서 물체를 꺼꾸러지게 하다."
    },
    "꺼부러지다": {
        "word": "꺼부러지다",
        "chosung": "ㄲㅂㄹㅈㄷ",
        "type": "저",
        "mean": "), -지니〕［동사］1. 큰 물체의 높이나 부피 따위가 점점 줄어지다. 2. 기운이 빠져 몸이 구부러지거나 생기가 없이 아주 나른해지다."
    },
    "꺼부렁꺼부렁": {
        "word": "꺼부렁꺼부렁",
        "chosung": "ㄲㅂㄹㄲㅂㄹ",
        "type": "부사",
        "mean": "［북한어］ 여럿이 다 이리저리 꾸부러진 모양."
    },
    "꺼부렁하다": {
        "word": "꺼부렁하다",
        "chosung": "ㄲㅂㄹㅎㄷ",
        "type": "형용사",
        "mean": "［북한어］ 조금 꺼부러져 있다."
    },
    "꺼부적거리다": {
        "word": "꺼부적거리다",
        "chosung": "ㄲㅂㅈㄱㄹㄷ",
        "type": "동사",
        "mean": "［방언］ '끼적거리다'의 방언(평북)."
    },
    "꺼부적꺼부적": {
        "word": "꺼부적꺼부적",
        "chosung": "ㄲㅂㅈㄲㅂㅈ",
        "type": "부사",
        "mean": "［방언］ '끼적끼적'의 방언(평북)."
    },
    "꺼부정거리다": {
        "word": "꺼부정거리다",
        "chosung": "ㄲㅂㅈㄱㄹㄷ",
        "type": "동사",
        "mean": "［북한어］ 꺼부러져 보이게 자꾸 움직이다. ≒꺼부정대다."
    },
    "꺼부정꺼부정": {
        "word": "꺼부정꺼부정",
        "chosung": "ㄲㅂㅈㄲㅂㅈ",
        "type": "부사",
        "mean": "［북한어］ 꺼부러져 보이게 자꾸 움직이는 모양."
    },
    "꺼부정대다": {
        "word": "꺼부정대다",
        "chosung": "ㄲㅂㅈㄷㄷ",
        "type": "동사",
        "mean": "［북한어］ =꺼부정거리다."
    },
    "꺼부정하다": {
        "word": "꺼부정하다",
        "chosung": "ㄲㅂㅈㅎㄷ",
        "type": "형용사",
        "mean": "［북한어］ 사람의 몸, 허리, 팔, 다리 따위가 안쪽으로 꺼부러져 있다."
    },
    "꺼부지기": {
        "word": "꺼부지기",
        "chosung": "ㄲㅂㅈㄱ",
        "type": "명사",
        "mean": "［방언］ '검부저기'의 방언(경남)."
    },
    "꺼분거리다": {
        "word": "꺼분거리다",
        "chosung": "ㄲㅂㄱㄹㄷ",
        "type": "동사",
        "mean": "［북한어］ 끈기가 적은 물건이 약하게 자꾸 들러붙다. ≒꺼분대다."
    },
    "꺼분꺼분": {
        "word": "꺼분꺼분",
        "chosung": "ㄲㅂㄲㅂ",
        "type": "부사",
        "mean": "［북한어］ 끈기가 적은 물건이 약하게 자꾸 들러붙는 모양."
    },
    "꺼분대다": {
        "word": "꺼분대다",
        "chosung": "ㄲㅂㄷㄷ",
        "type": "동사",
        "mean": "［북한어］ =꺼분거리다."
    },
    "꺼불": {
        "word": "꺼불",
        "chosung": "ㄲㅂ",
        "type": "명사",
        "mean": "［방언］ '검불'의 방언(경남)."
    },
    "꺼불꺼불": {
        "word": "꺼불꺼불",
        "chosung": "ㄲㅂㄲㅂ",
        "type": "부사",
        "mean": "1. 거볍게 자꾸 흔들려 움직이는 모양. '거불거불'보다 센 느낌을 준다."
    },
    "꺼불다": {
        "word": "꺼불다",
        "chosung": "ㄲㅂㄷ",
        "type": "동사",
        "mean": "1. 『 (…을)』 위아래로 느릿느릿 흔들리다. 또는 그렇게 하다. 2. 멋없이 가볍고 방정맞게 행동하다."
    },
    "꺼불떡": {
        "word": "꺼불떡",
        "chosung": "ㄲㅂㄸ",
        "type": "부사",
        "mean": "［북한어］ 큰 것이 몸을 한 번 둔하게 굽혔다 펴는 모양."
    },
    "꺼불떡꺼불떡": {
        "word": "꺼불떡꺼불떡",
        "chosung": "ㄲㅂㄸㄲㅂㄸ",
        "type": "부사",
        "mean": "［북한어］ 큰 것이 몸을 둔하게 굽혔다 폈다 하며 자꾸 움직이는 모양."
    },
    "꺼불렁꺼불렁": {
        "word": "꺼불렁꺼불렁",
        "chosung": "ㄲㅂㄹㄲㅂㄹ",
        "type": "부사",
        "mean": "［북한어］ 머리카락이나 줄 따위가 이리저리 꺼부러져 있는 모양."
    },
    "꺼불렁하다": {
        "word": "꺼불렁하다",
        "chosung": "ㄲㅂㄹㅎㄷ",
        "type": "형용사",
        "mean": "［북한어］ 머리카락이나 줄 따위가 꺼부러져 있다."
    },
    "꺼불쩍": {
        "word": "꺼불쩍",
        "chosung": "ㄲㅂㅉ",
        "type": "부사",
        "mean": "［북한어］ 크고 둔하게 몸을 한 번 움직이는 모양."
    },
    "꺼불쩍꺼불쩍": {
        "word": "꺼불쩍꺼불쩍",
        "chosung": "ㄲㅂㅉㄲㅂㅉ",
        "type": "부사",
        "mean": "［북한어］ 크고 둔하게 몸을 자꾸 움직이는 모양."
    },
    "꺼뿌시시하다": {
        "word": "꺼뿌시시하다",
        "chosung": "ㄲㅃㅅㅅㅎㄷ",
        "type": "형용사",
        "mean": "［방언］ '에부수수하다'의 방언(평북)."
    },
    "꺼삐딴리": {
        "word": "꺼삐딴리",
        "chosung": "ㄲㅃㄸㄹ",
        "type": "명사",
        "mean": "전광용이 지은 단편 소설. 일제 말기와 광복을 거쳐 625 전쟁 후에 이르는 시대를 배경으로, 시대의 흐름에 따라 끊임없는 변신을 거듭하면서 개인적 영달을 이루어 온 기회주의적 인간에 대하여 비판적으로 풍자하였다."
    },
    "꺼새이": {
        "word": "꺼새이",
        "chosung": "ㄲㅅㅇ",
        "type": "명사",
        "mean": "［방언］ '회충'의 방언(전라, 충남)."
    },
    "꺼스러기": {
        "word": "꺼스러기",
        "chosung": "ㄲㅅㄹㄱ",
        "type": "명사",
        "mean": " '거스러미'의 잘못."
    },
    "꺼스렁이": {
        "word": "꺼스렁이",
        "chosung": "ㄲㅅㄹㅇ",
        "type": "명사",
        "mean": " '거스러미'의 잘못."
    },
    "꺼스스": {
        "word": "꺼스스",
        "chosung": "ㄲㅅㅅ",
        "type": "부사",
        "mean": "［북한어］ 사람이나 짐승의 털이 매우 거칠게 일어나 있는 모양."
    },
    "꺼슬꺼슬": {
        "word": "꺼슬꺼슬",
        "chosung": "ㄲㅅㄲㅅ",
        "type": "부사",
        "mean": "1. 살결이나 물건의 거죽이 매끄럽지 않고 꺼칠하거나 뻣뻣한 모양. '거슬거슬'보다 센 느낌을 준다. 2. 성질이 부드럽지 못하고 매우 거친 모양. '거슬거슬'보다 센 느낌을 준다."
    },
    "꺼슬하다": {
        "word": "꺼슬하다",
        "chosung": "ㄲㅅㅎㄷ",
        "type": "형용사",
        "mean": "［북한어］ 몹시 거칠고 뻣뻣한 느낌이 있다."
    },
    "꺼시러기": {
        "word": "꺼시러기",
        "chosung": "ㄲㅅㄹㄱ",
        "type": "명사",
        "mean": " '거스러미'의 잘못."
    },
    "꺼시렁": {
        "word": "꺼시렁",
        "chosung": "ㄲㅅㄹ",
        "type": "명사",
        "mean": "［방언］ '거스러미'의 방언(경북)."
    },
    "꺼시배": {
        "word": "꺼시배",
        "chosung": "ㄲㅅㅂ",
        "type": "명사",
        "mean": "［방언］ '거위배'의 방언(경상)."
    },
    "꺼시시": {
        "word": "꺼시시",
        "chosung": "ㄲㅅㅅ",
        "type": "부사",
        "mean": " 사람이나 짐승의 털 따위가 꽤 거칠게 일어나 있는 모양."
    },
    "꺼실꺼실": {
        "word": "꺼실꺼실",
        "chosung": "ㄲㅅㄲㅅ",
        "type": "부사",
        "mean": "1. '꺼슬꺼슬'의 잘못. 2. ［북한어］ 살결이나 물체의 거죽이 여럿이 다 꺼칠하거나 몹시 꺼칠한 모양."
    },
    "꺼실다": {
        "word": "꺼실다",
        "chosung": "ㄲㅅㄷ",
        "type": "동사",
        "mean": "［방언］ '거스르다'의 방언(경북)."
    },
    "꺼실하다": {
        "word": "꺼실하다",
        "chosung": "ㄲㅅㅎㄷ",
        "type": "형용사",
        "mean": "［북한어］1. 살결이나 물체의 거죽이 아주 부드럽지 못하고 몹시 꺼칠하다. 2. 털 같은 것이 기름기가 거의 없이 뻣뻣하다."
    },
    "꺼오다": {
        "word": "꺼오다",
        "chosung": "ㄲㅇㄷ",
        "type": "동사",
        "mean": "+-어+오-】"
    },
    "꺼올리다": {
        "word": "꺼올리다",
        "chosung": "ㄲㅇㄹㄷ",
        "type": "동사",
        "mean": "『 …을』 잡아 쥐고 당겨서 위로 올리다.【←* -[＜□□ 다＜ 그□ 다≪월인석보(1459)≫ ]+-어+올-+-리-】"
    },
    "꺼우탕": {
        "word": "꺼우탕",
        "chosung": "ㄲㅇㅌ",
        "type": "명사",
        "mean": "［방언］ '개장국'의 방언(평북)."
    },
    "꺼이": {
        "word": "꺼이",
        "chosung": "ㄲㅇ",
        "type": "명사",
        "mean": "［방언］ '거위'의 방언(평북)."
    },
    "꺼이꺼이": {
        "word": "꺼이꺼이",
        "chosung": "ㄲㅇㄲㅇ",
        "type": "부사",
        "mean": "［북한어］ 일을 혼자서 애써 하는 모양."
    },
    "꺼입다": {
        "word": "꺼입다",
        "chosung": "ㄲㅇㄷ",
        "type": "동사",
        "mean": "［방언］ '껴입다'의 방언(경남)."
    },
    "꺼재기": {
        "word": "꺼재기",
        "chosung": "ㄲㅈㄱ",
        "type": "명사",
        "mean": "［방언］ '거적'의 방언(경남)."
    },
    "꺼정": {
        "word": "꺼정",
        "chosung": "ㄲㅈ",
        "type": "조사",
        "mean": "［방언］ '까지'의 방언(경상, 충북, 함경)."
    },
    "꺼주다": {
        "word": "꺼주다",
        "chosung": "ㄲㅈㄷ",
        "type": "동사",
        "mean": "［방언］ '꺼뜨리다'의 방언(경남)."
    },
    "꺼지다": {
        "word": "꺼지다",
        "chosung": "ㄲㅈㄷ",
        "type": "동사",
        "mean": "1. 불 따위가 사라져 없어지거나 걸렸던 시동이 도로 죽다."
    },
    "꺼지럼": {
        "word": "꺼지럼",
        "chosung": "ㄲㅈㄹ",
        "type": "명사",
        "mean": "［방언］ '그을음'의 방언(경북)."
    },
    "꺼직때기": {
        "word": "꺼직때기",
        "chosung": "ㄲㅈㄸㄱ",
        "type": "명사",
        "mean": "［방언］1. '거적때기'의 방언(경남). 2. '거적'의 방언(경상)."
    },
    "꺼짐": {
        "word": "꺼짐",
        "chosung": "ㄲㅈ",
        "type": "조사",
        "mean": "［방언］ '까지'의 방언(강원)."
    },
    "꺼추리하다": {
        "word": "꺼추리하다",
        "chosung": "ㄲㅊㄹㅎㄷ",
        "type": "형용사",
        "mean": "［방언］ '껄떡하다'의 방언(경북)."
    },
    "꺼치다": {
        "word": "꺼치다",
        "chosung": "ㄲㅊㄷ",
        "type": "동사",
        "mean": "［방언］ 꺼지게 하다(전남)."
    },
    "꺼치럽다": {
        "word": "꺼치럽다",
        "chosung": "ㄲㅊㄹㄷ",
        "type": "형용사",
        "mean": "［방언］ '거칠다'의 방언(경북)."
    },
    "꺼치르르": {
        "word": "꺼치르르",
        "chosung": "ㄲㅊㄹㄹ",
        "type": "부사",
        "mean": "［북한어］ 여위어 살결이나 털이 부드럽지 못하고 윤기가 없이 매우 거칠어 보이는 모양."
    },
    "꺼치적": {
        "word": "꺼치적",
        "chosung": "ㄲㅊㅈ",
        "type": "부사",
        "mean": "［북한어］ 거추장스럽게 세게 한 번 걸리거나 닿는 모양."
    },
    "꺼치적꺼치적": {
        "word": "꺼치적꺼치적",
        "chosung": "ㄲㅊㅈㄲㅊㅈ",
        "type": "부사",
        "mean": " 거추장스럽게 자꾸 여기저기 걸리거나 닿는 모양. '거치적거치적'보다 센 느낌을 준다."
    },
    "꺼칠": {
        "word": "꺼칠",
        "chosung": "ㄲㅊ",
        "type": "명사",
        "mean": "'꺼칠하다'의 어근."
    },
    "꺼칠꺼칠": {
        "word": "꺼칠꺼칠",
        "chosung": "ㄲㅊㄲㅊ",
        "type": "부사",
        "mean": " 여위거나 메말라 살갗이나 털이 여기저기 또는 몹시 윤기가 없고 거친 모양. '거칠거칠'보다 센 느낌을 준다."
    },
    "꺼칫": {
        "word": "꺼칫",
        "chosung": "ㄲㅊ",
        "type": "명사",
        "mean": "'꺼칫하다'의 어근."
    },
    "꺼칫꺼칫": {
        "word": "꺼칫꺼칫",
        "chosung": "ㄲㅊㄲㅊ",
        "type": "명사",
        "mean": "'꺼칫꺼칫하다'의 어근."
    },
    "꺼트리다": {
        "word": "꺼트리다",
        "chosung": "ㄲㅌㄹㄷ",
        "type": "동사",
        "mean": "『 …을』 1. =꺼뜨리다 ."
    },
    "꺼펑이": {
        "word": "꺼펑이",
        "chosung": "ㄲㅍㅇ",
        "type": "명사",
        "mean": " 물건 위에 덧씌워서 덮거나 가리는 물건을 통틀어 이르는 말."
    },
    "꺼풀": {
        "word": "꺼풀",
        "chosung": "ㄲㅍ",
        "type": "명사",
        "mean": "1. 여러 겹으로 된 껍질이나 껍데기의 층. ≒까풀 ."
    },
    "꺼풀거리다": {
        "word": "꺼풀거리다",
        "chosung": "ㄲㅍㄱㄹㄷ",
        "type": "동사",
        "mean": "［북한어］ 바람에 날리어 매우 힘 있게 이리저리 떠들리며 자꾸 움직이다. ≒꺼풀대다."
    },
    "꺼풀꺼풀": {
        "word": "꺼풀꺼풀",
        "chosung": "ㄲㅍㄲㅍ",
        "type": "부사",
        "mean": "［북한어］ 바람에 날리어 매우 힘 있게 이리저리 떠들리며 자꾸 움직이는 모양."
    },
    "꺼풀대다": {
        "word": "꺼풀대다",
        "chosung": "ㄲㅍㄷㄷ",
        "type": "동사",
        "mean": "［북한어］ =꺼풀거리다."
    },
    "꺼풀막": {
        "word": "꺼풀막",
        "chosung": "ㄲㅍㅁ",
        "type": "명사",
        "mean": " 여러 겹으로 된 껍질이나 껍데기의 겉쪽을 싸고 있는 얇은 막."
    },
    "꺼풀지다": {
        "word": "꺼풀지다",
        "chosung": "ㄲㅍㅈㄷ",
        "type": "저",
        "mean": "), -지니〕［동사］ 껍질이나 껍데기가 여러 겹으로 층을 이루다. ≒까풀지다."
    },
    "꺼풋": {
        "word": "꺼풋",
        "chosung": "ㄲㅍ",
        "type": "부사",
        "mean": "［북한어］ 바람에 날리어 매우 힘 있게 떠들리며 빠르고 세게 움직이는 모양."
    },
    "꺼풋꺼풋": {
        "word": "꺼풋꺼풋",
        "chosung": "ㄲㅍㄲㅍ",
        "type": "부사",
        "mean": "［북한어］ 바람에 날리어 매우 힘 있게 떠들리며 빠르고 세게 자꾸 움직이는 모양."
    }
}