{
    "꺾괄호": {
        "word": "꺾괄호",
        "chosung": "ㄲㄱㅎ",
        "type": "명사",
        "mean": "=꺾쇠묶음."
    },
    "꺾기": {
        "word": "꺾기",
        "chosung": "ㄲㄱ",
        "type": "명사",
        "mean": "1. 금융 기관에서 대출을 해 줄 때, 대출금의 일부를 다시 예금으로 받아들이는 일. 2. 유도에서, 상대편의 관절을 꺾거나 비틀어서 움직이지 못하게 하는 기술."
    },
    "꺾꽂이": {
        "word": "꺾꽂이",
        "chosung": "ㄲㄲㅇ",
        "type": "명사",
        "mean": "식물의 가지, 줄기, 잎 따위를 자르거나 꺾어 흙 속에 꽂아 뿌리 내리게 하는 일. ≒나무꽂이·삽수(揷樹)·삽식(揷植)·삽지(揷枝)."
    },
    "꺾꽂이모": {
        "word": "꺾꽂이모",
        "chosung": "ㄲㄲㅇㅁ",
        "type": "명사",
        "mean": "1. 꺾꽂이에 쓰는 묘목. ≒꺾꽂이묘. 2. 꺾꽂이를 하기 위하여 일정한 길이로 잘라 낸 식물의 싹. ≒삽수(揷穗)."
    },
    "꺾꽂이모판": {
        "word": "꺾꽂이모판",
        "chosung": "ㄲㄲㅇㅁㅍ",
        "type": "명사",
        "mean": " 꺾꽂이를 할 때, 꺾꽂이모를 꽂아 놓는 판. ≒삽상(揷床)."
    },
    "꺾꽂이묘": {
        "word": "꺾꽂이묘",
        "chosung": "ㄲㄲㅇㅁ",
        "type": "명사",
        "mean": " =꺾꽂이모."
    },
    "꺾꽂잇법": {
        "word": "꺾꽂잇법",
        "chosung": "ㄲㄲㅇㅂ",
        "type": "명사",
        "mean": " 꺾꽂이하는 방법. ≒삽목법."
    },
    "꺾는목": {
        "word": "꺾는목",
        "chosung": "ㄲㄴㅁ",
        "type": "명사",
        "mean": "'꺾는소리'의 잘못."
    },
    "꺾는소리": {
        "word": "꺾는소리",
        "chosung": "ㄲㄴㅅㄹ",
        "type": "명사",
        "mean": "판소리나 전라도 민요 따위의 창법에서, 본디 음보다 높이 낸 다음 끌어내리는 목소리. ≒상퇴성(上退聲)."
    },
    "꺾는음": {
        "word": "꺾는음",
        "chosung": "ㄲㄴㅇ",
        "type": "명사",
        "mean": "'꺾는소리'의 잘못."
    },
    "꺾다": {
        "word": "꺾다",
        "chosung": "ㄲㄷ",
        "type": "동사",
        "mean": "━ ⅰ『 …을』 1. 길고 탄력이 있거나 단단한 물체를 구부려 다시 펴지지 않게 하거나 아주 끊어지게 하다."
    },
    "꺾쇠": {
        "word": "꺾쇠",
        "chosung": "ㄲㅅ",
        "type": "명사",
        "mean": "양쪽 끝을 꺾어 꼬부려서 주로 'ㄷ' 자 모양으로 만든 쇠토막. 두 개의 물체를 겹쳐 대어 서로 벌어지지 않게 하는 데 쓴다. ≒설자(□子) ."
    },
    "꺾쇠괄호": {
        "word": "꺾쇠괄호",
        "chosung": "ㄲㅅㄱㅎ",
        "type": "명사",
        "mean": "=꺾쇠묶음."
    },
    "꺾쇠구멍": {
        "word": "꺾쇠구멍",
        "chosung": "ㄲㅅㄱㅁ",
        "type": "명사",
        "mean": " 꺾쇠를 박는 구멍."
    },
    "꺾쇠묶음": {
        "word": "꺾쇠묶음",
        "chosung": "ㄲㅅㅁㅇ",
        "type": "명사",
        "mean": "인쇄 기호 '[ ]'를 이르는 말. 묶음표로 쓰며, 수학에서는 '대괄호'라고 한다. ≒각괄호·꺾괄호·꺾쇠괄호."
    },
    "꺾쇠뼈": {
        "word": "꺾쇠뼈",
        "chosung": "ㄲㅅㅃ",
        "type": "명사",
        "mean": "'쇄골(鎖骨)'의 북한어."
    },
    "꺾쇠뼈밑동맥": {
        "word": "꺾쇠뼈밑동맥",
        "chosung": "ㄲㅅㅃㅁㄷㅁ",
        "type": "명사",
        "mean": "'쇄골하 동맥'의 북한어."
    },
    "꺾쇠표": {
        "word": "꺾쇠표",
        "chosung": "ㄲㅅㅍ",
        "type": "명사",
        "mean": "'를 이르는 말."
    },
    "꺾어내는소리": {
        "word": "꺾어내는소리",
        "chosung": "ㄲㅇㄴㄴㅅㄹ",
        "type": "명사",
        "mean": "'꺾는소리'의 잘못."
    },
    "꺾어대총": {
        "word": "꺾어대총",
        "chosung": "ㄲㅇㄷㅊ",
        "type": "명사",
        "mean": "［북한어］ 총대를 접어서 총알을 넣는 사냥총을 놀림조로 이르는 말."
    },
    "꺾어돌아나가기": {
        "word": "꺾어돌아나가기",
        "chosung": "ㄲㅇㄷㅇㄴㄱㄱ",
        "type": "명사",
        "mean": "반 바퀴씩 모가 나게 규칙적으로 돌아가는 춤. 농악무에서 많이 이용한다."
    },
    "꺾어쟁이": {
        "word": "꺾어쟁이",
        "chosung": "ㄲㅇㅈㅇ",
        "type": "명사",
        "mean": "호미로 파낸 흙을 먼저 파낸 자리에 엎어 덮는 애벌 김매기."
    },
    "꺾어지다": {
        "word": "꺾어지다",
        "chosung": "ㄲㅇㅈㄷ",
        "type": "저",
        "mean": "), -지니〕［동사］1. 길고 탄력이 있거나 단단한 물체가 구부러져 다시 펴지지 않거나 아주 끊어지다."
    },
    "꺾은그림표": {
        "word": "꺾은그림표",
        "chosung": "ㄲㅇㄱㄹㅍ",
        "type": "명사",
        "mean": "=꺾은선 그래프."
    },
    "꺾은금": {
        "word": "꺾은금",
        "chosung": "ㄲㅇㄱ",
        "type": "명사",
        "mean": "=꺾은선."
    },
    "꺾은금그림표": {
        "word": "꺾은금그림표",
        "chosung": "ㄲㅇㄱㄱㄹㅍ",
        "type": "명사",
        "mean": "=꺾은선 그래프."
    },
    "꺾은반자": {
        "word": "꺾은반자",
        "chosung": "ㄲㅇㅂㅈ",
        "type": "명사",
        "mean": "=귀접이반자."
    },
    "꺾은선": {
        "word": "꺾은선",
        "chosung": "ㄲㅇㅅ",
        "type": "명사",
        "mean": "여러 가지 길이와 방향을 가진 선분들을 차례로 이은 선. ≒꺾은금·젖힘선."
    },
    "꺾은선그래프": {
        "word": "꺾은선그래프",
        "chosung": "ㄲㅇㅅㄱㄹㅍ",
        "type": "명사",
        "mean": "막대그래프의 끝을 꺾은선으로 연결한 그래프. 시간의 흐름에 따른 양의 변화를 나타내는 데 편리하다. ≒꺾은 그림표·꺾은금 그림표."
    },
    "꺾은지붕": {
        "word": "꺾은지붕",
        "chosung": "ㄲㅇㅈㅂ",
        "type": "명사",
        "mean": "지붕면이 꺾이어 경사가 다르게 된 지붕."
    },
    "꺾은채": {
        "word": "꺾은채",
        "chosung": "ㄲㅇㅊ",
        "type": "명사",
        "mean": " 가마 따위의 채의 앞뒤로 가로질러 받친 나무."
    },
    "꺾은획": {
        "word": "꺾은획",
        "chosung": "ㄲㅇㅎ",
        "type": "명사",
        "mean": "서예에서, 글자 획을 가로 긋다가 내려 꺾거나 내리긋다가 옆으로 비껴치는 획."
    },
    "꺾음꺾음": {
        "word": "꺾음꺾음",
        "chosung": "ㄲㅇㄲㅇ",
        "type": "명사",
        "mean": "［북한어］ 여러 번 꺾거나 꺾어 보는 일."
    },
    "꺾음붓질": {
        "word": "꺾음붓질",
        "chosung": "ㄲㅇㅂㅈ",
        "type": "명사",
        "mean": "서예에서, 글자의 획머리와 마무리를 각이 지게 꺾는 필법."
    },
    "꺾음살풀이": {
        "word": "꺾음살풀이",
        "chosung": "ㄲㅇㅅㅍㅇ",
        "type": "명사",
        "mean": "경기도 남부, 충청도 서부, 전라도 지방의 무가(巫歌)와 무무(巫舞) 반주에 쓰이는 살풀이계 장단의 하나. 처음에는 느리다가 점점 빨라지고 마지막에는 몹시 빨라진다."
    },
    "꺾음새": {
        "word": "꺾음새",
        "chosung": "ㄲㅇㅅ",
        "type": "명사",
        "mean": "목소리를 꺾어 내는 기술."
    },
    "꺾음소리": {
        "word": "꺾음소리",
        "chosung": "ㄲㅇㅅㄹ",
        "type": "명사",
        "mean": "굴림소리를 내는 장식음의 하나."
    },
    "꺾음솔": {
        "word": "꺾음솔",
        "chosung": "ㄲㅇㅅ",
        "type": "명사",
        "mean": " 옷 따위에서, 속으로 접혀 들어간 시접을 한쪽으로 꺾은 솔기. ≒홑솔."
    },
    "꺾음자": {
        "word": "꺾음자",
        "chosung": "ㄲㅇㅈ",
        "type": "명사",
        "mean": "［북한어］ '접자'의 북한어."
    },
    "꺾음집": {
        "word": "꺾음집",
        "chosung": "ㄲㅇㅈ",
        "type": "명사",
        "mean": "=꺾임집."
    },
    "꺾음천정": {
        "word": "꺾음천정",
        "chosung": "ㄲㅇㅊㅈ",
        "type": "명사",
        "mean": "'꺾임천장'의 북한어."
    },
    "꺾이다": {
        "word": "꺾이다",
        "chosung": "ㄲㅇㄷ",
        "type": "동사",
        "mean": "［북한어］ '꺾다'의 사동사."
    },
    "꺾이우다": {
        "word": "꺾이우다",
        "chosung": "ㄲㅇㅇㄷ",
        "type": "동사",
        "mean": "［북한어］ '꺾이다'의 북한어."
    },
    "꺾인계단": {
        "word": "꺾인계단",
        "chosung": "ㄲㅇㄱㄷ",
        "type": "명사",
        "mean": "도중에 방향이 꺾이어 있는 계단."
    },
    "꺾인선길이": {
        "word": "꺾인선길이",
        "chosung": "ㄲㅇㅅㄱㅇ",
        "type": "명사",
        "mean": "꺾은선을 이루는 선분들의 길이의 합."
    },
    "꺾인지붕": {
        "word": "꺾인지붕",
        "chosung": "ㄲㅇㅈㅂ",
        "type": "명사",
        "mean": "지붕을 도중에서 꺾어 두 물매로 만든 지붕."
    },
    "꺾임": {
        "word": "꺾임",
        "chosung": "ㄲㅇ",
        "type": "명사",
        "mean": "=굴절(屈折) ."
    },
    "꺾임결": {
        "word": "꺾임결",
        "chosung": "ㄲㅇㄱ",
        "type": "명사",
        "mean": "=굴절파."
    },
    "꺾임꺾임": {
        "word": "꺾임꺾임",
        "chosung": "ㄲㅇㄲㅇ",
        "type": "명사",
        "mean": " 모든 꺾임. 또는 각각의 꺾임."
    },
    "꺾임다리": {
        "word": "꺾임다리",
        "chosung": "ㄲㅇㄷㄹ",
        "type": "명사",
        "mean": "경간의 방향이 여러 번 꺾이면서 바뀌게 되어 있는 다리. 공원, 유원지 따위의 연못의 풍치를 좋게 하며 사람들이 거닐기 좋게 하기 위하여 만드는 경우가 많다."
    },
    "꺾임법": {
        "word": "꺾임법",
        "chosung": "ㄲㅇㅂ",
        "type": "명사",
        "mean": "《지리》=굴절법."
    },
    "꺾임새": {
        "word": "꺾임새",
        "chosung": "ㄲㅇㅅ",
        "type": "명사",
        "mean": " 꺾인 모양새."
    },
    "꺾임선": {
        "word": "꺾임선",
        "chosung": "ㄲㅇㅅ",
        "type": "명사",
        "mean": "'꺾은선'의 북한어."
    },
    "꺾임지붕": {
        "word": "꺾임지붕",
        "chosung": "ㄲㅇㅈㅂ",
        "type": "명사",
        "mean": "'꺾인지붕'의 북한어."
    },
    "꺾임집": {
        "word": "꺾임집",
        "chosung": "ㄲㅇㅈ",
        "type": "명사",
        "mean": "평면도로 볼 때에, 집의 모양이 'ㄱ, ㄴ, ㄷ, ㅁ' 꼴로 꺾어진 집. ≒꺾음집."
    },
    "꺾임천장": {
        "word": "꺾임천장",
        "chosung": "ㄲㅇㅊㅈ",
        "type": "명사",
        "mean": "양쪽 긴 벽 위에서 안쪽으로 비스듬히 돌을 올리고 다시 그 위에 수평으로 판돌을 얹은 천장. ≒평사천장."
    },
    "꺾임층대": {
        "word": "꺾임층대",
        "chosung": "ㄲㅇㅊㄷ",
        "type": "명사",
        "mean": "'꺾인계단'의 북한어."
    },
    "꺾자": {
        "word": "꺾자",
        "chosung": "ㄲㅈ",
        "type": "명사",
        "mean": "1. 문서의 여백에 '이상(以上)'의 뜻으로 위에서 아래까지 긋는 'ㄱ' 자 모양의 기호. 2. 글의 줄이나 글자를 지워 버리기 위하여 그 위에 내리긋는 줄."
    },
    "꺾창": {
        "word": "꺾창",
        "chosung": "ㄲㅊ",
        "type": "명사",
        "mean": "긴 자루에 날을 직각으로 매달아서 찍거나 베는 데 쓰는 무기."
    }
}