{
    "껀덕": {
        "word": "껀덕",
        "chosung": "ㄲㄷ",
        "type": "부사",
        "mean": "［북한어］ 비교적 큰 물체가 몹시 멋없이 흔들리거나 고갯짓을 하는 모양."
    },
    "껀덕껀덕": {
        "word": "껀덕껀덕",
        "chosung": "ㄲㄷㄲㄷ",
        "type": "부사",
        "mean": "［북한어］ 비교적 큰 물체가 몹시 멋없이 잇따라 흔들리거나 고갯짓을 하는 모양."
    },
    "껀덕하면": {
        "word": "껀덕하면",
        "chosung": "ㄲㄷㅎㅁ",
        "type": "부사",
        "mean": "［방언］ '걸핏하면'의 방언(황해)."
    },
    "껀둥": {
        "word": "껀둥",
        "chosung": "ㄲㄷ",
        "type": "명사",
        "mean": "'껀둥하다'의 어근."
    },
    "껀둥그리다": {
        "word": "껀둥그리다",
        "chosung": "ㄲㄷㄱㄹㄷ",
        "type": "동사",
        "mean": "『 …을』 하나도 흩어지지 않게 말끔히 가다듬어 수습하다. '건둥그리다'보다 센 느낌을 준다."
    },
    "껀둥껀둥": {
        "word": "껀둥껀둥",
        "chosung": "ㄲㄷㄲㄷ",
        "type": "부사",
        "mean": " 하나도 흩어지지 않게 말끔히 가다듬어 수습하는 모양. '건둥건둥'보다 센 느낌을 준다."
    },
    "껀떡하면": {
        "word": "껀떡하면",
        "chosung": "ㄲㄸㅎㅁ",
        "type": "부사",
        "mean": " '걸핏하면'의 잘못."
    },
    "껀정이": {
        "word": "껀정이",
        "chosung": "ㄲㅈㅇ",
        "type": "명사",
        "mean": " '껑충이'의 잘못."
    },
    "껀정하다": {
        "word": "껀정하다",
        "chosung": "ㄲㅈㅎㄷ",
        "type": "형용사",
        "mean": "［방언］ '껑충하다'의 방언(전남)."
    },
    "껀추": {
        "word": "껀추",
        "chosung": "ㄲㅊ",
        "type": "명사",
        "mean": "［방언］ '황새'의 방언(평남)."
    },
    "껀충하다": {
        "word": "껀충하다",
        "chosung": "ㄲㅊㅎㄷ",
        "type": "형용사",
        "mean": "［방언］ '거나하다'의 방언(평북)."
    },
    "껀터구": {
        "word": "껀터구",
        "chosung": "ㄲㅌㄱ",
        "type": "명사",
        "mean": "［방언］ '허물'의 방언(평북)."
    }
}