{
    "껏": {
        "word": "껏",
        "chosung": "ㄲ",
        "type": "접사",
        "mean": "1. ｛몇몇 명사 뒤에 붙어｝ '그것이 닿는 데까지'의 뜻을 더하고 부사를 만드는 접미사."
    },
    "껏구리": {
        "word": "껏구리",
        "chosung": "ㄲㄱㄹ",
        "type": "명사",
        "mean": "［방언］ '지렁이'의 방언(경상)."
    },
    "껏두기": {
        "word": "껏두기",
        "chosung": "ㄲㄷㄱ",
        "type": "명사",
        "mean": "［방언］ '나막신'의 방언(평안)."
    }
}