{
    "껠끔하다": {
        "word": "껠끔하다",
        "chosung": "ㄲㄲㅎㄷ",
        "type": "형용사",
        "mean": "［북한어］ 몹시 꺼림칙하다."
    },
    "껠바씨": {
        "word": "껠바씨",
        "chosung": "ㄲㅂㅆ",
        "type": "명사",
        "mean": "［방언］ '게으름뱅이'의 방언(경북)."
    },
    "껠받다": {
        "word": "껠받다",
        "chosung": "ㄲㅂㄷ",
        "type": "형용사",
        "mean": "［방언］ '게으르다'의 방언(경남)."
    },
    "껠뱅이": {
        "word": "껠뱅이",
        "chosung": "ㄲㅂㅇ",
        "type": "명사",
        "mean": "［방언］ '게으름뱅이'의 방언(경남)."
    },
    "껠베르다": {
        "word": "껠베르다",
        "chosung": "ㄲㅂㄹㄷ",
        "type": "형용사",
        "mean": "［방언］ '게으르다'의 방언(경북)."
    }
}