{
    "껭낭": {
        "word": "껭낭",
        "chosung": "ㄲㄴ",
        "type": "명사",
        "mean": "［방언］ '뒷간'의 방언(평북)."
    },
    "껭메기": {
        "word": "껭메기",
        "chosung": "ㄲㅁㄱ",
        "type": "명사",
        "mean": "［방언］ '꽹과리'의 방언(전남)."
    },
    "껭변": {
        "word": "껭변",
        "chosung": "ㄲㅂ",
        "type": "명사",
        "mean": "［방언］ '냇가'의 방언(전남)."
    },
    "껭이": {
        "word": "껭이",
        "chosung": "ㄲㅇ",
        "type": "명사",
        "mean": "［방언］ '팽이'의 방언(경상)."
    }
}