{
    "꼼꼼": {
        "word": "꼼꼼",
        "chosung": "ㄲㄲ",
        "type": "부사",
        "mean": " 빈틈이 없이 차분하고 조심스러운 모양. ≒꼼꼼히."
    },
    "꼼꼼성": {
        "word": "꼼꼼성",
        "chosung": "ㄲㄲㅅ",
        "type": "명사",
        "mean": " 빈틈이 없이 차분하고 조심스러운 성질."
    },
    "꼼꼼이": {
        "word": "꼼꼼이",
        "chosung": "ㄲㄲㅇ",
        "type": "부사",
        "mean": " '꼼꼼히'의 잘못. ［명사］［북한어］ 매우 꼼꼼한 사람."
    },
    "꼼꼼장이": {
        "word": "꼼꼼장이",
        "chosung": "ㄲㄲㅈㅇ",
        "type": "명사",
        "mean": " '꼼꼼쟁이'의 잘못."
    },
    "꼼꼼쟁이": {
        "word": "꼼꼼쟁이",
        "chosung": "ㄲㄲㅈㅇ",
        "type": "명사",
        "mean": " 빈틈이 없이 매우 차분하고 조심스러운 사람을 낮잡아 이르는 말."
    },
    "꼼꼼히": {
        "word": "꼼꼼히",
        "chosung": "ㄲㄲㅎ",
        "type": "부사",
        "mean": " =꼼꼼."
    },
    "꼼녱이": {
        "word": "꼼녱이",
        "chosung": "ㄲㄴㅇ",
        "type": "명사",
        "mean": "［방언］ '꼼바리'의 방언(전남)."
    },
    "꼼뮨": {
        "word": "꼼뮨",
        "chosung": "ㄲㅁ",
        "type": "명사",
        "mean": "'코뮌'의 북한어."
    },
    "꼼바르다": {
        "word": "꼼바르다",
        "chosung": "ㄲㅂㄹㄷ",
        "type": "형용사",
        "mean": " 마음이 좁고 지나치게 인색하다."
    },
    "꼼바리": {
        "word": "꼼바리",
        "chosung": "ㄲㅂㄹ",
        "type": "명사",
        "mean": " 마음이 좁고 지나치게 인색한 사람을 낮잡아 이르는 말."
    },
    "꼼바인": {
        "word": "꼼바인",
        "chosung": "ㄲㅂㅇ",
        "type": "명사",
        "mean": "'콤바인'의 북한어."
    },
    "꼼바지런": {
        "word": "꼼바지런",
        "chosung": "ㄲㅂㅈㄹ",
        "type": "명사",
        "mean": "'꼼바지런하다'의 어근."
    },
    "꼼비기": {
        "word": "꼼비기",
        "chosung": "ㄲㅂㄱ",
        "type": "명사",
        "mean": "［방언］1. 애벌매기를 한 뒤에 일꾼들이 모여 먹고 노는 일(경남). 2. 어른이 되었다는 뜻으로 한턱 내는 일(경남). 3. 여름철에, 콩이나 밀 따위를 볶아 먹고 노는 일(경남)."
    },
    "꼼비나트": {
        "word": "꼼비나트",
        "chosung": "ㄲㅂㄴㅌ",
        "type": "명사",
        "mean": "'콤비나트'의 북한어."
    },
    "꼼뺑이": {
        "word": "꼼뺑이",
        "chosung": "ㄲㅃㅇ",
        "type": "명사",
        "mean": "［방언］ '꼴찌'의 방언(경북)."
    },
    "꼼삐": {
        "word": "꼼삐",
        "chosung": "ㄲㅃ",
        "type": "명사",
        "mean": "［방언］ '꼴찌'의 방언(경북)."
    },
    "꼼수": {
        "word": "꼼수",
        "chosung": "ㄲㅅ",
        "type": "명사",
        "mean": " 쩨쩨한 수단이나 방법."
    },
    "꼼실": {
        "word": "꼼실",
        "chosung": "ㄲㅅ",
        "type": "부사",
        "mean": "［북한어］ 작은 벌레 따위가 매우 좀스럽게 움직이는 모양."
    },
    "꼼실꼼실": {
        "word": "꼼실꼼실",
        "chosung": "ㄲㅅㄲㅅ",
        "type": "부사",
        "mean": " 작은 벌레 따위가 한데 어우러져 조금씩 자꾸 움직이는 모양. '곰실곰실'보다 센 느낌을 준다."
    },
    "꼼작": {
        "word": "꼼작",
        "chosung": "ㄲㅈ",
        "type": "부사",
        "mean": " 몸을 둔하고 느리게 조금 움직이는 모양. '곰작'보다 센 느낌을 준다."
    },
    "꼼작꼼작": {
        "word": "꼼작꼼작",
        "chosung": "ㄲㅈㄲㅈ",
        "type": "부사",
        "mean": " 몸을 둔하고 느리게 조금씩 자꾸 움직이는 모양. '곰작곰작'보다 센 느낌을 준다."
    },
    "꼼제이": {
        "word": "꼼제이",
        "chosung": "ㄲㅈㅇ",
        "type": "명사",
        "mean": "［방언］ '꼼꼼쟁이'의 방언(경상)."
    },
    "꼼젱이": {
        "word": "꼼젱이",
        "chosung": "ㄲㅈㅇ",
        "type": "명사",
        "mean": "［방언］ '꼼바리'의 방언(전남)."
    },
    "꼼쥐": {
        "word": "꼼쥐",
        "chosung": "ㄲㅈ",
        "type": "명사",
        "mean": " '꼼바리'의 잘못."
    },
    "꼼쥐스럽다": {
        "word": "꼼쥐스럽다",
        "chosung": "ㄲㅈㅅㄹㄷ",
        "type": "형용사",
        "mean": " '꼼바르다'의 잘못."
    },
    "꼼지다": {
        "word": "꼼지다",
        "chosung": "ㄲㅈㄷ",
        "type": "형용사",
        "mean": "［방언］ '옹졸하다'의 방언(평북)."
    },
    "꼼지락": {
        "word": "꼼지락",
        "chosung": "ㄲㅈㄹ",
        "type": "부사",
        "mean": " 몸을 천천히 좀스럽게 움직이는 모양. '곰지락'보다 센 느낌을 준다."
    },
    "꼼지락꼼지락": {
        "word": "꼼지락꼼지락",
        "chosung": "ㄲㅈㄹㄲㅈㄹ",
        "type": "부사",
        "mean": " 몸을 천천히 좀스럽게 계속 움직이는 모양. '곰지락곰지락'보다 센 느낌을 준다."
    },
    "꼼지뽑기": {
        "word": "꼼지뽑기",
        "chosung": "ㄲㅈㅃㄱ",
        "type": "명사",
        "mean": "［방언］ '제비뽑기'의 방언(충청)."
    },
    "꼼질": {
        "word": "꼼질",
        "chosung": "ㄲㅈ",
        "type": "부사",
        "mean": " '꼼지락'의 준말."
    },
    "꼼질꼼질": {
        "word": "꼼질꼼질",
        "chosung": "ㄲㅈㄲㅈ",
        "type": "부사",
        "mean": " '꼼지락꼼지락'의 준말."
    },
    "꼼짝": {
        "word": "꼼짝",
        "chosung": "ㄲㅉ",
        "type": "부사",
        "mean": " 몸을 둔하고 느리게 조금 움직이는 모양. '곰작'보다 아주 센 느낌을 준다."
    },
    "꼼짝꼼짝": {
        "word": "꼼짝꼼짝",
        "chosung": "ㄲㅉㄲㅉ",
        "type": "부사",
        "mean": " 몸을 둔하고 느리게 조금씩 자꾸 움직이는 모양. '곰작곰작'보다 아주 센 느낌을 준다."
    },
    "꼼짝달싹": {
        "word": "꼼짝달싹",
        "chosung": "ㄲㅉㄷㅆ",
        "type": "부사",
        "mean": " 몸이 아주 조금 움직이거나 들리는 모양."
    },
    "꼼짝부득": {
        "word": "꼼짝부득",
        "chosung": "ㄲㅉㅂㄷ",
        "type": "명사",
        "mean": " 곤란한 지경에 빠져서 꼼짝할 수가 없음. ≒동탄부득."
    },
    "꼼짝없다": {
        "word": "꼼짝없다",
        "chosung": "ㄲㅉㅇㄷ",
        "type": "업써",
        "mean": ", -없는[엄-], -없지［업찌］〕［형용사］1. 조금도 움직이는 기색이 없다. 2. 현재의 상태를 벗어날 방법이나 여지가 전혀 없다."
    },
    "꼼치": {
        "word": "꼼치",
        "chosung": "ㄲㅊ",
        "type": "명사",
        "mean": "꼼칫과의 바닷물고기. 몸의 길이는 45cm 정도이며, 회색이고 어두운 점무늬가 있다. 비늘은 거의 없고 등지느러미, 뒷지느러미, 꼬리지느러미는 연속되어 있다. 머리는 세로로 납작한데 몸은 옆으로 납작하다. 한국, 일본 등지에 분포한다. (Liparis tanakai)"
    },
    "꼼치다": {
        "word": "꼼치다",
        "chosung": "ㄲㅊㄷ",
        "type": "동사",
        "mean": "［방언］ '감추다'의 방언(전남)."
    },
    "꼼트락": {
        "word": "꼼트락",
        "chosung": "ㄲㅌㄹ",
        "type": "명사",
        "mean": "'꼼트락거리다'의 어근."
    },
    "꼼트락꼼트락": {
        "word": "꼼트락꼼트락",
        "chosung": "ㄲㅌㄹㄲㅌㄹ",
        "type": "부사",
        "mean": " 몸의 일부를 굼뜨게 이리저리 고부리거나 비틀며 자꾸 움직이는 모양."
    },
    "꼼틀": {
        "word": "꼼틀",
        "chosung": "ㄲㅌ",
        "type": "부사",
        "mean": " 몸의 한 부분을 고부리거나 비틀며 좀스럽게 움직이는 모양. '곰틀'보다 센 느낌을 준다."
    },
    "꼼틀꼼틀": {
        "word": "꼼틀꼼틀",
        "chosung": "ㄲㅌㄲㅌ",
        "type": "부사",
        "mean": " 몸의 한 부분을 고부리거나 비틀며 자꾸 좀스럽게 움직이는 모양. '곰틀곰틀'보다 센 느낌을 준다."
    }
}