{
    "꼽곱하다": {
        "word": "꼽곱하다",
        "chosung": "ㄲㄱㅎㄷ",
        "type": "형용사",
        "mean": "［방언］ 어떤 일에 성실하거나 꼼꼼하다(전북)."
    },
    "꼽꼽": {
        "word": "꼽꼽",
        "chosung": "ㄲㄲ",
        "type": "명사",
        "mean": "'꼽꼽하다'의 어근."
    },
    "꼽꼽쟁이": {
        "word": "꼽꼽쟁이",
        "chosung": "ㄲㄲㅈㅇ",
        "type": "명사",
        "mean": "［방언］ '구두쇠'의 방언(충남)."
    },
    "꼽꼽하다": {
        "word": "꼽꼽하다",
        "chosung": "ㄲㄲㅎㄷ",
        "type": "형용사",
        "mean": "［방언］ '인색하다'의 방언(전남)."
    },
    "꼽다": {
        "word": "꼽다",
        "chosung": "ㄲㄷ",
        "type": "동사",
        "mean": "1. 『 …을』 수를 세려고 손가락을 하나씩 구부리다."
    },
    "꼽다시": {
        "word": "꼽다시",
        "chosung": "ㄲㄷㅅ",
        "type": "부사",
        "mean": "［방언］ '고스란히'의 방언(경남)."
    },
    "꼽당춤": {
        "word": "꼽당춤",
        "chosung": "ㄲㄷㅊ",
        "type": "명사",
        "mean": "［방언］ '곱사등이춤'의 방언(평북)."
    },
    "꼽댕이": {
        "word": "꼽댕이",
        "chosung": "ㄲㄷㅇ",
        "type": "명사",
        "mean": "［방언］ '담뱃대'의 방언(평북)."
    },
    "꼽들다": {
        "word": "꼽들다",
        "chosung": "ㄲㄷㄷ",
        "type": "동사",
        "mean": "『 …에』『 …을』 가까이 접어들다."
    },
    "꼽들이다": {
        "word": "꼽들이다",
        "chosung": "ㄲㄷㅇㄷ",
        "type": "동사",
        "mean": "『 …을 …으로』 '꼽들다'의 사동사."
    },
    "꼽등이": {
        "word": "꼽등이",
        "chosung": "ㄲㄷㅇ",
        "type": "명사",
        "mean": "1. 메뚜기목 꼽등잇과의 곤충을 통틀어 이르는 말. 2. 꼽등잇과의 곤충. 몸은 갈색이며 등이 곱사등이처럼 굽었다. 더듬이가 길고 뒷다리가 길어 잘 뛰며 날개는 퇴화되었다. 지하실, 부엌, 마루 밑 따위의 습한 곳에서 살며 밤에 활동한다. 전 세계에 널리 분포한다. ≒왕뚱이·조계(□鷄)·조마(□馬). (Diestrammena apicalis)"
    },
    "꼽등잇과": {
        "word": "꼽등잇과",
        "chosung": "ㄲㄷㅇㄱ",
        "type": "명사",
        "mean": "곤충강 메뚜기목의 한 과. 보통 날개는 없으나 드물게 있는 종류도 있는데 몸이 구부러져 있으며 주로 밤에 활동한다. 전 세계에 300여 종이 있는데 우리나라에는 꼽등이, 알락꼽등이 따위가 있다. (Rhaphidophoridae)"
    },
    "꼽보": {
        "word": "꼽보",
        "chosung": "ㄲㅂ",
        "type": "명사",
        "mean": " '곱사등이'의 잘못."
    },
    "꼽사": {
        "word": "꼽사",
        "chosung": "ㄲㅅ",
        "type": "명사",
        "mean": "［방언］ '곱사등이'의 방언(전남)."
    },
    "꼽사등이": {
        "word": "꼽사등이",
        "chosung": "ㄲㅅㄷㅇ",
        "type": "명사",
        "mean": " '곱사등이'의 잘못."
    },
    "꼽사리": {
        "word": "꼽사리",
        "chosung": "ㄲㅅㄹ",
        "type": "명사",
        "mean": " 남이 노는 판에 거저 끼어드는 일."
    },
    "꼽사리꾼": {
        "word": "꼽사리꾼",
        "chosung": "ㄲㅅㄹㄲ",
        "type": "명사",
        "mean": " 남이 노는 판에 거저 끼어드는 사람."
    },
    "꼽삼다": {
        "word": "꼽삼다",
        "chosung": "ㄲㅅㄷ",
        "type": "동사",
        "mean": "［방언］ '삼다'의 방언(경북)."
    },
    "꼽새": {
        "word": "꼽새",
        "chosung": "ㄲㅅ",
        "type": "명사",
        "mean": "1. '곱사등이'의 잘못. 2. ［북한어］ '곱사등이'의 북한어."
    },
    "꼽새돔": {
        "word": "꼽새돔",
        "chosung": "ㄲㅅㄷ",
        "type": "명사",
        "mean": "하스돔과의 바닷물고기. 몸의 길이는 60cm 정도이고 긴 타원형이며 옆으로 매우 납작하다. 몸은 잿빛 흑색, 각 지느러미는 검은색이며 아래턱의 끝 부분에는 털이 많이 나 있다. 한국, 일본 등지에 분포한다. (Hapalogenys nigripinnis)"
    },
    "꼽새춤": {
        "word": "꼽새춤",
        "chosung": "ㄲㅅㅊ",
        "type": "명사",
        "mean": "［북한어］ '곱사등이춤'의 북한어."
    },
    "꼽슬꼽슬": {
        "word": "꼽슬꼽슬",
        "chosung": "ㄲㅅㄲㅅ",
        "type": "부사",
        "mean": " 털이나 실 따위가 고불고불하게 말려 있는 모양. '곱슬곱슬'보다 센 느낌을 준다."
    },
    "꼽슬머리": {
        "word": "꼽슬머리",
        "chosung": "ㄲㅅㅁㄹ",
        "type": "명사",
        "mean": " '곱슬머리'의 잘못."
    },
    "꼽실": {
        "word": "꼽실",
        "chosung": "ㄲㅅ",
        "type": "부사",
        "mean": "1. 고개나 허리를 가볍게 고푸렸다 펴는 모양. '곱실'보다 센 느낌을 준다."
    },
    "꼽실꼽실": {
        "word": "꼽실꼽실",
        "chosung": "ㄲㅅㄲㅅ",
        "type": "부사",
        "mean": "［북한어］ 털이나 실 따위가 꼬불꼬불 조금 잘게 말려 있는 모양."
    },
    "꼽자기": {
        "word": "꼽자기",
        "chosung": "ㄲㅈㄱ",
        "type": "명사",
        "mean": " '꼽재기'의 잘못."
    },
    "꼽작": {
        "word": "꼽작",
        "chosung": "ㄲㅈ",
        "type": "부사",
        "mean": " 머리를 숙이거나 몸을 한 번 가볍게 굽히는 모양. '곱작'보다 센 느낌을 준다."
    },
    "꼽작꼽작": {
        "word": "꼽작꼽작",
        "chosung": "ㄲㅈㄲㅈ",
        "type": "부사",
        "mean": " 잇따라 머리를 숙이거나 몸을 가볍게 굽히는 모양. '곱작곱작'보다 센 느낌을 준다."
    },
    "꼽작꼽작하다": {
        "word": "꼽작꼽작하다",
        "chosung": "ㄲㅈㄲㅈㅎㄷ",
        "type": "동사",
        "mean": "［방언］ 손가락을 구부려 헤아리다(전남)."
    },
    "꼽장골": {
        "word": "꼽장골",
        "chosung": "ㄲㅈㄱ",
        "type": "명사",
        "mean": " 가죽신 모양새의 하나. 앞부리가 번쩍 들리고 앞이 굽게 생겼다."
    },
    "꼽장떡": {
        "word": "꼽장떡",
        "chosung": "ㄲㅈㄸ",
        "type": "명사",
        "mean": " '산병(散餠)'을 속되게 이르는 말."
    },
    "꼽장선": {
        "word": "꼽장선",
        "chosung": "ㄲㅈㅅ",
        "type": "명사",
        "mean": " 겉살의 사북 근처에 굽은 뼈나 검은 나무쪽을 붙여 만든 쥘부채. ≒곡두선."
    },
    "꼽재기": {
        "word": "꼽재기",
        "chosung": "ㄲㅈㄱ",
        "type": "명사",
        "mean": "1. 때나 먼지 따위와 같은 작고 더러운 물건."
    },
    "꼽쟁이": {
        "word": "꼽쟁이",
        "chosung": "ㄲㅈㅇ",
        "type": "명사",
        "mean": "［방언］ '곱절'의 방언(경북)."
    },
    "꼽지꼽지": {
        "word": "꼽지꼽지",
        "chosung": "ㄲㅈㄲㅈ",
        "type": "부사",
        "mean": "［방언］ '꼬치꼬치'의 방언(평북)."
    },
    "꼽추": {
        "word": "꼽추",
        "chosung": "ㄲㅊ",
        "type": "명사",
        "mean": " =곱사등이."
    },
    "꼽추등에": {
        "word": "꼽추등에",
        "chosung": "ㄲㅊㄷㅇ",
        "type": "명사",
        "mean": "꼽추등엣과의 곤충. 몸의 길이는 1cm 정도이며, 어두운 녹색에 광택이 있다. 주둥이가 길고 가슴의 등 쪽이 불룩하여 곱사등이 모양을 하고 있다. 한국, 일본, 시베리아 등지에 분포한다. (Oligoneura nigroaenea)"
    },
    "꼽추등엣과": {
        "word": "꼽추등엣과",
        "chosung": "ㄲㅊㄷㅇㄱ",
        "type": "명사",
        "mean": "곤충강 파리목의 한 과. 대부분이 몸에 털이 나 있으며, 가슴은 공 모양으로 불룩하다. 전 세계에 200여 종이 분포한다. 꼽추등에 따위가 있다. (Acroceridae)"
    },
    "꼽치다": {
        "word": "꼽치다",
        "chosung": "ㄲㅊㄷ",
        "type": "동사",
        "mean": "『 …을』 반으로 접어 한데 합치다. '곱치다'보다 센 느낌을 준다."
    },
    "꼽히다": {
        "word": "꼽히다",
        "chosung": "ㄲㅎㄷ",
        "type": "동사",
        "mean": "［방언］ '꽂히다'의 방언(강원)."
    }
}