{
    "꽈닥": {
        "word": "꽈닥",
        "chosung": "ㄲㄷ",
        "type": "부사",
        "mean": "［북한어］ 얇은 물건이 갑자기 마르거나 얼어서 만지면 부러질 듯이 굳어진 모양."
    },
    "꽈닥꽈닥": {
        "word": "꽈닥꽈닥",
        "chosung": "ㄲㄷㄲㄷ",
        "type": "부사",
        "mean": "［북한어］ 얇은 물건이 여럿이 다 갑자기 마르거나 얼어서 만지면 부러질 듯이 굳어진 모양."
    },
    "꽈당": {
        "word": "꽈당",
        "chosung": "ㄲㄷ",
        "type": "부사",
        "mean": " 무거운 물체가 떨어지거나 발로 굴러 단단한 바닥에 부딪치는 소리. 또는 그 모양."
    },
    "꽈당꽈당": {
        "word": "꽈당꽈당",
        "chosung": "ㄲㄷㄲㄷ",
        "type": "부사",
        "mean": " 무거운 물체가 떨어지거나 발로 굴러 단단한 바닥에 잇따라 부딪치는 소리. 또는 그 모양."
    },
    "꽈당당": {
        "word": "꽈당당",
        "chosung": "ㄲㄷㄷ",
        "type": "부사",
        "mean": "［북한어］ 마룻바닥 따위를 조금 세게 구르거나 널빤지를 찰 때 요란스럽게 울리어 나는 소리."
    },
    "꽈당당꽈당당": {
        "word": "꽈당당꽈당당",
        "chosung": "ㄲㄷㄷㄲㄷㄷ",
        "type": "부사",
        "mean": "［북한어］ 마룻바닥 따위를 조금 세게 자꾸 구르거나 널빤지를 자꾸 찰 때 잇따라 요란스럽게 울리어 나는 소리."
    },
    "꽈당탕": {
        "word": "꽈당탕",
        "chosung": "ㄲㄷㅌ",
        "type": "부사",
        "mean": "［북한어］ 마룻바닥 따위를 세게 구르거나 널빤지를 세게 찰 때 거칠게 울리어 나는 소리."
    },
    "꽈당탕꽈당탕": {
        "word": "꽈당탕꽈당탕",
        "chosung": "ㄲㄷㅌㄲㄷㅌ",
        "type": "부사",
        "mean": "［북한어］ 마룻바닥 따위를 세게 자꾸 구르거나 널빤지를 세게 자꾸 찰 때 잇따라 거칠게 울리어 나는 소리."
    },
    "꽈드러지다": {
        "word": "꽈드러지다",
        "chosung": "ㄲㄷㄹㅈㄷ",
        "type": "동사",
        "mean": "［북한어］ 마르거나 굳어지거나 하여 빳빳하게 되다."
    },
    "꽈들꽈들": {
        "word": "꽈들꽈들",
        "chosung": "ㄲㄷㄲㄷ",
        "type": "부사",
        "mean": "［북한어］ 마르거나 굳어지거나 얼어서 빳빳한 모양."
    },
    "꽈르르": {
        "word": "꽈르르",
        "chosung": "ㄲㄹㄹ",
        "type": "부사",
        "mean": " 많은 양의 액체가 좁은 목이나 구멍에서 조금 급하고 세차게 쏟아지는 소리. 또는 그 모양."
    },
    "꽈르릉": {
        "word": "꽈르릉",
        "chosung": "ㄲㄹㄹ",
        "type": "부사",
        "mean": " 폭발물 따위가 터지거나 천둥이 치며 요란하게 울리는 소리."
    },
    "꽈르릉꽈르릉": {
        "word": "꽈르릉꽈르릉",
        "chosung": "ㄲㄹㄹㄲㄹㄹ",
        "type": "부사",
        "mean": " 폭발물 따위가 터지거나 천둥이 치며 요란하게 잇따라 울리는 소리."
    },
    "꽈릉": {
        "word": "꽈릉",
        "chosung": "ㄲㄹ",
        "type": "부사",
        "mean": "［북한어］ 폭발물 따위가 터지거나 천둥이 칠 때 요란하고 짧게 울리어 나는 소리."
    },
    "꽈릉꽈릉": {
        "word": "꽈릉꽈릉",
        "chosung": "ㄲㄹㄲㄹ",
        "type": "부사",
        "mean": "［북한어］ 폭발물 따위가 터지거나 천둥이 칠 때 요란하고 짧게 잇따라 울리어 나는 소리."
    },
    "꽈리": {
        "word": "꽈리",
        "chosung": "ㄲㄹ",
        "type": "명사",
        "mean": "가짓과의 여러해살이풀. 높이는 40~90cm이며 잎은 어긋나고 긴 타원형이다. 여름에 노르스름한 꽃이 잎겨드랑이에 하나씩 피고 열매는 둥근 모양의 붉은 장과(漿果)를 맺는다. 어린잎은 식용하고 뿌리는 약용한다. 마을 근처에 심어 가꾼다. ≒고랑채·등롱초·산장(酸漿) ·왕모주·홍고랑·홍낭자 . (Physalis alkekengi var. francheti) 2. 《한의학》'수포(水疱)'를 한방에서 이르는 말.【＜□ 리≪구급방언해(1466)≫ 】"
    },
    "꽈리단추": {
        "word": "꽈리단추",
        "chosung": "ㄲㄹㄷㅊ",
        "type": "명사",
        "mean": " =매듭단추."
    },
    "꽈리색": {
        "word": "꽈리색",
        "chosung": "ㄲㄹㅅ",
        "type": "명사",
        "mean": " 잘 익은 꽈리의 빛깔과 같이 노란빛을 띤 주황색."
    },
    "꽈리정과": {
        "word": "꽈리정과",
        "chosung": "ㄲㄹㅈㄱ",
        "type": "명사",
        "mean": " 익은 꽈리를 꿀에 잰 음식."
    },
    "꽈리주둥이": {
        "word": "꽈리주둥이",
        "chosung": "ㄲㄹㅈㄷㅇ",
        "type": "명사",
        "mean": " 잔뜩 내민 입을 놀림조로 이르는 말."
    },
    "꽈리허리노린재": {
        "word": "꽈리허리노린재",
        "chosung": "ㄲㄹㅎㄹㄴㄹㅈ",
        "type": "명사",
        "mean": "허리노린잿과의 곤충. 몸의 길이는 1~ 1.3cm이며 검은 갈색이다. 몸에는 털이 빽빽하게 나 있고 정중선을 따라 세로줄이 있다. 꽈리, 고추, 고구마 따위에 기생한다. 한국, 일본, 대만 등지에 분포한다. (Acanthocoris sordidus)"
    },
    "꽈릿빛": {
        "word": "꽈릿빛",
        "chosung": "ㄲㄹㅂ",
        "type": "명사",
        "mean": " 잘 익은 꽈리의 빛깔과 같이 노란빛을 띤 주황빛."
    },
    "꽈배기": {
        "word": "꽈배기",
        "chosung": "ㄲㅂㄱ",
        "type": "명사",
        "mean": "1. 밀가루나 찹쌀가루 따위를 반죽하여 엿가락처럼 가늘고 길게 늘여 두 가닥으로 꽈서 기름에 튀겨 낸 과자. 2. 사물을 비꼬아서 말하기 좋아하는 사람을 비유적으로 이르는 말."
    },
    "꽈배기바늘": {
        "word": "꽈배기바늘",
        "chosung": "ㄲㅂㄱㅂㄴ",
        "type": "명사",
        "mean": "대바늘뜨기에 쓰는 등이 구부러진 바늘."
    },
    "꽈배기엿": {
        "word": "꽈배기엿",
        "chosung": "ㄲㅂㄱㅇ",
        "type": "명사",
        "mean": " 꽈배기처럼 생긴 엿."
    },
    "꽈배기톱니바퀴": {
        "word": "꽈배기톱니바퀴",
        "chosung": "ㄲㅂㄱㅌㄴㅂㅋ",
        "type": "명사",
        "mean": "=나사 톱니바퀴."
    },
    "꽈욱": {
        "word": "꽈욱",
        "chosung": "ㄲㅇ",
        "type": "부사",
        "mean": "［북한어］ 슴새가 우는 소리."
    },
    "꽈욱꽈욱": {
        "word": "꽈욱꽈욱",
        "chosung": "ㄲㅇㄲㅇ",
        "type": "부사",
        "mean": "［북한어］ 슴새가 자꾸 우는 소리."
    }
}