{
    "꽉": {
        "word": "꽉",
        "chosung": "ㄲ",
        "type": "부사",
        "mean": "1. 힘을 주어 누르거나 잡거나 묶는 모양."
    },
    "꽉꽉": {
        "word": "꽉꽉",
        "chosung": "ㄲㄲ",
        "type": "부사",
        "mean": "1. 자꾸 힘을 주어 누르거나 잡거나 묶는 모양."
    },
    "꽉새": {
        "word": "꽉새",
        "chosung": "ㄲㅅ",
        "type": "명사",
        "mean": "'슴새'의 북한어."
    },
    "꽉지": {
        "word": "꽉지",
        "chosung": "ㄲㅈ",
        "type": "명사",
        "mean": "［방언］ '괭이'의 방언(함경)."
    },
    "꽉집게": {
        "word": "꽉집게",
        "chosung": "ㄲㅈㄱ",
        "type": "명사",
        "mean": " =꽉집이."
    },
    "꽉집이": {
        "word": "꽉집이",
        "chosung": "ㄲㅈㅇ",
        "type": "명사",
        "mean": " 문방구의 하나. 종이 따위를 꽉 집어 놓을 때 쓴다. ≒꽉집게."
    }
}