{
    "꽐": {
        "word": "꽐",
        "chosung": "ㄲ",
        "type": "명사",
        "mean": "［방언］ '꽈리'의 방언(전남)."
    },
    "꽐깍꽐깍": {
        "word": "꽐깍꽐깍",
        "chosung": "ㄲㄲㄲㄲ",
        "type": "부사",
        "mean": "［방언］ '꼴깍꼴깍'의 방언(평북)."
    },
    "꽐꽐": {
        "word": "꽐꽐",
        "chosung": "ㄲㄲ",
        "type": "부사",
        "mean": " 많은 양의 액체가 급히 쏟아져 흐르는 소리."
    }
}