{
    "꽝": {
        "word": "꽝",
        "chosung": "ㄲ",
        "type": "부사",
        "mean": "1. 무겁고 단단한 물체가 바닥에 떨어지거나 다른 물체와 부딪쳐 울리는 소리."
    },
    "꽝꽝": {
        "word": "꽝꽝",
        "chosung": "ㄲㄲ",
        "type": "부사",
        "mean": "1. 무겁고 단단한 물체가 잇따라 바닥에 떨어지거나 다른 물체와 부딪쳐 울리는 소리."
    },
    "꽝꽝나무": {
        "word": "꽝꽝나무",
        "chosung": "ㄲㄲㄴㅁ",
        "type": "명사",
        "mean": "감탕나뭇과의 상록 활엽 관목. 높이는 3미터 정도이며, 잎은 어긋나고 긴 타원형이다. 여름에 흰색의 잔꽃이 피고 열매는 둥근 핵과(核果)로 가을에 까맣게 익는다. 정원수나 기구재(器具材), 판목(版木)으로 쓴다. 바닷가 산기슭에서 자라는데 중국, 러시아의 사할린, 일본 등지에 분포한다. (Ilex crenata)"
    },
    "꽝낭": {
        "word": "꽝낭",
        "chosung": "ㄲㄴ",
        "type": "명사",
        "mean": "［방언］1. '광나무'의 방언(제주). 2. '꽝꽝나무'의 방언(제주)."
    },
    "꽝당": {
        "word": "꽝당",
        "chosung": "ㄲㄷ",
        "type": "부사",
        "mean": "［북한어］1. 무거운 물체가 단단한 바닥에 세게 떨어지거나 판자를 두드리는 소리. 2. 총포들을 한꺼번에 무질서하게 쏠 때 나는 소리."
    },
    "꽝당꽝당": {
        "word": "꽝당꽝당",
        "chosung": "ㄲㄷㄲㄷ",
        "type": "부사",
        "mean": "［북한어］1. 무거운 물체가 잇따라 단단한 바닥에 세게 떨어지거나 판자를 두드리는 소리."
    },
    "꽝마작": {
        "word": "꽝마작",
        "chosung": "ㄲㅁㅈ",
        "type": "명사",
        "mean": "［방언］ '뼈마디'의 방언(제주)."
    },
    "꽝바른궤기": {
        "word": "꽝바른궤기",
        "chosung": "ㄲㅂㄹㄱㄱ",
        "type": "명사",
        "mean": "［방언］ '뼈뜯이'의 방언(제주)."
    },
    "꽝베": {
        "word": "꽝베",
        "chosung": "ㄲㅂ",
        "type": "명사",
        "mean": "［방언］ '똘배'의 방언(제주)."
    },
    "꽝쇠": {
        "word": "꽝쇠",
        "chosung": "ㄲㅅ",
        "type": "명사",
        "mean": "'꽹과리'의 잘못."
    },
    "꽝탱이": {
        "word": "꽝탱이",
        "chosung": "ㄲㅌㅇ",
        "type": "명사",
        "mean": " '고갱이'의 잘못."
    },
    "꽝포": {
        "word": "꽝포",
        "chosung": "ㄲㅍ",
        "type": "명사",
        "mean": "［북한어］ 꽝 소리만 요란한 대포라는 뜻으로, '거짓말'을 이르는 말."
    },
    "꽝포쟁이": {
        "word": "꽝포쟁이",
        "chosung": "ㄲㅍㅈㅇ",
        "type": "명사",
        "mean": "［북한어］ '허풍쟁이'의 북한어."
    }
}