{
    "꽤": {
        "word": "꽤",
        "chosung": "ㄲ",
        "type": "부사",
        "mean": "1. 보통보다 조금 더한 정도로."
    },
    "꽤기": {
        "word": "꽤기",
        "chosung": "ㄲㄱ",
        "type": "명사",
        "mean": "［방언］ 재래종 자두(강원)."
    },
    "꽤니내보다": {
        "word": "꽤니내보다",
        "chosung": "ㄲㄴㄴㅂㄷ",
        "type": "동사",
        "mean": "［방언］ '꼬나보다'의 방언(함북)."
    },
    "꽤리": {
        "word": "꽤리",
        "chosung": "ㄲㄹ",
        "type": "명사",
        "mean": "［방언］ '꽈리'의 방언(강원)."
    },
    "꽤지름": {
        "word": "꽤지름",
        "chosung": "ㄲㅈㄹ",
        "type": "명사",
        "mean": "［방언］ '참기름'의 방언(제주)."
    },
    "꽤짜": {
        "word": "꽤짜",
        "chosung": "ㄲㅉ",
        "type": "명사",
        "mean": "［북한어］ 꽤 괜찮은 사람이나 물건. ≒꽤짜리."
    },
    "꽤짜리": {
        "word": "꽤짜리",
        "chosung": "ㄲㅉㄹ",
        "type": "명사",
        "mean": "［북한어］ =꽤짜."
    },
    "꽤쭈셍이": {
        "word": "꽤쭈셍이",
        "chosung": "ㄲㅉㅅㅇ",
        "type": "명사",
        "mean": "［방언］ '깻묵'의 방언(제주)."
    }
}