{
    "꿈": {
        "word": "꿈",
        "chosung": "ㄲ",
        "type": "명사",
        "mean": "1. 잠자는 동안에 깨어 있을 때와 마찬가지로 여러 가지 사물을 보고 듣는 정신 현상."
    },
    "꿈같다": {
        "word": "꿈같다",
        "chosung": "ㄲㄱㄷ",
        "type": "형용사",
        "mean": "1. 세월이 덧없이 빠르다."
    },
    "꿈결": {
        "word": "꿈결",
        "chosung": "ㄲㄱ",
        "type": "명사",
        "mean": "1. 꿈을 꾸는 어렴풋한 동안."
    },
    "꿈길": {
        "word": "꿈길",
        "chosung": "ㄲㄱ",
        "type": "명사",
        "mean": " 꿈에서 이루어지는 일의 과정."
    },
    "꿈꾸다": {
        "word": "꿈꾸다",
        "chosung": "ㄲㄲㄷ",
        "type": "동사",
        "mean": "『 …을』 1. 꿈을 꾸는 상태에 있다. 2. 속으로 어떤 일이 이루어지기를 은근히 바라거나 뜻을 세우다."
    },
    "꿈나라": {
        "word": "꿈나라",
        "chosung": "ㄲㄴㄹ",
        "type": "명사",
        "mean": "1. 꿈속의 세계. ≒수향(睡鄕)."
    },
    "꿈나락": {
        "word": "꿈나락",
        "chosung": "ㄲㄴㄹ",
        "type": "명사",
        "mean": "［북한어］ '꿈나라'의 북한어."
    },
    "꿈땜": {
        "word": "꿈땜",
        "chosung": "ㄲㄸ",
        "type": "명사",
        "mean": " 꿈에서 본 좋거나 궂은 조짐을 현실로 겪어서 때우는 일."
    },
    "꿈만": {
        "word": "꿈만",
        "chosung": "ㄲㅁ",
        "type": "명사",
        "mean": "'꿈만하다'의 어근"
    },
    "꿈밖": {
        "word": "꿈밖",
        "chosung": "ㄲㅂ",
        "type": "명사",
        "mean": " 꿈에도 생각 못한 매우 뜻밖의 일."
    },
    "꿈사리": {
        "word": "꿈사리",
        "chosung": "ㄲㅅㄹ",
        "type": "명사",
        "mean": "［방언］ '꿈자리'의 방언(제주)."
    },
    "꿈속": {
        "word": "꿈속",
        "chosung": "ㄲㅅ",
        "type": "명사",
        "mean": "1. 꿈을 꾸는 동안. ≒몽리(夢裏)·몽중(夢中)."
    },
    "꿈실": {
        "word": "꿈실",
        "chosung": "ㄲㅅ",
        "type": "부사",
        "mean": "［북한어］1. 벌레 따위가 가볍게 몸을 놀리며 매우 느리게 움직이는 모양. 2. 위아래로 꾸불꾸불하게 물결을 이루며 넘실거리는 모양."
    },
    "꿈실꿈실": {
        "word": "꿈실꿈실",
        "chosung": "ㄲㅅㄲㅅ",
        "type": "부사",
        "mean": "1. 작은 벌레 따위가 한데 어우러져 굼뜨게 자꾸 움직이는 모양. '굼실굼실'보다 센 느낌을 준다."
    },
    "꿈의해석": {
        "word": "꿈의해석",
        "chosung": "ㄲㅇㅎㅅ",
        "type": "명사",
        "mean": "1900년에 오스트리아의 심리학자 프로이트가 지은 정신 분석학 책. 꿈은 원망(願望)의 충족을 바라는 잠재의식이 상징화·시각화(視覺化)하고 변장(變裝)·왜곡되어 의식화된 것으로 규정하였다. 정신 분석학의 입문서로 유명하다."
    },
    "꿈자리": {
        "word": "꿈자리",
        "chosung": "ㄲㅈㄹ",
        "type": "명사",
        "mean": " 꿈에 나타난 일이나 내용. 앞일의 길흉을 판단할 수 있는 조짐이 된다."
    },
    "꿈적": {
        "word": "꿈적",
        "chosung": "ㄲㅈ",
        "type": "부사",
        "mean": " 몸을 둔하고 느리게 움직이는 모양. '굼적'보다 센 느낌을 준다."
    },
    "꿈적꿈적": {
        "word": "꿈적꿈적",
        "chosung": "ㄲㅈㄲㅈ",
        "type": "부사",
        "mean": " 몸을 둔하고 느리게 자꾸 움직이는 모양. '굼적굼적'보다 센 느낌을 준다."
    },
    "꿈지러기": {
        "word": "꿈지러기",
        "chosung": "ㄲㅈㄹㄱ",
        "type": "명사",
        "mean": " 음식물에서 생긴 구더기."
    },
    "꿈지럭": {
        "word": "꿈지럭",
        "chosung": "ㄲㅈㄹ",
        "type": "부사",
        "mean": " 매우 둔하고 느린 몸짓으로 한 번 움직이는 모양. '굼지럭'보다 센 느낌을 준다."
    },
    "꿈지럭꿈지럭": {
        "word": "꿈지럭꿈지럭",
        "chosung": "ㄲㅈㄹㄲㅈㄹ",
        "type": "부사",
        "mean": " 몸을 천천히 굼뜨게 계속 움직이는 모양. '굼지럭굼지럭'보다 센 느낌을 준다."
    },
    "꿈질": {
        "word": "꿈질",
        "chosung": "ㄲㅈ",
        "type": "부사",
        "mean": " '꿈지럭'의 준말."
    },
    "꿈질꿈질": {
        "word": "꿈질꿈질",
        "chosung": "ㄲㅈㄲㅈ",
        "type": "부사",
        "mean": " '꿈지럭꿈지럭'의 준말."
    },
    "꿈쩍": {
        "word": "꿈쩍",
        "chosung": "ㄲㅉ",
        "type": "부사",
        "mean": " 몸을 둔하고 느리게 움직이는 모양. '굼적'보다 아주 센 느낌을 준다."
    },
    "꿈쩍꿈쩍": {
        "word": "꿈쩍꿈쩍",
        "chosung": "ㄲㅉㄲㅉ",
        "type": "부사",
        "mean": " 몸을 둔하고 느리게 자꾸 움직이는 모양. '굼적굼적'보다 아주 센 느낌을 준다."
    },
    "꿈쩍없다": {
        "word": "꿈쩍없다",
        "chosung": "ㄲㅉㅇㄷ",
        "type": "업써",
        "mean": ", -없는[엄-], -없지［업찌］〕［형용사］ 움직이는 기색이 전혀 없다."
    },
    "꿈통": {
        "word": "꿈통",
        "chosung": "ㄲㅌ",
        "type": "명사",
        "mean": " 은어로, '베개'를 이르는 말."
    },
    "꿈트럭": {
        "word": "꿈트럭",
        "chosung": "ㄲㅌㄹ",
        "type": "명사",
        "mean": "'꿈트럭거리다'의 어근."
    },
    "꿈트럭꿈트럭": {
        "word": "꿈트럭꿈트럭",
        "chosung": "ㄲㅌㄹㄲㅌㄹ",
        "type": "부사",
        "mean": " 몸의 일부를 굼뜨게 이리저리 구부리거나 비틀며 자꾸 움직이는 모양."
    },
    "꿈틀": {
        "word": "꿈틀",
        "chosung": "ㄲㅌ",
        "type": "부사",
        "mean": " 몸의 한 부분을 구부리거나 비틀며 움직이는 모양. '굼틀'보다 센 느낌을 준다."
    },
    "꿈틀꿈틀": {
        "word": "꿈틀꿈틀",
        "chosung": "ㄲㅌㄲㅌ",
        "type": "부사",
        "mean": " 몸의 한 부분을 구부리거나 비틀며 자꾸 움직이는 모양. '굼틀굼틀'보다 센 느낌을 준다."
    },
    "꿈틀벌레": {
        "word": "꿈틀벌레",
        "chosung": "ㄲㅌㅂㄹ",
        "type": "명사",
        "mean": "'윤충(輪 蟲)'의 북한어."
    },
    "꿈틀운동": {
        "word": "꿈틀운동",
        "chosung": "ㄲㅌㅇㄷ",
        "type": "명사",
        "mean": "'연동 운동'의 북한어."
    },
    "꿈틀흔들말": {
        "word": "꿈틀흔들말",
        "chosung": "ㄲㅌㅎㄷㅁ",
        "type": "명사",
        "mean": "흔들말과의 민물 남조류. 몸은 외오리 세포실인데 곧고 남빛이 도는 녹색이며, 끝 부분은 조금 가늘고 구부러졌다. 유황 온천과 같은 더운물과 찬물, 약수, 진펄, 온실 안의 젖은 벽, 짠물 호수 따위에서 산다."
    }
}