{
    "꿍": {
        "word": "꿍",
        "chosung": "ㄲ",
        "type": "부사",
        "mean": "1. 크고 무거운 물건이 바닥이나 물체 위에 떨어지거나 부딪쳐 나는 소리."
    },
    "꿍꽝": {
        "word": "꿍꽝",
        "chosung": "ㄲㄲ",
        "type": "부사",
        "mean": "1. 폭발물이나 북소리 따위가 크고 작게 엇바뀌어 요란하게 울리어 나는 소리. 2. 단단하고 큰 물건이 서로 부딪칠 때 나는 소리. 3. 발로 마룻바닥을 구를 때 나는 소리."
    },
    "꿍꽝꿍꽝": {
        "word": "꿍꽝꿍꽝",
        "chosung": "ㄲㄲㄲㄲ",
        "type": "부사",
        "mean": "1. 폭발물이나 북소리 따위가 크고 작게 엇바뀌어 잇따라 요란하게 울리어 나는 소리."
    },
    "꿍꿍": {
        "word": "꿍꿍",
        "chosung": "ㄲㄲ",
        "type": "부사",
        "mean": "1. 크고 무거운 물건이 잇따라 바닥이나 물체 위에 떨어지거나 부딪쳐 나는 소리."
    },
    "꿍꿍이": {
        "word": "꿍꿍이",
        "chosung": "ㄲㄲㅇ",
        "type": "명사",
        "mean": " =꿍꿍이셈."
    },
    "꿍꿍이셈": {
        "word": "꿍꿍이셈",
        "chosung": "ㄲㄲㅇㅅ",
        "type": "명사",
        "mean": " 남에게 드러내 보이지 아니하고 속으로만 어떤 일을 꾸며 우물쭈물하는 속셈. ≒꿍꿍이·꿍꿍이수."
    },
    "꿍꿍이속": {
        "word": "꿍꿍이속",
        "chosung": "ㄲㄲㅇㅅ",
        "type": "명사",
        "mean": " 남에게 드러내 보이지 아니하고 어떤 일을 꾸며 도무지 모를 셈속."
    },
    "꿍꿍이수": {
        "word": "꿍꿍이수",
        "chosung": "ㄲㄲㅇㅅ",
        "type": "명사",
        "mean": " =꿍꿍이셈."
    },
    "꿍꿍이수작": {
        "word": "꿍꿍이수작",
        "chosung": "ㄲㄲㅇㅅㅈ",
        "type": "명사",
        "mean": " 남에게 드러내 보이지 아니하고 어떤 일을 꾸며 속을 알 수 없는 엉큼한 수작."
    },
    "꿍꿍이질": {
        "word": "꿍꿍이질",
        "chosung": "ㄲㄲㅇㅈ",
        "type": "명사",
        "mean": "［북한어］ 남에게 드러내 보이지 아니하고 속으로만 어떤 일을 꾸미는 일이나 행동."
    },
    "꿍꿍이짓": {
        "word": "꿍꿍이짓",
        "chosung": "ㄲㄲㅇㅈ",
        "type": "명사",
        "mean": " 남에게 드러내 보이지 아니하고 속으로만 어떤 일을 꾸미는 짓."
    },
    "꿍꿍이판": {
        "word": "꿍꿍이판",
        "chosung": "ㄲㄲㅇㅍ",
        "type": "명사",
        "mean": "［북한어］ 꿍꿍이를 꾸미는 판."
    },
    "꿍수": {
        "word": "꿍수",
        "chosung": "ㄲㅅ",
        "type": "명사",
        "mean": " '꿍꿍이셈'의 잘못."
    },
    "꿍심": {
        "word": "꿍심",
        "chosung": "ㄲㅅ",
        "type": "명사",
        "mean": "［방언］ '꿍꿍이셈'의 방언(경남)."
    },
    "꿍싯": {
        "word": "꿍싯",
        "chosung": "ㄲㅅ",
        "type": "부사",
        "mean": "［북한어］ 잠이 오지 아니하여 몸을 한 번 세게 뒤척이는 모양."
    },
    "꿍싯꿍싯": {
        "word": "꿍싯꿍싯",
        "chosung": "ㄲㅅㄲㅅ",
        "type": "부사",
        "mean": "［북한어］1. 잠이 오지 아니하여 누워서 몸을 이리저리 자꾸 세게 뒤척이는 모양."
    },
    "꿍얼": {
        "word": "꿍얼",
        "chosung": "ㄲㅇ",
        "type": "명사",
        "mean": "'꿍얼거리다'의 어근."
    },
    "꿍얼꿍얼": {
        "word": "꿍얼꿍얼",
        "chosung": "ㄲㅇㄲㅇ",
        "type": "부사",
        "mean": " 남이 잘 알아듣지 못하게 혼잣소리로 불만스럽게 자꾸 말하는 소리. 또는 그 모양."
    },
    "꿍이": {
        "word": "꿍이",
        "chosung": "ㄲㅇ",
        "type": "명사",
        "mean": "［방언］ '꿩'의 방언(평남)."
    },
    "꿍제기": {
        "word": "꿍제기",
        "chosung": "ㄲㅈㄱ",
        "type": "명사",
        "mean": "［방언］ '꾸러미'의 방언(평안)."
    },
    "꿍지": {
        "word": "꿍지",
        "chosung": "ㄲㅈ",
        "type": "명사",
        "mean": "［방언］ '꾸러미'의 방언(평북)."
    },
    "꿍지다": {
        "word": "꿍지다",
        "chosung": "ㄲㅈㄷ",
        "type": "동사",
        "mean": "1. '꾸리다'의 잘못. 2. ［북한어］ '꾸리다'의 북한어."
    },
    "꿍치다": {
        "word": "꿍치다",
        "chosung": "ㄲㅊㄷ",
        "type": "동사",
        "mean": "『 …을』 조금 세게 동이거나 묶다."
    }
}