{
    "뀅기": {
        "word": "뀅기",
        "chosung": "ㄲㄱ",
        "type": "명사",
        "mean": "［방언］ '꿰미'의 방언(충북)."
    },
    "뀅이": {
        "word": "뀅이",
        "chosung": "ㄲㅇ",
        "type": "명사",
        "mean": "［방언］ '괭이'의 방언(전남)."
    },
    "뀅하다": {
        "word": "뀅하다",
        "chosung": "ㄲㅎㄷ",
        "type": "형용사",
        "mean": "［방언］ '멍하다'의 방언(평북)."
    }
}