{
    "끌": {
        "word": "끌",
        "chosung": "ㄲ",
        "type": "명사",
        "mean": " 망치로 한쪽 끝을 때려서 나무에 구멍을 뚫거나 겉면을 깎고 다듬는 데 쓰는 연장."
    },
    "끌개": {
        "word": "끌개",
        "chosung": "ㄲㄱ",
        "type": "명사",
        "mean": "［방언］ '고무래'의 방언(경북)."
    },
    "끌관": {
        "word": "끌관",
        "chosung": "ㄲㄱ",
        "type": "명사",
        "mean": "'물관'의 북한어."
    },
    "끌구멍": {
        "word": "끌구멍",
        "chosung": "ㄲㄱㅁ",
        "type": "명사",
        "mean": " 목재에 다른 나무를 끼우기 위하여 끌로 판 구멍."
    },
    "끌그렁": {
        "word": "끌그렁",
        "chosung": "ㄲㄱㄹ",
        "type": "명사",
        "mean": "［방언］ 풀이나 곡식 또는 굵지 않은 나무 줄기를 베어 낸 뒤에 남은 뿌리 쪽의 부분. 주로 낫으로 베어 내고 남은 것을 이른다(충북)."
    },
    "끌그물": {
        "word": "끌그물",
        "chosung": "ㄲㄱㅁ",
        "type": "명사",
        "mean": "물속에 넣고 끌어서 고기를 잡는 그물."
    },
    "끌그물어법": {
        "word": "끌그물어법",
        "chosung": "ㄲㄱㅁㅇㅂ",
        "type": "명사",
        "mean": "자루 그물의 입구를 벌린 채 물고기를 끌어서 잡는 방법. 표층어(表層魚)가 대상인 기선 권현망, 중층어가 대상인 중층 트롤, 저층어가 대상인 쌍끌이 기선 저인망과 오터 트롤 따위가 있다."
    },
    "끌기": {
        "word": "끌기",
        "chosung": "ㄲㄱ",
        "type": "명사",
        "mean": "마우스의 버튼을 누른 채 화면 위의 커서를 어떤 점에서 다른 점까지 움직인 후 버튼을 떼는 동작. 데이터를 블록 지정하는 데에 많이 쓴다. ≒드래그(drag)."
    },
    "끌기계": {
        "word": "끌기계",
        "chosung": "ㄲㄱㄱ",
        "type": "명사",
        "mean": "나사송곳이 끼어 있는 각 끌을 기계에 고정하여 목재에 사각형의 구멍을 파는 데 쓰는 기계. 특히 장붓구멍을 파는 데 편리하다."
    },
    "끌기관차": {
        "word": "끌기관차",
        "chosung": "ㄲㄱㄱㅊ",
        "type": "명사",
        "mean": "'견인 기관차'의 북한어."
    },
    "끌기사슬": {
        "word": "끌기사슬",
        "chosung": "ㄲㄱㅅㅅ",
        "type": "명사",
        "mean": "［북한어］ 짐을 끌어당기는 데 쓰는 사슬. 주로 컨베이어, 굴착기, 승강기와 같은 운반 기계에서 많이 쓴다. ≒끌사슬."
    },
    "끌기정량": {
        "word": "끌기정량",
        "chosung": "ㄲㄱㅈㄹ",
        "type": "명사",
        "mean": "'견인정량'을 다듬은 말."
    },
    "끌깃": {
        "word": "끌깃",
        "chosung": "ㄲㄱ",
        "type": "부사",
        "mean": "［북한어］ 곁눈으로 아주 사납게 한 번 흘겨보는 모양."
    },
    "끌깃끌깃": {
        "word": "끌깃끌깃",
        "chosung": "ㄲㄱㄲㄱ",
        "type": "부사",
        "mean": "［북한어］ 곁눈으로 아주 사납게 자꾸 흘겨보는 모양."
    },
    "끌꺽": {
        "word": "끌꺽",
        "chosung": "ㄲㄲ",
        "type": "부사",
        "mean": " 먹은 것이 잘 내리지 아니하여 트림이 나오는 소리."
    },
    "끌꺽끌꺽": {
        "word": "끌꺽끌꺽",
        "chosung": "ㄲㄲㄲㄲ",
        "type": "부사",
        "mean": " 먹은 것이 잘 내리지 아니하여 트림이 잇따라 나오는 소리."
    },
    "끌끌": {
        "word": "끌끌",
        "chosung": "ㄲㄲ",
        "type": "부사",
        "mean": " 마음에 마땅찮아 혀를 차는 소리."
    },
    "끌끔": {
        "word": "끌끔",
        "chosung": "ㄲㄲ",
        "type": "명사",
        "mean": "'끌끔하다'의 어근."
    },
    "끌낚": {
        "word": "끌낚",
        "chosung": "ㄲㄴ",
        "type": "명사",
        "mean": "=끌낚시."
    },
    "끌낚시": {
        "word": "끌낚시",
        "chosung": "ㄲㄴㅅ",
        "type": "명사",
        "mean": "배로 낚싯줄을 수평으로 끌면서 수면 가까이의 고기를 낚는 일. ≒끌낚·트롤링낚시."
    },
    "끌날같다": {
        "word": "끌날같다",
        "chosung": "ㄲㄴㄱㄷ",
        "type": "형용사",
        "mean": " 씩씩하고 끌끌하다."
    },
    "끌능력": {
        "word": "끌능력",
        "chosung": "ㄲㄴㄹ",
        "type": "명사",
        "mean": "'견인능력'을 다듬은 말."
    },
    "끌다": {
        "word": "끌다",
        "chosung": "ㄲㄷ",
        "type": "동사",
        "mean": "━ ⅰ『 …을』 1. 바닥에 댄 채로 잡아당기다."
    },
    "끌대": {
        "word": "끌대",
        "chosung": "ㄲㄷ",
        "type": "명사",
        "mean": "1. 물건을 끌어당길 때 쓰는 막대."
    },
    "끌떼기": {
        "word": "끌떼기",
        "chosung": "ㄲㄸㄱ",
        "type": "명사",
        "mean": "［방언］ '그루터기'의 방언(경북)."
    },
    "끌띠기": {
        "word": "끌띠기",
        "chosung": "ㄲㄸㄱ",
        "type": "명사",
        "mean": "［방언］ '그루터기'의 방언(경북)."
    },
    "끌러지다": {
        "word": "끌러지다",
        "chosung": "ㄲㄹㅈㄷ",
        "type": "저",
        "mean": "), -지니〕［동사］ 매어 놓은 것이 풀어지다."
    },
    "끌려가다": {
        "word": "끌려가다",
        "chosung": "ㄲㄹㄱㄷ",
        "type": "동사",
        "mean": "『 …에게 …에』『 …에게 …으로』 남이 시키는 대로 억지로 딸려 가다."
    },
    "끌려들다": {
        "word": "끌려들다",
        "chosung": "ㄲㄹㄷㄷ",
        "type": "동사",
        "mean": "『 …에』 안으로 끌리어 속하다."
    },
    "끌려오다": {
        "word": "끌려오다",
        "chosung": "ㄲㄹㅇㄷ",
        "type": "동사",
        "mean": "『 …에게 …에』『 …에게 …으로』 마지못해 남이 시키는 대로 따라오다."
    },
    "끌르다": {
        "word": "끌르다",
        "chosung": "ㄲㄹㄷ",
        "type": "동사",
        "mean": "［방언］ '끄르다'의 방언(강원)."
    },
    "끌리다": {
        "word": "끌리다",
        "chosung": "ㄲㄹㄷ",
        "type": "동사",
        "mean": " ━ ⅰ『 …이』 '끌다'의 피동사."
    },
    "끌림배": {
        "word": "끌림배",
        "chosung": "ㄲㄹㅂ",
        "type": "명사",
        "mean": "［북한어］ '부선(艀船)'의 북한어."
    },
    "끌림소리": {
        "word": "끌림소리",
        "chosung": "ㄲㄹㅅㄹ",
        "type": "명사",
        "mean": "'이끎음'의 북한어."
    },
    "끌망치": {
        "word": "끌망치",
        "chosung": "ㄲㅁㅊ",
        "type": "명사",
        "mean": "끌질을 할 때 끌의 머리를 두드리는 나무 망치."
    },
    "끌목": {
        "word": "끌목",
        "chosung": "ㄲㅁ",
        "type": "명사",
        "mean": "사냥에서, 건널목이 한 군데가 아니고 여러 지점에 잇대어 있을 때, 옮겨 다니면서 지키는 목."
    },
    "끌무게": {
        "word": "끌무게",
        "chosung": "ㄲㅁㄱ",
        "type": "명사",
        "mean": "'견인중량'을 다듬은 말."
    },
    "끌물길": {
        "word": "끌물길",
        "chosung": "ㄲㅁㄱ",
        "type": "명사",
        "mean": "'도수로(導水路)'의 북한어."
    },
    "끌밋": {
        "word": "끌밋",
        "chosung": "ㄲㅁ",
        "type": "명사",
        "mean": "'끌밋하다'의 어근."
    },
    "끌밋다": {
        "word": "끌밋다",
        "chosung": "ㄲㅁㄷ",
        "type": "동사",
        "mean": "［북한어］ '끌밋하다'의 북한어."
    },
    "끌바": {
        "word": "끌바",
        "chosung": "ㄲㅂ",
        "type": "명사",
        "mean": "［북한어］ =끌바줄."
    },
    "끌바줄": {
        "word": "끌바줄",
        "chosung": "ㄲㅂㅈ",
        "type": "명사",
        "mean": "［북한어］ 배나 큰 물건에 걸고 끄는 밧줄. ≒끌바. ※ 끌밧줄."
    },
    "끌박다": {
        "word": "끌박다",
        "chosung": "ㄲㅂㄷ",
        "type": "동사",
        "mean": " '그루박다'의 잘못."
    },
    "끌밥": {
        "word": "끌밥",
        "chosung": "ㄲㅂ",
        "type": "명사",
        "mean": " 끌로 나무를 팔 때 생기는 부스러기."
    },
    "끌방망이": {
        "word": "끌방망이",
        "chosung": "ㄲㅂㅁㅇ",
        "type": "명사",
        "mean": " 끌질을 할 때 끌의 머리를 치는 나무 방망이."
    },
    "끌배": {
        "word": "끌배",
        "chosung": "ㄲㅂ",
        "type": "명사",
        "mean": " =예인선(曳引船)."
    },
    "끌배등": {
        "word": "끌배등",
        "chosung": "ㄲㅂㄷ",
        "type": "명사",
        "mean": "밤에 견인선이라는 것을 알리기 위하여 배의 뒤쪽에 켜는 노란색 등불."
    },
    "끌사슬": {
        "word": "끌사슬",
        "chosung": "ㄲㅅㅅ",
        "type": "명사",
        "mean": "［북한어］ =끌기사슬."
    },
    "끌삽굴착기": {
        "word": "끌삽굴착기",
        "chosung": "ㄲㅅㄱㅊㄱ",
        "type": "명사",
        "mean": "끝 부분이 끌처럼 생긴 버킷(bucket)이 하나 달린 굴착기. 차체보다 낮은 곳의 땅을 파서 멀지 않은 곳에 옮길 때 쓴다."
    },
    "끌신": {
        "word": "끌신",
        "chosung": "ㄲㅅ",
        "type": "명사",
        "mean": "+-ㄹ+신】"
    },
    "끌안다": {
        "word": "끌안다",
        "chosung": "ㄲㅇㄷ",
        "type": "동사",
        "mean": "『 …을』 1. =끌어안다 . 2. =끌어안다 ."
    },
    "끌어가다": {
        "word": "끌어가다",
        "chosung": "ㄲㅇㄱㄷ",
        "type": "동사",
        "mean": " 1. 『 …을 …으로』 사람을 강제로 데리고 가거나 붙잡아 가다."
    },
    "끌어내기선": {
        "word": "끌어내기선",
        "chosung": "ㄲㅇㄴㄱㅅ",
        "type": "명사",
        "mean": "'인상선(引上線)'을 다듬은 말."
    },
    "끌어내다": {
        "word": "끌어내다",
        "chosung": "ㄲㅇㄴㄷ",
        "type": "동사",
        "mean": "『 …에서 …을』『 …을 …에』『 …을 …으로』 1. 당겨서 밖으로 내다."
    },
    "끌어내리다": {
        "word": "끌어내리다",
        "chosung": "ㄲㅇㄴㄹㄷ",
        "type": "동사",
        "mean": "『 …에서 …을』『 …을 …으로』 직위 따위를 박탈하다. 또는 높은 지위에서 격하시키다."
    },
    "끌어넣다": {
        "word": "끌어넣다",
        "chosung": "ㄲㅇㄴㄷ",
        "type": "너쏘",
        "mean": "〕［동사］『 …을 …에』『 …을 …으로』 어떠한 일에 개입하게 하다."
    },
    "끌어당겨엎어뜨리기": {
        "word": "끌어당겨엎어뜨리기",
        "chosung": "ㄲㅇㄷㄱㅇㅇㄸㄹㄱ",
        "type": "명사",
        "mean": "［북한어］레슬링에서, 선 자세에서 상대편의 윗몸을 잡고 옆으로 또는 뒤로 당겨서 앉은 자세가 되게 하는 기술."
    },
    "끌어당기다": {
        "word": "끌어당기다",
        "chosung": "ㄲㅇㄷㄱㄷ",
        "type": "동사",
        "mean": "『 …을』 1. 끌어서 가까이 오게 하다."
    },
    "끌어대다": {
        "word": "끌어대다",
        "chosung": "ㄲㅇㄷㄷ",
        "type": "동사",
        "mean": " 1. 『 …을』 끌어다가 맞추어 대다."
    },
    "끌어들이다": {
        "word": "끌어들이다",
        "chosung": "ㄲㅇㄷㅇㄷ",
        "type": "동사",
        "mean": "『 …을 …에』『 …을 …으로』 남을 권하거나 꾀어서 자기편이 되게 하다."
    },
    "끌어매다": {
        "word": "끌어매다",
        "chosung": "ㄲㅇㅁㄷ",
        "type": "동사",
        "mean": "『 …을』 각 조각을 끌어대어 아무렇게나 꿰매다."
    },
    "끌어안다": {
        "word": "끌어안다",
        "chosung": "ㄲㅇㅇㄷ",
        "type": "동사",
        "mean": "『 …을』 1. 끌어당기어 안다. ≒끌안다 ."
    },
    "끌어올리기": {
        "word": "끌어올리기",
        "chosung": "ㄲㅇㅇㄹㄱ",
        "type": "명사",
        "mean": "［북한어］'인상(引上)'의 북한어."
    },
    "끌어올리다": {
        "word": "끌어올리다",
        "chosung": "ㄲㅇㅇㄹㄷ",
        "type": "동사",
        "mean": "『 …을 …으로』 높은 지위로 올려 주다."
    },
    "끌어올림무늬": {
        "word": "끌어올림무늬",
        "chosung": "ㄲㅇㅇㄹㅁㄴ",
        "type": "명사",
        "mean": "=겹침무늬."
    },
    "끌영창": {
        "word": "끌영창",
        "chosung": "ㄲㅇㅊ",
        "type": "명사",
        "mean": "한짝을 젖히어 다른 한짝에 붙여서 한짝을 열면 다른 한짝도 함께 열리는 미닫이창."
    },
    "끌이막대": {
        "word": "끌이막대",
        "chosung": "ㄲㅇㅁㄷ",
        "type": "명사",
        "mean": "=물추리나무."
    },
    "끌쟁기": {
        "word": "끌쟁기",
        "chosung": "ㄲㅈㄱ",
        "type": "명사",
        "mean": "=극젱이."
    },
    "끌줄": {
        "word": "끌줄",
        "chosung": "ㄲㅈ",
        "type": "명사",
        "mean": "배에 그물을 달아 끄는 줄. ≒예삭(曳索 )."
    },
    "끌질": {
        "word": "끌질",
        "chosung": "ㄲㅈ",
        "type": "명사",
        "mean": " 끌로 구멍을 파거나 그 속을 따 내는 일."
    },
    "끌쩍": {
        "word": "끌쩍",
        "chosung": "ㄲㅉ",
        "type": "부사",
        "mean": "［북한어］ 긁어서 뜯거나 진집을 내는 모양."
    },
    "끌쩍끌쩍": {
        "word": "끌쩍끌쩍",
        "chosung": "ㄲㅉㄲㅉ",
        "type": "부사",
        "mean": " 자꾸 긁어서 뜯거나 진집을 내는 모양."
    },
    "끌차": {
        "word": "끌차",
        "chosung": "ㄲㅊ",
        "type": "명사",
        "mean": " 무거운 물건, 차량 따위를 뒤에 달고 끄는 차."
    },
    "끌채": {
        "word": "끌채",
        "chosung": "ㄲㅊ",
        "type": "명사",
        "mean": "［방언］ '머리채'의 방언(평북)."
    },
    "끌챙이후리": {
        "word": "끌챙이후리",
        "chosung": "ㄲㅊㅇㅎㄹ",
        "type": "명사",
        "mean": "후릿그물의 하나. 그물 아래쪽에 달아 빠져나가는 물고기를 걸리게 하는 자루 모양의 그물이다."
    },
    "끌칼": {
        "word": "끌칼",
        "chosung": "ㄲㅋ",
        "type": "명사",
        "mean": "［방언］ '끌'의 방언(충남)."
    },
    "끌콩": {
        "word": "끌콩",
        "chosung": "ㄲㅋ",
        "type": "명사",
        "mean": "'대우콩'의 잘못."
    },
    "끌탕": {
        "word": "끌탕",
        "chosung": "ㄲㅌ",
        "type": "명사",
        "mean": " 속을 태우는 걱정."
    },
    "끌태기": {
        "word": "끌태기",
        "chosung": "ㄲㅌㄱ",
        "type": "명사",
        "mean": "［방언］ '머리채'의 방언(평북, 함남)."
    },
    "끌태부이하다": {
        "word": "끌태부이하다",
        "chosung": "ㄲㅌㅂㅇㅎㄷ",
        "type": "동사",
        "mean": "［방언］ 여자의 긴 머리를 쥐고 싸우다(평북)."
    },
    "끌터기": {
        "word": "끌터기",
        "chosung": "ㄲㅌㄱ",
        "type": "명사",
        "mean": "［방언］ '그루터기'의 방언(경상)."
    },
    "끌텅": {
        "word": "끌텅",
        "chosung": "ㄲㅌ",
        "type": "명사",
        "mean": "［방언］ 나무의 그루터기나 배추의 뿌리 따위의 깊이 박혀 있는 부분을 이르는 말(경기, 전남)."
    },
    "끌텡이": {
        "word": "끌텡이",
        "chosung": "ㄲㅌㅇ",
        "type": "명사",
        "mean": "［방언］ 나무의 그루터기나 배추의 뿌리 따위의 깊이 박혀 있는 부분을 이르는 말(전남)."
    },
    "끌통": {
        "word": "끌통",
        "chosung": "ㄲㅌ",
        "type": "명사",
        "mean": " 잡은 은어를 살리기 위해서 물속으로 끌고 다니는 통."
    },
    "끌티기": {
        "word": "끌티기",
        "chosung": "ㄲㅌㄱ",
        "type": "명사",
        "mean": "［방언］ '그루터기'의 방언(경남)."
    },
    "끌힘": {
        "word": "끌힘",
        "chosung": "ㄲㅎ",
        "type": "명사",
        "mean": "=인력(引力)."
    }
}