{
    "끓는점": {
        "word": "끓는점",
        "chosung": "ㄲㄴㅈ",
        "type": "명사",
        "mean": "액체 물질의 증기압이 외부 압력과 같아져 끓기 시작하는 온도. 외부 압력이나 물질의 조성에 변화가 있으면 온도도 따라서 변한다. 보통은 1기압에서의 값을 말하며 그 물질의 고유한 상수(常數)가 된다. 예를 들어 물의 경우는 100℃이다. ≒비등점·비점(沸點)·증기점."
    },
    "끓는점법": {
        "word": "끓는점법",
        "chosung": "ㄲㄴㅈㅂ",
        "type": "명사",
        "mean": "《화학》=비점법."
    },
    "끓는점오름": {
        "word": "끓는점오름",
        "chosung": "ㄲㄴㅈㅇㄹ",
        "type": "명사",
        "mean": "순용매(純溶媒)에 비휘발성의 물질이 녹아서 용매의 끓는점이 오르는 현상. 용질의 분자량이나 해리도(解離度) 따위의 측정에 쓴다. ≒비등점 상승·비점 상승."
    },
    "끓는점오름법": {
        "word": "끓는점오름법",
        "chosung": "ㄲㄴㅈㅇㄹㅂ",
        "type": "명사",
        "mean": "=비점법."
    },
    "끓다": {
        "word": "끓다",
        "chosung": "ㄲㄷ",
        "type": "끄러",
        "mean": ", 끓소［끌쏘］〕［동사］━ ⅰ1. 액체가 몹시 뜨거워져서 소리를 내면서 거품이 솟아오르다."
    },
    "끓어넘치다": {
        "word": "끓어넘치다",
        "chosung": "ㄲㅇㄴㅊㄷ",
        "type": "동사",
        "mean": "［북한어］ 어떤 심리 현상이나 분위기가 몹시 설레어 움직이다."
    },
    "끓어번지다": {
        "word": "끓어번지다",
        "chosung": "ㄲㅇㅂㅈㄷ",
        "type": "동사",
        "mean": "［북한어］ 어떤 심리 현상이나 분위기가 걷잡을 수 없이 몹시 설레어 움직이다."
    },
    "끓어오르다": {
        "word": "끓어오르다",
        "chosung": "ㄲㅇㅇㄹㄷ",
        "type": "동사",
        "mean": " 그릇의 물이 끓어서 넘으려고 올라오다."
    },
    "끓을탕": {
        "word": "끓을탕",
        "chosung": "ㄲㅇㅌ",
        "type": "명사",
        "mean": " '끌탕'의 잘못."
    },
    "끓음": {
        "word": "끓음",
        "chosung": "ㄲㅇ",
        "type": "명사",
        "mean": "［북한어］ '비등(沸騰)'의 북한어."
    },
    "끓음건조": {
        "word": "끓음건조",
        "chosung": "ㄲㅇㄱㅈ",
        "type": "명사",
        "mean": "［북한어］ 알갱이 재료를 끓이면서 말리는 것."
    },
    "끓음건조기": {
        "word": "끓음건조기",
        "chosung": "ㄲㅇㄱㅈㄱ",
        "type": "명사",
        "mean": "알갱이 재료를 끓이면서 말리는 기계. 송풍기, 말림칸, 공급기, 저장 통으로 구성된다."
    },
    "끓음식배소로": {
        "word": "끓음식배소로",
        "chosung": "ㄲㅇㅅㅂㅅㄹ",
        "type": "명사",
        "mean": "가루 또는 알갱이 상태의 광석을 끓는 상태로 유지하면서 태우는 노. 황을 비롯한 휘발성 성분을 없애는 데 쓴다."
    },
    "끓음온도": {
        "word": "끓음온도",
        "chosung": "ㄲㅇㅇㄷ",
        "type": "명사",
        "mean": "'비등온(沸騰溫)'을 다듬은 말."
    },
    "끓음점": {
        "word": "끓음점",
        "chosung": "ㄲㅇㅈ",
        "type": "명사",
        "mean": "'끓는점'의 북한어."
    },
    "끓음점상승": {
        "word": "끓음점상승",
        "chosung": "ㄲㅇㅈㅅㅅ",
        "type": "명사",
        "mean": "'끓는점 오름'의 북한어."
    },
    "끓이다": {
        "word": "끓이다",
        "chosung": "ㄲㅇㄷ",
        "type": "동사",
        "mean": "［북한어］1. 벌레나 짐승 따위가 많이 성하다. ≒끼다."
    },
    "끓임소독": {
        "word": "끓임소독",
        "chosung": "ㄲㅇㅅㄷ",
        "type": "명사",
        "mean": "［북한어］ 소독해야 할 물건을 일정한 시간 동안 끓여 병을 일으키는 미생물 따위를 죽이는 소독."
    }
}