{
    "끔": {
        "word": "끔",
        "chosung": "ㄲ",
        "type": "접사",
        "mean": "［방언］ '-쯤'의 방언(평북)."
    },
    "끔벅": {
        "word": "끔벅",
        "chosung": "ㄲㅂ",
        "type": "부사",
        "mean": "1. 큰 불빛이나 별빛 따위가 갑자기 어두워졌다 밝아지는 모양. 또는 밝아졌다 어두워지는 모양. 2. 큰 눈이 갑자기 잠깐 감겼다 뜨이는 모양."
    },
    "끔벅끔벅": {
        "word": "끔벅끔벅",
        "chosung": "ㄲㅂㄲㅂ",
        "type": "부사",
        "mean": "1. 큰 불빛이나 별빛 따위가 자꾸 갑자기 어두워졌다 밝아졌다 하는 모양."
    },
    "끔벅번쩍": {
        "word": "끔벅번쩍",
        "chosung": "ㄲㅂㅂㅉ",
        "type": "부사",
        "mean": "［북한어］ 큰 빛이 자꾸 갑자기 나타났다 사라졌다 하는 모양."
    },
    "끔벅이": {
        "word": "끔벅이",
        "chosung": "ㄲㅂㅇ",
        "type": "명사",
        "mean": "꼭두각시 놀이에 나오는 '묵대사'를 달리 이르는 말. 눈을 떴다 감았다 한다 하여 이렇게 이른다."
    },
    "끔뻑": {
        "word": "끔뻑",
        "chosung": "ㄲㅃ",
        "type": "부사",
        "mean": "1. 큰 불빛이나 별빛 따위가 갑자기 어두워졌다 밝아지는 모양. 또는 밝아졌다 어두워지는 모양. '끔벅'보다 센 느낌을 준다. 2. 큰 눈이 갑자기 잠깐 감겼다 뜨이는 모양. '끔벅'보다 센 느낌을 준다."
    },
    "끔뻑끔뻑": {
        "word": "끔뻑끔뻑",
        "chosung": "ㄲㅃㄲㅃ",
        "type": "부사",
        "mean": "1. 큰 불빛이나 별빛 따위가 자꾸 갑자기 어두워졌다 밝아졌다 하는 모양. '끔벅끔벅'보다 센 느낌을 준다. 2. 큰 눈이 자꾸 잠깐씩 감겼다 뜨였다 하는 모양. '끔벅끔벅'보다 센 느낌을 준다."
    },
    "끔이딸": {
        "word": "끔이딸",
        "chosung": "ㄲㅇㄸ",
        "type": "명사",
        "mean": "［방언］ '덩굴딸기'의 방언(강원)."
    },
    "끔저기": {
        "word": "끔저기",
        "chosung": "ㄲㅈㄱ",
        "type": "명사",
        "mean": " '끔적이'의 잘못."
    },
    "끔적": {
        "word": "끔적",
        "chosung": "ㄲㅈ",
        "type": "부사",
        "mean": " 큰 눈이 슬쩍 감겼다 뜨이는 모양."
    },
    "끔적끔적": {
        "word": "끔적끔적",
        "chosung": "ㄲㅈㄲㅈ",
        "type": "부사",
        "mean": " 큰 눈이 자꾸 슬쩍 감겼다 뜨였다 하는 모양."
    },
    "끔적이": {
        "word": "끔적이",
        "chosung": "ㄲㅈㅇ",
        "type": "명사",
        "mean": " =눈끔적이 ."
    },
    "끔쩍": {
        "word": "끔쩍",
        "chosung": "ㄲㅉ",
        "type": "부사",
        "mean": " 큰 눈이 슬쩍 감겼다 뜨이는 모양. '끔적'보다 센 느낌을 준다."
    },
    "끔쩍끔쩍": {
        "word": "끔쩍끔쩍",
        "chosung": "ㄲㅉㄲㅉ",
        "type": "부사",
        "mean": " 큰 눈이 자꾸 슬쩍 감겼다 뜨였다 하는 모양. '끔적끔적'보다 센 느낌을 준다."
    },
    "끔쩍이": {
        "word": "끔쩍이",
        "chosung": "ㄲㅉㅇ",
        "type": "명사",
        "mean": " =눈끔쩍이."
    },
    "끔찍": {
        "word": "끔찍",
        "chosung": "ㄲㅉ",
        "type": "명사",
        "mean": "'끔찍하다'의 어근."
    },
    "끔찍끔찍": {
        "word": "끔찍끔찍",
        "chosung": "ㄲㅉㄲㅉ",
        "type": "명사",
        "mean": "'끔찍끔찍하다'의 어근."
    },
    "끔찍스럽다": {
        "word": "끔찍스럽다",
        "chosung": "ㄲㅉㅅㄹㄷ",
        "type": "형용사",
        "mean": "1. 보기에 정도가 지나쳐 놀랄 만한 데가 있다."
    },
    "끔하다": {
        "word": "끔하다",
        "chosung": "ㄲㅎㄷ",
        "type": "형용사",
        "mean": " '뜸하다'의 잘못."
    }
}