{
    "끙": {
        "word": "끙",
        "chosung": "ㄲ",
        "type": "부사",
        "mean": " 몹시 앓거나 힘에 겨운 일에 부대껴서 내는 소리."
    },
    "끙게": {
        "word": "끙게",
        "chosung": "ㄲㄱ",
        "type": "명사",
        "mean": "씨앗을 뿌린 뒤에 씨앗이 흙에 덮이게 하는 농기구. 가마니때기에 두 가닥의 줄을 매고 위에 뗏장을 놓고 끈다. ≒예로(曳撈)."
    },
    "끙끙": {
        "word": "끙끙",
        "chosung": "ㄲㄲ",
        "type": "부사",
        "mean": " 몹시 앓거나 힘에 겨운 일에 부대껴서 자꾸 내는 소리."
    },
    "끙짜": {
        "word": "끙짜",
        "chosung": "ㄲㅉ",
        "type": "명사",
        "mean": " '강짜'의 잘못."
    },
    "끙짜놓다": {
        "word": "끙짜놓다",
        "chosung": "ㄲㅉㄴㄷ",
        "type": "노쏘",
        "mean": "〕［동사］1. 불쾌하게 생각하다. 2. 즐겨서 듣지 아니하다."
    }
}