{
    "끝": {
        "word": "끝",
        "chosung": "ㄲ",
        "type": "끄치",
        "mean": "1. 시간, 공간, 사물 따위에서 마지막 한계가 되는 곳."
    },
    "끝가지": {
        "word": "끝가지",
        "chosung": "ㄲㄱㅈ",
        "type": "명사",
        "mean": "=접미사."
    },
    "끝갈망": {
        "word": "끝갈망",
        "chosung": "ㄲㄱㅁ",
        "type": "명사",
        "mean": " 일의 뒤끝을 수습하는 일."
    },
    "끝갈색밤나방": {
        "word": "끝갈색밤나방",
        "chosung": "ㄲㄱㅅㅂㄴㅂ",
        "type": "명사",
        "mean": "밤나방과의 곤충. 편 날개의 길이는 21~25 mm이며, 앞날개는 어두운 흑갈색이고 무늬가 있다. 평지에서 5월에 출현하고 애벌레는 고마리를 먹는다. 땅속에서 흙을 모아 고치를 만들고 번데기가 된다. (Oligonyx vulnerata)"
    },
    "끝갈색흰가지나방": {
        "word": "끝갈색흰가지나방",
        "chosung": "ㄲㄱㅅㅎㄱㅈㄴㅂ",
        "type": "명사",
        "mean": "자나방과의 곤충. 편 날개의 길이는 4cm정도이며, 몸은 잿빛 황색이다. 날개의 윗부분에 진한 갈색 무늬가 있고 뒷날개의 바깥 가장자리도 누런 갈색이다. 한국, 일본, 중국 등지에 분포한다. (Spilopera debilis)"
    },
    "끝걷기": {
        "word": "끝걷기",
        "chosung": "ㄲㄱㄱ",
        "type": "명사",
        "mean": "서까래의 끝머리를 가운데 부분보다 약간 가늘게 훑어 깎는 일."
    },
    "끝검은메뚜기": {
        "word": "끝검은메뚜기",
        "chosung": "ㄲㄱㅇㅁㄸㄱ",
        "type": "명사",
        "mean": "메뚜깃과의 곤충. 몸의 길이는 3~4cm이며, 누런 갈색 또는 누런 녹색이다. 더듬이는 붉은 갈색이고 수컷의 날개 끝과 뒷다리 무릎이 검은색이다. 한국, 일본, 중국 등지에 분포한다. (Stethophyma magister)"
    },
    "끝검은뱀버섯": {
        "word": "끝검은뱀버섯",
        "chosung": "ㄲㄱㅇㅂㅂㅅ",
        "type": "명사",
        "mean": "《식물》말뚝버섯과의 버섯. 높이는 7~12cm이며, 몸 전체가 붉은색이고 윗부분에 나쁜 냄새가 나는 홀씨 덩어리가 있다. 독성은 없다. 한국, 동남아시아, 유럽 등지에 분포한다. (Mutinus bambusinus)"
    },
    "끝검정꽃등에": {
        "word": "끝검정꽃등에",
        "chosung": "ㄲㄱㅈㄲㄷㅇ",
        "type": "명사",
        "mean": "꽃등엣과의 곤충. 몸의 길이는 1.1cm 정도이며, 광택이 나는 검은색이다. 배의 각 마디 가까이에는 붉은색의 점무늬가 있다. 한국, 유럽 등지에 분포한다. (Leucozona lucorum)"
    },
    "끝검정날도래": {
        "word": "끝검정날도래",
        "chosung": "ㄲㄱㅈㄴㄷㄹ",
        "type": "명사",
        "mean": "날도랫과의 곤충. 몸의 길이는 1.8~2.5cm, 편 날개의 길이는 5~6cm이다. 머리와 가슴에는 어두운 갈색에 갈색 털이 빽빽하게 있고 배는 누런 갈색, 앞날개는 잿빛 갈색에 갈색 점무늬가 있다. 애벌레는 맑은 시냇물이나 호수에 사는데 한국, 일본 등지에 분포한다. (Phrygaea japonica)"
    },
    "끝구": {
        "word": "끝구",
        "chosung": "ㄲㄱ",
        "type": "명사",
        "mean": "1. 시조의 끝 장(章)의 마지막 구절. 2. =낙구."
    },
    "끝귀": {
        "word": "끝귀",
        "chosung": "ㄲㄱ",
        "type": "명사",
        "mean": "1. '끝구'의 잘못. 2. ［북한어］ '끝구'의 북한어."
    },
    "끝기도": {
        "word": "끝기도",
        "chosung": "ㄲㄱㄷ",
        "type": "명사",
        "mean": "하루를 마치면서 드리는 기도."
    },
    "끝기둥": {
        "word": "끝기둥",
        "chosung": "ㄲㄱㄷ",
        "type": "명사",
        "mean": "=교대(橋臺)."
    },
    "끝끝내": {
        "word": "끝끝내",
        "chosung": "ㄲㄲㄴ",
        "type": "부사",
        "mean": "1. ｛주로 부정을 나타내는 말과 함께 쓰여｝ '끝내'를 강조하여 이르는 말."
    },
    "끝나다": {
        "word": "끝나다",
        "chosung": "ㄲㄴㄷ",
        "type": "동사",
        "mean": "1. 일이 다 이루어지다."
    },
    "끝남때": {
        "word": "끝남때",
        "chosung": "ㄲㄴㄸ",
        "type": "명사",
        "mean": "=완료상."
    },
    "끝내": {
        "word": "끝내",
        "chosung": "ㄲㄴ",
        "type": "부사",
        "mean": "1. ｛주로 부정을 나타내는 말과 함께 쓰여｝ 끝까지 내내. ≒종내 ·종시(終是) ."
    },
    "끝내기": {
        "word": "끝내기",
        "chosung": "ㄲㄴㄱ",
        "type": "명사",
        "mean": "1. 일의 끝을 맺는 일. 2. 바둑에서, 끝마감으로 바둑점을 놓는 일."
    },
    "끝내다": {
        "word": "끝내다",
        "chosung": "ㄲㄴㄷ",
        "type": "동사",
        "mean": "『 …을』 1. '끝나다'의 사동사."
    },
    "끝놀이": {
        "word": "끝놀이",
        "chosung": "ㄲㄴㅇ",
        "type": "명사",
        "mean": "동래 야유 가면극 절차의 하나. 모든 마당이 끝나고 놀이에 참가한 사람들과 마지막까지 떠나지 않은 구경꾼들이 한 덩어리가 되어 흥겹게 어울려 논다."
    },
    "끝뇌": {
        "word": "끝뇌",
        "chosung": "ㄲㄴ",
        "type": "명사",
        "mean": "뇌의 맨 앞부분."
    },
    "끝눈": {
        "word": "끝눈",
        "chosung": "ㄲㄴ",
        "type": "명사",
        "mean": "=꼭지눈."
    },
    "끝눈우세": {
        "word": "끝눈우세",
        "chosung": "ㄲㄴㅇㅅ",
        "type": "명사",
        "mean": "식물체에서 끝눈이 자라면 그 가지의 곁눈이 자라지 못하는 현상."
    },
    "끝다리": {
        "word": "끝다리",
        "chosung": "ㄲㄷㄹ",
        "type": "명사",
        "mean": "［방언］ '우수리'의 방언(경남)."
    },
    "끝단": {
        "word": "끝단",
        "chosung": "ㄲㄷ",
        "type": "명사",
        "mean": " 천의 끝에 이어 댄 옷단."
    },
    "끝단속": {
        "word": "끝단속",
        "chosung": "ㄲㄷㅅ",
        "type": "명사",
        "mean": " 일의 끝을 다잡음."
    },
    "끝달갱이": {
        "word": "끝달갱이",
        "chosung": "ㄲㄷㄱㅇ",
        "type": "명사",
        "mean": "［방언］ '성대'의 방언(경북)."
    },
    "끝당": {
        "word": "끝당",
        "chosung": "ㄲㄷ",
        "type": "명사",
        "mean": "［방언］ '끝장'의 방언(평북)."
    },
    "끝닿다": {
        "word": "끝닿다",
        "chosung": "ㄲㄷㄷ",
        "type": "다쏘",
        "mean": "〕［동사］ 맨 끝까지 다다르다."
    },
    "끝닿소리": {
        "word": "끝닿소리",
        "chosung": "ㄲㄷㅅㄹ",
        "type": "명사",
        "mean": "=끝소리 ."
    },
    "끝대": {
        "word": "끝대",
        "chosung": "ㄲㄷ",
        "type": "명사",
        "mean": "낚싯줄을 매는, 낚싯대의 끝 도막."
    },
    "끝댕기": {
        "word": "끝댕기",
        "chosung": "ㄲㄷㄱ",
        "type": "명사",
        "mean": " 땋은 머리끝이 풀리지 않도록 헝겊으로 좁게 접어 맺는 끈. 머리끝에 물려서 맺는다."
    },
    "끝덮이": {
        "word": "끝덮이",
        "chosung": "ㄲㄷㅇ",
        "type": "명사",
        "mean": "검도에서, 죽도의 끝 부분을 싸서 덮는 가죽."
    },
    "끝돈": {
        "word": "끝돈",
        "chosung": "ㄲㄷ",
        "type": "명사",
        "mean": " =끝전(-錢) ."
    },
    "끝돌이": {
        "word": "끝돌이",
        "chosung": "ㄲㄷㅇ",
        "type": "명사",
        "mean": "=몽돌이 ."
    },
    "끝동": {
        "word": "끝동",
        "chosung": "ㄲㄷ",
        "type": "명사",
        "mean": " 여자의 저고리 소맷부리에 댄 다른 색의 천."
    },
    "끝동매미충": {
        "word": "끝동매미충",
        "chosung": "ㄲㄷㅁㅁㅊ",
        "type": "명사",
        "mean": "매미충과의 곤충. 몸의 길이는 4~6mm이다. 등 면은 선명한 녹색이고 밑면은 수컷이 검은색, 암컷이 옅은 황색이다. 양 겹눈 사이에는 검은색 띠가 있다. 벼의 해충으로 한국, 일본, 인도, 러시아 등지에 분포한다. (Nephotettix cincticeps)"
    },
    "끝동부리": {
        "word": "끝동부리",
        "chosung": "ㄲㄷㅂㄹ",
        "type": "명사",
        "mean": "자른 통나무의 위쪽 끄트머리 부분. ≒말구(末口) ."
    },
    "끝동상": {
        "word": "끝동상",
        "chosung": "ㄲㄷㅅ",
        "type": "명사",
        "mean": "［방언］ '막냇동생'의 방언(경남)."
    },
    "끝동아리": {
        "word": "끝동아리",
        "chosung": "ㄲㄷㅇㄹ",
        "type": "명사",
        "mean": "［북한어］ 길게 생긴 물건의 맨 끝 부분."
    },
    "끝마감": {
        "word": "끝마감",
        "chosung": "ㄲㅁㄱ",
        "type": "명사",
        "mean": " 일을 마무리하여 끝맺음. 또는 그런 일."
    },
    "끝마디": {
        "word": "끝마디",
        "chosung": "ㄲㅁㄷ",
        "type": "명사",
        "mean": "'끝항'의 북한어."
    },
    "끝마무르다": {
        "word": "끝마무르다",
        "chosung": "ㄲㅁㅁㄹㄷ",
        "type": "동사",
        "mean": " '끝막다'의 잘못."
    },
    "끝마무리": {
        "word": "끝마무리",
        "chosung": "ㄲㅁㅁㄹ",
        "type": "명사",
        "mean": " 일의 뒤끝을 수습하여 맺는 일."
    },
    "끝마추다": {
        "word": "끝마추다",
        "chosung": "ㄲㅁㅊㄷ",
        "type": "동사",
        "mean": "［방언］ '끝마치다'의 방언(평북)."
    },
    "끝마치다": {
        "word": "끝마치다",
        "chosung": "ㄲㅁㅊㄷ",
        "type": "동사",
        "mean": "『 …을』 일을 끝내어 마치다."
    },
    "끝막": {
        "word": "끝막",
        "chosung": "ㄲㅁ",
        "type": "명사",
        "mean": "《연영》=종막(終幕) ."
    },
    "끝막다": {
        "word": "끝막다",
        "chosung": "ㄲㅁㄷ",
        "type": "동사",
        "mean": "『 …을』 일의 끝을 짓다."
    },
    "끝막음": {
        "word": "끝막음",
        "chosung": "ㄲㅁㅇ",
        "type": "명사",
        "mean": " 일을 끝내어 완전히 맺음. 또는 그 일."
    },
    "끝말": {
        "word": "끝말",
        "chosung": "ㄲㅁ",
        "type": "명사",
        "mean": " 말의 마지막 부분이 되는 말."
    },
    "끝말잇기": {
        "word": "끝말잇기",
        "chosung": "ㄲㅁㅇㄱ",
        "type": "명사",
        "mean": " 낱말 놀이의 하나. 여러 사람이 삥 둘러앉아, 한 사람이 한 낱말을 말하면 다음 사람이 그 말의 끝음절을 첫소리로 하는 낱말을 불러 이어 간다. ≒이어말하기."
    },
    "끝매듭": {
        "word": "끝매듭",
        "chosung": "ㄲㅁㄷ",
        "type": "명사",
        "mean": " 끝 부분의 매듭."
    },
    "끝맺다": {
        "word": "끝맺다",
        "chosung": "ㄲㅁㄷ",
        "type": "동사",
        "mean": "『 …을』 일을 마무리하여 맺다."
    },
    "끝맺이": {
        "word": "끝맺이",
        "chosung": "ㄲㅁㅇ",
        "type": "명사",
        "mean": "［북한어］ 일이나 글의 끝을 맺는 일. 또는 그런 부분."
    },
    "끝머리": {
        "word": "끝머리",
        "chosung": "ㄲㅁㄹ",
        "type": "명사",
        "mean": "1. 어떤 일이나 사물 따위의 끝이 되는 부분."
    },
    "끝모음": {
        "word": "끝모음",
        "chosung": "ㄲㅁㅇ",
        "type": "명사",
        "mean": "혀의 끝 부분이 입천장 앞의 가장 가까운 곳에서 발음되는 모음. 전설 모음 'ㅣ'를 이른다."
    },
    "끝무늬애기자나방": {
        "word": "끝무늬애기자나방",
        "chosung": "ㄲㅁㄴㅇㄱㅈㄴㅂ",
        "type": "명사",
        "mean": "자나방과의 곤충. 편 날개의 길이는 1.8~2.6cm이며, 몸은 회색을 띤 갈색이고 앞날개는 푸른색을 띤 갈색에 톱날 또는 물결 모양의 가로무늬가 있다. 애벌레는 장미과 식물의 잎을 먹는다. 한국, 일본 등지에 분포한다. (Pylargosceles steganioides)"
    },
    "끝물": {
        "word": "끝물",
        "chosung": "ㄲㅁ",
        "type": "명사",
        "mean": " 과일, 푸성귀, 해산물 따위에서 그 해의 맨 나중에 나는 것. ≒막물."
    },
    "끝바꿈": {
        "word": "끝바꿈",
        "chosung": "ㄲㅂㄲ",
        "type": "명사",
        "mean": "=활용(活用) ."
    },
    "끝바꿈꼴": {
        "word": "끝바꿈꼴",
        "chosung": "ㄲㅂㄲㄲ",
        "type": "명사",
        "mean": "=활용형."
    },
    "끝바꿈씨끝": {
        "word": "끝바꿈씨끝",
        "chosung": "ㄲㅂㄲㅆㄲ",
        "type": "명사",
        "mean": "=활용 어미."
    },
    "끝반지": {
        "word": "끝반지",
        "chosung": "ㄲㅂㅈ",
        "type": "명사",
        "mean": " 물건을 여러 몫으로 가를 때 맨 끝판의 차례."
    },
    "끝보기낚시": {
        "word": "끝보기낚시",
        "chosung": "ㄲㅂㄱㄴㅅ",
        "type": "명사",
        "mean": "낚시 채비를 물속에 넣고 대 끝의 변화를 보고 낚는 민물낚시."
    },
    "끝북": {
        "word": "끝북",
        "chosung": "ㄲㅂ",
        "type": "명사",
        "mean": "《음악》경상남도 농악에서, 큰북을 치는 사람들 가운데 가장 아래인 사람. 또는 그 사람이 치는 북."
    },
    "끝붉은재니등에": {
        "word": "끝붉은재니등에",
        "chosung": "ㄲㅂㅇㅈㄴㄷㅇ",
        "type": "명사",
        "mean": "재니등엣과의 하나. 몸의 길이는 1cm 정도이며, 검은 갈색에 가슴과 등 부분 옆쪽에는 누런 백색, 어깨에는 붉은 갈색의 털이 덮여 있다. 날개의 아랫부분은 어두운 갈색, 다리는 연한 갈색이다. 한국, 일본 등지에 분포한다. (Anthrax putealis)"
    },
    "끝빨간실잠자리": {
        "word": "끝빨간실잠자리",
        "chosung": "ㄲㅃㄱㅅㅈㅈㄹ",
        "type": "명사",
        "mean": "실잠자릿과의 곤충. 수컷은 몸 전반부가 누런 녹색 바탕에 검은색 점무늬가 있고 후반부는 푸른빛을 띤 적색이다. 암컷은 몸 전체가 주황색인 것과 녹색 바탕의 등에 검은 줄이 있는 것이 있다. 한국, 일본 등지에 분포한다. (Agriocnemis selenion)"
    },
    "끝빨다": {
        "word": "끝빨다",
        "chosung": "ㄲㅃㄷ",
        "type": "형용사",
        "mean": "1. 끝이 차차 가늘어져 뾰족하다. 2. 어떤 일시적인 좋은 상태가 그 뒤로 내려오면서 쇠퇴하여 보잘것없다."
    },
    "끝서리": {
        "word": "끝서리",
        "chosung": "ㄲㅅㄹ",
        "type": "명사",
        "mean": " 그해 겨울에 마지막으로 내린 서리. ≒종상(終霜)."
    },
    "끝세로줄": {
        "word": "끝세로줄",
        "chosung": "ㄲㅅㄹㅈ",
        "type": "명사",
        "mean": "곡(曲)의 끝에 긋는 세로줄."
    },
    "끝세포": {
        "word": "끝세포",
        "chosung": "ㄲㅅㅍ",
        "type": "명사",
        "mean": "생장점(生長點)의 가장 윗부분에서 왕성하게 규칙적인 분열을 하는 세포. 또는 그 세포의 무리."
    },
    "끝소리": {
        "word": "끝소리",
        "chosung": "ㄲㅅㄹ",
        "type": "명사",
        "mean": "1. 한 음절의 끝에 나는 자음. 또는 그 자음을 나타내는 글자. '감', '공'에서 'ㅁ', 'ㅇ' 따위이다. ≒끝닿소리·말음(末音) ·받침 끝 닿소리·받침소리·종성(終聲). 2. 어떠한 음절이나 단어의 끝에 나는 소리. '바다'에서 'ㅏ', '강'에서 'ㅇ' 따위이다. ≒말음(末音) ·어말음."
    },
    "끝소리법칙": {
        "word": "끝소리법칙",
        "chosung": "ㄲㅅㄹㅂㅊ",
        "type": "명사",
        "mean": "'말음 법칙'의 북한어."
    },
    "끝손질": {
        "word": "끝손질",
        "chosung": "ㄲㅅㅈ",
        "type": "명사",
        "mean": " 일의 마지막 손질."
    },
    "끝쇠": {
        "word": "끝쇠",
        "chosung": "ㄲㅅ",
        "type": "명사",
        "mean": "=종쇠(從-)."
    },
    "끝수": {
        "word": "끝수",
        "chosung": "ㄲㅅ",
        "type": "명사",
        "mean": "끝자리에 있는 수."
    },
    "끝순": {
        "word": "끝순",
        "chosung": "ㄲㅅ",
        "type": "명사",
        "mean": "식물의 갓 자라 나온 줄기나 가지의 끝."
    },
    "끝순치기": {
        "word": "끝순치기",
        "chosung": "ㄲㅅㅊㄱ",
        "type": "명사",
        "mean": "농작물의 줄기나 가지의 윗부분을 잘라 주는 일. 참외, 수박, 목화, 담배 따위의 작물에 주로 이용한다. 끝 부분에 가던 영양이 다른 부분으로 가기 때문에 포기가 균일하게 자라고 빨리 여물며 수확량이 많아진다."
    },
    "끝신경": {
        "word": "끝신경",
        "chosung": "ㄲㅅㄱ",
        "type": "명사",
        "mean": "=말초 신경."
    },
    "끝씨": {
        "word": "끝씨",
        "chosung": "ㄲㅆ",
        "type": "명사",
        "mean": "=종결 어미."
    },
    "끝없다": {
        "word": "끝없다",
        "chosung": "ㄲㅇㄷ",
        "type": "업써",
        "mean": ", -없는[엄-], -없지［업찌］〕［형용사］ 끝나는 데가 없거나 제한이 없다."
    },
    "끝역": {
        "word": "끝역",
        "chosung": "ㄲㅇ",
        "type": "명사",
        "mean": "［북한어］ '종착역'의 북한어."
    },
    "끝원": {
        "word": "끝원",
        "chosung": "ㄲㅇ",
        "type": "명사",
        "mean": "'이끝원'의 북한어."
    },
    "끝일": {
        "word": "끝일",
        "chosung": "ㄲㅇ",
        "type": "명사",
        "mean": "1. 맨 나중의 일. 2. 어떤 일을 하고 나서 정리하는 일."
    },
    "끝자리": {
        "word": "끝자리",
        "chosung": "ㄲㅈㄹ",
        "type": "명사",
        "mean": "수치의 마지막 자리. 예를 들어 563의 끝자리는 3이다."
    },
    "끝자음": {
        "word": "끝자음",
        "chosung": "ㄲㅈㅇ",
        "type": "명사",
        "mean": "'끝소리'의 북한어."
    },
    "끝잔": {
        "word": "끝잔",
        "chosung": "ㄲㅈ",
        "type": "명사",
        "mean": " 맨 마지막 잔."
    },
    "끝장": {
        "word": "끝장",
        "chosung": "ㄲㅈ",
        "type": "명사",
        "mean": " 일의 마지막. ≒기극(紀極)."
    },
    "끝장구": {
        "word": "끝장구",
        "chosung": "ㄲㅈㄱ",
        "type": "명사",
        "mean": "농악대에서 장구재비의 셋째, 곧 가장 아래인 사람. 또는 그 사람이 치는 장구."
    },
    "끝장나다": {
        "word": "끝장나다",
        "chosung": "ㄲㅈㄴㄷ",
        "type": "동사",
        "mean": "1. 하는 일이 마무리되다. 2. 본래의 상태가 결딴이 나서 무너지거나 없어지다. ≒끝나다 ."
    },
    "끝장내다": {
        "word": "끝장내다",
        "chosung": "ㄲㅈㄴㄷ",
        "type": "동사",
        "mean": "『 …을』 1. '끝장나다'의 사동사."
    },
    "끝장놀이": {
        "word": "끝장놀이",
        "chosung": "ㄲㅈㄴㅇ",
        "type": "명사",
        "mean": " 책의 겉장과 속겉장 사이에 있는 책장. 헛장이 들어 있을 때에는 헛장의 앞 장을 이른다."
    },
    "끝장식": {
        "word": "끝장식",
        "chosung": "ㄲㅈㅅ",
        "type": "명사",
        "mean": "물건의 끝을 꾸미는 데 쓰던 쇠붙이. ≒단금구·선금구."
    },
    "끝전": {
        "word": "끝전",
        "chosung": "ㄲㅈ",
        "type": "명사",
        "mean": "［북한어］ 끝의 가. 또는 그 언저리."
    },
    "끝점": {
        "word": "끝점",
        "chosung": "ㄲㅈ",
        "type": "명사",
        "mean": "=온점(-點)."
    },
    "끝줄": {
        "word": "끝줄",
        "chosung": "ㄲㅈ",
        "type": "명사",
        "mean": "=꽁지줄."
    },
    "끝지다": {
        "word": "끝지다",
        "chosung": "ㄲㅈㄷ",
        "type": "저",
        "mean": "), -지니〕［동사］ 끝에 이르다. 또는 끝에 가까워지다."
    },
    "끝초리": {
        "word": "끝초리",
        "chosung": "ㄲㅊㄹ",
        "type": "명사",
        "mean": "［북한어］ 회초리의 맨 끝 부분."
    },
    "끝코": {
        "word": "끝코",
        "chosung": "ㄲㅋ",
        "type": "명사",
        "mean": "뜨개질에서, 끝에 낸 코."
    },
    "끝태기": {
        "word": "끝태기",
        "chosung": "ㄲㅌㄱ",
        "type": "명사",
        "mean": " '끄덩이'의 잘못."
    },
    "끝판": {
        "word": "끝판",
        "chosung": "ㄲㅍ",
        "type": "명사",
        "mean": "1. 사태나 일의 경과에서 마지막 판이나 기간. ≒말국(末局) ."
    },
    "끝항": {
        "word": "끝항",
        "chosung": "ㄲㅎ",
        "type": "명사",
        "mean": "유한수열에서 맨 끝의 항. ≒종항(終項)."
    },
    "끝휨새": {
        "word": "끝휨새",
        "chosung": "ㄲㅎㅅ",
        "type": "명사",
        "mean": "낚시에서, 낚싯대에 고기가 걸렸을 때에 생기는 끝 부분의 휘어진 모양새."
    }
}