{
    "끼": {
        "word": "끼",
        "chosung": "ㄲ",
        "type": "조사",
        "mean": "［방언］ '에게'의 방언(함남)."
    },
    "끼각거리다": {
        "word": "끼각거리다",
        "chosung": "ㄲㄱㄱㄹㄷ",
        "type": "동사",
        "mean": "［방언］ '찌걱거리다'의 방언(제주)."
    },
    "끼각끼각": {
        "word": "끼각끼각",
        "chosung": "ㄲㄱㄲㄱ",
        "type": "부사",
        "mean": "［방언］ '찌걱찌걱'의 방언(제주)."
    },
    "끼고돌다": {
        "word": "끼고돌다",
        "chosung": "ㄲㄱㄷㄷ",
        "type": "동사",
        "mean": "『 …을』 상대편을 무조건 감싸고 변호하다."
    },
    "끼깅": {
        "word": "끼깅",
        "chosung": "ㄲㄱ",
        "type": "부사",
        "mean": " 개가 아프거나 무서워서 간신히 지르는 소리."
    },
    "끼깅끼깅": {
        "word": "끼깅끼깅",
        "chosung": "ㄲㄱㄲㄱ",
        "type": "부사",
        "mean": " 개가 아프거나 무서워서 간신히 자꾸 지르는 소리."
    },
    "끼까다룹다": {
        "word": "끼까다룹다",
        "chosung": "ㄲㄲㄷㄹㄷ",
        "type": "형용사",
        "mean": "［방언］ '까다롭다'의 방언(충북)."
    },
    "끼꼬래이": {
        "word": "끼꼬래이",
        "chosung": "ㄲㄲㄹㅇ",
        "type": "명사",
        "mean": "［방언］ '꾀꼬리'의 방언(경북)."
    },
    "끼꾸름하다": {
        "word": "끼꾸름하다",
        "chosung": "ㄲㄲㄹㅎㄷ",
        "type": "형용사",
        "mean": "［방언］ '꺼림하다'의 방언(경상)."
    },
    "끼끄럽다": {
        "word": "끼끄럽다",
        "chosung": "ㄲㄲㄹㄷ",
        "type": "형용사",
        "mean": "［방언］ '까다롭다'의 방언(경상)."
    },
    "끼끗": {
        "word": "끼끗",
        "chosung": "ㄲㄲ",
        "type": "명사",
        "mean": "'끼끗하다'의 어근."
    },
    "끼니": {
        "word": "끼니",
        "chosung": "ㄲㄴ",
        "type": "명사",
        "mean": "1. 아침, 점심, 저녁과 같이 날마다 일정한 시간에 먹는 밥. 또는 그렇게 먹는 일. ≒끼 ."
    },
    "끼니감": {
        "word": "끼니감",
        "chosung": "ㄲㄴㄱ",
        "type": "명사",
        "mean": "［북한어］ '끼닛거리'의 북한어."
    },
    "끼니때": {
        "word": "끼니때",
        "chosung": "ㄲㄴㄸ",
        "type": "명사",
        "mean": " 끼니를 먹을 때. ≒밥시간·식시(食時)."
    },
    "끼니음식": {
        "word": "끼니음식",
        "chosung": "ㄲㄴㅇㅅ",
        "type": "명사",
        "mean": "［북한어］ 끼니때에 주로 먹는 음식."
    },
    "끼니전먹기": {
        "word": "끼니전먹기",
        "chosung": "ㄲㄴㅈㅁㄱ",
        "type": "명사",
        "mean": "'식전복(食前服)'의 북한어."
    },
    "끼닛거리": {
        "word": "끼닛거리",
        "chosung": "ㄲㄴㄱㄹ",
        "type": "명사",
        "mean": " 끼니로 할 음식감. ≒조석거리."
    },
    "끼다": {
        "word": "끼다",
        "chosung": "ㄲㄷ",
        "type": "동사",
        "mean": "［북한어］ =끓이다 ."
    },
    "끼드득": {
        "word": "끼드득",
        "chosung": "ㄲㄷㄷ",
        "type": "부사",
        "mean": "［북한어］ 웃음을 참지 못하여 느닷없이 새되게 웃는 소리. 또는 그 모양."
    },
    "끼드득끼드득": {
        "word": "끼드득끼드득",
        "chosung": "ㄲㄷㄷㄲㄷㄷ",
        "type": "부사",
        "mean": "［북한어］ 웃음을 참지 못하여 느닷없이 새되게 자꾸 웃는 소리. 또는 그 모양."
    },
    "끼득": {
        "word": "끼득",
        "chosung": "ㄲㄷ",
        "type": "부사",
        "mean": "［북한어］ '끼드득'의 준말."
    },
    "끼득끼득": {
        "word": "끼득끼득",
        "chosung": "ㄲㄷㄲㄷ",
        "type": "부사",
        "mean": "［북한어］ '끼드득끼드득'의 준말."
    },
    "끼들": {
        "word": "끼들",
        "chosung": "ㄲㄷ",
        "type": "부사",
        "mean": "［북한어］ 참다 못해 끝내 터뜨리는 웃음을 입속으로 조금 되게 내는 소리. 또는 그 모양."
    },
    "끼들구": {
        "word": "끼들구",
        "chosung": "ㄲㄷㄱ",
        "type": "부사",
        "mean": "［방언］ '같이'의 방언(함남)."
    },
    "끼들끼들": {
        "word": "끼들끼들",
        "chosung": "ㄲㄷㄲㄷ",
        "type": "부사",
        "mean": "［북한어］ 참다 못해 끝내 터뜨리는 웃음을 입속으로 조금 되게 잇따라 내는 소리. 또는 그 모양."
    },
    "끼따래미": {
        "word": "끼따래미",
        "chosung": "ㄲㄸㄹㅁ",
        "type": "명사",
        "mean": "［방언］ '귀뚜라미'의 방언(경상)."
    },
    "끼때": {
        "word": "끼때",
        "chosung": "ㄲㄸ",
        "type": "명사",
        "mean": "［방언］ '끼니때'의 방언."
    },
    "끼또리": {
        "word": "끼또리",
        "chosung": "ㄲㄸㄹ",
        "type": "명사",
        "mean": "［방언］ '귀뚜라미'의 방언(경북)."
    },
    "끼뜨리다": {
        "word": "끼뜨리다",
        "chosung": "ㄲㄸㄹㄷ",
        "type": "동사",
        "mean": "『 …을 …에/에게』 1. 흩어지게 내어 던져 버리다. ≒끼트리다 ."
    },
    "끼라": {
        "word": "끼라",
        "chosung": "ㄲㄹ",
        "type": "감탄사",
        "mean": " '이러'의 잘못."
    },
    "끼랴": {
        "word": "끼랴",
        "chosung": "ㄲㄹ",
        "type": "감탄사",
        "mean": "［북한어］ '이러'의 북한어."
    },
    "끼루룩": {
        "word": "끼루룩",
        "chosung": "ㄲㄹㄹ",
        "type": "부사",
        "mean": " 기러기나 갈매기 따위의 새가 길게 우는 소리."
    },
    "끼루룩끼루룩": {
        "word": "끼루룩끼루룩",
        "chosung": "ㄲㄹㄹㄲㄹㄹ",
        "type": "부사",
        "mean": " 기러기나 갈매기 따위의 새가 길게 자꾸 우는 소리."
    },
    "끼룩": {
        "word": "끼룩",
        "chosung": "ㄲㄹ",
        "type": "부사",
        "mean": " 무엇을 내다보거나 목구멍에 걸린 것을 삼키려고 목을 길게 빼어 앞으로 내미는 모양."
    },
    "끼룩끼루룩": {
        "word": "끼룩끼루룩",
        "chosung": "ㄲㄹㄲㄹㄹ",
        "type": "부사",
        "mean": " 기러기나 갈매기 따위의 새가 짧게 한 번 울고 이어서 길게 또 한 번 우는 소리."
    },
    "끼룩끼룩": {
        "word": "끼룩끼룩",
        "chosung": "ㄲㄹㄲㄹ",
        "type": "부사",
        "mean": " 무엇을 내다보거나 목구멍에 걸린 것을 삼키려고 목을 길게 빼어 앞으로 자꾸 내미는 모양."
    },
    "끼르기즈어": {
        "word": "끼르기즈어",
        "chosung": "ㄲㄹㄱㅈㅇ",
        "type": "명사",
        "mean": "'키르기스 어'의 북한어."
    },
    "끼르자": {
        "word": "끼르자",
        "chosung": "ㄲㄹㅈ",
        "type": "명사",
        "mean": "［북한어］ 여러 겹으로 짠 튼튼하고 질긴 공업용 면. 옛날에는 말안장감으로 썼으나 지금은 신발·장화의 목에 달린 부분이나 가방 안감, 특수 작업복감 따위로 널리 쓰며 고무를 먹여 쓰기도 한다. ※ 키르자."
    },
    "끼름하다": {
        "word": "끼름하다",
        "chosung": "ㄲㄹㅎㄷ",
        "type": "형용사",
        "mean": "［방언］ '꺼림하다'의 방언(경상)."
    },
    "끼리": {
        "word": "끼리",
        "chosung": "ㄲㄹ",
        "type": "접사",
        "mean": "｛ 복수성을 가지는 대다수 명사 또는 명사구 뒤에 붙어｝ '그 부류만이 서로 함께'의 뜻을 더하는 접미사."
    },
    "끼리끼리": {
        "word": "끼리끼리",
        "chosung": "ㄲㄹㄲㄹ",
        "type": "부사",
        "mean": " 여럿이 무리를 지어 따로따로."
    },
    "끼릴글자": {
        "word": "끼릴글자",
        "chosung": "ㄲㄹㄱㅈ",
        "type": "명사",
        "mean": "'키릴 글자'의 북한어."
    },
    "끼멸가리": {
        "word": "끼멸가리",
        "chosung": "ㄲㅁㄱㄹ",
        "type": "명사",
        "mean": "'승마(升麻)'의 잘못."
    },
    "끼무릇": {
        "word": "끼무릇",
        "chosung": "ㄲㅁㄹ",
        "type": "명사",
        "mean": "《식물》=반하(半夏) .【＜□ 모롭≪구급간이방언해(1489)≫ 】"
    },
    "끼미": {
        "word": "끼미",
        "chosung": "ㄲㅁ",
        "type": "명사",
        "mean": "［방언］ '꾸미'의 방언(경남)."
    },
    "끼보탬": {
        "word": "끼보탬",
        "chosung": "ㄲㅂㅌ",
        "type": "명사",
        "mean": "［북한어］ 끼니에 보태어 먹는 것."
    },
    "끼뽐": {
        "word": "끼뽐",
        "chosung": "ㄲㅃ",
        "type": "명사",
        "mean": "［방언］ '집게뼘'의 방언(평북)."
    },
    "끼살이": {
        "word": "끼살이",
        "chosung": "ㄲㅅㅇ",
        "type": "명사",
        "mean": " '고공살이'의 잘못."
    },
    "끼식": {
        "word": "끼식",
        "chosung": "ㄲㅅ",
        "type": "명사",
        "mean": " '끼니'의 잘못."
    },
    "끼애기": {
        "word": "끼애기",
        "chosung": "ㄲㅇㄱ",
        "type": "명사",
        "mean": " 심마니들의 은어로, '닭'을 이르는 말."
    },
    "끼애리": {
        "word": "끼애리",
        "chosung": "ㄲㅇㄹ",
        "type": "명사",
        "mean": "［방언］ '꾸러미'의 방언(평북)."
    },
    "끼애티다": {
        "word": "끼애티다",
        "chosung": "ㄲㅇㅌㄷ",
        "type": "동사",
        "mean": "［방언］ '이아치다'의 방언(평북)."
    },
    "끼야기": {
        "word": "끼야기",
        "chosung": "ㄲㅇㄱ",
        "type": "명사",
        "mean": " 심마니들의 은어로, '닭'을 이르는 말."
    },
    "끼양": {
        "word": "끼양",
        "chosung": "ㄲㅇ",
        "type": "명사",
        "mean": "［방언］ '개암'의 방언(경북)."
    },
    "끼어들기": {
        "word": "끼어들기",
        "chosung": "ㄲㅇㄷㄱ",
        "type": "명사",
        "mean": " 차가 옆 차선에 무리하게 비집고 들어서는 일."
    },
    "끼어들다": {
        "word": "끼어들다",
        "chosung": "ㄲㅇㄷㄷ",
        "type": "동사",
        "mean": "『 …에』『 …으로』 자기 순서나 자리가 아닌 틈 사이를 비집고 들어서다."
    },
    "끼얹다": {
        "word": "끼얹다",
        "chosung": "ㄲㅇㄷ",
        "type": "언꼬",
        "mean": "〕［동사］『 …에/에게 …을』1. 액체나 가루 따위를 다른 것 위에 흩어지게 내던지듯 뿌리다."
    },
    "끼얹히다": {
        "word": "끼얹히다",
        "chosung": "ㄲㅇㅎㄷ",
        "type": "동사",
        "mean": " '끼얹다'의 피동사."
    },
    "끼여내리기": {
        "word": "끼여내리기",
        "chosung": "ㄲㅇㄴㄹㄱ",
        "type": "명사",
        "mean": "［북한어］철봉 따위의 체조 경기에서, 바를 짚은 팔 사이로 두 발을 끼면서 철봉 위로 내리는 착지 동작. ※ 끼어 내리기."
    },
    "끼여든풀이": {
        "word": "끼여든풀이",
        "chosung": "ㄲㅇㄷㅍㅇ",
        "type": "명사",
        "mean": "방정식을 푸는 과정에서 등장한 다른 방정식의 풀이. ※ 끼어든 풀이."
    },
    "끼여들기": {
        "word": "끼여들기",
        "chosung": "ㄲㅇㄷㄱ",
        "type": "명사",
        "mean": " '끼어들기'의 잘못."
    },
    "끼우": {
        "word": "끼우",
        "chosung": "ㄲㅇ",
        "type": "명사",
        "mean": "［방언］ '거위'의 방언(경북)."
    },
    "끼우다": {
        "word": "끼우다",
        "chosung": "ㄲㅇㄷ",
        "type": "동사",
        "mean": "［북한어］ 끼어들거나 섞이다."
    },
    "끼우두룸하다": {
        "word": "끼우두룸하다",
        "chosung": "ㄲㅇㄷㄹㅎㄷ",
        "type": "형용사",
        "mean": "［방언］ '끼우듬하다'의 방언(평북)."
    },
    "끼우듬": {
        "word": "끼우듬",
        "chosung": "ㄲㅇㄷ",
        "type": "명사",
        "mean": "'끼우듬하다'의 어근."
    },
    "끼우뚱": {
        "word": "끼우뚱",
        "chosung": "ㄲㅇㄸ",
        "type": "부사",
        "mean": " 물체가 한쪽으로 약간 기울어지는 모양. '기우뚱'보다 센 느낌을 준다."
    },
    "끼우뚱끼우뚱": {
        "word": "끼우뚱끼우뚱",
        "chosung": "ㄲㅇㄸㄲㅇㄸ",
        "type": "부사",
        "mean": " 물체가 자꾸 이쪽저쪽으로 기울어지며 흔들리는 모양. '기우뚱기우뚱'보다 센 느낌을 준다."
    },
    "끼우레기": {
        "word": "끼우레기",
        "chosung": "ㄲㅇㄹㄱ",
        "type": "명사",
        "mean": "［방언］ '기울'의 방언(평북)."
    },
    "끼우스름": {
        "word": "끼우스름",
        "chosung": "ㄲㅇㅅㄹ",
        "type": "명사",
        "mean": "'끼우스름하다'의 어근."
    },
    "끼욱끼욱": {
        "word": "끼욱끼욱",
        "chosung": "ㄲㅇㄲㅇ",
        "type": "부사",
        "mean": "［방언］ '기웃기웃'의 방언(경상)."
    },
    "끼운층": {
        "word": "끼운층",
        "chosung": "ㄲㅇㅊ",
        "type": "명사",
        "mean": "어떤 층 속에 끼어 있는 얇은 층."
    },
    "끼울거리다": {
        "word": "끼울거리다",
        "chosung": "ㄲㅇㄱㄹㄷ",
        "type": "동사",
        "mean": "［북한어］1. 물체가 이리저리 심하게 자꾸 기울어지다. ≒끼울대다 . 2. 고개를 이리저리 기울이며 무엇을 자꾸 엿보거나 살피다. ≒끼울대다 ."
    },
    "끼울끼울": {
        "word": "끼울끼울",
        "chosung": "ㄲㅇㄲㅇ",
        "type": "부사",
        "mean": "［북한어］1. 물체가 이리저리 심하게 자꾸 기울어지는 모양. 2. 고개를 이리저리 크게 기울이며 무엇을 자꾸 엿보거나 살피는 모양."
    },
    "끼울다": {
        "word": "끼울다",
        "chosung": "ㄲㅇㄷ",
        "type": "동사",
        "mean": "━ ⅰ『 …으로』1. 비스듬하게 한쪽이 낮아지거나 한쪽으로 삐뚤어지다. '기울다'보다 센 느낌을 준다. 2. 마음과 생각 따위가 어느 한쪽으로 쏠리다. '기울다'보다 센 느낌을 준다. ━ ⅱ1. 해나 달 따위가 저물다. '기울다'보다 센 느낌을 준다. 2. 형세가 이전보다 못하여지다. '기울다'보다 센 느낌을 준다. ━ ⅲ『 …보다』 다른 것에 견주어 그것보다 못하다. '기울다'보다 센 느낌을 준다."
    },
    "끼울대다": {
        "word": "끼울대다",
        "chosung": "ㄲㅇㄷㄷ",
        "type": "동사",
        "mean": "［북한어］1. =끼울거리다 . 2. =끼울거리다 ."
    },
    "끼울떡": {
        "word": "끼울떡",
        "chosung": "ㄲㅇㄸ",
        "type": "부사",
        "mean": "［북한어］ 물체가 한쪽으로 아주 많이 기울어지는 모양."
    },
    "끼울떡끼울떡": {
        "word": "끼울떡끼울떡",
        "chosung": "ㄲㅇㄸㄲㅇㄸ",
        "type": "부사",
        "mean": "［북한어］ 물체가 이리저리 자꾸 아주 많이 기울어지는 모양."
    },
    "끼울베기": {
        "word": "끼울베기",
        "chosung": "ㄲㅇㅂㄱ",
        "type": "명사",
        "mean": "［방언］ '게으름뱅이'의 방언(전남)."
    },
    "끼울어떠리다": {
        "word": "끼울어떠리다",
        "chosung": "ㄲㅇㅇㄸㄹㄷ",
        "type": "동사",
        "mean": " '끼울어뜨리다'의 잘못."
    },
    "끼울어뜨리다": {
        "word": "끼울어뜨리다",
        "chosung": "ㄲㅇㅇㄸㄹㄷ",
        "type": "동사",
        "mean": "『 …을 …으로』 기울어지게 하다. '기울어뜨리다'보다 센 느낌을 준다. ≒끼울어트리다."
    },
    "끼울어지다": {
        "word": "끼울어지다",
        "chosung": "ㄲㅇㅇㅈㄷ",
        "type": "저",
        "mean": "), -지니〕［동사］━ ⅰ『 …으로』1. 비스듬하게 한쪽이 낮아지거나 비뚤어지게 되다. '기울어지다'보다 센 느낌을 준다."
    },
    "끼울어트리다": {
        "word": "끼울어트리다",
        "chosung": "ㄲㅇㅇㅌㄹㄷ",
        "type": "동사",
        "mean": "『 …을 …으로』 =끼울어뜨리다."
    },
    "끼울이다": {
        "word": "끼울이다",
        "chosung": "ㄲㅇㅇㄷ",
        "type": "동사",
        "mean": " 1. 『 …을 …으로』 '끼울다'의 사동사. 2. 『 …에/에게 …을』 '끼울다'의 사동사."
    },
    "끼움": {
        "word": "끼움",
        "chosung": "ㄲㅇ",
        "type": "명사",
        "mean": "목재의 옆면에 다른 재목의 뾰족한 끝을 끼워 맞추는 일. 또는 그렇게 끼워 맞춘 자리."
    },
    "끼움돌": {
        "word": "끼움돌",
        "chosung": "ㄲㅇㄷ",
        "type": "명사",
        "mean": "두 쪽에서 돌을 쌓아 오다가 마지막에 끼워 넣는 돌. 줄 쌓기에 쓰는데 줄에 놓인 돌들이 든든하게 조여지게 한다."
    },
    "끼움말": {
        "word": "끼움말",
        "chosung": "ㄲㅇㅁ",
        "type": "명사",
        "mean": "문장에서, 말하는 사람의 보충 설명을 나타내는 말. '아마', '듣건대', '말하자면' 따위가 있다. ≒삽입어."
    },
    "끼움섞붙임": {
        "word": "끼움섞붙임",
        "chosung": "ㄲㅇㅅㅂㅇ",
        "type": "명사",
        "mean": "'삽입교잡'을 다듬은 말."
    },
    "끼움쇠": {
        "word": "끼움쇠",
        "chosung": "ㄲㅇㅅ",
        "type": "명사",
        "mean": "건물이나 구조물 따위에서 수평이나 수직을 맞추기 위하여 끼우는 쇳조각."
    },
    "끼움종이": {
        "word": "끼움종이",
        "chosung": "ㄲㅇㅈㅇ",
        "type": "명사",
        "mean": "［북한어］ 책장과 책장 사이에 끼워 두는 종이."
    },
    "끼움쪽": {
        "word": "끼움쪽",
        "chosung": "ㄲㅇㅉ",
        "type": "명사",
        "mean": "《출판》=공목(空木)."
    },
    "끼움차": {
        "word": "끼움차",
        "chosung": "ㄲㅇㅊ",
        "type": "명사",
        "mean": "'유차(遊車)'의 북한어."
    },
    "끼움토": {
        "word": "끼움토",
        "chosung": "ㄲㅇㅌ",
        "type": "명사",
        "mean": "'선어말 어미'의 북한어."
    },
    "끼움틀": {
        "word": "끼움틀",
        "chosung": "ㄲㅇㅌ",
        "type": "명사",
        "mean": "유리나 합판 따위의 얇은 판을 끼워 넣기 위하여 만든 틀. 나무, 철, 합금, 알루미늄, 합성수지 따위로 만든다."
    },
    "끼움판": {
        "word": "끼움판",
        "chosung": "ㄲㅇㅍ",
        "type": "명사",
        "mean": "트러스 구조에서 두 개의 부재(部材) 사이에 끼워 양쪽 부재의 위치를 바르게 유지하도록 하는 철판. 2. 《기계》기계의 닳는 부분을 보호하기 위하여 끼워 넣은 판."
    },
    "끼움표": {
        "word": "끼움표",
        "chosung": "ㄲㅇㅍ",
        "type": "명사",
        "mean": "적어 놓은 글에 다른 말을 끼워 넣을 때 쓰는 부호. 가로쓰기에는 '∧', 세로쓰기에는 '"
    },
    "끼웃": {
        "word": "끼웃",
        "chosung": "ㄲㅇ",
        "type": "부사",
        "mean": " 무엇을 보려고 고개나 몸 따위가 한쪽으로 조금 기울어지는 모양. '기웃'보다 센 느낌을 준다. ≒끼웃이."
    },
    "끼웃끼웃": {
        "word": "끼웃끼웃",
        "chosung": "ㄲㅇㄲㅇ",
        "type": "부사",
        "mean": "1. 무엇을 보려고 고개나 몸 따위가 이쪽저쪽으로 자꾸 조금씩 기울어지는 모양. '기웃기웃'보다 센 느낌을 준다."
    },
    "끼웃이": {
        "word": "끼웃이",
        "chosung": "ㄲㅇㅇ",
        "type": "부사",
        "mean": " =끼웃."
    },
    "끼워잡기": {
        "word": "끼워잡기",
        "chosung": "ㄲㅇㅈㄱ",
        "type": "명사",
        "mean": "［북한어］1. '펜홀더 그립'의 북한어. 2. 레슬링에서, 앉은 자세로 상대편의 뒤나 옆에서 팔을 자기 겨드랑이에 끼워 잡는 방법."
    },
    "끼을하다": {
        "word": "끼을하다",
        "chosung": "ㄲㅇㅎㄷ",
        "type": "형용사",
        "mean": " '게으르다'의 잘못."
    },
    "끼이다": {
        "word": "끼이다",
        "chosung": "ㄲㅇㄷ",
        "type": "동사",
        "mean": "『 …에』 1. '끼다'의 피동사."
    },
    "끼익": {
        "word": "끼익",
        "chosung": "ㄲㅇ",
        "type": "부사",
        "mean": " 차량 따위가 갑자기 멈출 때 나는 브레이크 소리."
    },
    "끼인각": {
        "word": "끼인각",
        "chosung": "ㄲㅇㄱ",
        "type": "명사",
        "mean": "《수학》두 직선 사이에 끼어 있는 각."
    },
    "끼입다": {
        "word": "끼입다",
        "chosung": "ㄲㅇㄷ",
        "type": "동사",
        "mean": "［방언］ '껴입다'의 방언(경남)."
    },
    "끼적": {
        "word": "끼적",
        "chosung": "ㄲㅈ",
        "type": "부사",
        "mean": "［북한어］ 매우 달갑지 아니한 음식을 마지못하여 굼뜨게 먹는 모양."
    },
    "끼적끼적": {
        "word": "끼적끼적",
        "chosung": "ㄲㅈㄲㅈ",
        "type": "부사",
        "mean": " 매우 달갑지 않은 음식을 자꾸 마지못해 굼뜨게 먹는 모양."
    },
    "끼절가리": {
        "word": "끼절가리",
        "chosung": "ㄲㅈㄱㄹ",
        "type": "명사",
        "mean": "=승마(升麻) .【＜□□ 가리≪분문온역이해방(1542)≫ 】"
    },
    "끼지럭": {
        "word": "끼지럭",
        "chosung": "ㄲㅈㄹ",
        "type": "부사",
        "mean": "［북한어］ 매우 달갑지 아니한 음식을 마지못하여 먹는 모양."
    },
    "끼지럭끼지럭": {
        "word": "끼지럭끼지럭",
        "chosung": "ㄲㅈㄹㄲㅈㄹ",
        "type": "부사",
        "mean": "［북한어］ 매우 달갑지 아니한 음식을 자꾸 마지못하여 먹는 모양."
    },
    "끼처입다": {
        "word": "끼처입다",
        "chosung": "ㄲㅊㅇㄷ",
        "type": "동사",
        "mean": "［방언］ '껴입다'의 방언(경북)."
    },
    "끼치다": {
        "word": "끼치다",
        "chosung": "ㄲㅊㄷ",
        "type": "동사",
        "mean": "［북한어］ (구어체로) 끼얹어 뿌리다."
    },
    "끼트리다": {
        "word": "끼트리다",
        "chosung": "ㄲㅌㄹㄷ",
        "type": "동사",
        "mean": "『 …을 …에/에게』 1. =끼뜨리다 . 2. =끼뜨리다 ."
    }
}