{
    "낄가방": {
        "word": "낄가방",
        "chosung": "ㄲㄱㅂ",
        "type": "명사",
        "mean": "［북한어］ 겨드랑이에 끼고 다닐 수 있게 된 작은 가방."
    },
    "낄끼리": {
        "word": "낄끼리",
        "chosung": "ㄲㄲㄹ",
        "type": "부사",
        "mean": " '끼리끼리'의 준말."
    },
    "낄끽": {
        "word": "낄끽",
        "chosung": "ㄲㄲ",
        "type": "명사",
        "mean": "'낄끽거리다'의 어근."
    },
    "낄끽낄끽": {
        "word": "낄끽낄끽",
        "chosung": "ㄲㄲㄲㄲ",
        "type": "부사",
        "mean": " 숨이 차서 목구멍이 벅찼다가 자꾸 터져 나오는 소리. 또는 그 모양."
    },
    "낄낄": {
        "word": "낄낄",
        "chosung": "ㄲㄲ",
        "type": "부사",
        "mean": "［북한어］ 마음에 못마땅하거나 기가 막히어 조금 세게 혀를 차는 소리."
    },
    "낄낄이": {
        "word": "낄낄이",
        "chosung": "ㄲㄲㅇ",
        "type": "명사",
        "mean": "［방언］ '여치'의 방언(경남)."
    },
    "낄룩": {
        "word": "낄룩",
        "chosung": "ㄲㄹ",
        "type": "부사",
        "mean": " '끼룩'의 잘못."
    },
    "낄쑥": {
        "word": "낄쑥",
        "chosung": "ㄲㅆ",
        "type": "부사",
        "mean": " '끼룩'의 잘못."
    },
    "낄쭉낄쭉": {
        "word": "낄쭉낄쭉",
        "chosung": "ㄲㅉㄲㅉ",
        "type": "부사",
        "mean": "［북한어］ 여럿이 다 기다란 모양."
    },
    "낄쭉하다": {
        "word": "낄쭉하다",
        "chosung": "ㄲㅉㅎㄷ",
        "type": "형용사",
        "mean": "［북한어］ 모양이 매우 기다랗다."
    },
    "낄하다": {
        "word": "낄하다",
        "chosung": "ㄲㅎㄷ",
        "type": "형용사",
        "mean": "［방언］ '게으르다'의 방언(경북)."
    }
}