{
    "낑": {
        "word": "낑",
        "chosung": "ㄲ",
        "type": "부사",
        "mean": " 몹시 아프거나 힘에 겨워 괴롭게 내는 소리."
    },
    "낑구다": {
        "word": "낑구다",
        "chosung": "ㄲㄱㄷ",
        "type": "동사",
        "mean": "［방언］ '끼우다'의 방언(경북)."
    },
    "낑깡": {
        "word": "낑깡",
        "chosung": "ㄲㄲ",
        "type": "명사",
        "mean": " '금귤', '동귤'로 순화."
    },
    "낑낑": {
        "word": "낑낑",
        "chosung": "ㄲㄲ",
        "type": "부사",
        "mean": "1. 몹시 아프거나 힘에 겨워 괴롭게 자꾸 내는 소리."
    }
}