{
    "낟": {
        "word": "낟",
        "chosung": "ㄴ",
        "type": "명사",
        "mean": "곡식의 알."
    },
    "낟가리": {
        "word": "낟가리",
        "chosung": "ㄴㄱㄹ",
        "type": "명사",
        "mean": "1. 낟알이 붙은 곡식을 그대로 쌓은 더미. ≒곡퇴."
    },
    "낟가리기계": {
        "word": "낟가리기계",
        "chosung": "ㄴㄱㄹㄱㄱ",
        "type": "명사",
        "mean": "낟가리를 쌓는 데 쓰는 기계."
    },
    "낟가릿대": {
        "word": "낟가릿대",
        "chosung": "ㄴㄱㄹㄷ",
        "type": "명사",
        "mean": "음력 정월 열사흗날에, 농가에서 풍년을 비는 뜻으로 긴 소나무를 뜰에 꽂아 낟가리처럼 만든 것. 다음달 초하룻날에 뽑아 없앤다."
    },
    "낟다": {
        "word": "낟다",
        "chosung": "ㄴㄷ",
        "type": "동사",
        "mean": "［옛말］'나타나다'의 옛말."
    },
    "낟바다": {
        "word": "낟바다",
        "chosung": "ㄴㅂㄷ",
        "type": "형용사",
        "mean": "［옛말］부족하다. 나쁘다."
    },
    "낟밥": {
        "word": "낟밥",
        "chosung": "ㄴㅂ",
        "type": "명사",
        "mean": "［방언］'조밥'의 방언(함경)."
    },
    "낟비": {
        "word": "낟비",
        "chosung": "ㄴㅂ",
        "type": "부사",
        "mean": "［옛말］부족하게. 나삐."
    },
    "낟알": {
        "word": "낟알",
        "chosung": "ㄴㅇ",
        "type": "명사",
        "mean": "1. 껍질을 벗기지 아니한 곡식의 알. ≒곡립(穀粒)·곡식알·입미(粒米)."
    },
    "낟알값": {
        "word": "낟알값",
        "chosung": "ㄴㅇㄱ",
        "type": "명사",
        "mean": "［북한어］'곡가(穀價)'의 북한어."
    },
    "낟알걷이": {
        "word": "낟알걷이",
        "chosung": "ㄴㅇㄱㅇ",
        "type": "명사",
        "mean": "［북한어］낟알을 거두어들임."
    },
    "낟알기": {
        "word": "낟알기",
        "chosung": "ㄴㅇㄱ",
        "type": "명사",
        "mean": "1. ｛주로 '못하다', '끊다'와 함께 쓰여｝ 곡식으로 만든 적은 분량의 음식. ≒곡기(穀氣)."
    },
    "낟알기운": {
        "word": "낟알기운",
        "chosung": "ㄴㅇㄱㅇ",
        "type": "명사",
        "mean": "［북한어］낟알을 먹음으로써 생기게 되는 기운."
    },
    "낟알떨어지기": {
        "word": "낟알떨어지기",
        "chosung": "ㄴㅇㄸㅇㅈㄱ",
        "type": "명사",
        "mean": "여문 낟알이 자연적으로 땅에 떨어지는 현상."
    },
    "낟알말리기": {
        "word": "낟알말리기",
        "chosung": "ㄴㅇㅁㄹㄱ",
        "type": "명사",
        "mean": "낟알 안의 물기를 일정한 정도로 줄이는 일. 양곡용 낟알은 물기 함량이 13% 정도 되게 말린다."
    },
    "낟알먹이": {
        "word": "낟알먹이",
        "chosung": "ㄴㅇㅁㅇ",
        "type": "명사",
        "mean": "［북한어］강냉이, 밀, 보리 따위의 낟알로 만든 가축의 먹이. ≒알곡먹이."
    },
    "낟알모이": {
        "word": "낟알모이",
        "chosung": "ㄴㅇㅁㅇ",
        "type": "명사",
        "mean": "［북한어］낟알로 된 모이."
    },
    "낟알물": {
        "word": "낟알물",
        "chosung": "ㄴㅇㅁ",
        "type": "명사",
        "mean": "［북한어］1. 여물지 아니한 낟알에서 나오는 물기. 2. 낟알을 씻거나 끓일 때 우러나는 물."
    },
    "낟알밭": {
        "word": "낟알밭",
        "chosung": "ㄴㅇㅂ",
        "type": "명사",
        "mean": "［북한어］낟알을 심고 가꾸는 밭."
    },
    "낟알벌레": {
        "word": "낟알벌레",
        "chosung": "ㄴㅇㅂㄹ",
        "type": "명사",
        "mean": "［북한어］낟알에 끼는 여러 가지 벌레를 통틀어 이르는 말. 쌀바구미, 쌀좀, 가루진드기 따위가 있다."
    },
    "낟알산": {
        "word": "낟알산",
        "chosung": "ㄴㅇㅅ",
        "type": "명사",
        "mean": "［북한어］산처럼 높이 쌓은 낟알을 비유적으로 이르는 말."
    },
    "낟알섬": {
        "word": "낟알섬",
        "chosung": "ㄴㅇㅅ",
        "type": "명사",
        "mean": "［북한어］1. 낟알을 담은 섬."
    },
    "낟알술": {
        "word": "낟알술",
        "chosung": "ㄴㅇㅅ",
        "type": "명사",
        "mean": "［북한어］낟알로 담근 술."
    },
    "낟알작물": {
        "word": "낟알작물",
        "chosung": "ㄴㅇㅈㅁ",
        "type": "명사",
        "mean": "녹말이 많이 들어 있는 씨를 식용으로 하기 위하여 재배하는 작물. 벼, 옥수수, 밀, 보리, 호밀, 귀리, 수수, 기장 따위가 이에 속한다."
    },
    "낟알짚": {
        "word": "낟알짚",
        "chosung": "ㄴㅇㅈ",
        "type": "명사",
        "mean": "［북한어］낟알을 털어 낸 짚. 볏짚, 밀짚, 보릿짚 따위를 이른다."
    },
    "낟알찾기": {
        "word": "낟알찾기",
        "chosung": "ㄴㅇㅊㄱ",
        "type": "명사",
        "mean": "［북한어］가을걷이를 한 뒤 흘린 낟알을 한 알도 남김없이 찾아 거두어 모으는 일."
    },
    "낟알털기": {
        "word": "낟알털기",
        "chosung": "ㄴㅇㅌㄱ",
        "type": "명사",
        "mean": "'탈곡(脫穀)'의 북한어."
    },
    "낟알피해": {
        "word": "낟알피해",
        "chosung": "ㄴㅇㅍㅎ",
        "type": "명사",
        "mean": "［북한어］자연재해나 짐승에 의하여 낟알 손실을 입는 일. 또는 그런 피해."
    }
}