{
    "낫": {
        "word": "낫",
        "chosung": "ㄴ",
        "type": "명사",
        "mean": " 곡식, 나무, 풀 따위를 베는 데 쓰는 농기구. 시우쇠로 'ㄱ' 자 모양으로 만들어 안쪽으로 날을 내고, 뒤 끝 슴베에 나무 자루를 박아 만든다. ≒구겸(鉤鎌)."
    },
    "낫ㄱ다": {
        "word": "낫ㄱ다",
        "chosung": "ㄴㄱㄷ",
        "type": "동사",
        "mean": "［옛말］ '낚다'의 옛말."
    },
    "낫가락": {
        "word": "낫가락",
        "chosung": "ㄴㄱㄹ",
        "type": "명사",
        "mean": "［북한어］ 낫을 가늘고 긴 물건에 비유하여 이르는 말."
    },
    "낫가락질": {
        "word": "낫가락질",
        "chosung": "ㄴㄱㄹㅈ",
        "type": "명사",
        "mean": "［북한어］'낫질'의 북한어."
    },
    "낫가비": {
        "word": "낫가비",
        "chosung": "ㄴㄱㅂ",
        "type": "부사",
        "mean": "［옛말］낮게."
    },
    "낫가이": {
        "word": "낫가이",
        "chosung": "ㄴㄱㅇ",
        "type": "명사",
        "mean": "［방언］'갈보'의 방언(평안)."
    },
    "낫가족": {
        "word": "낫가족",
        "chosung": "ㄴㄱㅈ",
        "type": "명사",
        "mean": "［옛말］'낯가죽'의 옛말."
    },
    "낫감기": {
        "word": "낫감기",
        "chosung": "ㄴㄱㄱ",
        "type": "명사",
        "mean": "'낫갱기'의 원말."
    },
    "낫갑다": {
        "word": "낫갑다",
        "chosung": "ㄴㄱㄷ",
        "type": "형용사",
        "mean": "［옛말］'낮다'의 옛말. 모음으로 시작하는 어미 앞에서는 '□□-'이나 '□가오-'로 나타난다."
    },
    "낫값": {
        "word": "낫값",
        "chosung": "ㄴㄱ",
        "type": "명사",
        "mean": " '나잇값'의 준말."
    },
    "낫갓줄": {
        "word": "낫갓줄",
        "chosung": "ㄴㄱㅈ",
        "type": "명사",
        "mean": "［방언］'내'의 방언(경기, 경남)."
    },
    "낫강치": {
        "word": "낫강치",
        "chosung": "ㄴㄱㅊ",
        "type": "명사",
        "mean": "'낫공치'의 잘못."
    },
    "낫갗": {
        "word": "낫갗",
        "chosung": "ㄴㄱ",
        "type": "명사",
        "mean": "［옛말］'낯가죽'의 옛말."
    },
    "낫갱기": {
        "word": "낫갱기",
        "chosung": "ㄴㄱㄱ",
        "type": "명사",
        "mean": "낫자루에 슴베가 박히는 부분을 단단히 하기 위하여 둘러 감은 쇠.【】"
    },
    "낫거믜": {
        "word": "낫거믜",
        "chosung": "ㄴㄱㅁ",
        "type": "명사",
        "mean": "［옛말］'납거미'의 옛말."
    },
    "낫걸이": {
        "word": "낫걸이",
        "chosung": "ㄴㄱㅇ",
        "type": "명사",
        "mean": "낫을 걸어 놓는 것."
    },
    "낫곳하다": {
        "word": "낫곳하다",
        "chosung": "ㄴㄱㅎㄷ",
        "type": "동사",
        "mean": "［옛말］'성내다'의 옛말."
    },
    "낫공생이": {
        "word": "낫공생이",
        "chosung": "ㄴㄱㅅㅇ",
        "type": "명사",
        "mean": "'낫공치'의 잘못."
    },
    "낫공치": {
        "word": "낫공치",
        "chosung": "ㄴㄱㅊ",
        "type": "명사",
        "mean": "낫의 슴베가 휘어넘어가는 덜미의 두꺼운 부분."
    },
    "낫곶": {
        "word": "낫곶",
        "chosung": "ㄴㄱ",
        "type": "명사",
        "mean": "［옛말］낯빛이나 표정."
    },
    "낫구다": {
        "word": "낫구다",
        "chosung": "ㄴㄱㄷ",
        "type": "동사",
        "mean": "［방언］병을 고치다(경상)."
    },
    "낫꽂이": {
        "word": "낫꽂이",
        "chosung": "ㄴㄲㅇ",
        "type": "명사",
        "mean": "낫이나 칼 따위를 꽂는 물건. 짚으로 뭉치처럼 엮어 매달아 놓는다."
    },
    "낫나치": {
        "word": "낫나치",
        "chosung": "ㄴㄴㅊ",
        "type": "부사",
        "mean": "［옛말］ '낱낱이'의 옛말."
    },
    "낫날": {
        "word": "낫날",
        "chosung": "ㄴㄴ",
        "type": "명사",
        "mean": "낫에서 날카롭게 날이 선 부분."
    },
    "낫낫": {
        "word": "낫낫",
        "chosung": "ㄴㄴ",
        "type": "명사",
        "mean": "［옛말］'낱낱'의 옛말."
    },
    "낫낫하다": {
        "word": "낫낫하다",
        "chosung": "ㄴㄴㅎㄷ",
        "type": "형용사",
        "mean": "［북한어］그다지 굵지 않은 나뭇가지가 좀 길고 곧다."
    },
    "낫놀": {
        "word": "낫놀",
        "chosung": "ㄴㄴ",
        "type": "명사",
        "mean": "슴베가 빠지지 않도록 낫자루에 놀구멍을 뚫어 박는 쇠못. ≒놀."
    },
    "낫다": {
        "word": "낫다",
        "chosung": "ㄴㄷ",
        "type": "형용사",
        "mean": "［옛말］낮아지다. 낮다."
    },
    "낫닫다": {
        "word": "낫닫다",
        "chosung": "ㄴㄷㄷ",
        "type": "동사",
        "mean": "［옛말］'내닫다'의 옛말."
    },
    "낫당개미": {
        "word": "낫당개미",
        "chosung": "ㄴㄷㄱㅁ",
        "type": "명사",
        "mean": "'낫갱기'의 잘못."
    },
    "낫대접": {
        "word": "낫대접",
        "chosung": "ㄴㄷㅈ",
        "type": "명사",
        "mean": "［방언］'나이대접'의 방언(평북)."
    },
    "낫대패": {
        "word": "낫대패",
        "chosung": "ㄴㄷㅍ",
        "type": "명사",
        "mean": "=훑이기."
    },
    "낫댕기": {
        "word": "낫댕기",
        "chosung": "ㄴㄷㄱ",
        "type": "명사",
        "mean": "'낫갱기'의 잘못."
    },
    "낫도다": {
        "word": "낫도다",
        "chosung": "ㄴㄷㄷ",
        "type": "어미",
        "mean": "［옛말］｛동사, 형용사 어간 뒤에 붙어｝ -는구나. -구나."
    },
    "낫등": {
        "word": "낫등",
        "chosung": "ㄴㄷ",
        "type": "명사",
        "mean": "낫의 날에 반대되는 부분."
    },
    "낫모양적혈구성빈혈": {
        "word": "낫모양적혈구성빈혈",
        "chosung": "ㄴㅁㅇㅈㅎㄱㅅㅂㅎ",
        "type": "명사",
        "mean": "적혈구의 모양이 낫 모양으로 되면서 생기는 빈혈증. 유전자의 변이로 단백질의 구조가 변화하고 결정화되어 일어난다."
    },
    "낫몸": {
        "word": "낫몸",
        "chosung": "ㄴㅁ",
        "type": "명사",
        "mean": "낫날과 낫등으로 되어 있는 낫의 몸통 부분."
    },
    "낫몽태": {
        "word": "낫몽태",
        "chosung": "ㄴㅁㅌ",
        "type": "명사",
        "mean": "'낫갱기'의 잘못."
    },
    "낫박쌀": {
        "word": "낫박쌀",
        "chosung": "ㄴㅂㅆ",
        "type": "명사",
        "mean": "［방언］'핀잔'의 방언(전남)."
    },
    "낫밤": {
        "word": "낫밤",
        "chosung": "ㄴㅂ",
        "type": "명사",
        "mean": "［부사］［옛말］'밤낮'의 옛말."
    },
    "낫밥": {
        "word": "낫밥",
        "chosung": "ㄴㅂ",
        "type": "명사",
        "mean": "'조밥'의 잘못."
    },
    "낫부리": {
        "word": "낫부리",
        "chosung": "ㄴㅂㄹ",
        "type": "명사",
        "mean": "낫의 뾰족한 끝 부분."
    },
    "낫블기다": {
        "word": "낫블기다",
        "chosung": "ㄴㅂㄱㄷ",
        "type": "동사",
        "mean": "［옛말］낯을 붉히다."
    },
    "낫빛": {
        "word": "낫빛",
        "chosung": "ㄴㅂ",
        "type": "명사",
        "mean": "［옛말］'낯빛'의 옛말."
    },
    "낫사레": {
        "word": "낫사레",
        "chosung": "ㄴㅅㄹ",
        "type": "명사",
        "mean": "［방언］'세숫대야'의 방언(제주)."
    },
    "낫살": {
        "word": "낫살",
        "chosung": "ㄴㅅ",
        "type": "명사",
        "mean": "'나잇살'의 준말."
    },
    "낫설다": {
        "word": "낫설다",
        "chosung": "ㄴㅅㄷ",
        "type": "형용사",
        "mean": "［옛말］'낯설다'의 옛말."
    },
    "낫세": {
        "word": "낫세",
        "chosung": "ㄴㅅ",
        "type": "명사",
        "mean": "1. '나쎄'의 잘못. 2. '나잇살'의 잘못."
    },
    "낫싸움": {
        "word": "낫싸움",
        "chosung": "ㄴㅆㅇ",
        "type": "명사",
        "mean": "［방언］'여드름'의 방언(제주)."
    },
    "낫아웃": {
        "word": "낫아웃",
        "chosung": "ㄴㅇㅇ",
        "type": "명사",
        "mean": "not out 야구에서, 세 번째 스트라이크를 포수가 받지 못했을 때 아웃으로 인정하지 않고 타자가 공을 친 것으로 간주하는 규칙. 공보다 타자가 1루에 빨리 도착하면 진루가 된다."
    },
    "낫우다": {
        "word": "낫우다",
        "chosung": "ㄴㅇㄷ",
        "type": "동사",
        "mean": "'고치다'의 잘못."
    },
    "낫이": {
        "word": "낫이",
        "chosung": "ㄴㅇ",
        "type": "명사",
        "mean": "［북한어］'낫날'의 북한어."
    },
    "낫자라다": {
        "word": "낫자라다",
        "chosung": "ㄴㅈㄹㄷ",
        "type": "동사",
        "mean": "더 잘 자라다."
    },
    "낫자루": {
        "word": "낫자루",
        "chosung": "ㄴㅈㄹ",
        "type": "명사",
        "mean": " 낫에서 손으로 쥐는 자루 부분."
    },
    "낫자리": {
        "word": "낫자리",
        "chosung": "ㄴㅈㄹ",
        "type": "명사",
        "mean": "［북한어］낫에 찔리거나 잘린 자리."
    },
    "낫잡다": {
        "word": "낫잡다",
        "chosung": "ㄴㅈㄷ",
        "type": "동사",
        "mean": "『…을』 금액, 나이, 수량, 수효 따위를 계산할 때에, 조금 넉넉하게 치다."
    },
    "낫젼밧": {
        "word": "낫젼밧",
        "chosung": "ㄴㅈㅂ",
        "type": "명사",
        "mean": "［방언］'반날갈이'의 방언(제주)."
    },
    "낫질": {
        "word": "낫질",
        "chosung": "ㄴㅈ",
        "type": "명사",
        "mean": "낫으로 풀이나 나무 따위를 베는 일."
    },
    "낫짓다": {
        "word": "낫짓다",
        "chosung": "ㄴㅈㄷ",
        "type": "동사",
        "mean": "［옛말］낯빛을 바꾸다."
    },
    "낫치기": {
        "word": "낫치기",
        "chosung": "ㄴㅊㄱ",
        "type": "명사",
        "mean": "=낫치기놀이"
    },
    "낫치기놀이": {
        "word": "낫치기놀이",
        "chosung": "ㄴㅊㄱㄴㅇ",
        "type": "명사",
        "mean": "낫을 땅바닥에 던져 꽂는 횟수를 겨루는 놀이. ≒낫치기."
    },
    "낫칼": {
        "word": "낫칼",
        "chosung": "ㄴㅋ",
        "type": "명사",
        "mean": "부챗살을 깎는 데 쓰는, 낫처럼 생긴 칼."
    },
    "낫탱개": {
        "word": "낫탱개",
        "chosung": "ㄴㅌㄱ",
        "type": "명사",
        "mean": "'낫갱기'의 잘못."
    },
    "낫표": {
        "word": "낫표",
        "chosung": "ㄴㅍ",
        "type": "명사",
        "mean": "따옴표의 하나. 세로쓰기에 쓰는 문장 부호 ''의 이름이다. 따온 말 가운데 다시 따온 말을 나타낼 때나 마음속으로 한 말을 나타낼 때에 쓴다."
    },
    "낫후": {
        "word": "낫후",
        "chosung": "ㄴㅎ",
        "type": "명사",
        "mean": "［옛말］'오후(午後)'의 옛말."
    }
}