{
    "낮": {
        "word": "낮",
        "chosung": "ㄴ",
        "type": "나지",
        "mean": "1. 해가 뜰 때부터 질 때까지의 동안."
    },
    "낮각다귀": {
        "word": "낮각다귀",
        "chosung": "ㄴㄱㄷㄱ",
        "type": "명사",
        "mean": "=토고숲모기."
    },
    "낮거리": {
        "word": "낮거리",
        "chosung": "ㄴㄱㄹ",
        "type": "명사",
        "mean": "낮에 하는 성교(性交)."
    },
    "낮곁": {
        "word": "낮곁",
        "chosung": "ㄴㄱ",
        "type": "낟껴치",
        "mean": "한낮부터 해가 저물 때까지의 시간을 둘로 나누었을 때 그 전반(前半)."
    },
    "낮곁수라": {
        "word": "낮곁수라",
        "chosung": "ㄴㄱㅅㄹ",
        "type": "명사",
        "mean": "궁중에서, '곁두리'를 이르던 말."
    },
    "낮고동": {
        "word": "낮고동",
        "chosung": "ㄴㄱㄷ",
        "type": "명사",
        "mean": "［북한어］낮 열두 시를 알리는 고동."
    },
    "낮교대": {
        "word": "낮교대",
        "chosung": "ㄴㄱㄷ",
        "type": "명사",
        "mean": "낮과 밤으로 교대하는 일에서 낮에 당번을 함."
    },
    "낮나비": {
        "word": "낮나비",
        "chosung": "ㄴㄴㅂ",
        "type": "명사",
        "mean": "낮나빗과의 곤충을 통틀어 이르는 말. 색깔이 아름답고 선명한데 앞날개와 뒷날개에는 여러 가지 아름다운 무늬가 있으며 날개의 윗면과 아랫면의 색깔이 서로 다르다."
    },
    "낮놀이": {
        "word": "낮놀이",
        "chosung": "ㄴㄴㅇ",
        "type": "명사",
        "mean": "［북한어］날씨가 좋고 해가 날 때에 벌들이 벌통 어귀 밖에 많이 나와서 한데 모여 진을 치는 일."
    },
    "낮다": {
        "word": "낮다",
        "chosung": "ㄴㄷ",
        "type": "형용사",
        "mean": "1. 아래에서 위까지의 높이가 기준이 되는 대상이나 보통 정도에 미치지 못하는 상태에 있다."
    },
    "낮달": {
        "word": "낮달",
        "chosung": "ㄴㄷ",
        "type": "명사",
        "mean": "낮에 보이는 달."
    },
    "낮닭": {
        "word": "낮닭",
        "chosung": "ㄴㄷ",
        "type": "낟딸기",
        "mean": "낮에 우는 닭이라는 뜻으로, 울 때가 아닌데 우는 닭을 이르는 말."
    },
    "낮대거리": {
        "word": "낮대거리",
        "chosung": "ㄴㄷㄱㄹ",
        "type": "명사",
        "mean": "1. 주로 광산에서, 광부가 밤과 낮으로 나누어 일하는 경우에 낮에 들어가 일을 하는 대거리. 2. ［북한어］'낮교대'의 북한어."
    },
    "낮대거리군": {
        "word": "낮대거리군",
        "chosung": "ㄴㄷㄱㄹㄱ",
        "type": "명사",
        "mean": "［북한어］낮교대를 하는 사람. ※낮대거리꾼."
    },
    "낮도깨비": {
        "word": "낮도깨비",
        "chosung": "ㄴㄷㄲㅂ",
        "type": "명사",
        "mean": "1. 낮에 나타난 도깨비. ≒주출망량. 2. 체면 없이 마구 행동하는 사람을 비유적으로 이르는 말."
    },
    "낮도둑": {
        "word": "낮도둑",
        "chosung": "ㄴㄷㄷ",
        "type": "명사",
        "mean": "1. 대낮에 물건을 훔치는 사람. ≒낮도적. 2. 염치도 체면도 없이 욕심을 부리는 사람을 비유적으로 이르는 말. ≒낮도적."
    },
    "낮도적": {
        "word": "낮도적",
        "chosung": "ㄴㄷㅈ",
        "type": "명사",
        "mean": "1. =낮도둑. 2. =낮도둑."
    },
    "낮뒤": {
        "word": "낮뒤",
        "chosung": "ㄴㄷ",
        "type": "명사",
        "mean": "［북한어］ 한낮이 지난 뒤부터 저녁까지의 동안."
    },
    "낮때": {
        "word": "낮때",
        "chosung": "ㄴㄸ",
        "type": "명사",
        "mean": "1. 한낮을 중심으로 한 한동안. ≒오간(午間)."
    },
    "낮말": {
        "word": "낮말",
        "chosung": "ㄴㅁ",
        "type": "명사",
        "mean": "낮에 하는 말."
    },
    "낮물잡이": {
        "word": "낮물잡이",
        "chosung": "ㄴㅁㅈㅇ",
        "type": "명사",
        "mean": "낮에 새우를 잡는 일. 또는 그 새우."
    },
    "낮밥쉬다": {
        "word": "낮밥쉬다",
        "chosung": "ㄴㅂㅅㄷ",
        "type": "동사",
        "mean": "［방언］낮잠을 자다(함경)."
    },
    "낮방송": {
        "word": "낮방송",
        "chosung": "ㄴㅂㅅ",
        "type": "명사",
        "mean": "라디오나 텔레비전에서 대낮에 보내는 방송."
    },
    "낮번": {
        "word": "낮번",
        "chosung": "ㄴㅂ",
        "type": "명사",
        "mean": "낮에 드는 번."
    },
    "낮볕": {
        "word": "낮볕",
        "chosung": "ㄴㅂ",
        "type": "낟뼈치",
        "mean": "대낮에 쬐는 햇볕."
    },
    "낮보다": {
        "word": "낮보다",
        "chosung": "ㄴㅂㄷ",
        "type": "동사",
        "mean": "『…을』 '낮추보다'의 준말."
    },
    "낮보이다": {
        "word": "낮보이다",
        "chosung": "ㄴㅂㅇㄷ",
        "type": "동사",
        "mean": "'낮보다'의 피동사."
    },
    "낮북": {
        "word": "낮북",
        "chosung": "ㄴㅂ",
        "type": "명사",
        "mean": "《역사》=오고."
    },
    "낮붙다": {
        "word": "낮붙다",
        "chosung": "ㄴㅂㄷ",
        "type": "동사",
        "mean": "［북한어］=낮추붙다."
    },
    "낮비침률": {
        "word": "낮비침률",
        "chosung": "ㄴㅂㅊㄹ",
        "type": "명사",
        "mean": "［북한어］ '주광률(晝光率)'의 북한어."
    },
    "낮수라": {
        "word": "낮수라",
        "chosung": "ㄴㅅㄹ",
        "type": "명사",
        "mean": "궁중에서, 임금의 점심을 이르던 말."
    },
    "낮술": {
        "word": "낮술",
        "chosung": "ㄴㅅ",
        "type": "명사",
        "mean": "낮에 마시는 술."
    },
    "낮영화": {
        "word": "낮영화",
        "chosung": "ㄴㅇㅎ",
        "type": "명사",
        "mean": "［북한어］1. 밝은 데서 볼 수 있는 영화. 또는 그런 영사 방법. 2. 낮에 하는 영화."
    },
    "낮은끎음": {
        "word": "낮은끎음",
        "chosung": "ㄴㅇㄲㅇ",
        "type": "명사",
        "mean": "화음의 진행에서 길게 지속되는 저음. ≒저속음."
    },
    "낮은날개비행기": {
        "word": "낮은날개비행기",
        "chosung": "ㄴㅇㄴㄱㅂㅎㄱ",
        "type": "명사",
        "mean": "'저익기(低翼機)'의 북한어."
    },
    "낮은돋을새김": {
        "word": "낮은돋을새김",
        "chosung": "ㄴㅇㄷㅇㅅㄱ",
        "type": "명사",
        "mean": "'저부조(低浮彫)'의 북한어."
    },
    "낮은마루차": {
        "word": "낮은마루차",
        "chosung": "ㄴㅇㅁㄹㅊ",
        "type": "명사",
        "mean": "열차 가운데 부분을 낮게 만든 화차(貨車). 부피가 크고 무게가 무거운 짐을 실어 나르는 데 쓴다."
    },
    "낮은말": {
        "word": "낮은말",
        "chosung": "ㄴㅇㅁ",
        "type": "명사",
        "mean": "1. 낮은 소리로 하는 말. 2. 상스럽고 천한 말."
    },
    "낮은모음": {
        "word": "낮은모음",
        "chosung": "ㄴㅇㅁㅇ",
        "type": "명사",
        "mean": "'저모음'의 북한어."
    },
    "낮은목표": {
        "word": "낮은목표",
        "chosung": "ㄴㅇㅁㅍ",
        "type": "명사",
        "mean": "적의 군사 시설 따위가 일정한 지형이나 지물보다 낮은 위치에 있어서 가려져 있는 목표."
    },
    "낮은물높이": {
        "word": "낮은물높이",
        "chosung": "ㄴㅇㅁㄴㅇ",
        "type": "명사",
        "mean": "수면이 가장 낮은 때의 높이."
    },
    "낮은반": {
        "word": "낮은반",
        "chosung": "ㄴㅇㅂ",
        "type": "명사",
        "mean": "1. 유치원에서, 취학 전 의무 교육을 받지 않는 반을 '높은반'에 상대하여 이르는 말. 2. 일정한 수준을 정하였을 때에 그 기준의 아래에 있는 사람으로 조직되는 반."
    },
    "낮은숲": {
        "word": "낮은숲",
        "chosung": "ㄴㅇㅅ",
        "type": "명사",
        "mean": "키가 작은 나무로 된 수풀."
    },
    "낮은열": {
        "word": "낮은열",
        "chosung": "ㄴㅇㅇ",
        "type": "명사",
        "mean": "［북한어］그다지 높지 않은 몸의 열."
    },
    "낮은음": {
        "word": "낮은음",
        "chosung": "ㄴㅇㅇ",
        "type": "명사",
        "mean": "=저음(低音)."
    },
    "낮은음자리표": {
        "word": "낮은음자리표",
        "chosung": "ㄴㅇㅇㅈㄹㅍ",
        "type": "명사",
        "mean": "오선보에서, 오선(五線)의 제4선이 '바' 음의 자리임을 나타내는 기호. 낮은 성부(聲部)를 나타내는 데 쓰며 ''로 표시한다. ≒바음기호·바음자리표·베이스 클레프·베이스표·저음부(低音符)·저음부 기호."
    },
    "낮은이랑식": {
        "word": "낮은이랑식",
        "chosung": "ㄴㅇㅇㄹㅅ",
        "type": "명사",
        "mean": "이랑이나 두둑을 낮게 하는 방식. 주로 겨울을 나는 작물을 심을 때나 가뭄을 많이 타는 지대에서 한다."
    },
    "낮은조": {
        "word": "낮은조",
        "chosung": "ㄴㅇㅈ",
        "type": "명사",
        "mean": "=낙시조(樂時調)."
    },
    "낮은주일": {
        "word": "낮은주일",
        "chosung": "ㄴㅇㅈㅇ",
        "type": "명사",
        "mean": "'사백 주일'을 달리 이르는 말."
    },
    "낮은청": {
        "word": "낮은청",
        "chosung": "ㄴㅇㅊ",
        "type": "명사",
        "mean": "가장 낮은 노래 목소리."
    },
    "낮은표": {
        "word": "낮은표",
        "chosung": "ㄴㅇㅍ",
        "type": "명사",
        "mean": "'낮은음자리표'의 북한어."
    },
    "낮은홀소리": {
        "word": "낮은홀소리",
        "chosung": "ㄴㅇㅎㅅㄹ",
        "type": "명사",
        "mean": "=저모음."
    },
    "낮일": {
        "word": "낮일",
        "chosung": "ㄴㅇ",
        "type": "명사",
        "mean": "낮에 일을 함. 또는 그 일."
    },
    "낮작업": {
        "word": "낮작업",
        "chosung": "ㄴㅈㅇ",
        "type": "명사",
        "mean": "［북한어］낮에 하는 작업."
    },
    "낮잠": {
        "word": "낮잠",
        "chosung": "ㄴㅈ",
        "type": "명사",
        "mean": "낮에 자는 잠. ≒오수(午睡)·오침·주침(晝寢)."
    },
    "낮잡다": {
        "word": "낮잡다",
        "chosung": "ㄴㅈㄷ",
        "type": "동사",
        "mean": "『…을』 1. 실제로 지닌 값보다 낮게 치다."
    },
    "낮전": {
        "word": "낮전",
        "chosung": "ㄴㅈ",
        "type": "명사",
        "mean": "1. =오전(午前). 2. =오전."
    },
    "낮전등": {
        "word": "낮전등",
        "chosung": "ㄴㅈㄷ",
        "type": "명사",
        "mean": "［북한어］낮에 켜는 전등."
    },
    "낮차": {
        "word": "낮차",
        "chosung": "ㄴㅊ",
        "type": "명사",
        "mean": "낮에 다니는 차."
    },
    "낮참": {
        "word": "낮참",
        "chosung": "ㄴㅊ",
        "type": "명사",
        "mean": " 1. 낮에 일을 하다가 잠시 먹는 간단한 음식."
    },
    "낮추": {
        "word": "낮추",
        "chosung": "ㄴㅊ",
        "type": "부사",
        "mean": "1. 아래에서 위까지의 높이가 기준이나 보통보다 짧게."
    },
    "낮추다": {
        "word": "낮추다",
        "chosung": "ㄴㅊㄷ",
        "type": "동사",
        "mean": "『…을』 1. '낮다'의 사동사."
    },
    "낮추보다": {
        "word": "낮추보다",
        "chosung": "ㄴㅊㅂㄷ",
        "type": "동사",
        "mean": "『…을』 남을 업신여기어 자기보다 낮게 보다."
    },
    "낮추붙다": {
        "word": "낮추붙다",
        "chosung": "ㄴㅊㅂㄷ",
        "type": "동사",
        "mean": "［북한어］남에 대하여 자신을 낮추고 겸손하게 대하다. ≒낮붙다."
    },
    "낮추잡다": {
        "word": "낮추잡다",
        "chosung": "ㄴㅊㅈㄷ",
        "type": "동사",
        "mean": "『…을』 일정한 기준보다 낮게 잡다."
    },
    "낮춤": {
        "word": "낮춤",
        "chosung": "ㄴㅊ",
        "type": "명사",
        "mean": "사람이나 사물을 낮추는 뜻으로 이르는 말씨."
    },
    "낮춤말": {
        "word": "낮춤말",
        "chosung": "ㄴㅊㅁ",
        "type": "명사",
        "mean": "1. 사람이나 사물을 낮추어 이르는 말. '저 사람'에 대하여 '저 자'라고 하는 따위이다. 2. 상대를 높이는 뜻에서 자기와 자기가 속한 무리를 낮추어 이르는 말. '나'를 '저', '우리'를 '저희'라고 하는 따위이다. 3. 상대편을 높이는 뜻이 없이 쓰는 말. 주로 '하게체', '해라체', '해체' 따위를 쓴다."
    },
    "낮춤변압기": {
        "word": "낮춤변압기",
        "chosung": "ㄴㅊㅂㅇㄱ",
        "type": "명사",
        "mean": "'강압 변압기'의 북한어."
    },
    "낮춤하다": {
        "word": "낮춤하다",
        "chosung": "ㄴㅊㅎㄷ",
        "type": "형용사",
        "mean": "［북한어］좀 낮은 듯하다."
    },
    "낮후": {
        "word": "낮후",
        "chosung": "ㄴㅎ",
        "type": "명사",
        "mean": "한낮이 지난 뒤."
    }
}