{
    "낯": {
        "word": "낯",
        "chosung": "ㄴ",
        "type": "나치",
        "mean": "1. 눈, 코, 입 따위가 있는 얼굴의 바닥."
    },
    "낯가리다": {
        "word": "낯가리다",
        "chosung": "ㄴㄱㄹㄷ",
        "type": "동사",
        "mean": "1. 갓난아이가 낯선 사람을 대하기 싫어하다."
    },
    "낯가림": {
        "word": "낯가림",
        "chosung": "ㄴㄱㄹ",
        "type": "명사",
        "mean": "1. 갓난아이가 낯선 사람 대하기를 싫어함."
    },
    "낯가죽": {
        "word": "낯가죽",
        "chosung": "ㄴㄱㅈ",
        "type": "명사",
        "mean": "1. 얼굴 껍질을 이루는 살가죽."
    },
    "낯간지럽다": {
        "word": "낯간지럽다",
        "chosung": "ㄴㄱㅈㄹㄷ",
        "type": "형용사",
        "mean": "『…이』『-기가』너무 보잘것없거나 염치없는 짓이 되어 남 보기에 부끄럽다."
    },
    "낯강기": {
        "word": "낯강기",
        "chosung": "ㄴㄱㄱ",
        "type": "명사",
        "mean": "［방언］'낫갱기'의 방언(평북)."
    },
    "낯꼴": {
        "word": "낯꼴",
        "chosung": "ㄴㄲ",
        "type": "명사",
        "mean": "감정에 따라 변하는 얼굴의 모양."
    },
    "낯꽃": {
        "word": "낯꽃",
        "chosung": "ㄴㄲ",
        "type": "낟꼬치",
        "mean": "감정의 변화에 따라 얼굴에 드러나는 표시."
    },
    "낯나다": {
        "word": "낯나다",
        "chosung": "ㄴㄴㄷ",
        "type": "동사",
        "mean": "=생색나다."
    },
    "낯내기": {
        "word": "낯내기",
        "chosung": "ㄴㄴㄱ",
        "type": "명사",
        "mean": "［북한어］사람들 앞에 자기 이름을 날리고 내세우려고 하는 것을 이르는 말."
    },
    "낯내다": {
        "word": "낯내다",
        "chosung": "ㄴㄴㄷ",
        "type": "동사",
        "mean": " =생색내다."
    },
    "낯놀림": {
        "word": "낯놀림",
        "chosung": "ㄴㄴㄹ",
        "type": "명사",
        "mean": "어떤 사실에 대하여 그르다는 뜻을 나타낼 때에 얼굴을 살살 흔드는 행동을 이르는 말."
    },
    "낯닦음": {
        "word": "낯닦음",
        "chosung": "ㄴㄷㅇ",
        "type": "명사",
        "mean": "=면치레."
    },
    "낯면": {
        "word": "낯면",
        "chosung": "ㄴㅁ",
        "type": "명사",
        "mean": "한자 부수의 하나. '□', '□' 따위에 쓰인 '面'을 이른다."
    },
    "낯모르다": {
        "word": "낯모르다",
        "chosung": "ㄴㅁㄹㄷ",
        "type": "동사",
        "mean": "누구인 줄 모르다."
    },
    "낯바닥": {
        "word": "낯바닥",
        "chosung": "ㄴㅂㄷ",
        "type": "명사",
        "mean": "'낯'을 속되게 이르는 말."
    },
    "낯바대기": {
        "word": "낯바대기",
        "chosung": "ㄴㅂㄷㄱ",
        "type": "명사",
        "mean": "'낯'을 속되게 이르는 말."
    },
    "낯보기": {
        "word": "낯보기",
        "chosung": "ㄴㅂㄱ",
        "type": "명사",
        "mean": "［북한어］얼굴을 보아서 일 처리를 유리하게 하는 것을 이르는 말."
    },
    "낯부끄럽다": {
        "word": "낯부끄럽다",
        "chosung": "ㄴㅂㄲㄹㄷ",
        "type": "형용사",
        "mean": "『…이』『-기가』염치가 없어 얼굴을 보이기가 부끄럽다."
    },
    "낯부닥": {
        "word": "낯부닥",
        "chosung": "ㄴㅂㄷ",
        "type": "명사",
        "mean": "［방언］'낯바닥'의 방언(전남)."
    },
    "낯빛": {
        "word": "낯빛",
        "chosung": "ㄴㅂ",
        "type": "낟삐치",
        "mean": "얼굴의 빛깔이나 기색."
    },
    "낯빼기": {
        "word": "낯빼기",
        "chosung": "ㄴㅃㄱ",
        "type": "명사",
        "mean": "'낯'을 속되게 이르는 말."
    },
    "낯살": {
        "word": "낯살",
        "chosung": "ㄴㅅ",
        "type": "명사",
        "mean": "［북한어］얼굴의 살."
    },
    "낯색": {
        "word": "낯색",
        "chosung": "ㄴㅅ",
        "type": "명사",
        "mean": "'낯빛'의 잘못."
    },
    "낯선어마이": {
        "word": "낯선어마이",
        "chosung": "ㄴㅅㅇㅁㅇ",
        "type": "명사",
        "mean": "［방언］'의붓어미'의 방언(경북)."
    },
    "낯설게하기": {
        "word": "낯설게하기",
        "chosung": "ㄴㅅㄱㅎㄱ",
        "type": "명사",
        "mean": "러시아 형식주의의 주요한 문학적 수법. 슈클로프스키(Shklovsky, V.)가 주장한 것으로 일상화되어 친숙하거나 반복되어 참신하지 않은 사물이나 관념을 특수화하고 낯설게 하여 새로운 느낌을 갖도록 표현하는 것을 이른다."
    },
    "낯설다": {
        "word": "낯설다",
        "chosung": "ㄴㅅㄷ",
        "type": "형용사",
        "mean": "『…이』1. 서로 알지 못하여 어색하고 서먹서먹하다."
    },
    "낯알다": {
        "word": "낯알다",
        "chosung": "ㄴㅇㄷ",
        "type": "동사",
        "mean": "얼굴을 기억하고 알아보다."
    },
    "낯없다": {
        "word": "낯없다",
        "chosung": "ㄴㅇㄷ",
        "type": "업써",
        "mean": ", -없는[엄-], -없지［업찌］〕［형용사］마음에 너무 미안하고 부끄러워 남을 대할 면목이 없다."
    },
    "낯익다": {
        "word": "낯익다",
        "chosung": "ㄴㅇㄷ",
        "type": "형용사",
        "mean": "『…이』1. 여러 번 보아서 눈에 익거나 친숙하다."
    },
    "낯익히다": {
        "word": "낯익히다",
        "chosung": "ㄴㅇㅎㄷ",
        "type": "동사",
        "mean": "『…을』 '낯익다'의 사동사."
    },
    "낯짝": {
        "word": "낯짝",
        "chosung": "ㄴㅉ",
        "type": "명사",
        "mean": "'낯'을 속되게 이르는 말."
    },
    "낯판": {
        "word": "낯판",
        "chosung": "ㄴㅍ",
        "type": "명사",
        "mean": "'낯'을 속되게 이르는 말."
    },
    "낯판대기": {
        "word": "낯판대기",
        "chosung": "ㄴㅍㄷㄱ",
        "type": "명사",
        "mean": "'낯바대기'의 잘못."
    },
    "낯표스라소니거미": {
        "word": "낯표스라소니거미",
        "chosung": "ㄴㅍㅅㄹㅅㄴㄱㅁ",
        "type": "명사",
        "mean": "스라소니거밋과의 곤충. 몸의 길이는 1cm 정도이며, 등딱지는 엷은 황갈색이고 엷은 회색 줄무늬가 있다. 배 윗부분은 유백색에 회색 심장형의 얼룩무늬와 검은 얼룩무늬가 있고 아랫면은 중앙에 붉은빛을 띤 검은색의 줄무늬가 있다. 거미줄을 치지 않고 작은 나방 따위를 잡아먹으며 초목의 잎사귀에 사는데 한국, 일본, 대만 등지에 분포한다. (Oxyopes sertatus)"
    }
}