{
    "냇가": {
        "word": "냇가",
        "chosung": "ㄴㄱ",
        "type": "명사",
        "mean": "냇물의 가장자리."
    },
    "냇갓": {
        "word": "냇갓",
        "chosung": "ㄴㄱ",
        "type": "명사",
        "mean": "［옛말］ '냇가'의 옛말."
    },
    "냇개": {
        "word": "냇개",
        "chosung": "ㄴㄱ",
        "type": "명사",
        "mean": "［방언］'내'의 방언(황해)."
    },
    "냇고랑": {
        "word": "냇고랑",
        "chosung": "ㄴㄱㄹ",
        "type": "명사",
        "mean": "［방언］'개울'의 방언(경남)."
    },
    "냇고랑치": {
        "word": "냇고랑치",
        "chosung": "ㄴㄱㄹㅊ",
        "type": "명사",
        "mean": "［방언］'개골창'의 방언(제주)."
    },
    "냇내": {
        "word": "냇내",
        "chosung": "ㄴㄴ",
        "type": "명사",
        "mean": "［옛말］'냇내'의 옛말."
    },
    "냇돌석기": {
        "word": "냇돌석기",
        "chosung": "ㄴㄷㅅㄱ",
        "type": "명사",
        "mean": "강자갈을 조각 내서 만든 석기. 인류가 최초로 만든 석기이며 약 500만 년 전에 사용하기 시작한 것으로 추정된다.≒역석기·역석 석기."
    },
    "냇둑": {
        "word": "냇둑",
        "chosung": "ㄴㄷ",
        "type": "명사",
        "mean": "냇물과 닿아 있는 기슭에 쌓은 둑."
    },
    "냇모래": {
        "word": "냇모래",
        "chosung": "ㄴㅁㄹ",
        "type": "명사",
        "mean": "냇가의 모래."
    },
    "냇물": {
        "word": "냇물",
        "chosung": "ㄴㅁ",
        "type": "명사",
        "mean": "내에 흐르는 물."
    },
    "냇믈": {
        "word": "냇믈",
        "chosung": "ㄴㅁ",
        "type": "명사",
        "mean": "［옛말］'냇물'의 옛말."
    },
    "냇바닥": {
        "word": "냇바닥",
        "chosung": "ㄴㅂㄷ",
        "type": "명사",
        "mean": "내의 바닥."
    },
    "냇바람": {
        "word": "냇바람",
        "chosung": "ㄴㅂㄹ",
        "type": "명사",
        "mean": "산마루에서 내리 부는 바람."
    },
    "냇버들": {
        "word": "냇버들",
        "chosung": "ㄴㅂㄷ",
        "type": "명사",
        "mean": "버드나뭇과의 낙엽 활엽 관목. 높이는 3~4미터이며, 잎은 어긋나고 긴 피침 모양이다. 봄에 누르스름한 꽃이 잎이 나기 전에 이삭 모양으로 피고 열매는 털이 있는 흰색의 삭과(□果)를 맺는다. 퇴비와 땔감으로 쓰고 냇가에 자라는데 한국, 일본 등지에 분포한다. ≒하류(河柳). (Salix gilgiana)"
    },
    "냇자갈": {
        "word": "냇자갈",
        "chosung": "ㄴㅈㄱ",
        "type": "명사",
        "mean": "강물이나 냇물에 닳아서 매끄럽게 된 자잘한 돌."
    },
    "냇줄기": {
        "word": "냇줄기",
        "chosung": "ㄴㅈㄱ",
        "type": "명사",
        "mean": "시내가 벋어 나간 갈래."
    }
}