{
    "냐": {
        "word": "냐",
        "chosung": "ㄴ",
        "type": "어미",
        "mean": "｛'이다'의 어간, 받침 없는 형용사 어간, 'ㄹ' 받침인 형용사 어간 또는 어미 '-으시-', '-었-', '-겠-' 뒤에 붙어｝ 해라할 자리에 쓰여, 물음을 나타내는 종결 어미."
    },
    "냐고": {
        "word": "냐고",
        "chosung": "ㄴㄱ",
        "type": "어미",
        "mean": " ｛'이다'의 어간, 받침 없는 형용사의 어간, 'ㄹ' 받침인 형용사 어간 또는 어미 '-으시-', '-었-', '-겠-' 뒤에 붙어｝ 간접 인용절에 쓰여, 어미 '-냐'에 인용을 나타내는 격 조사 '고'가 결합한 말."
    },
    "냐네": {
        "word": "냐네",
        "chosung": "ㄴㄴ",
        "type": "명사",
        "mean": "｛'이다'의 어간, 받침 없는 형용사 어간, 'ㄹ' 받침인 형용사 어간 또는 어미 '-으시-', '-었-', '-겠-' 뒤에 붙어｝ '-냐고 하네'가 줄어든 말."
    },
    "냐는": {
        "word": "냐는",
        "chosung": "ㄴㄴ",
        "type": "명사",
        "mean": "｛'이다'의 어간, 받침 없는 형용사 어간, 'ㄹ' 받침인 형용사 어간 또는 어미 '-으시-', '-었-', '-겠-' 뒤에 붙어｝ '-냐고 하는'이 줄어든 말."
    },
    "냐니": {
        "word": "냐니",
        "chosung": "ㄴㄴ",
        "type": "명사",
        "mean": "｛'이다'의 어간, 받침 없는 형용사 어간, 'ㄹ' 받침인 형용사 어간 또는 어미 '-으시-', '-었-', '-겠-' 뒤에 붙어｝ 1. '-냐고 하다니'가 줄어든 말."
    },
    "냐니까": {
        "word": "냐니까",
        "chosung": "ㄴㄴㄲ",
        "type": "명사",
        "mean": "｛'이다'의 어간, 받침 없는 형용사 어간, 'ㄹ' 받침인 형용사 어간 또는 어미 '-으시-', '-었-', '-겠-' 뒤에 붙어｝ '-냐고 하니까'가 줄어든 말."
    },
    "냐며": {
        "word": "냐며",
        "chosung": "ㄴㅁ",
        "type": "명사",
        "mean": "'-냐면서'의 준말."
    },
    "냐면": {
        "word": "냐면",
        "chosung": "ㄴㅁ",
        "type": "명사",
        "mean": "｛'이다'의 어간, 받침 없는 형용사 어간, 'ㄹ' 받침인 형용사 어간 또는 어미 '-으시', '-었-', '-겠-' 뒤에 붙어｝ '-냐고 하면'이 줄어든 말."
    },
    "냐면서": {
        "word": "냐면서",
        "chosung": "ㄴㅁㅅ",
        "type": "명사",
        "mean": "｛'이다'의 어간, 받침 없는 형용사 어간, 'ㄹ' 받침인 형용사 어간 또는 어미 '-으시-', '-었-', '-겠-' 뒤에 붙어｝ '-냐고 하면서'가 줄어든 말."
    }
}