{
    "냥": {
        "word": "냥",
        "chosung": "ㄴ",
        "type": "명사",
        "mean": "［의존명사］1. 예전에, 엽전을 세던 단위. 한 냥은 한 돈의 열 배이다."
    },
    "냥돈": {
        "word": "냥돈",
        "chosung": "ㄴㄷ",
        "type": "명사",
        "mean": "한 냥쯤 되는 돈."
    },
    "냥돈사": {
        "word": "냥돈사",
        "chosung": "ㄴㄷㅅ",
        "type": "명사",
        "mean": "［북한어］'양돈사'의 북한어."
    },
    "냥디짝": {
        "word": "냥디짝",
        "chosung": "ㄴㄷㅉ",
        "type": "명사",
        "mean": "［방언］'양지쪽'의 방언(평북)."
    },
    "냥수": {
        "word": "냥수",
        "chosung": "ㄴㅅ",
        "type": "명사",
        "mean": "［방언］'냉수'의 방언(평남)."
    },
    "냥중": {
        "word": "냥중",
        "chosung": "ㄴㅈ",
        "type": "명사",
        "mean": "［의존명사］［북한어］'냥쭝'의 북한어."
    },
    "냥쥐": {
        "word": "냥쥐",
        "chosung": "ㄴㅈ",
        "type": "명사",
        "mean": "［옛말］'양주(兩主)'의 옛말."
    },
    "냥쭝": {
        "word": "냥쭝",
        "chosung": "ㄴㅉ",
        "type": "명사",
        "mean": "［의존명사］무게의 단위. 귀금속이나 한약재 따위의 무게를 잴 때 쓴다. 한 냥쭝은 한 냥쯤 되는 무게이나 흔히 한 냥의 무게로 쓰인다."
    },
    "냥쯔관": {
        "word": "냥쯔관",
        "chosung": "ㄴㅉㄱ",
        "type": "명사",
        "mean": "關 《지명》중국의 산시 성(山西省)과 허베이 성(河北省)의 경계를 이루는 관문. 산업·교통상의 요지이며, 예전부터 군사상의 요충지였다."
    },
    "냥창": {
        "word": "냥창",
        "chosung": "ㄴㅊ",
        "type": "명사",
        "mean": "［방언］'벼랑'의 방언(함북)."
    },
    "냥쳑": {
        "word": "냥쳑",
        "chosung": "ㄴㅊ",
        "type": "명사",
        "mean": "［옛말］'대두(對頭)'의 옛말."
    },
    "냥초": {
        "word": "냥초",
        "chosung": "ㄴㅊ",
        "type": "명사",
        "mean": "［북한어］'양초'의 북한어."
    }
}