{
    "너": {
        "word": "너",
        "chosung": "ㄴ",
        "type": "관형사",
        "mean": "｛'돈', '말', '발', '푼' 따위의 단위를 나타내는 말 앞에 쓰여｝ 그 수량이 넷임을 나타내는 말."
    },
    "너가리": {
        "word": "너가리",
        "chosung": "ㄴㄱㄹ",
        "type": "명사",
        "mean": "［방언］'넋'의 방언(함경)."
    },
    "너겁": {
        "word": "너겁",
        "chosung": "ㄴㄱ",
        "type": "명사",
        "mean": "1. 괴어 있는 물에 함께 몰려서 떠 있는 지푸라기, 티끌 따위의 검불. 또는 덕지덕지 앉은 때."
    },
    "너구리": {
        "word": "너구리",
        "chosung": "ㄴㄱㄹ",
        "type": "명사",
        "mean": "갯과의 포유동물. 여우보다 작고 주둥이가 뾰족하며 꼬리가 뭉툭하다. 낮에는 굴속에서 잠을 자고 밤에 활동하는 야행성이다. 5~6월에 4~5마리의 새끼를 낳고 모피는 방한용 또는 필모로 쓴다. 한국, 중국, 일본 등지에 분포한다.≒산달(山獺). (Nyctereutes pro cyonoides koreensis) 2. 매우 능청스럽고 음흉한 사람을 비유적으로 이르는 말."
    },
    "너구리거미": {
        "word": "너구리거미",
        "chosung": "ㄴㄱㄹㄱㅁ",
        "type": "명사",
        "mean": "너구리거밋과의 거미. 몸의 길이는 7~10mm이며, 머리와 가슴은 노란색이고 짙은 갈색 띠무늬가 있다. 눈 주위는 검은색이고, 배는 누런 갈색에 두 개의 검은 갈색 세로무늬와 몇 쌍의 가로무늬가 있다. 한국, 일본, 대만 등지에 분포한다. (Anahita fauna)"
    },
    "너구리상": {
        "word": "너구리상",
        "chosung": "ㄴㄱㄹㅅ",
        "type": "명사",
        "mean": "［북한어］너구리처럼 생긴 얼굴을 이르는 말."
    },
    "너그": {
        "word": "너그",
        "chosung": "ㄴㄱ",
        "type": "대명사",
        "mean": "［방언］'너희'의 방언(경남)."
    },
    "너그떼다": {
        "word": "너그떼다",
        "chosung": "ㄴㄱㄸㄷ",
        "type": "동사",
        "mean": "［방언］'으르다'의 방언(함북)."
    },
    "너그럽다": {
        "word": "너그럽다",
        "chosung": "ㄴㄱㄹㄷ",
        "type": "형용사",
        "mean": "1. 마음이 넓고 아량이 있다."
    },
    "너글너글": {
        "word": "너글너글",
        "chosung": "ㄴㄱㄴㄱ",
        "type": "부사",
        "mean": "매우 너그럽고 시원스러운 모양."
    },
    "너기ㅂ즈다": {
        "word": "너기ㅂ즈다",
        "chosung": "ㄴㄱㅂㅈㄷ",
        "type": "동사",
        "mean": "［옛말］따지거나 의심하다."
    },
    "너기다": {
        "word": "너기다",
        "chosung": "ㄴㄱㄷ",
        "type": "동사",
        "mean": "［옛말］'여기다'의 옛말."
    },
    "너깃": {
        "word": "너깃",
        "chosung": "ㄴㄱ",
        "type": "명사",
        "mean": "사금(沙金) 광산에서 나는 금 덩어리."
    },
    "너까래": {
        "word": "너까래",
        "chosung": "ㄴㄲㄹ",
        "type": "명사",
        "mean": "［방언］'서까래'의 방언(평북)."
    },
    "너께": {
        "word": "너께",
        "chosung": "ㄴㄲ",
        "type": "명사",
        "mean": "［방언］'지난번'의 방언(평안)."
    },
    "너꾸리": {
        "word": "너꾸리",
        "chosung": "ㄴㄲㄹ",
        "type": "명사",
        "mean": "［방언］'옆구리'의 방언(평북)."
    },
    "너꿀": {
        "word": "너꿀",
        "chosung": "ㄴㄲ",
        "type": "명사",
        "mean": "［방언］'덩굴'의 방언(평남, 황해)."
    },
    "너끈": {
        "word": "너끈",
        "chosung": "ㄴㄲ",
        "type": "명사",
        "mean": "'너끈하다'의 어근."
    },
    "너나들이": {
        "word": "너나들이",
        "chosung": "ㄴㄴㄷㅇ",
        "type": "명사",
        "mean": "서로 너니 나니 하고 부르며 허물없이 말을 건넴. 또는 그런 사이. ≒이여(爾汝)."
    },
    "너나문": {
        "word": "너나문",
        "chosung": "ㄴㄴㅁ",
        "type": "관형사",
        "mean": "［방언］'여느'의 방언(평북)."
    },
    "너나없이": {
        "word": "너나없이",
        "chosung": "ㄴㄴㅇㅇ",
        "type": "부사",
        "mean": "너나 나나 가릴 것 없이 다 마찬가지로. ≒네오내오없이."
    },
    "너널": {
        "word": "너널",
        "chosung": "ㄴㄴ",
        "type": "명사",
        "mean": "추운 겨울에 신는 커다란 덧버선. 솜을 두어 만든다."
    },
    "너누룩": {
        "word": "너누룩",
        "chosung": "ㄴㄴㄹ",
        "type": "명사",
        "mean": "'너누룩하다'의 어근."
    },
    "너눅하다": {
        "word": "너눅하다",
        "chosung": "ㄴㄴㅎㄷ",
        "type": "형용사",
        "mean": "1. '너누룩하다'의 준말.2. '너누룩하다'의 준말.3. '너누룩하다'의 준말."
    },
    "너느": {
        "word": "너느",
        "chosung": "ㄴㄴ",
        "type": "관형사",
        "mean": "［방언］'여느'의 방언(평안)."
    },
    "너는목": {
        "word": "너는목",
        "chosung": "ㄴㄴㅁ",
        "type": "명사",
        "mean": "《음악》판소리 창법에서, 소리를 죽죽 뻗어 널어놓는 듯한 목소리."
    },
    "너늘개": {
        "word": "너늘개",
        "chosung": "ㄴㄴㄱ",
        "type": "명사",
        "mean": "［옛말］'자라병'의 옛말."
    },
    "너댓": {
        "word": "너댓",
        "chosung": "ㄴㄷ",
        "type": "수사",
        "mean": "［관형사］'네댓'의 잘못."
    },
    "너댓새": {
        "word": "너댓새",
        "chosung": "ㄴㄷㅅ",
        "type": "명사",
        "mean": "=너더댓새."
    },
    "너더댓": {
        "word": "너더댓",
        "chosung": "ㄴㄷㄷ",
        "type": "수사",
        "mean": "［관형사］=네다섯."
    },
    "너더댓새": {
        "word": "너더댓새",
        "chosung": "ㄴㄷㄷㅅ",
        "type": "명사",
        "mean": "나흘이나 닷새가량. ≒너댓새."
    },
    "너더댓째": {
        "word": "너더댓째",
        "chosung": "ㄴㄷㄷㅉ",
        "type": "수사",
        "mean": "［관형사］=네다섯째."
    },
    "너더분": {
        "word": "너더분",
        "chosung": "ㄴㄷㅂ",
        "type": "명사",
        "mean": "'너더분하다'의 어근."
    },
    "너덕너덕": {
        "word": "너덕너덕",
        "chosung": "ㄴㄷㄴㄷ",
        "type": "부사",
        "mean": "여기저기 고르지 않게 깁거나 덧붙인 모양."
    },
    "너덜": {
        "word": "너덜",
        "chosung": "ㄴㄷ",
        "type": "명사",
        "mean": "=너덜겅."
    },
    "너덜강": {
        "word": "너덜강",
        "chosung": "ㄴㄷㄱ",
        "type": "명사",
        "mean": "［방언］'너덜겅'의 방언(경남)."
    },
    "너덜겅": {
        "word": "너덜겅",
        "chosung": "ㄴㄷㄱ",
        "type": "명사",
        "mean": "돌이 많이 흩어져 있는 비탈.≒너덜·돌너덜."
    },
    "너덜나다": {
        "word": "너덜나다",
        "chosung": "ㄴㄷㄴㄷ",
        "type": "동사",
        "mean": "여러 가닥으로 어지럽게 찢어지다."
    },
    "너덜너덜": {
        "word": "너덜너덜",
        "chosung": "ㄴㄷㄴㄷ",
        "type": "부사",
        "mean": "1. 여러 가닥이 어지럽게 늘어져 자꾸 흔들리는 모양."
    },
    "너덜밭": {
        "word": "너덜밭",
        "chosung": "ㄴㄷㅂ",
        "type": "명사",
        "mean": "떨기나무, 칡덩굴 따위와 억센 잡풀이 우거지고 돌이 많이 흩어져 있는 비탈."
    },
    "너덜코박쥐": {
        "word": "너덜코박쥐",
        "chosung": "ㄴㄷㅋㅂㅈ",
        "type": "명사",
        "mean": "=관박쥐."
    },
    "너덧": {
        "word": "너덧",
        "chosung": "ㄴㄷ",
        "type": "수사",
        "mean": "［관형사］=네다섯."
    },
    "너덧째": {
        "word": "너덧째",
        "chosung": "ㄴㄷㅉ",
        "type": "수사",
        "mean": "［관형사］=네다섯째."
    },
    "너도개미자리": {
        "word": "너도개미자리",
        "chosung": "ㄴㄷㄱㅁㅈㄹ",
        "type": "명사",
        "mean": "석죽과의 여러해살이풀. 높이는 10~20cm이며, 잎은 마주나고 좁은 피침 모양이다. 7~10월에 흰 꽃이 줄기 끝에 한두 송이씩 피고 열매는 삭과(□果)를 맺는다. 높은 산에 자라는데 한국의 백두산, 북반구의 한대와 온대에 분포한다.≒큰개미자리. (Minuartia laricina)"
    },
    "너도고랭이": {
        "word": "너도고랭이",
        "chosung": "ㄴㄷㄱㄹㅇ",
        "type": "명사",
        "mean": "사초과의 여러해살이풀. 높이는 40~50cm이며, 잎은 좁고 길다. 8월에 갈색 꽃이 피고 습지에서 자란다.≒개율무·구슬율무골. (Scleria fenestrata)"
    },
    "너도나도": {
        "word": "너도나도",
        "chosung": "ㄴㄷㄴㄷ",
        "type": "부사",
        "mean": "서로 뒤지거나 빠지지 않으려고 모두."
    },
    "너도바람꽃": {
        "word": "너도바람꽃",
        "chosung": "ㄴㄷㅂㄹㄲ",
        "type": "명사",
        "mean": "《식물》미나리아재빗과의 여러해살이풀. 높이는 15cm 정도이며, 잎은 뿌리에서 나고 긴 잎자루가 있다. 4월에 흰 꽃이 꽃줄기 끝에 한 송이 피고 열매는 골돌과(□□果)를 맺는다. 산지(山地)의 약간 응달진 곳에서 자라는데 한국의 강원·평북·함남과 만주, 우수리 등지에 분포한다. (Eranthis stellata)"
    },
    "너도밤나무": {
        "word": "너도밤나무",
        "chosung": "ㄴㄷㅂㄴㅁ",
        "type": "명사",
        "mean": "참나뭇과의 낙엽 활엽 교목. 높이는 20미터 정도이며, 잎은 달걀 모양이고 물결무늬 톱니가 있다. 6월에 단성화가 피고 열매는 견과(堅果)로 10월에 익는다. 건축재, 기구재, 땔감 따위로 쓴다. 울릉도 특산종으로 산허리에서 자란다. (Fagus multinervis)"
    },
    "너도밤나무좀": {
        "word": "너도밤나무좀",
        "chosung": "ㄴㄷㅂㄴㅁㅈ",
        "type": "명사",
        "mean": "나무좀과의 곤충. 몸은 검은색이고 윤기가 난다. 수컷의 이마는 편평하고 긴 털이 안으로 향해 있으며 암컷의 이마는 돌출해 있고 짧은 털이 드물게 있다. 서어나무와 까치박달나무의 가지와 줄기에 기생한다. 한국의 금강산과 오가산 일대, 러시아, 일본 등지에 분포한다. (Scolytus claviger)"
    },
    "너도방동사니": {
        "word": "너도방동사니",
        "chosung": "ㄴㄷㅂㄷㅅㄴ",
        "type": "명사",
        "mean": "사초과의 여러해살이풀. 높이는 50~100cm이며, 잎은 실 모양이다. 7~8월에 작은 이삭꽃이 피고 수과(瘦果)를 맺는다. 땅속의 덩이줄기는 식용하고 밭, 늪, 냇가에 자라는데 한국, 일본, 유럽 등지에 분포한다. (Cyperus serotinus)"
    },
    "너도양지꽃": {
        "word": "너도양지꽃",
        "chosung": "ㄴㄷㅇㅈㄲ",
        "type": "명사",
        "mean": "《식물》장미과의 여러해살이풀. 높이는 3cm 정도이며, 잎은 뿌리에서 뭉쳐나고 겹잎이다. 7~8월에 작고 노란 꽃이 줄기 끝에 모여 피고 열매는 수과(瘦果)를 맺는다. 높은 산의 산허리에 자라는데 강원, 경북, 평남, 함북 등지에 분포한다.≒백두금매화. (Sibbaldia procumbens)"
    },
    "너도제비난": {
        "word": "너도제비난",
        "chosung": "ㄴㄷㅈㅂㄴ",
        "type": "명사",
        "mean": "난초과의 여러해살이풀. 높이는 15~30cm이며, 잎은 1~3개가 어긋나고 긴 피침 모양이다. 7~8월에 자주색 꽃이 3~8개 핀다. 높은 산에 자라는데 평북, 함북 등지에 분포한다. (Orchis jooiokiana)"
    },
    "너드럭너드럭": {
        "word": "너드럭너드럭",
        "chosung": "ㄴㄷㄹㄴㄷㄹ",
        "type": "부사",
        "mean": "'너덕너덕'의 잘못."
    },
    "너들거리다": {
        "word": "너들거리다",
        "chosung": "ㄴㄷㄱㄹㄷ",
        "type": "동사",
        "mean": "［북한어］1. 여러 갈래로 찢어지거나 해지어 어지럽게 흔들거리다. ≒너들대다. 2. 분수없이 자꾸 함부로 까불다. ≒너들대다."
    },
    "너들너들": {
        "word": "너들너들",
        "chosung": "ㄴㄷㄴㄷ",
        "type": "부사",
        "mean": "［북한어］1. 여러 갈래로 찢어지거나 해지어 어지럽게 흔들거리는 모양."
    },
    "너들대다": {
        "word": "너들대다",
        "chosung": "ㄴㄷㄷㄷ",
        "type": "동사",
        "mean": "［북한어］1. =너들거리다. 2. =너들거리다. 3. =너들거리다."
    },
    "너뜰거리다": {
        "word": "너뜰거리다",
        "chosung": "ㄴㄸㄱㄹㄷ",
        "type": "동사",
        "mean": "［북한어］1. 분수없이 거볍게 자꾸 까불다. ≒너뜰대다. 2. 몹시 경망스럽게 자꾸 움직이다. ≒너뜰대다."
    },
    "너뜰너뜰": {
        "word": "너뜰너뜰",
        "chosung": "ㄴㄸㄴㄸ",
        "type": "부사",
        "mean": "［북한어］1. 분수없이 거볍게 자꾸 까부는 모양."
    },
    "너뜰대다": {
        "word": "너뜰대다",
        "chosung": "ㄴㄸㄷㄷ",
        "type": "동사",
        "mean": "［북한어］1. =너뜰거리다. 2. =너뜰거리다."
    },
    "너라": {
        "word": "너라",
        "chosung": "ㄴㄹ",
        "type": "어미",
        "mean": "｛'오다'나 '오다'로 끝나는 동사 어간 뒤에 붙어｝ 해라할 자리에 쓰여, 명령을 나타내는 종결 어미."
    },
    "너라다": {
        "word": "너라다",
        "chosung": "ㄴㄹㄷ",
        "type": "형용사",
        "mean": "［옛말］'너르다'의 옛말."
    },
    "너라벗어난끝바꿈": {
        "word": "너라벗어난끝바꿈",
        "chosung": "ㄴㄹㅂㅇㄴㄲㅂㄲ",
        "type": "명사",
        "mean": "=너라 불규칙 활용."
    },
    "너라변칙": {
        "word": "너라변칙",
        "chosung": "ㄴㄹㅂㅊ",
        "type": "명사",
        "mean": "=너라 불규칙 활용."
    },
    "너라변칙활용": {
        "word": "너라변칙활용",
        "chosung": "ㄴㄹㅂㅊㅎㅇ",
        "type": "명사",
        "mean": "=너라 불규칙 활용."
    },
    "너라불규칙용언": {
        "word": "너라불규칙용언",
        "chosung": "ㄴㄹㅂㄱㅊㅇㅇ",
        "type": "명사",
        "mean": "명령형 어미가 '너라'로 바뀌는 용언. '오다'가 있다."
    },
    "너라불규칙활용": {
        "word": "너라불규칙활용",
        "chosung": "ㄴㄹㅂㄱㅊㅎㅇ",
        "type": "명사",
        "mean": "동사의 명령형 어미가 '-너라'로 바뀌는 활용. '오다'가 '오너라'로 바뀌는 경우이다.≒너라 벗어난 끝바꿈·너라 변칙·너라 변칙 활용."
    },
    "너러바회": {
        "word": "너러바회",
        "chosung": "ㄴㄹㅂㅎ",
        "type": "명사",
        "mean": "［옛말］'너럭바위'의 옛말."
    },
    "너러반석": {
        "word": "너러반석",
        "chosung": "ㄴㄹㅂㅅ",
        "type": "명사",
        "mean": "'너럭바위'의 잘못."
    },
    "너러석바위": {
        "word": "너러석바위",
        "chosung": "ㄴㄹㅅㅂㅇ",
        "type": "명사",
        "mean": "'너럭바위'의 잘못."
    },
    "너럭바위": {
        "word": "너럭바위",
        "chosung": "ㄴㄹㅂㅇ",
        "type": "명사",
        "mean": "=반석(盤石)."
    },
    "너럭방석돌": {
        "word": "너럭방석돌",
        "chosung": "ㄴㄹㅂㅅㄷ",
        "type": "명사",
        "mean": "［북한어］넓고 평평한 돌."
    },
    "너럭배": {
        "word": "너럭배",
        "chosung": "ㄴㄹㅂ",
        "type": "명사",
        "mean": "［북한어］주로 강이나 호수 따위에서 크고 무거운 짐이나 많은 사람을 건네주는 배. 배 밑이 넓적하여 부력은 많이 받으나 속도는 빠르지 않다. 견인선이 끌어 주기도 한다."
    },
    "너럭이소라": {
        "word": "너럭이소라",
        "chosung": "ㄴㄹㅇㅅㄹ",
        "type": "명사",
        "mean": "［옛말］'자배기'의 옛말."
    },
    "너렁배미": {
        "word": "너렁배미",
        "chosung": "ㄴㄹㅂㅁ",
        "type": "명사",
        "mean": "［북한어］넓은 논배미."
    },
    "너렁청": {
        "word": "너렁청",
        "chosung": "ㄴㄹㅊ",
        "type": "명사",
        "mean": "'너렁청하다'의 어근."
    },
    "너렁하다": {
        "word": "너렁하다",
        "chosung": "ㄴㄹㅎㄷ",
        "type": "형용사",
        "mean": "［북한어］방이나 마당 따위가 널찍하여 훤하다."
    },
    "너레돌": {
        "word": "너레돌",
        "chosung": "ㄴㄹㄷ",
        "type": "명사",
        "mean": "'너럭바위'의 잘못."
    },
    "너레미": {
        "word": "너레미",
        "chosung": "ㄴㄹㅁ",
        "type": "명사",
        "mean": "［방언］'지느러미'의 방언(충남)."
    },
    "너룹다": {
        "word": "너룹다",
        "chosung": "ㄴㄹㄷ",
        "type": "형용사",
        "mean": "［방언］'넓다'의 방언(전남)."
    },
    "너르ㅅ디다": {
        "word": "너르ㅅ디다",
        "chosung": "ㄴㄹㅅㄷㄷ",
        "type": "동사",
        "mean": "［옛말］'벌어지다'의 옛말."
    },
    "너르다": {
        "word": "너르다",
        "chosung": "ㄴㄹㄷ",
        "type": "형용사",
        "mean": "1. 공간이 두루 다 넓다. ≒요활하다(寥闊-)."
    },
    "너르듣다": {
        "word": "너르듣다",
        "chosung": "ㄴㄹㄷㄷ",
        "type": "동사",
        "mean": "［옛말］널리 흩어져 떨어지다."
    },
    "너르디너르다": {
        "word": "너르디너르다",
        "chosung": "ㄴㄹㄷㄴㄹㄷ",
        "type": "형용사",
        "mean": "더할 수 없을 정도로 매우 너르다."
    },
    "너르펀펀하다": {
        "word": "너르펀펀하다",
        "chosung": "ㄴㄹㅍㅍㅎㄷ",
        "type": "형용사",
        "mean": "［북한어］막힘이 없이 넓고 펀펀하다."
    },
    "너른명": {
        "word": "너른명",
        "chosung": "ㄴㄹㅁ",
        "type": "명사",
        "mean": "올 사이가 성긴 무명."
    },
    "너른바지": {
        "word": "너른바지",
        "chosung": "ㄴㄹㅂㅈ",
        "type": "명사",
        "mean": " 여자의 한복 차림에서, 단속곳 위에 입는 속옷. 단속곳과 비슷하나 밑이 없는 긴 속곳으로, 흔히 명주붙이로 짓는다. ≒광과."
    },
    "너른소매춤": {
        "word": "너른소매춤",
        "chosung": "ㄴㄹㅅㅁㅊ",
        "type": "명사",
        "mean": "=광수무."
    },
    "너를다": {
        "word": "너를다",
        "chosung": "ㄴㄹㄷ",
        "type": "동사",
        "mean": "［옛말］'널리다'의 옛말."
    },
    "너름": {
        "word": "너름",
        "chosung": "ㄴㄹ",
        "type": "명사",
        "mean": "［방언］'여름'의 방언(평안)."
    },
    "너름받다": {
        "word": "너름받다",
        "chosung": "ㄴㄹㅂㄷ",
        "type": "동사",
        "mean": "《민속》경상북도 별신굿에서, 무당이 신의 뜻을 묻고는 내림대가 흔들리는 것을 보며 점을 치다."
    },
    "너름새": {
        "word": "너름새",
        "chosung": "ㄴㄹㅅ",
        "type": "명사",
        "mean": "1. 농악에서, 쇠잡이·징잡이·장구잡이·북잡이 등의 앞치배들이 풍물을 손에 든 채로 두 팔을 벌리어 들고 추는 춤사위. 2. 농악에서, 가락을 멋있게 치라는 말. 3. '발림'의 잘못."
    },
    "너리": {
        "word": "너리",
        "chosung": "ㄴㄹ",
        "type": "명사",
        "mean": "《농업》=너리증."
    },
    "너리기": {
        "word": "너리기",
        "chosung": "ㄴㄹㄱ",
        "type": "명사",
        "mean": "［방언］'자배기'의 방언(평북)."
    },
    "너리다": {
        "word": "너리다",
        "chosung": "ㄴㄹㄷ",
        "type": "형용사",
        "mean": "［방언］'너르다'의 방언(강원, 경남)."
    },
    "너리증": {
        "word": "너리증",
        "chosung": "ㄴㄹㅈ",
        "type": "명사",
        "mean": "소, 말, 개 따위에 생기는 피부병의 하나. 털이 빠지고 헌데가 생기며 불그레한 진물이 난다.≒너리. 2. 《의학》'치조 농루'의 북한어."
    },
    "너리진드기": {
        "word": "너리진드기",
        "chosung": "ㄴㄹㅈㄷㄱ",
        "type": "명사",
        "mean": "모낭이나 피지선에 기생하는 진드기. 이것이 개에게 많으면 털이 빠지고 피부가 헐어 진물이 난다."
    },
    "너머": {
        "word": "너머",
        "chosung": "ㄴㅁ",
        "type": "명사",
        "mean": "｛높이나 경계를 나타내는 명사 다음에 쓰여｝ 높이나 경계로 가로막은 사물의 저쪽. 또는 그 공간."
    },
    "너머티다": {
        "word": "너머티다",
        "chosung": "ㄴㅁㅌㄷ",
        "type": "동사",
        "mean": "［방언］'넘어뜨리다'의 방언(평북)."
    },
    "너메": {
        "word": "너메",
        "chosung": "ㄴㅁ",
        "type": "명사",
        "mean": "［방언］'너머'의 방언(평북)."
    },
    "너모": {
        "word": "너모",
        "chosung": "ㄴㅁ",
        "type": "명사",
        "mean": "［옛말］'네모'의 옛말."
    },
    "너모나다": {
        "word": "너모나다",
        "chosung": "ㄴㅁㄴㄷ",
        "type": "형용사",
        "mean": "［옛말］'네모나다'의 옛말."
    },
    "너무": {
        "word": "너무",
        "chosung": "ㄴㅁ",
        "type": "부사",
        "mean": "일정한 정도나 한계에 지나치게."
    },
    "너무나": {
        "word": "너무나",
        "chosung": "ㄴㅁㄴ",
        "type": "부사",
        "mean": "'너무'를 강조하여 이르는 말."
    },
    "너무날": {
        "word": "너무날",
        "chosung": "ㄴㅁㄴ",
        "type": "명사",
        "mean": "밀물과 썰물의 차이를 볼 때에, 열사흘과 스무여드레를 이르는 말. ≒너물."
    },
    "너무너무": {
        "word": "너무너무",
        "chosung": "ㄴㅁㄴㅁ",
        "type": "부사",
        "mean": "'너무'를 강조하여 이르는 말."
    },
    "너무떼리다": {
        "word": "너무떼리다",
        "chosung": "ㄴㅁㄸㄹㄷ",
        "type": "동사",
        "mean": "［방언］'넘어뜨리다'의 방언(함북)."
    },
    "너무사나": {
        "word": "너무사나",
        "chosung": "ㄴㅁㅅㄴ",
        "type": "부사",
        "mean": "［방언］'너무나'의 방언(함남)."
    },
    "너무새": {
        "word": "너무새",
        "chosung": "ㄴㅁㅅ",
        "type": "명사",
        "mean": "［방언］'남새'의 방언(충남)."
    },
    "너물": {
        "word": "너물",
        "chosung": "ㄴㅁ",
        "type": "명사",
        "mean": "=너무날."
    },
    "너물거리다": {
        "word": "너물거리다",
        "chosung": "ㄴㅁㄱㄹㄷ",
        "type": "동사",
        "mean": "［북한어］1. 종이나 피리 소리가 크게 잇따라 퍼져 가다. ≒너물대다. 2. 무엇을 가지거나 하고 싶은 생각에 자꾸 들썩거리다. ≒너물대다."
    },
    "너물너물": {
        "word": "너물너물",
        "chosung": "ㄴㅁㄴㅁ",
        "type": "부사",
        "mean": "［북한어］1. 종이나 피리 소리가 크게 잇따라 퍼져 가는 모양."
    },
    "너물대다": {
        "word": "너물대다",
        "chosung": "ㄴㅁㄷㄷ",
        "type": "동사",
        "mean": "［북한어］1. =너물거리다. 2. =너물거리다."
    },
    "너므다": {
        "word": "너므다",
        "chosung": "ㄴㅁㄷ",
        "type": "동사",
        "mean": "［옛말］'넘기다'의 옛말."
    },
    "너버구": {
        "word": "너버구",
        "chosung": "ㄴㅂㄱ",
        "type": "명사",
        "mean": "［방언］'너비'의 방언(평북)."
    },
    "너벅너벅": {
        "word": "너벅너벅",
        "chosung": "ㄴㅂㄴㅂ",
        "type": "부사",
        "mean": "［북한어］야채 따위를 넓적넓적 얇고 네모지게 써는 모양."
    },
    "너벅다리": {
        "word": "너벅다리",
        "chosung": "ㄴㅂㄷㄹ",
        "type": "명사",
        "mean": "［방언］'넓적다리'의 방언(충청)."
    },
    "너벅선": {
        "word": "너벅선",
        "chosung": "ㄴㅂㅅ",
        "type": "명사",
        "mean": "너비가 넓은 배.≒잉박선."
    },
    "너벅지": {
        "word": "너벅지",
        "chosung": "ㄴㅂㅈ",
        "type": "명사",
        "mean": "［방언］'넓적다리'의 방언(충남)."
    },
    "너벳벳": {
        "word": "너벳벳",
        "chosung": "ㄴㅂㅂ",
        "type": "명사",
        "mean": "'너벳벳하다'의 어근."
    },
    "너볏": {
        "word": "너볏",
        "chosung": "ㄴㅂ",
        "type": "명사",
        "mean": "'너볏하다'의 어근."
    },
    "너부": {
        "word": "너부",
        "chosung": "ㄴㅂ",
        "type": "명사",
        "mean": "［방언］'넓이'의 방언(평안)."
    },
    "너부데데": {
        "word": "너부데데",
        "chosung": "ㄴㅂㄷㄷ",
        "type": "명사",
        "mean": "'너부데데하다'의 어근."
    },
    "너부러뜨리다": {
        "word": "너부러뜨리다",
        "chosung": "ㄴㅂㄹㄸㄹㄷ",
        "type": "동사",
        "mean": "［북한어］1. 힘없이 너부죽이 바닥에 까부러져 늘어지게 하다. 2. 죽어서 넘어지거나 엎어지게 하다."
    },
    "너부러지다": {
        "word": "너부러지다",
        "chosung": "ㄴㅂㄹㅈㄷ",
        "type": "저",
        "mean": "), -지니〕［동사］『…에』1. 힘없이 너부죽이 바닥에 까부라져 늘어지다."
    },
    "너부렁넓적": {
        "word": "너부렁넓적",
        "chosung": "ㄴㅂㄹㄴㅈ",
        "type": "명사",
        "mean": "'너부렁넓적하다'의 어근."
    },
    "너부렁이": {
        "word": "너부렁이",
        "chosung": "ㄴㅂㄹㅇ",
        "type": "명사",
        "mean": "1. =나부랭이."
    },
    "너부렝이": {
        "word": "너부렝이",
        "chosung": "ㄴㅂㄹㅇ",
        "type": "명사",
        "mean": "'너부렁이'의 잘못."
    },
    "너부리": {
        "word": "너부리",
        "chosung": "ㄴㅂㄹ",
        "type": "명사",
        "mean": "［방언］'놀'의 방언(강원, 함경)."
    },
    "너부시": {
        "word": "너부시",
        "chosung": "ㄴㅂㅅ",
        "type": "부사",
        "mean": "1. 큰 사람이 매우 공손하게 머리를 숙여 절하는 모양."
    },
    "너부죽": {
        "word": "너부죽",
        "chosung": "ㄴㅂㅈ",
        "type": "부사",
        "mean": " 넓적하게 천천히 엎드리는 모양. ≒너부죽이."
    },
    "너부죽이": {
        "word": "너부죽이",
        "chosung": "ㄴㅂㅈㅇ",
        "type": "부사",
        "mean": "=너부죽."
    },
    "너북다리": {
        "word": "너북다리",
        "chosung": "ㄴㅂㄷㄹ",
        "type": "명사",
        "mean": "［방언］'넓적다리'의 방언(평남)."
    },
    "너북선": {
        "word": "너북선",
        "chosung": "ㄴㅂㅅ",
        "type": "명사",
        "mean": "［방언］'너벅선'의 방언(평안)."
    },
    "너분거리다": {
        "word": "너분거리다",
        "chosung": "ㄴㅂㄱㄹㄷ",
        "type": "동사",
        "mean": "［북한어］매우 가볍고 크게 자꾸 움직이다. ≒너분대다."
    },
    "너분너분": {
        "word": "너분너분",
        "chosung": "ㄴㅂㄴㅂ",
        "type": "부사",
        "mean": "［북한어］매우 가볍고 크게 자꾸 움직이는 모양. ≒너분너분이."
    },
    "너분너분이": {
        "word": "너분너분이",
        "chosung": "ㄴㅂㄴㅂㅇ",
        "type": "부사",
        "mean": "［북한어］=너분너분."
    },
    "너분니": {
        "word": "너분니",
        "chosung": "ㄴㅂㄴ",
        "type": "명사",
        "mean": "［옛말］'앞니'의 옛말."
    },
    "너분대다": {
        "word": "너분대다",
        "chosung": "ㄴㅂㄷㄷ",
        "type": "동사",
        "mean": "［북한어］=너분거리다."
    },
    "너분적거리다": {
        "word": "너분적거리다",
        "chosung": "ㄴㅂㅈㄱㄹㄷ",
        "type": "동사",
        "mean": "［북한어］ 매우 가볍고 큰 동작으로 사이가 조금 뜨게 자꾸 움직이다. ≒너분적대다."
    },
    "너분적너분적": {
        "word": "너분적너분적",
        "chosung": "ㄴㅂㅈㄴㅂㅈ",
        "type": "부사",
        "mean": "［북한어］매우 가볍고 큰 동작으로 사이가 조금 뜨게 움직이는 모양."
    },
    "너분적대다": {
        "word": "너분적대다",
        "chosung": "ㄴㅂㅈㄷㄷ",
        "type": "동사",
        "mean": "［북한어］=너분적거리다."
    },
    "너불": {
        "word": "너불",
        "chosung": "ㄴㅂ",
        "type": "명사",
        "mean": "'너불거리다'의 어근."
    },
    "너불너불": {
        "word": "너불너불",
        "chosung": "ㄴㅂㄴㅂ",
        "type": "부사",
        "mean": "입을 함부로 자꾸 놀리는 모양."
    },
    "너붓": {
        "word": "너붓",
        "chosung": "ㄴㅂ",
        "type": "명사",
        "mean": "'너붓하다'의 어근."
    },
    "너붓너붓": {
        "word": "너붓너붓",
        "chosung": "ㄴㅂㄴㅂ",
        "type": "부사",
        "mean": " 엷은 천이나 종이 따위가 자꾸 나부끼어 흔들리는 모양. ≒너붓너붓이."
    },
    "너붓너붓이": {
        "word": "너붓너붓이",
        "chosung": "ㄴㅂㄴㅂㅇ",
        "type": "부사",
        "mean": "=너붓너붓."
    },
    "너붕지": {
        "word": "너붕지",
        "chosung": "ㄴㅂㅈ",
        "type": "명사",
        "mean": "［방언］'넓적다리'의 방언(경북)."
    },
    "너브할미": {
        "word": "너브할미",
        "chosung": "ㄴㅂㅎㅁ",
        "type": "명사",
        "mean": "'너비아니'의 잘못."
    },
    "너븐짓": {
        "word": "너븐짓",
        "chosung": "ㄴㅂㅈ",
        "type": "명사",
        "mean": "［옛말］ 칼깃에 이어 나는 버금가는 깃."
    },
    "너븐챵자": {
        "word": "너븐챵자",
        "chosung": "ㄴㅂㅊㅈ",
        "type": "명사",
        "mean": "［옛말］'큰창자'의 옛말."
    },
    "너븨": {
        "word": "너븨",
        "chosung": "ㄴㅂ",
        "type": "명사",
        "mean": "［옛말］넓이나 너비."
    },
    "너비": {
        "word": "너비",
        "chosung": "ㄴㅂ",
        "type": "부사",
        "mean": "［옛말］'널리'의 옛말."
    },
    "너비구이": {
        "word": "너비구이",
        "chosung": "ㄴㅂㄱㅇ",
        "type": "명사",
        "mean": "궁중에서, '너비아니'를 이르던 말."
    },
    "너비뛰기": {
        "word": "너비뛰기",
        "chosung": "ㄴㅂㄸㄱ",
        "type": "명사",
        "mean": "［북한어］'멀리뛰기'의 북한어."
    },
    "너비사격": {
        "word": "너비사격",
        "chosung": "ㄴㅂㅅㄱ",
        "type": "명사",
        "mean": "넓게 퍼져 있는 목표에 대하여 탄알을 목표 너비 전반에 산포되게 하면서 진행하는 사격."
    },
    "너비아니": {
        "word": "너비아니",
        "chosung": "ㄴㅂㅇㄴ",
        "type": "명사",
        "mean": "얄팍하게 저며 갖은 양념을 하여 구운 쇠고기."
    },
    "너뿌시": {
        "word": "너뿌시",
        "chosung": "ㄴㅃㅅ",
        "type": "부사",
        "mean": "［방언］'쉬이'의 방언(함남)."
    },
    "너삼": {
        "word": "너삼",
        "chosung": "ㄴㅅ",
        "type": "명사",
        "mean": "쓴너삼과 단너삼을 통틀어 이르는 말."
    },
    "너새": {
        "word": "너새",
        "chosung": "ㄴㅅ",
        "type": "명사",
        "mean": "=느시.【←너[＜너□≪훈민정음(해례본)(1446)≫]+새】"
    },
    "너새기와": {
        "word": "너새기와",
        "chosung": "ㄴㅅㄱㅇ",
        "type": "명사",
        "mean": "합각머리 너새에 얹은 암키와."
    },
    "너새집": {
        "word": "너새집",
        "chosung": "ㄴㅅㅈ",
        "type": "명사",
        "mean": "《건설》기와처럼 얇은 돌 조각으로 지붕을 올린 집. ≒너와집·돌기와집·청석집."
    },
    "너서리스쿨": {
        "word": "너서리스쿨",
        "chosung": "ㄴㅅㄹㅅㅋ",
        "type": "명사",
        "mean": "유아를 보육하는 학교. 1909년에 맥밀런(Mcmillan) 자매가 런던에서 창설한 것이 그 시초이다. 주요 대상은 빈곤 계층의 유아였다."
    },
    "너설": {
        "word": "너설",
        "chosung": "ㄴㅅ",
        "type": "명사",
        "mean": "험한 바위나 돌 따위가 삐죽삐죽 나온 곳."
    },
    "너설개": {
        "word": "너설개",
        "chosung": "ㄴㅅㄱ",
        "type": "명사",
        "mean": "'너스레'의 잘못."
    },
    "너송연": {
        "word": "너송연",
        "chosung": "ㄴㅅㅇ",
        "type": "명사",
        "mean": "［방언］'여송연'의 방언(평북)."
    },
    "너수룩하다": {
        "word": "너수룩하다",
        "chosung": "ㄴㅅㄹㅎㄷ",
        "type": "형용사",
        "mean": "［북한어］힘이 빠져 잠잠하거나 어수룩하다."
    },
    "너스": {
        "word": "너스",
        "chosung": "ㄴㅅ",
        "type": "명사",
        "mean": "당구에서, 계속 캐넌을 치기 위하여 공을 모아 놓음."
    },
    "너스래기": {
        "word": "너스래기",
        "chosung": "ㄴㅅㄹㄱ",
        "type": "명사",
        "mean": "'너스래미'의 잘못."
    },
    "너스래미": {
        "word": "너스래미",
        "chosung": "ㄴㅅㄹㅁ",
        "type": "명사",
        "mean": "물건에 쓸데없이 붙어 있는 거스러미나 털 따위를 이르는 말."
    },
    "너스레": {
        "word": "너스레",
        "chosung": "ㄴㅅㄹ",
        "type": "명사",
        "mean": "수다스럽게 떠벌려 늘어놓는 말이나 짓."
    },
    "너스레밸": {
        "word": "너스레밸",
        "chosung": "ㄴㅅㄹㅂ",
        "type": "명사",
        "mean": "'유문수(幽門垂)'의 북한어."
    },
    "너스레웃음": {
        "word": "너스레웃음",
        "chosung": "ㄴㅅㄹㅇㅇ",
        "type": "명사",
        "mean": "너스레를 떨면서 웃는 웃음."
    },
    "너스르르": {
        "word": "너스르르",
        "chosung": "ㄴㅅㄹㄹ",
        "type": "부사",
        "mean": "굵고 부드러운 털이나 풀 따위가 길고 성기게 나 있는 모양."
    },
    "너슬개": {
        "word": "너슬개",
        "chosung": "ㄴㅅㄱ",
        "type": "명사",
        "mean": "'너스레'의 잘못."
    },
    "너슬거리다": {
        "word": "너슬거리다",
        "chosung": "ㄴㅅㄱㄹㄷ",
        "type": "동사",
        "mean": "［북한어］길고 연한 풀이나 털 따위가 늘어져 크게 자꾸 흔들리다. ≒너슬대다."
    },
    "너슬너슬": {
        "word": "너슬너슬",
        "chosung": "ㄴㅅㄴㅅ",
        "type": "부사",
        "mean": "1. 굵고 긴 털이나 풀 따위가 부드럽고 성긴 모양. ≒너슬너슬히."
    },
    "너슬너슬히": {
        "word": "너슬너슬히",
        "chosung": "ㄴㅅㄴㅅㅎ",
        "type": "부사",
        "mean": "1. =너슬너슬.2. ［북한어］=너슬너슬."
    },
    "너슬대다": {
        "word": "너슬대다",
        "chosung": "ㄴㅅㄷㄷ",
        "type": "동사",
        "mean": "［북한어］=너슬거리다."
    },
    "너슷너슷": {
        "word": "너슷너슷",
        "chosung": "ㄴㅅㄴㅅ",
        "type": "부사",
        "mean": "［옛말］느릿느릿. 또는 느슨하게."
    },
    "너실거리다": {
        "word": "너실거리다",
        "chosung": "ㄴㅅㄱㄹㄷ",
        "type": "동사",
        "mean": "［북한어］길고 연한 풀이나 털 따위가 늘어져 거볍게 자꾸 흔들리다. ≒너실대다."
    },
    "너실너실": {
        "word": "너실너실",
        "chosung": "ㄴㅅㄴㅅ",
        "type": "부사",
        "mean": "1. '너슬너슬'의 잘못. 2. ［북한어］성기게 난 풀이나 부드러운 털 따위가 부스스한 모양. 3. ［북한어］길고 연한 풀이나 털 따위가 늘어져 거볍게 자꾸 흔들리는 모양."
    },
    "너실대다": {
        "word": "너실대다",
        "chosung": "ㄴㅅㄷㄷ",
        "type": "동사",
        "mean": "［북한어］=너실거리다."
    },
    "너쏜자": {
        "word": "너쏜자",
        "chosung": "ㄴㅆㅈ",
        "type": "명사",
        "mean": "［방언］'증손자'의 방언(평안)."
    },
    "너쓸하다": {
        "word": "너쓸하다",
        "chosung": "ㄴㅆㅎㄷ",
        "type": "형용사",
        "mean": "［방언］'너절하다'의 방언(평안)."
    },
    "너에": {
        "word": "너에",
        "chosung": "ㄴㅇ",
        "type": "명사",
        "mean": "［방언］'물개'의 방언(함경)."
    },
    "너와": {
        "word": "너와",
        "chosung": "ㄴㅇ",
        "type": "명사",
        "mean": "=너새.【너와≪-瓦≫↖너새←널+새】"
    },
    "너와집": {
        "word": "너와집",
        "chosung": "ㄴㅇㅈ",
        "type": "명사",
        "mean": "《건설》=너새집."
    },
    "너운너우니": {
        "word": "너운너우니",
        "chosung": "ㄴㅇㄴㅇㄴ",
        "type": "부사",
        "mean": "［옛말］'너울너울'의 옛말."
    },
    "너운너운": {
        "word": "너운너운",
        "chosung": "ㄴㅇㄴㅇ",
        "type": "부사",
        "mean": "［옛말］'너울너울'의 옛말."
    },
    "너운너운히": {
        "word": "너운너운히",
        "chosung": "ㄴㅇㄴㅇㅎ",
        "type": "부사",
        "mean": "［옛말］'편편히(翩翩-)'의 옛말."
    },
    "너울": {
        "word": "너울",
        "chosung": "ㄴㅇ",
        "type": "명사",
        "mean": "1. 예전에, 여자들이 나들이할 때 얼굴을 가리기 위하여 쓰던 물건. 얇은 검정 깁으로 만든다. ≒개두."
    },
    "너울가지": {
        "word": "너울가지",
        "chosung": "ㄴㅇㄱㅈ",
        "type": "명사",
        "mean": "남과 잘 사귀는 솜씨. 붙임성이나 포용성 따위를 이른다."
    },
    "너울너울": {
        "word": "너울너울",
        "chosung": "ㄴㅇㄴㅇ",
        "type": "부사",
        "mean": "1. 물결이나 늘어진 천, 나뭇잎 따위가 부드럽고 느릿하게 자꾸 굽이져 움직이는 모양."
    },
    "너울지다": {
        "word": "너울지다",
        "chosung": "ㄴㅇㅈㄷ",
        "type": "저",
        "mean": "), -지니〕［동사］1. 멀리 보이는 바다의 물결 따위가 거칠게 넘실거리다."
    },
    "너울질": {
        "word": "너울질",
        "chosung": "ㄴㅇㅈ",
        "type": "명사",
        "mean": "양주 별산대놀이에서, 날아 보려고 노력하는 시늉을 하는 춤사위."
    },
    "너울짜리": {
        "word": "너울짜리",
        "chosung": "ㄴㅇㅉㄹ",
        "type": "명사",
        "mean": "너울을 쓴 사람이라는 뜻으로, 양반의 부녀를 낮잡아 이르는 말."
    },
    "너울쩍거리다": {
        "word": "너울쩍거리다",
        "chosung": "ㄴㅇㅉㄱㄹㄷ",
        "type": "동사",
        "mean": "［북한어］가벼운 것이 부드럽고 느릿하게 흐느적거리다. ≒너울쩍대다."
    },
    "너울쩍너울쩍": {
        "word": "너울쩍너울쩍",
        "chosung": "ㄴㅇㅉㄴㅇㅉ",
        "type": "부사",
        "mean": "［북한어］가벼운 것이 부드럽고 느릿하게 흐느적거리는 모양."
    },
    "너울쩍대다": {
        "word": "너울쩍대다",
        "chosung": "ㄴㅇㅉㄷㄷ",
        "type": "동사",
        "mean": "［북한어］=너울쩍거리다."
    },
    "너울춤": {
        "word": "너울춤",
        "chosung": "ㄴㅇㅊ",
        "type": "명사",
        "mean": "흥에 겨워 팔다리를 내저으며 추는 춤."
    },
    "너웃너웃": {
        "word": "너웃너웃",
        "chosung": "ㄴㅇㄴㅇ",
        "type": "부사",
        "mean": "1. '뉘엿뉘엿'의 잘못. 2. ［북한어］'뉘엿뉘엿'의 북한어."
    },
    "너을다": {
        "word": "너을다",
        "chosung": "ㄴㅇㄷ",
        "type": "동사",
        "mean": "［방언］'씹다'의 방언(제주)."
    },
    "너이": {
        "word": "너이",
        "chosung": "ㄴㅇ",
        "type": "수사",
        "mean": "'넷'의 잘못."
    },
    "너이다": {
        "word": "너이다",
        "chosung": "ㄴㅇㄷ",
        "type": "어미",
        "mean": "［옛말］｛동사, 형용사 어간 뒤에 붙어｝ '-나이다'의 옛말."
    },
    "너자": {
        "word": "너자",
        "chosung": "ㄴㅈ",
        "type": "명사",
        "mean": "［방언］'여자'의 방언(평북)."
    },
    "너저부레하다": {
        "word": "너저부레하다",
        "chosung": "ㄴㅈㅂㄹㅎㄷ",
        "type": "형용사",
        "mean": "'너저분하다'의 잘못."
    },
    "너저분": {
        "word": "너저분",
        "chosung": "ㄴㅈㅂ",
        "type": "명사",
        "mean": "'너저분하다'의 어근."
    },
    "너절": {
        "word": "너절",
        "chosung": "ㄴㅈ",
        "type": "명사",
        "mean": "'너절하다'의 어근."
    },
    "너절너절": {
        "word": "너절너절",
        "chosung": "ㄴㅈㄴㅈ",
        "type": "부사",
        "mean": "천이나 옷 따위가 늘어지거나 해져서 몹시 어지럽고 지저분한 모양."
    },
    "너절사하다": {
        "word": "너절사하다",
        "chosung": "ㄴㅈㅅㅎㄷ",
        "type": "형용사",
        "mean": "［북한어］(구어체) 매우 너절하다."
    },
    "너절청하다": {
        "word": "너절청하다",
        "chosung": "ㄴㅈㅊㅎㄷ",
        "type": "형용사",
        "mean": "［북한어］넓고 으리으리하다."
    },
    "너주레": {
        "word": "너주레",
        "chosung": "ㄴㅈㄹ",
        "type": "명사",
        "mean": "'너주레하다'의 어근."
    },
    "너주리하다": {
        "word": "너주리하다",
        "chosung": "ㄴㅈㄹㅎㄷ",
        "type": "형용사",
        "mean": "［방언］'너주레하다'의 방언(경남)."
    },
    "너줄하다": {
        "word": "너줄하다",
        "chosung": "ㄴㅈㅎㄷ",
        "type": "형용사",
        "mean": "'너절하다'의 잘못."
    },
    "너쥐질하다": {
        "word": "너쥐질하다",
        "chosung": "ㄴㅈㅈㅎㄷ",
        "type": "동사",
        "mean": "［방언］'떠벌리다'의 방언(함남)."
    },
    "너쥘하다": {
        "word": "너쥘하다",
        "chosung": "ㄴㅈㅎㄷ",
        "type": "형용사",
        "mean": "'너절하다'의 잘못."
    },
    "너즈러지다": {
        "word": "너즈러지다",
        "chosung": "ㄴㅈㄹㅈㄷ",
        "type": "저",
        "mean": "), -지니〕［동사］『…에』여기저기 너저분하게 흩어지다."
    },
    "너즐하다": {
        "word": "너즐하다",
        "chosung": "ㄴㅈㅎㄷ",
        "type": "형용사",
        "mean": "［방언］'어지럽다'의 방언(평안)."
    },
    "너질하다": {
        "word": "너질하다",
        "chosung": "ㄴㅈㅎㄷ",
        "type": "형용사",
        "mean": "'너절하다'의 잘못."
    },
    "너추리": {
        "word": "너추리",
        "chosung": "ㄴㅊㄹ",
        "type": "명사",
        "mean": "심마니들의 은어로, '바가지'를 이르는 말."
    },
    "너출": {
        "word": "너출",
        "chosung": "ㄴㅊ",
        "type": "명사",
        "mean": "1. ［방언］'넌출'의 방언(함경). 2. ［옛말］'넌출'의 옛말."
    },
    "너출다": {
        "word": "너출다",
        "chosung": "ㄴㅊㄷ",
        "type": "동사",
        "mean": "［옛말］'넌출지다'의 옛말."
    },
    "너출모란": {
        "word": "너출모란",
        "chosung": "ㄴㅊㅁㄹ",
        "type": "명사",
        "mean": "［옛말］'메꽃'의 옛말."
    },
    "너출지다": {
        "word": "너출지다",
        "chosung": "ㄴㅊㅈㄷ",
        "type": "동사",
        "mean": "［옛말］'넌출지다'의 옛말."
    },
    "너쿨": {
        "word": "너쿨",
        "chosung": "ㄴㅋ",
        "type": "명사",
        "mean": "［방언］'덩굴'의 방언(함경)."
    },
    "너클볼": {
        "word": "너클볼",
        "chosung": "ㄴㅋㅂ",
        "type": "명사",
        "mean": "knuckleball 1. 야구에서, 투수가 손가락을 공의 표면에 세워서 던지는 변화구. 공이 거의 회전을 하지 않고, 타자 앞에서 급히 떨어진다. 2. 탁구에서, 서브할 때 공을 손톱 따위로 우그리거나 흠을 내서 상대편 테이블에서 비정상적으로 튀도록 하는 일. 반칙 행위이다."
    },
    "너클파트": {
        "word": "너클파트",
        "chosung": "ㄴㅋㅍㅌ",
        "type": "명사",
        "mean": "knucklepart 권투에서, 주먹의 제2관절과 제3관절 사이의 평평한 부분. 이 밖의 부분으로 상대편을 치면 반칙이다."
    },
    "너클포": {
        "word": "너클포",
        "chosung": "ㄴㅋㅍ",
        "type": "명사",
        "mean": "knucklefour 횡단면이 모가 난 모양을 한 견고한 보트에 조수(漕手) 네 사람과 타수(舵手) 한 사람이 타서 속도를 겨루는 보트 경기."
    },
    "너털": {
        "word": "너털",
        "chosung": "ㄴㅌ",
        "type": "명사",
        "mean": "'너털거리다'의 어근."
    },
    "너털너털": {
        "word": "너털너털",
        "chosung": "ㄴㅌㄴㅌ",
        "type": "부사",
        "mean": "1. 여러 가닥이 어지럽게 늘어져 자꾸 흔들리는 모양. '너덜너덜'보다 거센 느낌을 준다."
    },
    "너털다": {
        "word": "너털다",
        "chosung": "ㄴㅌㄷ",
        "type": "동사",
        "mean": "［옛말］덜덜 떨다."
    },
    "너털뱅이": {
        "word": "너털뱅이",
        "chosung": "ㄴㅌㅂㅇ",
        "type": "명사",
        "mean": "1. 너털거리는 사람을 낮잡아 이르는 말. 2. ［북한어］너털거리는 물건을 낮잡아 이르는 말."
    },
    "너털버선": {
        "word": "너털버선",
        "chosung": "ㄴㅌㅂㅅ",
        "type": "명사",
        "mean": "［북한어］다 해져서 너털너털한 버선."
    },
    "너털웃음": {
        "word": "너털웃음",
        "chosung": "ㄴㅌㅇㅇ",
        "type": "명사",
        "mean": "크게 소리를 내어 시원하고 당당하게 웃는 웃음."
    },
    "너털지다": {
        "word": "너털지다",
        "chosung": "ㄴㅌㅈㄷ",
        "type": "형용사",
        "mean": "［북한어］웃음소리가 크고 통쾌하다."
    },
    "너테": {
        "word": "너테",
        "chosung": "ㄴㅌ",
        "type": "명사",
        "mean": "물이나 눈이 얼어붙은 위에 다시 물이 흘러서 여러 겹으로 얼어붙은 얼음."
    },
    "너트": {
        "word": "너트",
        "chosung": "ㄴㅌ",
        "type": "명사",
        "mean": "쇠붙이로 만들어 볼트에 끼워서 기계 부품 따위를 고정시키는 데에 쓰는 공구(工具). 일반적으로 육각형 또는 사각형으로 되어 있다. '암나사'로 순화."
    },
    "너티": {
        "word": "너티",
        "chosung": "ㄴㅌ",
        "type": "명사",
        "mean": "［방언］'너테'의 방언(함남)."
    },
    "너파리": {
        "word": "너파리",
        "chosung": "ㄴㅍㄹ",
        "type": "명사",
        "mean": "［방언］'옆'의 방언(평북)."
    },
    "너퍼리": {
        "word": "너퍼리",
        "chosung": "ㄴㅍㄹ",
        "type": "명사",
        "mean": "'노파리'의 잘못."
    },
    "너펄": {
        "word": "너펄",
        "chosung": "ㄴㅍ",
        "type": "명사",
        "mean": "'너펄거리다'의 어근."
    },
    "너펄너펄": {
        "word": "너펄너펄",
        "chosung": "ㄴㅍㄴㅍ",
        "type": "부사",
        "mean": "큰 천 조각이나 종이 따위가 빠르고 힘있게 자꾸 나부끼는 모양."
    },
    "너펄춤": {
        "word": "너펄춤",
        "chosung": "ㄴㅍㅊ",
        "type": "명사",
        "mean": "옷자락 따위를 힘있게 너펄거리며 추는 춤."
    },
    "너푼": {
        "word": "너푼",
        "chosung": "ㄴㅍ",
        "type": "부사",
        "mean": "1. 엷고 넓은 물건이 가볍게 한 번 날리어 흔들리는 모양. 2. 가볍게 너부시 움직이는 모양."
    },
    "너푼너푼": {
        "word": "너푼너푼",
        "chosung": "ㄴㅍㄴㅍ",
        "type": "부사",
        "mean": "1. 엷고 넓은 물건이 가볍게 자꾸 날리어 흔들리는 모양. ≒너푼너푼히. 2. 가볍게 너부시 자꾸 움직이는 모양. ≒너푼너푼히."
    },
    "너푼너푼히": {
        "word": "너푼너푼히",
        "chosung": "ㄴㅍㄴㅍㅎ",
        "type": "부사",
        "mean": " 1. =너푼너푼. 2. =너푼너푼."
    },
    "너푼하다": {
        "word": "너푼하다",
        "chosung": "ㄴㅍㅎㄷ",
        "type": "형용사",
        "mean": "［방언］'넓적하다'의 방언(전남)."
    },
    "너풀": {
        "word": "너풀",
        "chosung": "ㄴㅍ",
        "type": "명사",
        "mean": "'너풀거리다'의 어근."
    },
    "너풀너풀": {
        "word": "너풀너풀",
        "chosung": "ㄴㅍㄴㅍ",
        "type": "부사",
        "mean": "엷은 물체가 바람에 날리어 거볍게 자꾸 움직이는 모양. '너불너불'보다 거센 느낌을 준다."
    },
    "너풋거리다": {
        "word": "너풋거리다",
        "chosung": "ㄴㅍㄱㄹㄷ",
        "type": "동사",
        "mean": "［북한어］가볍고 날렵하게 자꾸 움직이다. ≒너풋대다."
    },
    "너풋너풋": {
        "word": "너풋너풋",
        "chosung": "ㄴㅍㄴㅍ",
        "type": "부사",
        "mean": "［북한어］가볍고 날렵하게 자꾸 움직이는 모양."
    },
    "너풋대다": {
        "word": "너풋대다",
        "chosung": "ㄴㅍㄷㄷ",
        "type": "동사",
        "mean": "［북한어］=너풋거리다."
    },
    "너피다": {
        "word": "너피다",
        "chosung": "ㄴㅍㄷ",
        "type": "동사",
        "mean": "［옛말］'넓히다'의 옛말."
    },
    "너화": {
        "word": "너화",
        "chosung": "ㄴㅎ",
        "type": "명사",
        "mean": "'느시'의 북한어."
    },
    "너홰집": {
        "word": "너홰집",
        "chosung": "ㄴㅎㅈ",
        "type": "명사",
        "mean": "'너새집'의 방언."
    },
    "너훌거리다": {
        "word": "너훌거리다",
        "chosung": "ㄴㅎㄱㄹㄷ",
        "type": "동사",
        "mean": "1. '너울거리다'의 잘못. 2. ［북한어］'너울거리다'의 북한어."
    },
    "너훌너훌": {
        "word": "너훌너훌",
        "chosung": "ㄴㅎㄴㅎ",
        "type": "부사",
        "mean": "1. '너울너울'의 잘못. 2. ［북한어］'너울너울'의 북한어."
    },
    "너흘다": {
        "word": "너흘다",
        "chosung": "ㄴㅎㄷ",
        "type": "동사",
        "mean": "［옛말］'물다'의 옛말."
    },
    "너희": {
        "word": "너희",
        "chosung": "ㄴㅎ",
        "type": "대명사",
        "mean": "1. 듣는 이가 친구나 아랫사람일 때, 그 사람들을 가리키는 이인칭 대명사."
    },
    "너히": {
        "word": "너히",
        "chosung": "ㄴㅎ",
        "type": "수사",
        "mean": "［방언］'넷'의 방언(평안, 황해)."
    }
}