{
    "넛손자": {
        "word": "넛손자",
        "chosung": "ㄴㅅㅈ",
        "type": "명사",
        "mean": "누이의 손자."
    },
    "넛하다": {
        "word": "넛하다",
        "chosung": "ㄴㅎㄷ",
        "type": "형용사",
        "mean": "［방언］얼이 빠져 멍하다(전남)."
    },
    "넛할머니": {
        "word": "넛할머니",
        "chosung": "ㄴㅎㅁㄴ",
        "type": "명사",
        "mean": "아버지의 외숙모."
    },
    "넛할미": {
        "word": "넛할미",
        "chosung": "ㄴㅎㅁ",
        "type": "명사",
        "mean": "［옛말］'넛할머니'의 옛말."
    },
    "넛할아버지": {
        "word": "넛할아버지",
        "chosung": "ㄴㅎㅇㅂㅈ",
        "type": "명사",
        "mean": "아버지의 외숙."
    }
}