{
    "네": {
        "word": "네",
        "chosung": "ㄴ",
        "type": "관형사",
        "mean": "｛일부 단위를 나타내는 말 앞에 쓰여｝ 그 수량이 넷임을 나타내는 말."
    },
    "네가락": {
        "word": "네가락",
        "chosung": "ㄴㄱㄹ",
        "type": "명사",
        "mean": "《음악》평조와 계면조에서, 남려(南呂)를 으뜸음으로 한 조. ≒빗가락·사지(四指)·횡지(橫指)."
    },
    "네가락식의수": {
        "word": "네가락식의수",
        "chosung": "ㄴㄱㄹㅅㅇㅅ",
        "type": "명사",
        "mean": "발가락이 네 개인 식의수의 하나. 털은 보드라우며 등은 노란빛을 띤 빨간색이고 배는 재색이다. 꼬리는 나무를 감고 있으며 생태는 세가락식의수와 같다. 산림을 좋아하며 나무 위에서 산다. 남아메리카와 중앙아메리카에 분포한다."
    },
    "네가락잡이": {
        "word": "네가락잡이",
        "chosung": "ㄴㄱㄹㅈㅇ",
        "type": "명사",
        "mean": "윷놀이에서, 윷가락을 던지는 방법의 하나. 윷가락 네 개가 각각 차례차례 한 가락씩 떨어지게 던지는 것이다."
    },
    "네가래": {
        "word": "네가래",
        "chosung": "ㄴㄱㄹ",
        "type": "명사",
        "mean": "양치식물 네가랫과의 여러해살이 수초(水草). 줄기는 높이가 7~20cm이고 옆으로 뻗어 나가며, 네 개의 작은 잎은 '田' 자 모양이다. 8~10월에 잎겨드랑에서 생긴 씨주머니 안에서 홀씨가 만들어진다. 논이나 늪에 자라는데 한국, 일본, 중국, 유럽 등지에 분포한다. ≒초장조. (Marsilea quadrifolia)"
    },
    "네가시수레벌레": {
        "word": "네가시수레벌레",
        "chosung": "ㄴㄱㅅㅅㄹㅂㄹ",
        "type": "명사",
        "mean": "수레벌레의 하나. 뒷머리가시는 네 개이고 뒤 가시는 날카롭지 않다. 등판 가운데에 능선이 지나가고 위쪽 절반에는 점각(點刻)이 있다."
    },
    "네가지닻": {
        "word": "네가지닻",
        "chosung": "ㄴㄱㅈㄷ",
        "type": "명사",
        "mean": "《수산》갈퀴가 네 개인 닻. 강에 있는 작은 배에서 주로 사용한다."
    },
    "네가지의자유": {
        "word": "네가지의자유",
        "chosung": "ㄴㄱㅈㅇㅈㅇ",
        "type": "명사",
        "mean": "인간에게 보장되어야 할 네 가지의 기본적인 자유. 곧 언론과 발표의 자유, 종교의 자유, 결핍으로부터의 자유, 공포로부터의 자유를 이른다. 1941년 1월 6일에 미국의 루스벨트 대통령이 연두 교서에서 한 말로, 뒤에 국제 연합의 기본 사상이 되었다. ≒네 개의 자유·사대 자유."
    },
    "네간들이": {
        "word": "네간들이",
        "chosung": "ㄴㄱㄷㅇ",
        "type": "명사",
        "mean": "［북한어］네 칸으로 된 방이나 집을 이르는 말. ※네칸들이."
    },
    "네개의자유": {
        "word": "네개의자유",
        "chosung": "ㄴㄱㅇㅈㅇ",
        "type": "명사",
        "mean": "=네 가지의 자유."
    },
    "네거리": {
        "word": "네거리",
        "chosung": "ㄴㄱㄹ",
        "type": "명사",
        "mean": "한 지점에서 길이 네 방향으로 갈라져 나간 곳. ≒사가(四街)·사거리(四-)·십자로."
    },
    "네거티브": {
        "word": "네거티브",
        "chosung": "ㄴㄱㅌㅂ",
        "type": "명사",
        "mean": "사진의 원판. 2. 《의학》=음성 반응."
    },
    "네거티브리스트": {
        "word": "네거티브리스트",
        "chosung": "ㄴㄱㅌㅂㄹㅅㅌ",
        "type": "명사",
        "mean": "원칙적으로 수입의 자유화가 인정된 무역 제도에서 예외적으로 수입을 금지하거나 제한하는 품목의 리스트. ≒수입 제한 품목표."
    },
    "네거티브소득세": {
        "word": "네거티브소득세",
        "chosung": "ㄴㄱㅌㅂㅅㄷㅅ",
        "type": "명사",
        "mean": "소득액이 적어서 납세가 면제되는 저소득층에게 최저 생활을 보장하기 위하여 정부가 보조하는 생활비. 경제적 자유주의를 표방하는 시카고학파의 프리드먼(Friedman, M.)이 제창하였다."
    },
    "네거티브시스템": {
        "word": "네거티브시스템",
        "chosung": "ㄴㄱㅌㅂㅅㅅㅌ",
        "type": "명사",
        "mean": "네거티브 리스트를 미리 명시하여 놓고, 그 밖의 품목은 모두 수출입을 개방하는 무역 제도."
    },
    "네거티브필름": {
        "word": "네거티브필름",
        "chosung": "ㄴㄱㅌㅂㅍㄹ",
        "type": "명사",
        "mean": "음화(陰□)를 만드는 데 쓰는 필름. 밝은 부분은 어둡게, 어두운 부분은 밝게 나타난다. ≒네거필름."
    },
    "네거필름": {
        "word": "네거필름",
        "chosung": "ㄴㄱㅍㄹ",
        "type": "명사",
        "mean": "=네거티브 필름."
    },
    "네겁": {
        "word": "네겁",
        "chosung": "ㄴㄱ",
        "type": "명사",
        "mean": "《불교》=사겁(四劫)."
    },
    "네게브": {
        "word": "네게브",
        "chosung": "ㄴㄱㅂ",
        "type": "명사",
        "mean": "이스라엘 남부에 있는 삼각형의 사막 지역. 중부는 높이 1,000미터 정도의 산지이며, 동쪽 끝은 요르단 지구대(地溝帶)가 남북으로 뻗쳐 있고, 사해(死海)가 가장 낮은 지역을 이루고 있다. 구리·인산염·천연가스 따위의 천연자원이 풍부하며, 고대에는 성서(聖書)의 무대였다."
    },
    "네겔리": {
        "word": "네겔리",
        "chosung": "ㄴㄱㄹ",
        "type": "명사",
        "mean": "스위스의 식물학자(1817~1891). 생명의 기본 단위는 세포가 아니라 더 작은 결정 단위인 미셀(micell)이라고 주장하였다."
    },
    "네골외": {
        "word": "네골외",
        "chosung": "ㄴㄱㅇ",
        "type": "명사",
        "mean": "［옛말］오이의 하나."
    },
    "네군도단풍": {
        "word": "네군도단풍",
        "chosung": "ㄴㄱㄷㄷㅍ",
        "type": "명사",
        "mean": "단풍나뭇과의 낙엽 활엽 교목. 높이는 20미터 정도이며, 잎은 겹잎이고 잔잎은 톱니가 있는 타원형이다. 암수딴그루로 4~5월에 황록색의 수꽃은 산방(□房) 꽃차례로, 암꽃은 총상(總狀) 꽃차례로 피고 열매는 시과(翅果)로 9월에 익는다. 북아메리카가 원산지로 한국, 만주 등지에 분포한다. (Acer negundo)"
    },
    "네굽": {
        "word": "네굽",
        "chosung": "ㄴㄱ",
        "type": "명사",
        "mean": "1. 네발짐승의 네발의 굽."
    },
    "네굽씨름": {
        "word": "네굽씨름",
        "chosung": "ㄴㄱㅆㄹ",
        "type": "명사",
        "mean": "=민둥씨름."
    },
    "네굽지랄": {
        "word": "네굽지랄",
        "chosung": "ㄴㄱㅈㄹ",
        "type": "명사",
        "mean": "'네굽질'을 속되게 이르는 말."
    },
    "네굽질": {
        "word": "네굽질",
        "chosung": "ㄴㄱㅈ",
        "type": "명사",
        "mean": "1. 네발짐승이 네굽을 내젓는 짓. 2. 팔다리를 내저으며 몸부림치는 짓을 속되게 이르는 말."
    },
    "네귀쓴풀": {
        "word": "네귀쓴풀",
        "chosung": "ㄴㄱㅆㅍ",
        "type": "명사",
        "mean": "용담과의 한해살이풀. 높이는 30cm 정도이며, 잎은 마주나고 잎자루가 없다. 6~8월에 자주색 또는 보라색 반점이 있는 흰색의 잔꽃이 줄기 끝에 피고 열매는 삭과(□果)로 11월에 익는다. 잎과 줄기는 약용한다. 높은 지대의 풀밭에서 자라는데 우리나라 각지에 분포한다. (Swertia tetrapetala)"
    },
    "네그루강": {
        "word": "네그루강",
        "chosung": "ㄴㄱㄹㄱ",
        "type": "명사",
        "mean": "브라질의 북부를 흐르는, 아마존 강의 지류 가운데 하나. 콜롬비아의 동부에서 시작하여 남동쪽으로 흘러 브라질의 마나우스 부근에서 아마존 강과 합쳐진다. 길이는 2,250km."
    },
    "네그리소체": {
        "word": "네그리소체",
        "chosung": "ㄴㄱㄹㅅㅊ",
        "type": "명사",
        "mean": "광견병에 걸린 생체의 뇌신경 세포에서 발견되는 둥글고 가는 물질. 크기는 미크론(μ) 정도이며, 이탈리아의 병리학자 네그리(Negri, A.)가 발견하였다."
    },
    "네글리제": {
        "word": "네글리제",
        "chosung": "ㄴㄱㄹㅈ",
        "type": "명사",
        "mean": "얇은 천으로 원피스처럼 만든 여성용 잠옷."
    },
    "네기": {
        "word": "네기",
        "chosung": "ㄴㄱ",
        "type": "감탄사",
        "mean": "몹시 못마땅하여 욕으로 하는 말."
    },
    "네기다": {
        "word": "네기다",
        "chosung": "ㄴㄱㄷ",
        "type": "동사",
        "mean": "［방언］'여기다'의 방언(제주, 평북)."
    },
    "네기둥안": {
        "word": "네기둥안",
        "chosung": "ㄴㄱㄷㅇ",
        "type": "명사",
        "mean": "1. 궁(宮)이나 귀족의 집안을 이르던 말. 견여(肩輿)와 초헌(□軒)이 드나들기 쉽게 대문의 네 기둥을 높게 한 데서 유래한다. 2. =규중."
    },
    "네길이수술": {
        "word": "네길이수술",
        "chosung": "ㄴㄱㅇㅅㅅ",
        "type": "명사",
        "mean": "=사강웅예."
    },
    "네까짓": {
        "word": "네까짓",
        "chosung": "ㄴㄲㅈ",
        "type": "관형사",
        "mean": "'겨우 너만 한 정도의'라는 뜻으로, 상대편을 낮잡아 이를 때 쓰는 말."
    },
    "네깐": {
        "word": "네깐",
        "chosung": "ㄴㄲ",
        "type": "관형사",
        "mean": " '네깟'을 구어적으로 이르는 말."
    },
    "네깟": {
        "word": "네깟",
        "chosung": "ㄴㄲ",
        "type": "관형사",
        "mean": " '네까짓'의 준말."
    },
    "네꼭지망": {
        "word": "네꼭지망",
        "chosung": "ㄴㄲㅈㅁ",
        "type": "명사",
        "mean": "에너지를 받는 두 개의 단자를 가진 모든 전기 회로."
    },
    "네끼다": {
        "word": "네끼다",
        "chosung": "ㄴㄲㄷ",
        "type": "동사",
        "mean": "［방언］ '던지다'의 방언(제주)."
    },
    "네낄락": {
        "word": "네낄락",
        "chosung": "ㄴㄲㄹ",
        "type": "명사",
        "mean": "［방언］ '팔매질'의 방언(제주)."
    },
    "네나": {
        "word": "네나",
        "chosung": "ㄴㄴ",
        "type": "수사",
        "mean": "［방언］ '넷'의 방언(강원)."
    },
    "네네": {
        "word": "네네",
        "chosung": "ㄴㄴ",
        "type": "관형사",
        "mean": "［방언］ '여느'의 방언(평안)."
    },
    "네년": {
        "word": "네년",
        "chosung": "ㄴㄴ",
        "type": "대명사",
        "mean": " 듣는 이가 여자일 때, 그 사람을 낮잡아 이르는 이인칭 대명사. 주로 맞대해서 욕할 때 쓴다."
    },
    "네놈": {
        "word": "네놈",
        "chosung": "ㄴㄴ",
        "type": "대명사",
        "mean": "듣는 이가 남자일 때, 그 사람을 낮잡아 이르는 이인칭 대명사. 주로 맞대해서 욕할 때 쓴다."
    },
    "네눈개": {
        "word": "네눈개",
        "chosung": "ㄴㄴㄱ",
        "type": "명사",
        "mean": "［옛말］'네눈박이'의 옛말."
    },
    "네눈개미": {
        "word": "네눈개미",
        "chosung": "ㄴㄴㄱㅁ",
        "type": "명사",
        "mean": "개밋과의 곤충. 몸의 길이는 5~8mm이며, 검은색이다. 제1~2 뒷배마디에 각각 한 쌍의 갈색 둥근 무늬가 있다. 낡은 건물의 목재 속에 떼 지어 산다. (Camponotus quadrinotatus)"
    },
    "네눈고기": {
        "word": "네눈고기",
        "chosung": "ㄴㄴㄱㄱ",
        "type": "명사",
        "mean": "태생송사릿과의 물고기. 눈이 네 개로 머리 양옆에 각각 두 개씩 있다."
    },
    "네눈깔잡이": {
        "word": "네눈깔잡이",
        "chosung": "ㄴㄴㄲㅈㅇ",
        "type": "명사",
        "mean": "안경을 쓴 사람을 속되게 이르는 말."
    },
    "네눈돌드레": {
        "word": "네눈돌드레",
        "chosung": "ㄴㄴㄷㄷㄹ",
        "type": "명사",
        "mean": "'네눈박이하늘소'의 북한어."
    },
    "네눈박이": {
        "word": "네눈박이",
        "chosung": "ㄴㄴㅂㅇ",
        "type": "명사",
        "mean": "1. 양쪽 눈 위에 흰 점이 있어 언뜻 보기에 눈이 넷으로 보이는 개. ≒네눈이. 2. ［북한어］허리에 네 줄로 돌려 표시를 한 독. 흔히 줄의 수에 따라 크기가 정해지는데 네눈박이는 매우 큰 독에 속한다."
    },
    "네눈박이밑빠진벌레": {
        "word": "네눈박이밑빠진벌레",
        "chosung": "ㄴㄴㅂㅇㅁㅃㅈㅂㄹ",
        "type": "명사",
        "mean": "밑빠진벌렛과의 곤충. 몸의 길이는 1.2cm 정도이며, 머리와 앞가슴등판 및 딱지날개는 광택이 나는 칠흑색이고 점무늬가 빽빽하게 나 있다. 양 수염과 더듬이는 붉은 갈색이다. 한국, 일본, 중국 등지에 분포한다. (Glischrochilus japonicus)"
    },
    "네눈박이산누에나방": {
        "word": "네눈박이산누에나방",
        "chosung": "ㄴㄴㅂㅇㅅㄴㅇㄴㅂ",
        "type": "명사",
        "mean": "산누에나방과의 곤충. 편 날개의 길이는 수컷이 7cm, 암컷이 9cm 정도이며, 몸은 다갈색이다. 앞날개에는 짙은 빛의 가로줄이 있고 앞뒤 날개의 중앙에는 둥근 검은색 무늬가 한 개씩 있다. ≒이른봄산누에나방. (Aglia tau)"
    },
    "네눈박이장님노린재": {
        "word": "네눈박이장님노린재",
        "chosung": "ㄴㄴㅂㅇㅈㄴㄴㄹㅈ",
        "type": "명사",
        "mean": "장님노린잿과의 곤충. 몸의 길이는 8mm 정도이며, 검은색에 흰색의 무늬가 네 개 있다. 한국, 일본 등지에 분포한다. (Trichophoroncus albinotatus)"
    },
    "네눈박이하늘소": {
        "word": "네눈박이하늘소",
        "chosung": "ㄴㄴㅂㅇㅎㄴㅅ",
        "type": "명사",
        "mean": "하늘솟과의 곤충. 몸의 길이는 7~13mm이며, 붉은 갈색이다. 딱지날개에는 네 개의 누런색 무늬가 있고 각 다리의 마디는 곤봉 모양이다. 한국, 인도, 중국 등지에 분포한다. (Stenygrinum quadrinotatum)"
    },
    "네눈이": {
        "word": "네눈이",
        "chosung": "ㄴㄴㅇ",
        "type": "명사",
        "mean": "1. =네눈박이. 2. ［북한어］'네눈깔잡이'의 북한어."
    },
    "네다": {
        "word": "네다",
        "chosung": "ㄴㄷ",
        "type": "동사",
        "mean": "［방언］'누비다'의 방언(함북)."
    },
    "네다리": {
        "word": "네다리",
        "chosung": "ㄴㄷㄹ",
        "type": "명사",
        "mean": "주로 잠잘 때나 뻗고 누웠을 때에 사람의 '팔다리'를 속되게 이르는 말. ≒네발."
    },
    "네다리뼈": {
        "word": "네다리뼈",
        "chosung": "ㄴㄷㄹㅃ",
        "type": "명사",
        "mean": "=사지골."
    },
    "네다바이": {
        "word": "네다바이",
        "chosung": "ㄴㄷㅂㅇ",
        "type": "명사",
        "mean": "교묘하게 남을 속여 금품을 빼앗는 짓."
    },
    "네다삿": {
        "word": "네다삿",
        "chosung": "ㄴㄷㅅ",
        "type": "수사",
        "mean": "［관형사］ 『명』 '네다섯'의 옛말."
    },
    "네다섯": {
        "word": "네다섯",
        "chosung": "ㄴㄷㅅ",
        "type": "수사",
        "mean": "［관형사］ 넷이나 다섯쯤 되는 수. 또는 그런 수의. ≒너더댓·너덧·네댓."
    },
    "네다섯째": {
        "word": "네다섯째",
        "chosung": "ㄴㄷㅅㅉ",
        "type": "수사",
        "mean": "［관형사］순서가 네 번째나 다섯 번째쯤 되는 차례. 또는 그런 차례의. ≒너더댓째·너덧째·네댓째."
    },
    "네다엿": {
        "word": "네다엿",
        "chosung": "ㄴㄷㅇ",
        "type": "수사",
        "mean": "［관형사］［옛말］'네다섯'의 옛말."
    },
    "네닷": {
        "word": "네닷",
        "chosung": "ㄴㄷ",
        "type": "수사",
        "mean": "［관형사］［옛말］'네댓'의 옛말."
    },
    "네댓": {
        "word": "네댓",
        "chosung": "ㄴㄷ",
        "type": "수사",
        "mean": "［관형사］=네다섯."
    },
    "네댓새": {
        "word": "네댓새",
        "chosung": "ㄴㄷㅅ",
        "type": "명사",
        "mean": "나흘이나 닷새가량."
    },
    "네댓째": {
        "word": "네댓째",
        "chosung": "ㄴㄷㅉ",
        "type": "수사",
        "mean": "［관형사］=네다섯째."
    },
    "네덜란드": {
        "word": "네덜란드",
        "chosung": "ㄴㄷㄹㄷ",
        "type": "명사",
        "mean": "유럽 북서부에 있는 입헌 군주국. 1648년 에스파냐에서 독립하였다. 북해에 면해 있어 간척지가 많으며 국토의 4분의 1이 해면보다 낮은 나라로, 낙농과 튤립 따위의 원예 농업이 주산업이나 기계·조선·섬유·정유 공업도 발달하였다. 주민의 대부분이 게르만 계통이고, 주요 언어는 네덜란드 어이다. 수도는 암스테르담, 면적은 3만 7334㎢."
    },
    "네덜란드경매법": {
        "word": "네덜란드경매법",
        "chosung": "ㄴㄷㄹㄷㄱㅁㅂ",
        "type": "명사",
        "mean": "최고 가격에서부터 차츰 부르는 가격을 내려가다가 처음으로 팔려는 사람이 나타나면 그 가격에 매매가 결정되는 경매 방법."
    },
    "네덜란드독립전쟁": {
        "word": "네덜란드독립전쟁",
        "chosung": "ㄴㄷㄹㄷㄷㄹㅈㅈ",
        "type": "명사",
        "mean": "에스파냐의 지배를 받던 네덜란드가 1568~1648년에 독립을 하기 위하여 치른 전쟁. 1581년에 독립을 선언하고 1648년에 베스트팔렌 조약으로 네덜란드 연방 공화국이 국제적으로 승인되었다. ≒팔십 년 전쟁."
    },
    "네덜란드동인도회사": {
        "word": "네덜란드동인도회사",
        "chosung": "ㄴㄷㄹㄷㄷㅇㄷㅎㅅ",
        "type": "명사",
        "mean": "네덜란드가 인도 및 동남아시아 각지에서의 무역 독점과 권익 보호를 목적으로 1602년에 설립한 회사. 1799년에 해산되었다."
    },
    "네덜란드령동인도": {
        "word": "네덜란드령동인도",
        "chosung": "ㄴㄷㄹㄷㄹㄷㅇㄷ",
        "type": "명사",
        "mean": "'인도네시아'의 옛 이름."
    },
    "네덜란드서인도회사": {
        "word": "네덜란드서인도회사",
        "chosung": "ㄴㄷㄹㄷㅅㅇㄷㅎㅅ",
        "type": "명사",
        "mean": "네덜란드가 아메리카 신대륙과 아프리카 서안(西岸)에서의 무역과 식민 따위를 목적으로 1621년에 설립한 회사. 1794년에 자금 부족으로 해산했다."
    },
    "네덜란드식망원경": {
        "word": "네덜란드식망원경",
        "chosung": "ㄴㄷㄹㄷㅅㅁㅇㄱ",
        "type": "명사",
        "mean": "=갈릴레이 망원경."
    },
    "네덜란드악파": {
        "word": "네덜란드악파",
        "chosung": "ㄴㄷㄹㄷㅇㅍ",
        "type": "명사",
        "mean": "1450년 무렵에서 1600년까지 플랑드르 지방을 중심으로 활약하였던 악파. 대위법(對位法)에 의한 작곡으로 아카펠라 양식을 발전시켰다. ≒플랑드르악파."
    },
    "네덜란드어": {
        "word": "네덜란드어",
        "chosung": "ㄴㄷㄹㄷㅇ",
        "type": "명사",
        "mean": "인도·유럽 어족의 게르만 어파 서게르만 어의 하나. 네덜란드, 벨기에 북부, 인도네시아, 남아프리카 공화국 등지에서 쓴다."
    },
    "네덜란드연방공화국": {
        "word": "네덜란드연방공화국",
        "chosung": "ㄴㄷㄹㄷㅇㅂㄱㅎㄱ",
        "type": "명사",
        "mean": "네덜란드 독립 전쟁 후, 북부의 7개 주(州)가 독립을 선언하여 1648년에 베스트팔렌 조약으로 국제적 승인을 받은 공화국. 17세기 중엽에 전성기를 이루었으나, 18세기 후반 프랑스군의 침입으로 붕괴하였다."
    },
    "네덜란드전쟁": {
        "word": "네덜란드전쟁",
        "chosung": "ㄴㄷㄹㄷㅈㅈ",
        "type": "명사",
        "mean": "프랑스의 루이 십사세가 일으킨 침략 전쟁. 1667년에 루이 십사세는 에스파냐에 대한 상속권을 구실로 에스파냐령 네덜란드를 침략하였으나 네덜란드, 영국, 스웨덴의 항의로 1668년에 중지하였다."
    },
    "네덜란드침략전쟁": {
        "word": "네덜란드침략전쟁",
        "chosung": "ㄴㄷㄹㄷㅊㄹㅈㅈ",
        "type": "명사",
        "mean": "1672년에 프랑스의 루이 십사세가 영국, 스웨덴 등과 동맹하여 네덜란드에 침입하여 벌인 전쟁. 총독 빌렘 삼세가 프로이센, 오스트리아, 에스파냐와 결탁하여 루이 십사세를 고립시켜 1678년에 전쟁을 종결하고 네이메겐 강화를 체결하였다."
    },
    "네델란드부르죠아혁명": {
        "word": "네델란드부르죠아혁명",
        "chosung": "ㄴㄷㄹㄷㅂㄹㅈㅇㅎㅁ",
        "type": "명사",
        "mean": "1566년에서 1609년 사이에 네덜란드에서 에스파냐에 반대하는 민족 해방 운동과 반봉건 투쟁이 결합되어 일어난 부르주아 혁명 운동. 유럽 지역 부르주아 혁명의 선구적 역할을 하였다. ※네덜란드 부르주아 혁명."
    },
    "네동": {
        "word": "네동",
        "chosung": "ㄴㄷ",
        "type": "부사",
        "mean": "［방언］'기껏'의 방언(전남)."
    },
    "네동가리": {
        "word": "네동가리",
        "chosung": "ㄴㄷㄱㄹ",
        "type": "명사",
        "mean": "실꼬리돔과의 바닷물고기. 몸의 길이는 30cm 정도이며, 등 쪽이 연한 홍색이고 옆구리에는 진한 홍색 가로띠가 네 줄 있으며 지느러미는 모두 누런색이다. 입은 작고 양 턱에만 작은 이빨이 있다. 한국, 일본, 말레이 제도 등지에 분포한다. (Scolopsis inermis)"
    },
    "네딤": {
        "word": "네딤",
        "chosung": "ㄴㄷ",
        "type": "명사",
        "mean": "오스만 제국 시대의 대표적인 시인(?~?). 페르시아 어가 아닌 순수한 터키 어로 시를 썼다."
    },
    "네뚜리": {
        "word": "네뚜리",
        "chosung": "ㄴㄸㄹ",
        "type": "명사",
        "mean": "사람이나 물건 따위를 대수롭지 않게 여김."
    },
    "네레우스": {
        "word": "네레우스",
        "chosung": "ㄴㄹㅇㅅ",
        "type": "명사",
        "mean": "그리스 신화에 나오는 바다의 신. 특히 에게 해의 신으로, 호메로스가 '바다의 노옹(老翁)'이라고 불렀다."
    },
    "네로": {
        "word": "네로",
        "chosung": "ㄴㄹ",
        "type": "명사",
        "mean": "로마의 제5대 황제(37~68). 초기에는 선정(善政)을 베풀었으나, 차츰 측근의 유능한 인재를 살해하고 기독교도를 학살하는 등 공포 정치를 하였다. 재위 기간은 54~68년이다."
    },
    "네로형": {
        "word": "네로형",
        "chosung": "ㄴㄹㅎ",
        "type": "명사",
        "mean": "［북한어］로마의 황제 네로처럼 난폭한 행위를 일삼는 사람이나 그런 무리를 속되게 이르는 말."
    },
    "네롤": {
        "word": "네롤",
        "chosung": "ㄴㄹ",
        "type": "명사",
        "mean": "［북한어］국화과 식물에 들어 있는 장미 냄새를 가진 물질. 무색의 액체로, 향료를 만드는 원료로 쓴다."
    },
    "네롤리유": {
        "word": "네롤리유",
        "chosung": "ㄴㄹㄹㅇ",
        "type": "명사",
        "mean": "=등화유."
    },
    "네루": {
        "word": "네루",
        "chosung": "ㄴㄹ",
        "type": "명사",
        "mean": "인도의 정치가(1889~1964). 간디의 지도 아래 독립 운동을 전개하였으며, 1947년에 독립한 후 사망할 때까지 수상을 지냈다."
    },
    "네루다": {
        "word": "네루다",
        "chosung": "ㄴㄹㄷ",
        "type": "명사",
        "mean": "칠레의 시인(1904~1973). 초현실주의적인 경향의 시를 썼으며, 1971년에 노벨 문학상을 받았다. 작품에 , 따위가 있다."
    },
    "네르갈": {
        "word": "네르갈",
        "chosung": "ㄴㄹㄱ",
        "type": "명사",
        "mean": "고대 바빌로니아의 신. 사자(死者)·역병·파괴의 신으로, 저승의 여신 에레슈키갈(Ereshkigal)을 쳐서 그녀를 왕비로 삼고 저승의 왕이 되었다. 사자(獅子)를 상징으로 삼았다."
    },
    "네르바": {
        "word": "네르바",
        "chosung": "ㄴㄹㅂ",
        "type": "명사",
        "mean": "로마의 황제(30~98). 원로원의 추대로 황제에 즉위하여, 원로원과 협조하여 선정을 베풀었으며, 오현제(五賢帝) 시대를 열었다. 재위 기간은 96~98년이다."
    },
    "네르발": {
        "word": "네르발",
        "chosung": "ㄴㄹㅂ",
        "type": "명사",
        "mean": "프랑스의 시인(1808~1855). 꿈과 현실이 뒤섞인 환상적인 작품으로 현대 문학에 큰 영향을 주었다. 시집에 이 있다."
    },
    "네르보": {
        "word": "네르보",
        "chosung": "ㄴㄹㅂ",
        "type": "명사",
        "mean": "멕시코의 시인(1870~1919). 멕시코의 근대시 성립에 공헌하였으며, 감각적인 시에서 투명하고 영적(靈的)인 시로 옮아갔다. 작품에 , 《고요함》따위가 있다."
    },
    "네르친스크": {
        "word": "네르친스크",
        "chosung": "ㄴㄹㅊㅅㅋ",
        "type": "명사",
        "mean": "러시아의 시베리아 동남부에 있는 도시. 식품 가공, 기계 수리 따위의 공업이 발달하였다. 1689년에 네르친스크 조약이 체결된 곳이다."
    },
    "네르친스크조약": {
        "word": "네르친스크조약",
        "chosung": "ㄴㄹㅊㅅㅋㅈㅇ",
        "type": "명사",
        "mean": "1689년에 네르친스크에서 청나라와 러시아가 체결한 국경 확정 조약. 스타노보이 산맥과 아르군 강으로 국경을 정했다."
    },
    "네르투스": {
        "word": "네르투스",
        "chosung": "ㄴㄹㅌㅅ",
        "type": "명사",
        "mean": "게르만 신화에 나오는 대지와 풍요의 여신. 발트 해 연안의 7부족 사이에서 숭배되었다고 한다."
    },
    "네른스트": {
        "word": "네른스트",
        "chosung": "ㄴㄹㅅㅌ",
        "type": "명사",
        "mean": "독일의 물리 화학자(1864~1941). 네른스트 전등을 발명하였으며 열역학 연구로 1920년에 노벨 화학상을 받았다."
    },
    "네른스트등": {
        "word": "네른스트등",
        "chosung": "ㄴㄹㅅㅌㄷ",
        "type": "명사",
        "mean": "'네른스트 전등'의 북한어."
    },
    "네른스트전등": {
        "word": "네른스트전등",
        "chosung": "ㄴㄹㅅㅌㅈㄷ",
        "type": "명사",
        "mean": "이산화지르코늄을 필라멘트로 한 전등. 독일의 물리학자 네른스트가 발명하였다."
    },
    "네리네": {
        "word": "네리네",
        "chosung": "ㄴㄹㄴ",
        "type": "명사",
        "mean": "석산과의 구근초(球根草). 남아프리카가 원산지로 몇 종(種)을 교배하여 만든 원예종이다. 흰색, 노란색, 분홍색 꽃이 핀다. 반내한성(半耐寒性)이므로 따뜻한 지역에서 자라며 그 외의 지역에서는 온실에서 재배한다. (Nerine hybrida)"
    },
    "네마토다": {
        "word": "네마토다",
        "chosung": "ㄴㅁㅌㄷ",
        "type": "명사",
        "mean": "=선형동물."
    },
    "네만강": {
        "word": "네만강",
        "chosung": "ㄴㅁㄱ",
        "type": "명사",
        "mean": "벨로루시의 민스크 남서쪽에서 시작하여 발트 해로 흘러 들어가는 강. 길이는 937km."
    },
    "네맞장": {
        "word": "네맞장",
        "chosung": "ㄴㅁㅈ",
        "type": "명사",
        "mean": "［북한어］네 사람이 우연히 마주쳐 만나는 것."
    },
    "네메시스": {
        "word": "네메시스",
        "chosung": "ㄴㅁㅅㅅ",
        "type": "명사",
        "mean": "그리스 신화에 나오는 율법(律法)의 여신. 절도(節度)와 복수를 관장하고 인간에게 행복과 불행을 분배한다고 한다."
    },
    "네메아의사자": {
        "word": "네메아의사자",
        "chosung": "ㄴㅁㅇㅇㅅㅈ",
        "type": "명사",
        "mean": "그리스 신화에 나오는 불사신의 사자. 칼도 들어가지 않고 화살도 뚫을 수 없었으나, 헤라클레스가 몽둥이로 때린 후 목을 졸라 죽였다."
    },
    "네모": {
        "word": "네모",
        "chosung": "ㄴㅁ",
        "type": "명사",
        "mean": "=사각형."
    },
    "네모고리풍": {
        "word": "네모고리풍",
        "chosung": "ㄴㅁㄱㄹㅍ",
        "type": "명사",
        "mean": "［북한어］천막의 하나. 같은 길이의 기둥을 네 곳에 세우고 그 위에 풍을 씌운 다음 밖으로 풍 천장에 달린 고리를 나뭇가지에 높이 매단다."
    },
    "네모골": {
        "word": "네모골",
        "chosung": "ㄴㅁㄱ",
        "type": "명사",
        "mean": "사초과의 여러해살이풀. 줄기는 높이가 40cm 정도이고 바른 네모꼴이며, 잎은 없다. 7~8월에 꽃이 피고 열매는 수과(瘦果)로 9월에 익는다. 들의 습지에서 자라는데 우리나라 각지에 분포한다. (Eleocharis wichurai)"
    },
    "네모글자": {
        "word": "네모글자",
        "chosung": "ㄴㅁㄱㅈ",
        "type": "명사",
        "mean": "［북한어］=넓적글자."
    },
    "네모기둥": {
        "word": "네모기둥",
        "chosung": "ㄴㅁㄱㄷ",
        "type": "명사",
        "mean": "=사각기둥."
    },
    "네모기둥꼴": {
        "word": "네모기둥꼴",
        "chosung": "ㄴㅁㄱㄷㄲ",
        "type": "명사",
        "mean": "=사각기둥형."
    },
    "네모꼴": {
        "word": "네모꼴",
        "chosung": "ㄴㅁㄲ",
        "type": "명사",
        "mean": "네모가 진 모양."
    },
    "네모나다": {
        "word": "네모나다",
        "chosung": "ㄴㅁㄴㄷ",
        "type": "형용사",
        "mean": "모양이 네모꼴로 되어 있다."
    },
    "네모눈바다지렁이": {
        "word": "네모눈바다지렁이",
        "chosung": "ㄴㅁㄴㅂㄷㅈㄹㅇ",
        "type": "명사",
        "mean": "갯지렁이의 하나. 입앞마디는 작고 입둘레마디와 합쳐졌거나 구분이 안 된다. 네 개의 눈은 사각형을 이룬다."
    },
    "네모도끼": {
        "word": "네모도끼",
        "chosung": "ㄴㅁㄷㄲ",
        "type": "명사",
        "mean": "자른 면이 네모꼴로 된 도끼. 주로 청동기 시대 초기의 유물로 발견되었다. ≒사각석부·사릉석부."
    },
    "네모무덤": {
        "word": "네모무덤",
        "chosung": "ㄴㅁㅁㄷ",
        "type": "명사",
        "mean": "고분의 한 형태로, 봉토의 평면이 네모꼴로 된 무덤. ≒방분(方墳)·방형분."
    },
    "네모반듯": {
        "word": "네모반듯",
        "chosung": "ㄴㅁㅂㄷ",
        "type": "명사",
        "mean": "'네모반듯하다'의 어근."
    },
    "네모별말": {
        "word": "네모별말",
        "chosung": "ㄴㅁㅂㅁ",
        "type": "명사",
        "mean": "별말과의 조류(藻類). 몸은 세포들이 한 줄로 길게 이어진 한 오라기 실 모양이며, 풀색이다. 세포는 너비와 길이가 거의 같아서 정사각형에 가까운데 두 개의 별 모양 엽록체를 가진다. 홀씨는 원통형의 넓은 타원형으로 여물면 세포 안에 꽉 들어차고 홀씨주머니 막 가운데 층은 남색에 가깝다. 고여 있는 민물에서 자란다."
    },
    "네모보리": {
        "word": "네모보리",
        "chosung": "ㄴㅁㅂㄹ",
        "type": "명사",
        "mean": "［북한어］'늘보리'의 북한어."
    },
    "네모비늘바다지렁이": {
        "word": "네모비늘바다지렁이",
        "chosung": "ㄴㅁㅂㄴㅂㄷㅈㄹㅇ",
        "type": "명사",
        "mean": "갯지렁이의 하나. 몸은 거의 원통형이고 많은 마디로 되어 있다. 입앞마디는 사각형이고 등비늘의 뒤 가장자리에는 깃 모양의 돌기가 있다. 우리나라에 서식한다."
    },
    "네모뿔": {
        "word": "네모뿔",
        "chosung": "ㄴㅁㅃ",
        "type": "명사",
        "mean": "=사각뿔."
    },
    "네모뿔대": {
        "word": "네모뿔대",
        "chosung": "ㄴㅁㅃㄷ",
        "type": "명사",
        "mean": "=사각뿔대."
    },
    "네모서까래": {
        "word": "네모서까래",
        "chosung": "ㄴㅁㅅㄲㄹ",
        "type": "명사",
        "mean": "=방연(方椽)."
    },
    "네모송곳": {
        "word": "네모송곳",
        "chosung": "ㄴㅁㅅㄱ",
        "type": "명사",
        "mean": "끝이 사각뿔 모양으로 된, 둘레가 네모진 송곳."
    },
    "네모싸그쟁이": {
        "word": "네모싸그쟁이",
        "chosung": "ㄴㅁㅆㄱㅈㅇ",
        "type": "명사",
        "mean": "새뱅잇과 민물 새우의 하나. 머리에서 껍데기까지의 등 가장자리는 둥근 활 모양 등의 돌기가 있고 배 가장자리의 뒤쪽 구석에는 톱날 모양인 두 개의 큰 돌기가 있다. 껍데기 겉면은 그물코 모양의 무늬를 이루고 배 가장자리에 잔털이 줄지어 있다. 물풀이 많은 얕은 호수와 늪, 못 따위에 널리 분포한다."
    },
    "네모얼레": {
        "word": "네모얼레",
        "chosung": "ㄴㅁㅇㄹ",
        "type": "명사",
        "mean": "모서리가 넷인 얼레."
    },
    "네모연": {
        "word": "네모연",
        "chosung": "ㄴㅁㅇ",
        "type": "명사",
        "mean": "［북한어］ '방패연'의 북한어."
    },
    "네모접시": {
        "word": "네모접시",
        "chosung": "ㄴㅁㅈㅅ",
        "type": "명사",
        "mean": "네모난 접시. ≒사각완."
    },
    "네모줄칸": {
        "word": "네모줄칸",
        "chosung": "ㄴㅁㅈㅋ",
        "type": "명사",
        "mean": "［북한어］네모가 지게 가로와 세로로 그은 줄 칸."
    },
    "네모지다": {
        "word": "네모지다",
        "chosung": "ㄴㅁㅈㄷ",
        "type": "저",
        "mean": "), -지니〕［형용사］물체의 각이 네모로 되어 있다."
    },
    "네모찌": {
        "word": "네모찌",
        "chosung": "ㄴㅁㅉ",
        "type": "명사",
        "mean": "네모가 나도록 쪼갠 재목."
    },
    "네모파": {
        "word": "네모파",
        "chosung": "ㄴㅁㅍ",
        "type": "명사",
        "mean": "파의 모양을 시간과 진폭을 두 축으로 하는 좌표 평면에 나타낼 때 네모꼴인 전자기파. ≒구형파·방형파."
    },
    "네모파폴라로그래피법": {
        "word": "네모파폴라로그래피법",
        "chosung": "ㄴㅁㅍㅍㄹㄹㄱㄹㅍㅂ",
        "type": "명사",
        "mean": "직류 전압에 진폭이 작은 네모파 교류 전압을 덧걸고 전기 분해를 할 때에 흐르는 전류 가운데서 교류 전류의 세기를 세로축으로, 직류 전압을 가로축으로 하는 전류 전압 곡선을 그리고, 그것을 해석하는 방법으로 정성(定性)·정량하는 분석법."
    },
    "네모판말": {
        "word": "네모판말",
        "chosung": "ㄴㅁㅍㅁ",
        "type": "명사",
        "mean": "네모판말과의 민물 남조류의 하나. 네 모서리를 가진 실패 모양의 세포들이 질서정연하게 이루어진 정사각형의 납작한 판 모양이다. 남빛 녹색을 띤다. 습지대의 물속이나 호수, 늪 따위의 고인 물에서 산다."
    },
    "네모풍": {
        "word": "네모풍",
        "chosung": "ㄴㅁㅍ",
        "type": "명사",
        "mean": "［북한어］천막의 하나. 천막 네 벽과 지붕의 규격을 거의 같게 만들어 나무 막대기 넷으로 칠 수 있게 되어 있다."
    },
    "네모하늘소": {
        "word": "네모하늘소",
        "chosung": "ㄴㅁㅎㄴㅅ",
        "type": "명사",
        "mean": "하늘솟과의 곤충. 몸의 길이는 1.4~1.8cm이며, 검은색이고 잿빛을 띤 황갈색 털이 촘촘히 나 있다. 앞가슴등판, 딱지날개에 검은색 무늬가 있다. 한국, 일본, 만주 등지에 분포한다. (Eutetrapha sedecimpunctata)"
    },
    "네무날": {
        "word": "네무날",
        "chosung": "ㄴㅁㄴ",
        "type": "명사",
        "mean": "1. '너무날'의 잘못. 2. ［북한어］'너무날'의 북한어."
    },
    "네무늬가지나방": {
        "word": "네무늬가지나방",
        "chosung": "ㄴㅁㄴㄱㅈㄴㅂ",
        "type": "명사",
        "mean": "자나방과의 곤충. 편 날개의 길이는 1.6~2cm이다. 몸빛은 연노란 갈색에 날개에는 갈색 점이 있고 어두운 갈색의 가로줄이 있으며 가장자리에는 연한 누런색 털이 있다. (Heterostegane hyriaria)"
    },
    "네미": {
        "word": "네미",
        "chosung": "ㄴㅁ",
        "type": "감탄사",
        "mean": "어떤 일에 대하여 몹시 못마땅할 때 욕으로 하는 말.'네 어미'가 줄어든 말."
    },
    "네미로비치단첸코": {
        "word": "네미로비치단첸코",
        "chosung": "ㄴㅁㄹㅂㅊㄷㅊㅋ",
        "type": "명사",
        "mean": "소련의 극작가·연출가(1858~1943). 1898년에 스타니슬라프스키와 함께 모스크바 예술 극장을 창립하였으며, 문학의 융합에 힘써 러시아 연극의 연출 분야에서 업적을 남겼다."
    },
    "네바강": {
        "word": "네바강",
        "chosung": "ㄴㅂㄱ",
        "type": "명사",
        "mean": "러시아 북서부에 있는 강. 라도가 호에서 시작하여 발트 해의 핀란드 만으로 흘러 들어간다. 하구의 삼각주에 상트페테르부르크가 있다. 길이는 74km."
    },
    "네바다주": {
        "word": "네바다주",
        "chosung": "ㄴㅂㄷㅈ",
        "type": "명사",
        "mean": "미국 서부에 있는 주. 광업과 방목, 관광업이 활발하다. 이혼 절차가 간단하며, 도박이 공인되어 있다. 남쪽 끝에 유명한 라스베이거스가 있다. 주도(州都)는 카슨시티, 면적은 28만 6299㎢."
    },
    "네바퀴꼬니": {
        "word": "네바퀴꼬니",
        "chosung": "ㄴㅂㅋㄲㄴ",
        "type": "명사",
        "mean": "고누의 하나. 말을 각각 네 개씩 놓고 시작하되 말은 한 칸씩 앞, 뒤, 옆으로 간다. 바퀴를 돌아서 첫 번째 만나는 말을 뗀다. 그러나 한 칸 앞에 말이 없는 경우에는 그 바퀴 길을 따라 몇 밭이고 움직여 상대편의 말을 뗄 수 있다. 바퀴를 돌 때에 자기 자리가 있으면 그 앞밭에서 멈추어야 하며 앞에 길이 막힌 곳에서는 그 자리에 말을 세워야 한다."
    },
    "네발": {
        "word": "네발",
        "chosung": "ㄴㅂ",
        "type": "명사",
        "mean": "1. 짐승이나 사물에 달린 네 개의 발."
    },
    "네발가락도롱뇽": {
        "word": "네발가락도롱뇽",
        "chosung": "ㄴㅂㄱㄹㄷㄹㄴ",
        "type": "명사",
        "mean": "도롱뇽과의 하나. 몸의 길이는 12cm 정도이며, 푸른 갈색에 등 쪽 가운데에 띠 모양의 얼룩무늬가 있고 몸 양쪽에는 검은 갈색의 세로선이 있다. 다리는 가늘고 길며 발가락은 네 개이다. 한국 북부, 만주 등지에 분포한다. ≒북쪽도롱뇽. (Salamandrella keyserlingii)"
    },
    "네발걸음": {
        "word": "네발걸음",
        "chosung": "ㄴㅂㄱㅇ",
        "type": "명사",
        "mean": "두 손으로 바닥을 짚고 기듯이 걷는 걸음."
    },
    "네발꼬니": {
        "word": "네발꼬니",
        "chosung": "ㄴㅂㄲㄴ",
        "type": "명사",
        "mean": "［북한어］'네밭고누'의 북한어."
    },
    "네발나빗과": {
        "word": "네발나빗과",
        "chosung": "ㄴㅂㄴㅂㄱ",
        "type": "명사",
        "mean": "곤충강 나비목의 한 과. 몸은 중형 내지 대형이며, 몸빛은 선명하다. 우리나라에는 60여 종이 분포한다. 오색나비, 은줄표범나비, 수노랑나비, 공작나비 따위가 있다. (Nymphalidae)"
    },
    "네발뜀": {
        "word": "네발뜀",
        "chosung": "ㄴㅂㄸ",
        "type": "명사",
        "mean": "［북한어］네발짐승이 한꺼번에 네발을 들어 껑충껑충 뛰는 일."
    },
    "네발짐승": {
        "word": "네발짐승",
        "chosung": "ㄴㅂㅈㅅ",
        "type": "명사",
        "mean": "발이 넷인 짐승을 통틀어 이르는 말. ≒사족동물·사족수·사지동물."
    },
    "네방망이": {
        "word": "네방망이",
        "chosung": "ㄴㅂㅁㅇ",
        "type": "명사",
        "mean": "앞뒤로 방망이 넷을 달아 여덟 사람이 메는 상여."
    },
    "네밭고누": {
        "word": "네밭고누",
        "chosung": "ㄴㅂㄱㄴ",
        "type": "명사",
        "mean": "가로세로 넉 줄을 그은 말밭에서 각자가 말을 넷씩 가지고 두는 고누. ≒네줄고누."
    },
    "네번치기": {
        "word": "네번치기",
        "chosung": "ㄴㅂㅊㄱ",
        "type": "명사",
        "mean": "［북한어］'오버타임'의 북한어."
    },
    "네벌상투": {
        "word": "네벌상투",
        "chosung": "ㄴㅂㅅㅌ",
        "type": "명사",
        "mean": "고를 네 번 넘겨서 짜는 상투."
    },
    "네베로프": {
        "word": "네베로프",
        "chosung": "ㄴㅂㄹㅍ",
        "type": "명사",
        "mean": "소련의 소설가(1886~1923). 작품에 , 따위가 있다."
    },
    "네부치다": {
        "word": "네부치다",
        "chosung": "ㄴㅂㅊㄷ",
        "type": "동사",
        "mean": "［방언］'떨어뜨리다'의 방언(전남)."
    },
    "네부카드네자르이세": {
        "word": "네부카드네자르이세",
        "chosung": "ㄴㅂㅋㄷㄴㅈㄹㅇㅅ",
        "type": "명사",
        "mean": "신바빌로니아의 제2대 왕(?B.C.630~ B.C.562). 시리아를 빼앗아, 예루살렘을 함락하고 유대 왕국을 정복하였다. 바벨탑을 재건하는 등 왕국의 전성기를 이루었다. 재위 기간은 기원전 604~기원전 562년이다."
    },
    "네뷸라이저": {
        "word": "네뷸라이저",
        "chosung": "ㄴㅂㄹㅇㅈ",
        "type": "명사",
        "mean": "물이나 약물을 안개 모양으로 바꾸어 기도(氣道) 안에 습기를 가하거나 약물을 투여하는 데 쓰는 흡입 기구."
    },
    "네뷸러": {
        "word": "네뷸러",
        "chosung": "ㄴㅂㄹ",
        "type": "명사",
        "mean": "=성운(星雲)."
    },
    "네브래스카주": {
        "word": "네브래스카주",
        "chosung": "ㄴㅂㄹㅅㅋㅈ",
        "type": "명사",
        "mean": "미국 중앙부, 내륙 평야의 서부에 있는 주. 로키 산맥 동쪽 사면의 그레이트 플레인스에 있으며, 농업과 목축업이 활발하다. 주도(州都)는 링컨(Lincoln)."
    },
    "네비": {
        "word": "네비",
        "chosung": "ㄴㅂ",
        "type": "명사",
        "mean": "［방언］'여비'의 방언(평안)."
    },
    "네뿔": {
        "word": "네뿔",
        "chosung": "ㄴㅃ",
        "type": "명사",
        "mean": "'날윷'의 잘못."
    },
    "네뿔다": {
        "word": "네뿔다",
        "chosung": "ㄴㅃㄷ",
        "type": "동사",
        "mean": "［방언］'내버리다'의 방언(전남)."
    },
    "네쁘": {
        "word": "네쁘",
        "chosung": "ㄴㅃ",
        "type": "명사",
        "mean": "'네프'의 북한어."
    },
    "네사유리": {
        "word": "네사유리",
        "chosung": "ㄴㅅㅇㄹ",
        "type": "명사",
        "mean": "전기가 통하는 투명 유리. 표면에 산화주석의 엷은 막을 입힌 것으로, 텔레비전의 비디콘이나 면광원(面光源)의 전극 또는 자동차나 비행기의 방풍 유리로 쓴다. ≒전도 유리."
    },
    "네상모돌리기": {
        "word": "네상모돌리기",
        "chosung": "ㄴㅅㅁㄷㄹㄱ",
        "type": "명사",
        "mean": "상모돌리기에서, 상모를 머리 양쪽에서 네 번씩 엇바꿔 돌리는 기법."
    },
    "네소돈": {
        "word": "네소돈",
        "chosung": "ㄴㅅㄷ",
        "type": "명사",
        "mean": "멸종된 남아메리카산 유제류(有蹄類)의 하나. 몸은 맥(□)보다 크고 머리는 가늘고 길며 앞니는 거대하다. 초식성이다."
    },
    "네손닻": {
        "word": "네손닻",
        "chosung": "ㄴㅅㄷ",
        "type": "명사",
        "mean": "'네가지닻'의 북한어."
    },
    "네스메야노프": {
        "word": "네스메야노프",
        "chosung": "ㄴㅅㅁㅇㄴㅍ",
        "type": "명사",
        "mean": "소련의 화학자(1899~1980). 유기 금속 화합물, 유기 원소 화합물의 분야를 개척하여 많은 업적을 남겼다. 저서에 이 있다."
    },
    "네스토르": {
        "word": "네스토르",
        "chosung": "ㄴㅅㅌㄹ",
        "type": "명사",
        "mean": "러시아의 성직자(1056 ~1114).  편자의 한 사람이다."
    },
    "네스토리우스": {
        "word": "네스토리우스",
        "chosung": "ㄴㅅㅌㄹㅇㅅ",
        "type": "명사",
        "mean": "비잔틴 제국의 콘스탄티노플 대주교(?~451). 네스토리우스파의 시조로, 그리스도가 신성(神性)과 인성(人性)을 따로 가진다고 주장하여 431년 에페수스 종교 회의에서 이단자의 선고를 받고 추방당했다."
    },
    "네스토리우스교": {
        "word": "네스토리우스교",
        "chosung": "ㄴㅅㅌㄹㅇㅅㄱ",
        "type": "명사",
        "mean": "네스토리우스가 창시한 기독교의 한 파. 그리스도의 신성(神性)과 인성(人性)의 불일치를 주장하여 이단시되었으나 교리는 페르시아를 거쳐 인도와 중국에까지 퍼졌다. ≒네스토리우스파."
    },
    "네스토리우스파": {
        "word": "네스토리우스파",
        "chosung": "ㄴㅅㅌㄹㅇㅅㅍ",
        "type": "명사",
        "mean": "=네스토리우스교."
    },
    "네스트로이": {
        "word": "네스트로이",
        "chosung": "ㄴㅅㅌㄹㅇ",
        "type": "명사",
        "mean": "오스트리아의 희극 작가·배우(1801~1862). 서민적 감각과 기지가 넘치는 민중극으로 유명하다. 작품에 , 따위가 있다."
    },
    "네스호": {
        "word": "네스호",
        "chosung": "ㄴㅅㅎ",
        "type": "명사",
        "mean": "영국의 스코틀랜드 지방에 있는 좁고 긴 호수. 칼레도니아 운하의 일부로서, 대서양과 북해로 이어진다. 수장룡(首長龍) 비슷한 동물이 서식한다고 하나 확인된 사실은 아니다. 최대 수심은 230미터."
    },
    "네슬러관": {
        "word": "네슬러관",
        "chosung": "ㄴㅅㄹㄱ",
        "type": "명사",
        "mean": "바닥이 반듯하고 직경이 일정하며 두께가 고른 시험관 모양의 맑은 유리관. 간단한 비색(比色) 분석에 쓴다."
    },
    "네슬러시약": {
        "word": "네슬러시약",
        "chosung": "ㄴㅅㄹㅅㅇ",
        "type": "명사",
        "mean": "암모니아 및 암모늄 이온을 검출하거나 그 분량을 재는 데 쓰는 시약. 요오드화수은과 요오드화칼륨의 착화합물을 수산화칼륨 용액에 녹인 유독성 액체로, 암모늄 이온과 반응하면 주홍색으로 변하거나 적갈색의 침전물이 생긴다. 독일의 화학자 네슬러(Nessler, J.)가 만들었다."
    },
    "네쌍둥이": {
        "word": "네쌍둥이",
        "chosung": "ㄴㅆㄷㅇ",
        "type": "명사",
        "mean": " 한 어머니에게서 한꺼번에 태어난 네 아이. ≒사태자."
    },
    "네안더": {
        "word": "네안더",
        "chosung": "ㄴㅇㄷ",
        "type": "명사",
        "mean": "독일의 프로테스탄트 교회사가(敎會史家)·신학자(1789~1850). 저서에 이 있다."
    },
    "네안데르탈인": {
        "word": "네안데르탈인",
        "chosung": "ㄴㅇㄷㄹㅌㅇ",
        "type": "명사",
        "mean": "1856년 독일 네안데르탈의 석회암 동굴에서 두개골이 발견된 화석 인류. 제4빙하기에 살아 있었던 것으로 보며, 지금의 인류와 유인원의 중간 형질로 유럽 각지와 소아시아에서도 발견되었다."
    },
    "네엘온도": {
        "word": "네엘온도",
        "chosung": "ㄴㅇㅇㄷ",
        "type": "명사",
        "mean": "반강자성체가 반강자성에서 강자성으로 변할 때의 온도. 프랑스의 물리학자 네엘이 발명하였다. ≒네엘점."
    },
    "네엘점": {
        "word": "네엘점",
        "chosung": "ㄴㅇㅈ",
        "type": "명사",
        "mean": "=네엘 온도."
    },
    "네엠집": {
        "word": "네엠집",
        "chosung": "ㄴㅇㅈ",
        "type": "명사",
        "mean": "［방언］'여염집'의 방언(평안)."
    },
    "네영": {
        "word": "네영",
        "chosung": "ㄴㅇ",
        "type": "명사",
        "mean": "［방언］'이엉'의 방언(함북)."
    },
    "네오고딕": {
        "word": "네오고딕",
        "chosung": "ㄴㅇㄱㄷ",
        "type": "명사",
        "mean": "중세 고딕 양식을 새롭게 부흥시킨 예술 양식. 19세기 유럽에서 유행하였다."
    },
    "네오나치즘": {
        "word": "네오나치즘",
        "chosung": "ㄴㅇㄴㅊㅈ",
        "type": "명사",
        "mean": "제이 차 세계 대전 이후 나치즘을 신봉하고 그 부활을 도모하는 우익적인 사상. 또는 그런 운동."
    },
    "네오내오없이": {
        "word": "네오내오없이",
        "chosung": "ㄴㅇㄴㅇㅇㅇ",
        "type": "부사",
        "mean": "=너나없이."
    },
    "네오다다이즘": {
        "word": "네오다다이즘",
        "chosung": "ㄴㅇㄷㄷㅇㅈ",
        "type": "명사",
        "mean": "제이 차 세계 대전 뒤 미국에서 뉴욕을 중심으로 일어난 전위 예술 운동. 제일 차 세계 대전 후의 다다이즘을 계승한 운동으로 기존의 미적 가치를 부정하고 새로운 창조 활동을 지향하려는 움직임이었다."
    },
    "네오다위니즘": {
        "word": "네오다위니즘",
        "chosung": "ㄴㅇㄷㅇㄴㅈ",
        "type": "명사",
        "mean": "=신다윈설."
    },
    "네오디뮴": {
        "word": "네오디뮴",
        "chosung": "ㄴㅇㄷㅁ",
        "type": "명사",
        "mean": "은백색 광택이 나는 희토류(稀土類) 원소의 하나. 공기 중에서는 푸른빛을 띤 회색이 되며, 연성(延性)과 전성(展性)이 있다. 뜨거운 물과 반응하면 수소를 방출한다. 원자 기호는 Nd, 원자 번호는 60, 원자량은 144.24."
    },
    "네오라마르키즘": {
        "word": "네오라마르키즘",
        "chosung": "ㄴㅇㄹㅁㄹㅋㅈ",
        "type": "명사",
        "mean": "=신라마르크설."
    },
    "네오리얼리즘": {
        "word": "네오리얼리즘",
        "chosung": "ㄴㅇㄹㅇㄹㅈ",
        "type": "명사",
        "mean": "=신사실주의."
    },
    "네오마르크시즘": {
        "word": "네오마르크시즘",
        "chosung": "ㄴㅇㅁㄹㅋㅅㅈ",
        "type": "명사",
        "mean": "1920년대 이후 형성된 정통파 마르크스주의의 변종 형태. 이탈리아의 그람시, 헝가리의 루카치, 독일의 프랑크푸르트학파 따위가 대표적이며, 유럽의 신좌익 운동에 사상적 영향을 끼쳤다."
    },
    "네오마이신": {
        "word": "네오마이신",
        "chosung": "ㄴㅇㅁㅇㅅ",
        "type": "명사",
        "mean": "장(腸)을 수술할 때에, 세균 감염을 막기 위하여 쓰는 항생 물질. 방선균에서 얻는다. ≒프라디오마이신."
    },
    "네오머스캣": {
        "word": "네오머스캣",
        "chosung": "ㄴㅇㅁㅅㅋ",
        "type": "명사",
        "mean": "포도 품종의 하나. 둥근 황록색의 열매가 9월 하순경에 익으며 송이가 크고 굵다."
    },
    "네오멘델리즘": {
        "word": "네오멘델리즘",
        "chosung": "ㄴㅇㅁㄷㄹㅈ",
        "type": "명사",
        "mean": "세포학이 발달하면서 수정된 멘델의 유전 법칙. 유전자의 관련 및 교차 현상과 모건(Morgan, T.H.)의 염색체설, 나아가 염색체의 배분에 따르는 유전자 배치(配置)의 이상으로 새로운 형질(形質)이 나타난다고 하는 학설 따위는 모두 여기에 속한다."
    },
    "네오살바르산": {
        "word": "네오살바르산",
        "chosung": "ㄴㅇㅅㅂㄹㅅ",
        "type": "명사",
        "mean": "매독 치료에 쓰는 주사용의 비소제. 재귀열, 말라리아를 치료하는 데도 쓴다. ≒신육공육호."
    },
    "네오세라토더스": {
        "word": "네오세라토더스",
        "chosung": "ㄴㅇㅅㄹㅌㄷㅅ",
        "type": "명사",
        "mean": "오스트레일리아산의 폐어류. 몸의 길이는 2미터 정도이며, 비늘로 덮여 있다. 가슴지느러미, 배지느러미는 나뭇잎 모양이고 허파 구실을 하는 부레가 하나 있어서 흙탕물 속에서도 호흡을 한다. 퀸즐랜드 주의 하천에 산다."
    },
    "네오슈와게리나": {
        "word": "네오슈와게리나",
        "chosung": "ㄴㅇㅅㅇㄱㄹㄴ",
        "type": "명사",
        "mean": "유공충목의 고생 동물의 하나. 방추충으로 껍데기가 있고 사방으로 위족(僞足)을 뻗는다. 이첩기에 번성하였다. (Neoschwagerina)"
    },
    "네오스티그민": {
        "word": "네오스티그민",
        "chosung": "ㄴㅇㅅㅌㄱㅁ",
        "type": "명사",
        "mean": "녹내장, 소화기 장애 따위에 사용하는 부교감 신경 흥분제."
    },
    "네오이데알리슴": {
        "word": "네오이데알리슴",
        "chosung": "ㄴㅇㅇㄷㅇㄹㅅ",
        "type": "명사",
        "mean": "=신이상주의."
    },
    "네오임프레셔니즘": {
        "word": "네오임프레셔니즘",
        "chosung": "ㄴㅇㅇㅍㄹㅅㄴㅈ",
        "type": "명사",
        "mean": "=신인상주의."
    },
    "네오칼라미테스": {
        "word": "네오칼라미테스",
        "chosung": "ㄴㅇㅋㄹㅁㅌㅅ",
        "type": "명사",
        "mean": "속새류 속새목의 화석 식물. 땅위줄기의 겉에 올록볼록한 선이 번갈아 있으며, 잎은 돌려나 있다. 트라이아스기에서 쥐라기에 걸쳐 번성하였다."
    },
    "네오토미즘": {
        "word": "네오토미즘",
        "chosung": "ㄴㅇㅌㅁㅈ",
        "type": "명사",
        "mean": "토마스 아퀴나스의 학설을 부활시켜, 현대의 문제를 해명하려고 하는 가톨릭계의 철학 운동. ≒신토마스설."
    },
    "네오파시즘": {
        "word": "네오파시즘",
        "chosung": "ㄴㅇㅍㅅㅈ",
        "type": "명사",
        "mean": "제이 차 세계 대전 이후에 나타난 파시스트 정당. 또는 그 지도 아래 전개된 정치 운동. 이탈리아의 네오파시스트당의 사회 운동이 대표적이다."
    },
    "네오펜탄": {
        "word": "네오펜탄",
        "chosung": "ㄴㅇㅍㅌ",
        "type": "명사",
        "mean": "원유 또는 석유계 탄화수소의 분해유에 들어 있는 지방족 포화 탄화수소. 화학식은 (CH3)4C."
    },
    "네오프렌": {
        "word": "네오프렌",
        "chosung": "ㄴㅇㅍㄹ",
        "type": "명사",
        "mean": "클로로프렌의 중합체로 합성 고무의 하나. 천연고무보다 우수하며, 석유계(石油系)의 기름에 녹지 않는다. 도료, 접착제 외에 전선의 피복이나 호스, 패킹, 고무벨트 따위에 쓴다. 합성 고무의 상품명에서 유래한다."
    },
    "네오프로이디즘": {
        "word": "네오프로이디즘",
        "chosung": "ㄴㅇㅍㄹㅇㄷㅈ",
        "type": "명사",
        "mean": "=신프로이트파."
    },
    "네오프톨레모스": {
        "word": "네오프톨레모스",
        "chosung": "ㄴㅇㅍㅌㄹㅁㅅ",
        "type": "명사",
        "mean": "그리스 신화에 나오는 트로이 전쟁의 용사로, 아킬레우스의 아들. 트로이의 함락에 큰 공을 세웠으나, 아폴론의 노여움을 사 델포이(Delphoe)에서 피살되었다."
    },
    "네오플라스티시슴": {
        "word": "네오플라스티시슴",
        "chosung": "ㄴㅇㅍㄹㅅㅌㅅㅅ",
        "type": "명사",
        "mean": "=신조형주의."
    },
    "네오플라토니즘": {
        "word": "네오플라토니즘",
        "chosung": "ㄴㅇㅍㄹㅌㄴㅈ",
        "type": "명사",
        "mean": "=신플라톤주의."
    },
    "네오피카레스크소설": {
        "word": "네오피카레스크소설",
        "chosung": "ㄴㅇㅍㅋㄹㅅㅋㅅㅅ",
        "type": "명사",
        "mean": "1950년대에 영국에서 발생한 소설로, 모험을 하거나 낙오자의 삶을 사는 반사회적 주인공이 등장하는 소설."
    },
    "네오필리나": {
        "word": "네오필리나",
        "chosung": "ㄴㅇㅍㄹㄴ",
        "type": "명사",
        "mean": "연체동물 단판강 네오필리나과에 속하는 동물을 통틀어 이르는 말. 껍데기는 삿갓 모양이며, 5~6쌍의 아가미가 있다. 고생대 캄브리아기에서 데본기에 번성했던 동물로, 살아 있는 화석으로 불리며 약 10종이 채집된 바 있다."
    },
    "네오히드린": {
        "word": "네오히드린",
        "chosung": "ㄴㅇㅎㄷㄹ",
        "type": "명사",
        "mean": "세뇨관에서의 재흡수를 억제하여 이뇨 작용을 하는 약."
    },
    "네온": {
        "word": "네온",
        "chosung": "ㄴㅇ",
        "type": "명사",
        "mean": "대기 중에 소량으로 존재하는 가스 상태의 원소. 빛깔도 냄새도 맛도 없으며, 화학적으로 불활성이어서 화합물을 거의 이루지 않는다. 방전관에 넣으면 아름다운 색을 내므로, 네온전구 및 광고용 네온사인으로 널리 이용한다. 원자 기호는 Ne, 원자 번호는 10, 원자량은 20.183."
    },
    "네온관": {
        "word": "네온관",
        "chosung": "ㄴㅇㄱ",
        "type": "명사",
        "mean": "진공 유리관 속에 넣은 네온 가스의 글로방전으로 빛을 내는 전자관. 네온사인으로 널리 쓴다. ≒네온 방전관."
    },
    "네온관등": {
        "word": "네온관등",
        "chosung": "ㄴㅇㄱㄷ",
        "type": "명사",
        "mean": "유리 진공관에 네온을 넣어 방전시키는 전등."
    },
    "네온등": {
        "word": "네온등",
        "chosung": "ㄴㅇㄷ",
        "type": "명사",
        "mean": "=네온전구."
    },
    "네온등고기": {
        "word": "네온등고기",
        "chosung": "ㄴㅇㄷㄱㄱ",
        "type": "명사",
        "mean": "검은치마고깃과의 열대 물고기. 몸의 길이는 3~4cm이며, 푸르고 붉은 줄무늬가 네온등의 불빛처럼 선명하게 나 있다. 관상용이다."
    },
    "네온램프": {
        "word": "네온램프",
        "chosung": "ㄴㅇㄹㅍ",
        "type": "명사",
        "mean": "=네온전구."
    },
    "네온방전관": {
        "word": "네온방전관",
        "chosung": "ㄴㅇㅂㅈㄱ",
        "type": "명사",
        "mean": "=네온관."
    },
    "네온변압기": {
        "word": "네온변압기",
        "chosung": "ㄴㅇㅂㅇㄱ",
        "type": "명사",
        "mean": "네온관등을 켤 때에 사용하는 변압기. 방전 길이에 따라 적당한 것을 선정할 필요가 있으나, 보통 전압은 1만 5000볼트 이하, 단락(短絡) 전류는 50mA 이하로 정한다."
    },
    "네온사인": {
        "word": "네온사인",
        "chosung": "ㄴㅇㅅㅇ",
        "type": "명사",
        "mean": "유리를 필요한 모양대로 구부리고 전극을 삽입한 네온관을 만들어서 여러 가지 빛을 내도록 하는 장치. 광고나 장식용으로 널리 쓴다. '네온등', '네온 광고'로 순화."
    },
    "네온사인관": {
        "word": "네온사인관",
        "chosung": "ㄴㅇㅅㅇㄱ",
        "type": "명사",
        "mean": "네온관을 써서 여러 가지 표시를 꾸밀 수 있는 관."
    },
    "네온싸인": {
        "word": "네온싸인",
        "chosung": "ㄴㅇㅆㅇ",
        "type": "명사",
        "mean": "'네온사인'의 북한어."
    },
    "네온전구": {
        "word": "네온전구",
        "chosung": "ㄴㅇㅈㄱ",
        "type": "명사",
        "mean": "네온을 사용한 엷은 빛을 내는 전구. 침실용이나 표시용 따위로 쓴다. ≒네온등·네온램프."
    },
    "네온테트라": {
        "word": "네온테트라",
        "chosung": "ㄴㅇㅌㅌㄹ",
        "type": "명사",
        "mean": "카라신과의 민물고기. 몸의 길이는 4cm 정도이며, 네온사인 모양으로 빛나고 색깔이 아름다워 관상용으로 기른다. 아마존 강 상류가 원산지이다. (Paracheirodom innesi)"
    },
    "네와르어": {
        "word": "네와르어",
        "chosung": "ㄴㅇㄹㅇ",
        "type": "명사",
        "mean": "티베트·버마 어족의 언어 가운데 하나. 중부 네팔에서 사용되나 네팔의 공용어인 네팔 어와는 다르다."
    },
    "네우마": {
        "word": "네우마",
        "chosung": "ㄴㅇㅁ",
        "type": "명사",
        "mean": "중세 서양의 성가 악보에 쓰던 기호. 15세기경에 완성되었으며, 근대 악보의 모체가 된다. ≒늄."
    },
    "네우트라찌드알약": {
        "word": "네우트라찌드알약",
        "chosung": "ㄴㅇㅌㄹㅉㄷㅇㅇ",
        "type": "명사",
        "mean": "위산 분비를 억제함으로써 위장병을 치료하는 알약. ※네우트라지드 알약."
    },
    "네이멍구자치구": {
        "word": "네이멍구자치구",
        "chosung": "ㄴㅇㅁㄱㅈㅊㄱ",
        "type": "명사",
        "mean": "自治區 《지명》중국 북부, 몽골 고원 동부를 차지하는 자치구. 사막도 있지만 대부분이 초원으로 농업, 목축업이 중심을 이룬다. 임산 자원이 풍부하며, 금·철·석탄·소금 따위가 난다. 구도(區都)는 후허하오터(呼和活特). 면적은 118만 3000㎢."
    },
    "네이메겐": {
        "word": "네이메겐",
        "chosung": "ㄴㅇㅁㄱ",
        "type": "명사",
        "mean": "네덜란드 남동부에 있는 도시. 상업이 활발하며 철도 교통의 요지이다. 식품 가공·섬유·담배 따위의 공업이 발달하였으며, 세기의 교회·가톨릭 대학 따위가 있다."
    },
    "네이메겐강화": {
        "word": "네이메겐강화",
        "chosung": "ㄴㅇㅁㄱㄱㅎ",
        "type": "명사",
        "mean": "네덜란드 전쟁의 결과로 1678년부터 1679년까지 프랑스와 네덜란드 사이에 맺어진 조약. 이 조약으로 네덜란드는 전 영토를 수복하였고, 프랑스는 약간의 에스파냐령을 얻으면서 네덜란드에 대한 고율(高率)의 관세를 낮추었다."
    },
    "네이블오렌지": {
        "word": "네이블오렌지",
        "chosung": "ㄴㅇㅂㅇㄹㅈ",
        "type": "명사",
        "mean": "오렌지의 한 변종. 선명한 붉은색이고 배꼽이 두드러진 것이 특징이다. 맛이 달고 씨가 없다. 브라질이 원산지이다. ≒양귤(洋橘). (Itrus sinensis var. brasiliensis)"
    },
    "네이비더블펀치": {
        "word": "네이비더블펀치",
        "chosung": "ㄴㅇㅂㄷㅂㅍㅊ",
        "type": "명사",
        "mean": "navy double punch 권투의 공격 기술 가운데 하나. 계속해서 왼쪽 주먹으로는 상대편의 얼굴을 치고, 오른쪽 주먹으로는 훅(hook)을 넣는다."
    },
    "네이비블루": {
        "word": "네이비블루",
        "chosung": "ㄴㅇㅂㅂㄹ",
        "type": "명사",
        "mean": "1. 영국 해군 제복의 빛깔과 같이 검은빛을 많이 띤 파랑. 2. 해군 수병을 이르는 말."
    },
    "네이샤부르": {
        "word": "네이샤부르",
        "chosung": "ㄴㅇㅅㅂㄹ",
        "type": "명사",
        "mean": "'니샤푸르'의 다른 이름."
    },
    "네이선": {
        "word": "네이선",
        "chosung": "ㄴㅇㅅ",
        "type": "명사",
        "mean": "미국의 소설가(1894~1985). 환상적이고 목가적인 작품을 썼으며, 작품에 이 있다."
    },
    "네이즈미스": {
        "word": "네이즈미스",
        "chosung": "ㄴㅇㅈㅁㅅ",
        "type": "명사",
        "mean": "영국의 기술자(1808~1890). 증기 해머를 발명하였고, 저서에 가 있다."
    },
    "네이즈비전투": {
        "word": "네이즈비전투",
        "chosung": "ㄴㅇㅈㅂㅈㅌ",
        "type": "명사",
        "mean": "청교도 혁명 중인 1645년에, 중부 잉글랜드의 네이즈비에서 의회군이 국왕군에게 결정적인 승리를 거둔 싸움. 크롬웰이 편성한 신식 군대가 크게 활약하였다."
    },
    "네이팜": {
        "word": "네이팜",
        "chosung": "ㄴㅇㅍ",
        "type": "명사",
        "mean": "올레산, 나프텐산, 야자 지방산이 혼합된 알루미늄 비누. 휘발유와 반죽하여 소이탄, 불꽃탄 같은 화염성 폭약과 젤리화제(jelly化劑)의 원료로 쓴다."
    },
    "네이팜탄": {
        "word": "네이팜탄",
        "chosung": "ㄴㅇㅍㅌ",
        "type": "명사",
        "mean": "=네이팜 폭탄."
    },
    "네이팜폭탄": {
        "word": "네이팜폭탄",
        "chosung": "ㄴㅇㅍㅍㅌ",
        "type": "명사",
        "mean": "네이팜에 휘발유 따위를 섞어 만든 유지 소이탄. 투하하면 공중에서 터지면서 네이팜에 불이 붙어 땅에 흩어지는데 3,000℃의 고온을 내며 지름 30미터의 불바다를 이룬다. ≒네이팜탄."
    },
    "네이피어": {
        "word": "네이피어",
        "chosung": "ㄴㅇㅍㅇ",
        "type": "명사",
        "mean": "뉴질랜드의 북도(北島) 동쪽 해안에 있는 항구 도시. 휴양지로서 뉴질랜드의 '리비에라'라고도 한다. 농업 및 목축 지대로 양모 교역의 중심지이며, 모직물·담배·비료 공장·양조장·수산업 따위가 발달되어 있다."
    },
    "네잎갈퀴": {
        "word": "네잎갈퀴",
        "chosung": "ㄴㅇㄱㅋ",
        "type": "명사",
        "mean": "콩과의 여러해살이풀. 높이는 30~80cm이며, 잎은 깃모양 겹잎이다. 6~8월에 붉은 자주색 꽃이 총상(總狀) 꽃차례로 피고 어린잎은 식용한다. 산기슭이나 바닷가 근처의 풀밭에서 자라는데 한국, 일본, 중국 등지에 분포한다. ≒네잎갈퀴덩굴. (Vicia nipponica)"
    },
    "네잎갈퀴덩굴": {
        "word": "네잎갈퀴덩굴",
        "chosung": "ㄴㅇㄱㅋㄷㄱ",
        "type": "명사",
        "mean": "=네잎갈퀴."
    },
    "네잎꽃": {
        "word": "네잎꽃",
        "chosung": "ㄴㅇㄲ",
        "type": "명사",
        "mean": "《식물》꽃잎이 네 개로 된 꽃. 주로 십자화과 식물의 꽃으로 무의 꽃, 배추의 꽃 따위이다. ≒사판화."
    },
    "네잎말굴레풀": {
        "word": "네잎말굴레풀",
        "chosung": "ㄴㅇㅁㄱㄹㅍ",
        "type": "명사",
        "mean": "'네잎갈퀴'의 북한어."
    },
    "네장": {
        "word": "네장",
        "chosung": "ㄴㅈ",
        "type": "명사",
        "mean": "［방언］'채단'의 방언(평북)."
    },
    "네절로": {
        "word": "네절로",
        "chosung": "ㄴㅈㄹ",
        "type": "부사",
        "mean": "네 스스로."
    },
    "네점박이노린재": {
        "word": "네점박이노린재",
        "chosung": "ㄴㅈㅂㅇㄴㄹㅈ",
        "type": "명사",
        "mean": "노린잿과의 곤충. 몸의 길이는 1.4cm 정도이며, 대체로 검은 갈색이며 검은색 점무늬가 빽빽하게 나 있다. 앞가슴등의 양쪽 옆 가두리는 톱니가, 앞 가두리에는 누런색의 점무늬가 있다. 한국, 일본, 시베리아 등지에 분포한다. (Homalogonia obtusa)"
    },
    "네제곱": {
        "word": "네제곱",
        "chosung": "ㄴㅈㄱ",
        "type": "명사",
        "mean": "《수학》같은 수를 네 번 곱함. 또는 그렇게 하여 얻은 수. ≒사승(四乘)."
    },
    "네제곱근": {
        "word": "네제곱근",
        "chosung": "ㄴㅈㄱㄱ",
        "type": "명사",
        "mean": "어떤 수 a를 네 번 곱하여 x가 되었을 때에, a를 x에 대하여 이르는 말. ≒사승근."
    },
    "네좃멍에": {
        "word": "네좃멍에",
        "chosung": "ㄴㅈㅁㅇ",
        "type": "명사",
        "mean": "［방언］떼의 뒤쪽에 가로 박아 메운 나무(제주)."
    },
    "네줄고기": {
        "word": "네줄고기",
        "chosung": "ㄴㅈㄱㄱ",
        "type": "명사",
        "mean": "날개줄고깃과의 바닷물고기. 몸의 길이는 35cm 정도이고 가늘고 길며 옆으로 납작하다. 등은 엷은 누런 회색이고 옆쪽에 누런 갈색 얼룩무늬가 흩어져 있다. 한대성어로 한국 동해 북부 및 일본, 오호츠크 해, 베링 해 등지에 분포한다. (Percis japonica)"
    },
    "네줄고누": {
        "word": "네줄고누",
        "chosung": "ㄴㅈㄱㄴ",
        "type": "명사",
        "mean": "=네밭고누."
    },
    "네줄꼬니": {
        "word": "네줄꼬니",
        "chosung": "ㄴㅈㄲㄴ",
        "type": "명사",
        "mean": "［북한어］고누의 하나. 한편이 말을 여섯 개씩 가지고 하되 말을 한 발씩 움직여 나가면서 자기편 말 두 개가 나란히 놓이고 상대편의 말이 바로 옆에 있게 되면 그 말을 죽은 것으로 하고 뗀다."
    },
    "네줄도마뱀": {
        "word": "네줄도마뱀",
        "chosung": "ㄴㅈㄷㅁㅂ",
        "type": "명사",
        "mean": "=아무르장지뱀."
    },
    "네줄박이좀꽃등에": {
        "word": "네줄박이좀꽃등에",
        "chosung": "ㄴㅈㅂㅇㅈㄲㄷㅇ",
        "type": "명사",
        "mean": "꽃등엣과의 곤충. 몸의 길이는 6mm 정도이며, 구릿빛이다. 가슴과 배 가운데에 흰 잿빛 가루로 된 짧은 두 도막의 세로띠가 있다. (Paragus quadrifasciatus)"
    },
    "네줄범하늘소": {
        "word": "네줄범하늘소",
        "chosung": "ㄴㅈㅂㅎㄴㅅ",
        "type": "명사",
        "mean": "하늘솟과의 곤충. 몸의 길이는 1.6~2cm이며, 검은 갈색이다. 머리, 앞가슴, 딱지날개는 황금색 털로 덮여 있다. 딱지날개에는 검은 갈색의 가로띠가 있다. 한국, 일본 등지에 분포한다. (Chlorophorus quinquefasciatus)"
    },
    "네줄벤자리": {
        "word": "네줄벤자리",
        "chosung": "ㄴㅈㅂㅈㄹ",
        "type": "명사",
        "mean": "살벤자릿과의 바닷물고기. 몸의 길이는 20cm 정도이고 방추형이며, 옅은 청색 바탕에 배 쪽은 은빛이 도는 백색이다. 어릴 때에는 옆쪽에 3~4줄의 검은색 세로띠가 있다. 한국, 일본, 대만, 인도 등지에 분포한다. (Terapon theraps)"
    },
    "네즈발": {
        "word": "네즈발",
        "chosung": "ㄴㅈㅂ",
        "type": "명사",
        "mean": "체코슬로바키아의 시인(1900~1958). 초현실주의 시인으로 작품에 시집 《에디슨》, , 《고향》 따위가 있다."
    },
    "네지드주": {
        "word": "네지드주",
        "chosung": "ㄴㅈㄷㅈ",
        "type": "명사",
        "mean": "사우디아라비아의 중앙부에 있는 주. 나지드 주(Najd州)라고도 한다. 대부분이 사막이며, 해발 800~1,600미터의 고원이다. 오아시스 농업이 발달하였으며 목축이 활발하다. 주도(州都)는 리야드, 면적은 120만 ㎢."
    },
    "네짜": {
        "word": "네짜",
        "chosung": "ㄴㅉ",
        "type": "수사",
        "mean": "［옛말］ '넷째'의 옛말."
    },
    "네째": {
        "word": "네째",
        "chosung": "ㄴㅉ",
        "type": "수사",
        "mean": "［관형사］［명사］'넷째'의 잘못."
    },
    "네쪽매듭": {
        "word": "네쪽매듭",
        "chosung": "ㄴㅉㅁㄷ",
        "type": "명사",
        "mean": "《수공》매듭의 기본형의 하나."
    },
    "네차": {
        "word": "네차",
        "chosung": "ㄴㅊ",
        "type": "수사",
        "mean": "［옛말］ '넷째'의 옛말."
    },
    "네차예프": {
        "word": "네차예프",
        "chosung": "ㄴㅊㅇㅍ",
        "type": "명사",
        "mean": "제정 러시아의 혁명가(1847~1882). 직업 혁명가당의 조직을 꾀하는 등 극단적인 혁명 운동을 주장하였다. 동지를 살해하고 망명하였으나, 뒤에 체포되어 옥사하였다. 도스토예프스키의 소설 은 이 사건을 취재한 것이다."
    },
    "네차히": {
        "word": "네차히",
        "chosung": "ㄴㅊㅎ",
        "type": "수사",
        "mean": "［옛말］'넷째'의 옛말."
    },
    "네치각": {
        "word": "네치각",
        "chosung": "ㄴㅊㄱ",
        "type": "명사",
        "mean": "네 치 너비로 네모지게 만든 재목."
    },
    "네카어강": {
        "word": "네카어강",
        "chosung": "ㄴㅋㅇㄱ",
        "type": "명사",
        "mean": "독일 서부의 슈바르츠발트 부근에서 시작하여 라인 강으로 흐르는 강. 플로힝겐까지 운하가 만들어져 1,000톤 무게의 배들도 다닐 수 있다. 길이는 377km."
    },
    "네커치프": {
        "word": "네커치프",
        "chosung": "ㄴㅋㅊㅍ",
        "type": "명사",
        "mean": "장식이나 보온을 위하여 목에 두르는 정사각형의 얇은 천."
    },
    "네케르": {
        "word": "네케르",
        "chosung": "ㄴㅋㄹ",
        "type": "명사",
        "mean": "프랑스의 정치가·은행가(1732~1804). 루이 십육세의 재무 총감(財務總監)이 되어 재정의 개선에 힘썼으나 귀족의 반대로 실패하여, 프랑스 혁명을 재촉하는 결과를 초래하였다."
    },
    "네코이세": {
        "word": "네코이세",
        "chosung": "ㄴㅋㅇㅅ",
        "type": "명사",
        "mean": "고대 이집트 왕조의 제26대 왕(?~?). 기원전 605년 카르케미시 싸움에서 패하여 시리아를 잃었다. 홍해(紅海)와 나일 강을 연결하는 운하를 만들 계획이었으나 이루지 못하였다. 재위 기간은 기원전 610~기원전 595년이다."
    },
    "네크라소프": {
        "word": "네크라소프",
        "chosung": "ㄴㅋㄹㅅㅍ",
        "type": "명사",
        "mean": "제정 러시아의 시인(1821~1878). 혁명적 민주주의 잡지 《동시대인》, 를 주재하면서 농민들의 운명을 노래한 시를 지어 농노 해방에 선구적인 역할을 하였다. 작품에 , 따위가 있다."
    },
    "네크라인": {
        "word": "네크라인",
        "chosung": "ㄴㅋㄹㅇ",
        "type": "명사",
        "mean": "옷의 목둘레를 에워싸는 선. 선의 모양은 얼굴의 형태, 목의 길이에 따라 영향을 받는다. '목둘레선'으로 순화."
    },
    "네크로포비아": {
        "word": "네크로포비아",
        "chosung": "ㄴㅋㄹㅍㅂㅇ",
        "type": "명사",
        "mean": "극단적으로 죽음을 두려워하는 정신병. 특히, 사람의 시체와 같은 죽은 것들에 대하여 비합리적인 공포를 느끼게 된다. ≒공사증."
    },
    "네큰하다": {
        "word": "네큰하다",
        "chosung": "ㄴㅋㅎㄷ",
        "type": "형용사",
        "mean": "［방언］'느른하다'의 방언(제주)."
    },
    "네트": {
        "word": "네트",
        "chosung": "ㄴㅌ",
        "type": "명사",
        "mean": "1. 배구·탁구·테니스·배드민턴 따위에서, 코트 중앙에 수직으로 가로질러, 양쪽 편을 구분하는 그물. 2. 축구·핸드볼·아이스 하키 따위에서, 골문 뒤쪽에 치는 그물. '그물'로 순화. 3. 골프에서, 1라운드의 총타수에서 핸디캡을 뺀 수."
    },
    "네트게임": {
        "word": "네트게임",
        "chosung": "ㄴㅌㄱㅇ",
        "type": "명사",
        "mean": "net game 테니스에서, 양 선수가 네트 가까이에서 경기를 벌이는 일."
    },
    "네트맨": {
        "word": "네트맨",
        "chosung": "ㄴㅌㅁ",
        "type": "명사",
        "mean": "net man 테니스의 복식 경기에서, 네트 가까이에 있는 선수."
    },
    "네트볼": {
        "word": "네트볼",
        "chosung": "ㄴㅌㅂ",
        "type": "명사",
        "mean": "net ball 1. 배구·탁구·테니스 따위에서, 서브한 공이 네트에 닿고 반대편 코트로 넘어가는 일. 또는 그 공. 2. 야구에서, 타자가 친 공이 뒤편 네트에 닿는 일. 또는 그 공."
    },
    "네트아웃": {
        "word": "네트아웃",
        "chosung": "ㄴㅌㅇㅇ",
        "type": "명사",
        "mean": "▽net out 배구·탁구·테니스 따위에서, 공이 네트에 닿아 반대편 코트로 넘어가지 않는 일."
    },
    "네트오버": {
        "word": "네트오버",
        "chosung": "ㄴㅌㅇㅂ",
        "type": "명사",
        "mean": "▽net over =오버 네트."
    },
    "네트워크": {
        "word": "네트워크",
        "chosung": "ㄴㅌㅇㅋ",
        "type": "명사",
        "mean": "라디오나 텔레비전의 방송에서, 각 방송국을 연결하여 동시에 같은 프로그램을 방송하는 체제. '방송망', '방송 체계', '통신망'으로 순화. 2. 《컴퓨터》랜(LAN)이나 모뎀 따위의 통신 설비를 갖춘 컴퓨터를 이용하여 서로 연결시켜 주는 조직이나 체계. '통신망'으로 순화. ≒망(網)."
    },
    "네트워크가족": {
        "word": "네트워크가족",
        "chosung": "ㄴㅌㅇㅋㄱㅈ",
        "type": "명사",
        "mean": "선진국에서 급증하는 이혼이나 재혼으로 생긴 복수(複數) 핵가족."
    },
    "네트워크커뮤니티": {
        "word": "네트워크커뮤니티",
        "chosung": "ㄴㅌㅇㅋㅋㅁㄴㅌ",
        "type": "명사",
        "mean": "공동 목표나 이념을 가진 시민들이 자주적인 정보 통신 네트워크로 맺어진 기능적인 정보 공간적 커뮤니티."
    },
    "네트워크컴퓨터": {
        "word": "네트워크컴퓨터",
        "chosung": "ㄴㅌㅇㅋㅋㅍㅌ",
        "type": "명사",
        "mean": "주요 프로그램들을 공동으로 쓰는 대형 컴퓨터에 저장해 놓고 필요할 때마다 전화선이나 랜(LAN)으로 접속하여 사용하는 컴퓨터."
    },
    "네트워크화": {
        "word": "네트워크화",
        "chosung": "ㄴㅌㅇㅋㅎ",
        "type": "명사",
        "mean": "떨어져 있는 각각의 컴퓨터들을 하나의 그물망처럼 서로 연결시키는 일."
    },
    "네트인": {
        "word": "네트인",
        "chosung": "ㄴㅌㅇ",
        "type": "명사",
        "mean": "▽net in 배구·탁구·테니스 따위에서, 공이 네트에 닿고 반대편 코트로 넘어가는 일."
    },
    "네트터치": {
        "word": "네트터치",
        "chosung": "ㄴㅌㅌㅊ",
        "type": "명사",
        "mean": "net touch 배구·탁구·테니스 따위에서, 경기자의 몸의 일부나 라켓이 네트에 닿는 일. 점수를 잃는다. ≒그물닿기·터치 네트(touch net)."
    },
    "네트플레이": {
        "word": "네트플레이",
        "chosung": "ㄴㅌㅍㄹㅇ",
        "type": "명사",
        "mean": "net play 1. 테니스에서, 네트 가까이로 다가와 공을 받아치는 일. 2. 배구에서, 공이 네트에 닿게 하여 토스(toss)하는 일."
    },
    "네팔": {
        "word": "네팔",
        "chosung": "ㄴㅍ",
        "type": "명사",
        "mean": "히말라야 산맥에 있는 입헌 군주국. 산간 지역에서는 임업과 목축업이 활발하고 낮은 계곡에서는 곡류, 황마, 약초 따위가 난다. 주민은 주로 구르카 족이며, 힌두교와 불교를 믿는다. 주요 언어는 네팔 어이다. 수도는 카트만두, 면적은 14만 7181㎢."
    },
    "네팔꼬니": {
        "word": "네팔꼬니",
        "chosung": "ㄴㅍㄲㄴ",
        "type": "명사",
        "mean": "［방언］'우물고누'의 방언(제주)."
    },
    "네팔어": {
        "word": "네팔어",
        "chosung": "ㄴㅍㅇ",
        "type": "명사",
        "mean": "인도·유럽 어족의 인도 어파에 속한 언어. 네팔, 시킴에 사는 각 민족의 공통어로 쓴다. ≒구르카 어."
    },
    "네팔전쟁": {
        "word": "네팔전쟁",
        "chosung": "ㄴㅍㅈㅈ",
        "type": "명사",
        "mean": "영국과 네팔 사이에 국경 문제로 일어난 전쟁. 1814년에 네팔의 구르카 정부가 인도 국경을 침범함으로써 시작되었으며, 1816년에 네팔이 패배하여 카트만두에 영국 영사관의 설치를 허용하였다. ≒구르카 전쟁."
    },
    "네패잡이": {
        "word": "네패잡이",
        "chosung": "ㄴㅍㅈㅇ",
        "type": "명사",
        "mean": "네 사람이 한패가 되어 메거나 들게 되어 있는 물건. 또는 그 물건을 드는 네 사람."
    },
    "네퍼": {
        "word": "네퍼",
        "chosung": "ㄴㅍ",
        "type": "명사",
        "mean": "전기 회로 내에서 전압, 전류, 또는 에너지의 감소율을 나타내는 단위. 1네퍼는 8.686데시벨(decibel)이며, 영국의 수학자 네이피어의 이름에서 유래한다. 기호는 Np."
    },
    "네페르툼": {
        "word": "네페르툼",
        "chosung": "ㄴㅍㄹㅌ",
        "type": "명사",
        "mean": "이집트 신화에서, 농작물의 성장을 담당하는 신. 창조신인 프타와 전쟁의 여신인 세크메트(Sekhmet) 사이에서 태어난 아들로, 그리스에서는 프로메테우스와 같은 것으로 여긴다."
    },
    "네펜네": {
        "word": "네펜네",
        "chosung": "ㄴㅍㄴ",
        "type": "명사",
        "mean": "［방언］'여편네'의 방언(평안)."
    },
    "네펜테스": {
        "word": "네펜테스",
        "chosung": "ㄴㅍㅌㅅ",
        "type": "명사",
        "mean": "1. 사라세니아과 네펜테스속 식물을 통틀어 이르는 말. 2. =벌레잡이통풀."
    },
    "네포스": {
        "word": "네포스",
        "chosung": "ㄴㅍㅅ",
        "type": "명사",
        "mean": "고대 로마의 전기(傳記) 작가(?B.C.99~?B.C.24).  가운데에서 이 현재까지 전한다."
    },
    "네포티즘": {
        "word": "네포티즘",
        "chosung": "ㄴㅍㅌㅈ",
        "type": "명사",
        "mean": "권력자가 자기의 친족에게 관직, 지위 따위를 주는 일. 10세기에서 14세기 사이에 로마 교황들이 자기의 사생아를 네포스(nepos), 곧 조카라 하여 중용(重用)한 데에서 유래하였다."
    },
    "네폭뜨랄": {
        "word": "네폭뜨랄",
        "chosung": "ㄴㅍㄸㄹ",
        "type": "명사",
        "mean": "'네 폭짜리 트롤 그물'의 북한어. ※네 폭 트랄."
    },
    "네폭짜리트롤그물": {
        "word": "네폭짜리트롤그물",
        "chosung": "ㄴㅍㅉㄹㅌㄹㄱㅁ",
        "type": "명사",
        "mean": "네 폭으로 된 트롤 그물. 위 판, 밑판, 양 옆판의 네 폭을 합쳐서 만들었다."
    },
    "네프": {
        "word": "네프",
        "chosung": "ㄴㅍ",
        "type": "명사",
        "mean": "1921~1927년에 레닌의 주도로 소련에서 시행된 경제 정책. 러시아 혁명과 내전으로 저하된 국내 경제력을 회복하기 위하여 잉여 농산물의 자유 판매와 개인 경영의 인정 따위와 같은 자본주의적 요소를 도입하여 약간의 성공을 보았다. ≒신경제 정책.【□러시아 어□Novaya Ekonomicheskaya Politika】"
    },
    "네프로제": {
        "word": "네프로제",
        "chosung": "ㄴㅍㄹㅈ",
        "type": "명사",
        "mean": "신장의 사구체에 이상이 있어 혈액 속의 단백질이 오줌 속에 다량으로 배출되며 몸이 붓는 병. 신장의 병 외에 당뇨병 같은 대사 이상(代謝異常), 전신성 에리테마토데스 따위가 원인이 된다. ≒상피성 신장증·신장증."
    },
    "네프로제증후군": {
        "word": "네프로제증후군",
        "chosung": "ㄴㅍㄹㅈㅈㅎㄱ",
        "type": "명사",
        "mean": "신뇨 세관(腎尿細管)의 변성(變性)에 의하여 온몸이 붓고, 단백뇨가 심하게 나오며 소변의 양이 매우 적어지는 신장병."
    },
    "네프론": {
        "word": "네프론",
        "chosung": "ㄴㅍㄹ",
        "type": "명사",
        "mean": "=콩팥단위."
    },
    "네프티스": {
        "word": "네프티스",
        "chosung": "ㄴㅍㅌㅅ",
        "type": "명사",
        "mean": "이집트 신화에 나오는 죽음의 여신(女神). 오시리스의 누이이자 세트(Set)의 아내이며 아누비스의 어머니로서, 세트를 배반하고 오시리스와 그의 여동생이자 아내인 이시스(Isis)를 지켜 죽은 이의 수호자가 된다."
    },
    "네피림": {
        "word": "네피림",
        "chosung": "ㄴㅍㄹ",
        "type": "명사",
        "mean": "구약 성경 창세기에 나오는 거인 종족의 이름."
    }
}