{
    "넴": {
        "word": "넴",
        "chosung": "ㄴ",
        "type": "명사",
        "mean": "［의존명사］［방언］'놈'의 방언(경기)."
    },
    "넴도부": {
        "word": "넴도부",
        "chosung": "ㄴㄷㅂ",
        "type": "명사",
        "mean": "［방언］'도붓장수'의 방언(평북)."
    },
    "넴시": {
        "word": "넴시",
        "chosung": "ㄴㅅ",
        "type": "명사",
        "mean": "［방언］'냄새'의 방언(전남)."
    },
    "넴초바": {
        "word": "넴초바",
        "chosung": "ㄴㅊㅂ",
        "type": "명사",
        "mean": "체코슬로바키아의 작가(1820~1862). 여성으로서 농민의 생활을 묘사한 소설을 썼으며, 작품에 《할머니》따위가 있다."
    }
}