{
    "넷": {
        "word": "넷",
        "chosung": "ㄴ",
        "type": "수사",
        "mean": " 셋에 하나를 더한 수."
    },
    "넷째": {
        "word": "넷째",
        "chosung": "ㄴㅉ",
        "type": "수사",
        "mean": "/네차≪석보상절(1447)≫ [←네+차] /네차히≪석보상절(1447)≫ [←네+차히] 】"
    },
    "넷째뇌실": {
        "word": "넷째뇌실",
        "chosung": "ㄴㅉㄴㅅ",
        "type": "명사",
        "mean": "소뇌(小腦)와 연수(延髓)로 둘러싸여 있는 뇌의 빈 곳. ≒제사 뇌실."
    },
    "넷째돌이": {
        "word": "넷째돌이",
        "chosung": "ㄴㅉㄷㅇ",
        "type": "명사",
        "mean": "제삼 옥타브보다 한 옥타브 높은 음역. ≒제사옥타브."
    },
    "넷째선도음표": {
        "word": "넷째선도음표",
        "chosung": "ㄴㅉㅅㄷㅇㅍ",
        "type": "명사",
        "mean": "'테너표'의 북한어."
    }
}