{
    "녀": {
        "word": "녀",
        "chosung": "ㄴ",
        "type": "어미",
        "mean": "［옛말］｛동사, 형용사 어간이나 어미 뒤에 붙어｝｛의문사가 없는 의문문에 쓰여｝ '하라' 할 자리에 쓰여, 의문문임을 나타내는 종결 어미."
    },
    "녀가": {
        "word": "녀가",
        "chosung": "ㄴㄱ",
        "type": "명사",
        "mean": "［북한어］1. 여자의 집. 2. '처가(妻家)'의 북한어. ※여가."
    },
    "녀가다": {
        "word": "녀가다",
        "chosung": "ㄴㄱㄷ",
        "type": "동사",
        "mean": "［옛말］가거나 다녀가다."
    },
    "녀감": {
        "word": "녀감",
        "chosung": "ㄴㄱ",
        "type": "명사",
        "mean": "［북한어］'여감'의 북한어."
    },
    "녀걸": {
        "word": "녀걸",
        "chosung": "ㄴㄱ",
        "type": "명사",
        "mean": "［북한어］'여걸'의 북한어."
    },
    "녀계": {
        "word": "녀계",
        "chosung": "ㄴㄱ",
        "type": "명사",
        "mean": "［옛말］'기생(妓生)'의 옛말."
    },
    "녀계구슬": {
        "word": "녀계구슬",
        "chosung": "ㄴㄱㄱㅅ",
        "type": "명사",
        "mean": "［옛말］ '현호색'의 옛말."
    },
    "녀공": {
        "word": "녀공",
        "chosung": "ㄴㄱ",
        "type": "명사",
        "mean": "［북한어］'여공'의 북한어."
    },
    "녀공지사": {
        "word": "녀공지사",
        "chosung": "ㄴㄱㅈㅅ",
        "type": "명사",
        "mean": "［북한어］'여공지사'의 북한어."
    },
    "녀관": {
        "word": "녀관",
        "chosung": "ㄴㄱ",
        "type": "명사",
        "mean": "'여관'의 북한어."
    },
    "녀광대": {
        "word": "녀광대",
        "chosung": "ㄴㄱㄷ",
        "type": "명사",
        "mean": "'여광대'의 북한어."
    },
    "녀교원": {
        "word": "녀교원",
        "chosung": "ㄴㄱㅇ",
        "type": "명사",
        "mean": "［북한어］여자인 교원. ※여교원."
    },
    "녀교장": {
        "word": "녀교장",
        "chosung": "ㄴㄱㅈ",
        "type": "명사",
        "mean": "［북한어］'여교장'의 북한어."
    },
    "녀국": {
        "word": "녀국",
        "chosung": "ㄴㄱ",
        "type": "명사",
        "mean": "［북한어］'여국'의 북한어."
    },
    "녀군": {
        "word": "녀군",
        "chosung": "ㄴㄱ",
        "type": "명사",
        "mean": "［북한어］'여군'의 북한어."
    },
    "녀권": {
        "word": "녀권",
        "chosung": "ㄴㄱ",
        "type": "명사",
        "mean": "'여권'의 북한어."
    },
    "녀귀": {
        "word": "녀귀",
        "chosung": "ㄴㄱ",
        "type": "명사",
        "mean": "［북한어］점술에서, 여자 귀신을 이르는 말."
    },
    "녀급": {
        "word": "녀급",
        "chosung": "ㄴㄱ",
        "type": "명사",
        "mean": "［북한어］'여급'의 북한어."
    },
    "녀기": {
        "word": "녀기",
        "chosung": "ㄴㄱ",
        "type": "명사",
        "mean": "'여기'의 북한어."
    },
    "녀기다": {
        "word": "녀기다",
        "chosung": "ㄴㄱㄷ",
        "type": "동사",
        "mean": "［옛말］'여기다'의 옛말."
    },
    "녀기사": {
        "word": "녀기사",
        "chosung": "ㄴㄱㅅ",
        "type": "명사",
        "mean": "［북한어］여자인 기사."
    },
    "녀기파져": {
        "word": "녀기파져",
        "chosung": "ㄴㄱㅍㅈ",
        "type": "명사",
        "mean": "［옛말］'기생집(妓生-)'의 옛말."
    },
    "녀나만": {
        "word": "녀나만",
        "chosung": "ㄴㄴㅁ",
        "type": "관형사",
        "mean": "［옛말］다른."
    },
    "녀느": {
        "word": "녀느",
        "chosung": "ㄴㄴ",
        "type": "명사",
        "mean": "［옛말］다른 것. 여느 것. 휴지(休止) 앞에서나 자음으로 시작하는 조사 앞에서 나타나며, 그 밖에 모음으로 시작하는 조사 앞에서는 '□'으로 나타난다."
    },
    "녀다": {
        "word": "녀다",
        "chosung": "ㄴㄷ",
        "type": "동사",
        "mean": "［옛말］가다. 다니다."
    },
    "녀단니다": {
        "word": "녀단니다",
        "chosung": "ㄴㄷㄴㄷ",
        "type": "동사",
        "mean": "［옛말］'돌아다니다'의 옛말."
    },
    "녀당혜": {
        "word": "녀당혜",
        "chosung": "ㄴㄷㅎ",
        "type": "명사",
        "mean": "［북한어］'여당혜'의 북한어."
    },
    "녀대학생": {
        "word": "녀대학생",
        "chosung": "ㄴㄷㅎㅅ",
        "type": "명사",
        "mean": "［북한어］'여대생(女大生)'의 북한어. ※여대학생."
    },
    "녀덕": {
        "word": "녀덕",
        "chosung": "ㄴㄷ",
        "type": "명사",
        "mean": "［북한어］'여덕'의 북한어."
    },
    "녀도": {
        "word": "녀도",
        "chosung": "ㄴㄷ",
        "type": "명사",
        "mean": "［북한어］'여도'의 북한어."
    },
    "녀도사": {
        "word": "녀도사",
        "chosung": "ㄴㄷㅅ",
        "type": "명사",
        "mean": "［옛말］ 여자 도사."
    },
    "녀동": {
        "word": "녀동",
        "chosung": "ㄴㄷ",
        "type": "명사",
        "mean": "［북한어］'여동'의 북한어."
    },
    "녀동무": {
        "word": "녀동무",
        "chosung": "ㄴㄷㅁ",
        "type": "명사",
        "mean": "［북한어］여자인 동무."
    },
    "녀동생": {
        "word": "녀동생",
        "chosung": "ㄴㄷㅅ",
        "type": "명사",
        "mean": "［북한어］'여동생'의 북한어."
    },
    "녀라": {
        "word": "녀라",
        "chosung": "ㄴㄹ",
        "type": "명사",
        "mean": "'여라'의 북한어."
    },
    "녀라의": {
        "word": "녀라의",
        "chosung": "ㄴㄹㅇ",
        "type": "명사",
        "mean": "'여라의'의 북한어."
    },
    "녀랑": {
        "word": "녀랑",
        "chosung": "ㄴㄹ",
        "type": "명사",
        "mean": "［북한어］1. '여랑'의 북한어. 2. '소녀(少女)'의 북한어."
    },
    "녀랑화": {
        "word": "녀랑화",
        "chosung": "ㄴㄹㅎ",
        "type": "명사",
        "mean": "'여랑화'의 북한어."
    },
    "녀러오다": {
        "word": "녀러오다",
        "chosung": "ㄴㄹㅇㄷ",
        "type": "동사",
        "mean": "［옛말］'다녀오다'의 옛말."
    },
    "녀령": {
        "word": "녀령",
        "chosung": "ㄴㄹ",
        "type": "명사",
        "mean": "'여령'의 북한어."
    },
    "녀례": {
        "word": "녀례",
        "chosung": "ㄴㄹ",
        "type": "명사",
        "mean": "［북한어］'여례'의 북한어."
    },
    "녀로": {
        "word": "녀로",
        "chosung": "ㄴㄹ",
        "type": "명사",
        "mean": "지나친 성생활이 원인이 되어 생긴 병증. 2. '성생활(性生活)'의 북한어. ※여로."
    },
    "녀로달": {
        "word": "녀로달",
        "chosung": "ㄴㄹㄷ",
        "type": "명사",
        "mean": "'여로달'의 북한어."
    },
    "녀류": {
        "word": "녀류",
        "chosung": "ㄴㄹ",
        "type": "명사",
        "mean": "［북한어］'여류'의 북한어."
    },
    "녀름": {
        "word": "녀름",
        "chosung": "ㄴㄹ",
        "type": "명사",
        "mean": "［옛말］1. '여름'의 옛말."
    },
    "녀름ㅅ날": {
        "word": "녀름ㅅ날",
        "chosung": "ㄴㄹㅅㄴ",
        "type": "명사",
        "mean": "［옛말］'여름날'의 옛말."
    },
    "녀름내": {
        "word": "녀름내",
        "chosung": "ㄴㄹㄴ",
        "type": "부사",
        "mean": "［옛말］'여름내'의 옛말."
    },
    "녀름다외다": {
        "word": "녀름다외다",
        "chosung": "ㄴㄹㄷㅇㄷ",
        "type": "동사",
        "mean": "［옛말］풍년이 들다."
    },
    "녀름지이": {
        "word": "녀름지이",
        "chosung": "ㄴㄹㅈㅇ",
        "type": "명사",
        "mean": "［옛말］농사짓기."
    },
    "녀름지이다": {
        "word": "녀름지이다",
        "chosung": "ㄴㄹㅈㅇㄷ",
        "type": "동사",
        "mean": "［옛말］농사짓게 하다."
    },
    "녀름짓다": {
        "word": "녀름짓다",
        "chosung": "ㄴㄹㅈㄷ",
        "type": "동사",
        "mean": "［옛말］'농사짓다'의 옛말. 모음으로 시작하는 어미 앞에서는 '녀름□-'이나 '녀름지-'로 나타난다."
    },
    "녀립": {
        "word": "녀립",
        "chosung": "ㄴㄹ",
        "type": "명사",
        "mean": "'여립모(女笠帽)'의 북한어. ※여립."
    },
    "녀립모": {
        "word": "녀립모",
        "chosung": "ㄴㄹㅁ",
        "type": "명사",
        "mean": "'여립모'의 북한어."
    },
    "녀매다": {
        "word": "녀매다",
        "chosung": "ㄴㅁㄷ",
        "type": "동사",
        "mean": "［옛말］'여미다'의 옛말."
    },
    "녀모": {
        "word": "녀모",
        "chosung": "ㄴㅁ",
        "type": "명사",
        "mean": "［북한어］'여모'의 북한어."
    },
    "녀무": {
        "word": "녀무",
        "chosung": "ㄴㅁ",
        "type": "명사",
        "mean": "'여무'의 북한어."
    },
    "녀무세": {
        "word": "녀무세",
        "chosung": "ㄴㅁㅅ",
        "type": "명사",
        "mean": "'여무세'의 북한어."
    },
    "녀배우": {
        "word": "녀배우",
        "chosung": "ㄴㅂㅇ",
        "type": "명사",
        "mean": "［북한어］'여배우'의 북한어."
    },
    "녀병": {
        "word": "녀병",
        "chosung": "ㄴㅂ",
        "type": "명사",
        "mean": "'여병'의 북한어."
    },
    "녀복": {
        "word": "녀복",
        "chosung": "ㄴㅂ",
        "type": "명사",
        "mean": "［북한어］'여복'의 북한어."
    },
    "녀비": {
        "word": "녀비",
        "chosung": "ㄴㅂ",
        "type": "명사",
        "mean": "［북한어］'여비'의 북한어."
    },
    "녀빈혀": {
        "word": "녀빈혀",
        "chosung": "ㄴㅂㅎ",
        "type": "명사",
        "mean": "［옛말］'비녀'의 옛말."
    },
    "녀사": {
        "word": "녀사",
        "chosung": "ㄴㅅ",
        "type": "명사",
        "mean": "［북한어］'여사'의 북한어."
    },
    "녀상": {
        "word": "녀상",
        "chosung": "ㄴㅅ",
        "type": "명사",
        "mean": "［북한어］'여상'의 북한어."
    },
    "녀상전": {
        "word": "녀상전",
        "chosung": "ㄴㅅㅈ",
        "type": "명사",
        "mean": "［북한어］'여상전'의 북한어."
    },
    "녀색": {
        "word": "녀색",
        "chosung": "ㄴㅅ",
        "type": "명사",
        "mean": "［옛말］'여색(女色)'의 옛말."
    },
    "녀서": {
        "word": "녀서",
        "chosung": "ㄴㅅ",
        "type": "명사",
        "mean": "［북한어］'여서'의 북한어."
    },
    "녀석": {
        "word": "녀석",
        "chosung": "ㄴㅅ",
        "type": "명사",
        "mean": "［의존명사］1. 남자를 낮추어 이르는 말. 자립 명사처럼 쓰이는 일도 있다."
    },
    "녀선": {
        "word": "녀선",
        "chosung": "ㄴㅅ",
        "type": "명사",
        "mean": "［북한어］'여선'의 북한어."
    },
    "녀선생": {
        "word": "녀선생",
        "chosung": "ㄴㅅㅅ",
        "type": "명사",
        "mean": "［북한어］'여선생'의 북한어."
    },
    "녀성": {
        "word": "녀성",
        "chosung": "ㄴㅅ",
        "type": "명사",
        "mean": "［북한어］'여성'의 북한어."
    },
    "녀성가수성음": {
        "word": "녀성가수성음",
        "chosung": "ㄴㅅㄱㅅㅅㅇ",
        "type": "명사",
        "mean": "'여성'의 북한어. ※여성 가수 성음."
    },
    "녀성고음": {
        "word": "녀성고음",
        "chosung": "ㄴㅅㄱㅇ",
        "type": "명사",
        "mean": "'여성 고음'의 북한어."
    },
    "녀성고음기호": {
        "word": "녀성고음기호",
        "chosung": "ㄴㅅㄱㅇㄱㅎ",
        "type": "명사",
        "mean": "'소프라노표'의 북한어. ※여성 고음 기호."
    },
    "녀성관": {
        "word": "녀성관",
        "chosung": "ㄴㅅㄱ",
        "type": "명사",
        "mean": "［북한어］'여성관'의 북한어."
    },
    "녀성기": {
        "word": "녀성기",
        "chosung": "ㄴㅅㄱ",
        "type": "명사",
        "mean": "'여성기'의 북한어."
    },
    "녀성기악중주": {
        "word": "녀성기악중주",
        "chosung": "ㄴㅅㄱㅇㅈㅈ",
        "type": "명사",
        "mean": "여성으로만 연주되는 기악 중주. 보통 바이올린, 첼로, 콘트라베이스, 플루트, 클라리넷, 하프, 실로폰 또는 전자 종합 악기, 피아노 따위로 편성되며 그 밖에 악곡의 성격에 따라 개별적인 특수 악기들이 배합된다. ※여성 기악 중주."
    },
    "녀성력": {
        "word": "녀성력",
        "chosung": "ㄴㅅㄹ",
        "type": "명사",
        "mean": "［북한어］사회적 견지에서 본 여성의 역량."
    },
    "녀성명사": {
        "word": "녀성명사",
        "chosung": "ㄴㅅㅁㅅ",
        "type": "명사",
        "mean": "'여성 명사'의 북한어."
    },
    "녀성미": {
        "word": "녀성미",
        "chosung": "ㄴㅅㅁ",
        "type": "명사",
        "mean": "［북한어］'여성미'의 북한어."
    },
    "녀성방창": {
        "word": "녀성방창",
        "chosung": "ㄴㅅㅂㅊ",
        "type": "명사",
        "mean": "《피바다》따위의 가극에서, 여성 가수들이 무대 밖이나 한쪽에서 부르는 방창. ※여성 방창."
    },
    "녀성보잡이운동": {
        "word": "녀성보잡이운동",
        "chosung": "ㄴㅅㅂㅈㅇㅇㄷ",
        "type": "명사",
        "mean": "농촌 여성들이 전선에 나간 남자들 대신 보잡이가 되어 벌인 전시 농업 생산을 위한 운동. ※여성 보잡이 운동."
    },
    "녀성상담": {
        "word": "녀성상담",
        "chosung": "ㄴㅅㅅㄷ",
        "type": "명사",
        "mean": "여성들의 건강을 보호 증진하기 위하여 전문 보건 의사들과 여성들이 서로 의논하는 일. 부인병의 예방, 임신, 해산 따위에 대하여 의논한다. ※여성 상담."
    },
    "녀성생식기": {
        "word": "녀성생식기",
        "chosung": "ㄴㅅㅅㅅㄱ",
        "type": "명사",
        "mean": "'여성 생식기'의 북한어."
    },
    "녀성소방창": {
        "word": "녀성소방창",
        "chosung": "ㄴㅅㅅㅂㅊ",
        "type": "명사",
        "mean": "여성 방창의 하나. 소프라노를 기본으로 하여 15~20명의 여성 가수들로 구성되는 방창으로 《피바다》따위의 가극에서 남성 소방창과 함께 가장 많이 쓰이는 기본 방창 형식의 하나이다. ※여성 소방창."
    },
    "녀성영웅": {
        "word": "녀성영웅",
        "chosung": "ㄴㅅㅇㅇ",
        "type": "명사",
        "mean": "［북한어］1. 북한 정부로부터 영웅 칭호를 받은 여성."
    },
    "녀성운": {
        "word": "녀성운",
        "chosung": "ㄴㅅㅇ",
        "type": "명사",
        "mean": "'여성운'의 북한어."
    },
    "녀성운동": {
        "word": "녀성운동",
        "chosung": "ㄴㅅㅇㄷ",
        "type": "명사",
        "mean": "'여성 운동'의 북한어."
    },
    "녀성위생": {
        "word": "녀성위생",
        "chosung": "ㄴㅅㅇㅅ",
        "type": "명사",
        "mean": "여성들이 지켜야 할 위생. 월경, 임신, 해산, 폐경 따위와 같은 생리적 특성에 따라 특별하게 생길 수 있는 병들을 예방함으로써 건강을 보호한다. ※여성 위생."
    },
    "녀성저음": {
        "word": "녀성저음",
        "chosung": "ㄴㅅㅈㅇ",
        "type": "명사",
        "mean": "'여성 저음'의 북한어."
    },
    "녀성저음기호": {
        "word": "녀성저음기호",
        "chosung": "ㄴㅅㅈㅇㄱㅎ",
        "type": "명사",
        "mean": "'알토표'의 북한어. ※여성 저음 기호."
    },
    "녀성중음": {
        "word": "녀성중음",
        "chosung": "ㄴㅅㅈㅇ",
        "type": "명사",
        "mean": "'여성 중음'의 북한어."
    },
    "녀성중음표": {
        "word": "녀성중음표",
        "chosung": "ㄴㅅㅈㅇㅍ",
        "type": "명사",
        "mean": "'메조소프라노표'의 북한어. ※여성 중음표."
    },
    "녀성중창": {
        "word": "녀성중창",
        "chosung": "ㄴㅅㅈㅊ",
        "type": "명사",
        "mean": "'여성 중창'의 북한어."
    },
    "녀성합창": {
        "word": "녀성합창",
        "chosung": "ㄴㅅㅎㅊ",
        "type": "명사",
        "mean": "'여성 합창'의 북한어."
    },
    "녀성해방": {
        "word": "녀성해방",
        "chosung": "ㄴㅅㅎㅂ",
        "type": "명사",
        "mean": "'여성 해방'의 북한어."
    },
    "녀성해방운동": {
        "word": "녀성해방운동",
        "chosung": "ㄴㅅㅎㅂㅇㄷ",
        "type": "명사",
        "mean": "'여성 해방 운동'의 북한어."
    },
    "녀성회관": {
        "word": "녀성회관",
        "chosung": "ㄴㅅㅎㄱ",
        "type": "명사",
        "mean": "여성들의 사회·정치 활동과 문화·교양 장소로 이용하기 위하여 마련한 회관. ※여성 회관."
    },
    "녀손": {
        "word": "녀손",
        "chosung": "ㄴㅅ",
        "type": "명사",
        "mean": "［북한어］'여손'의 북한어."
    },
    "녀수": {
        "word": "녀수",
        "chosung": "ㄴㅅ",
        "type": "명사",
        "mean": "［북한어］'여수'의 북한어."
    },
    "녀습": {
        "word": "녀습",
        "chosung": "ㄴㅅ",
        "type": "명사",
        "mean": "［북한어］여자의 모습. ※여습."
    },
    "녀승": {
        "word": "녀승",
        "chosung": "ㄴㅅ",
        "type": "명사",
        "mean": "'여승'의 북한어."
    },
    "녀승당": {
        "word": "녀승당",
        "chosung": "ㄴㅅㄷ",
        "type": "명사",
        "mean": "'여승당'의 북한어."
    },
    "녀승방": {
        "word": "녀승방",
        "chosung": "ㄴㅅㅂ",
        "type": "명사",
        "mean": "'여승방'의 북한어."
    },
    "녀시": {
        "word": "녀시",
        "chosung": "ㄴㅅ",
        "type": "명사",
        "mean": "'여시'의 북한어."
    },
    "녀식": {
        "word": "녀식",
        "chosung": "ㄴㅅ",
        "type": "명사",
        "mean": "［북한어］'여식'의 북한어."
    },
    "녀신": {
        "word": "녀신",
        "chosung": "ㄴㅅ",
        "type": "명사",
        "mean": "［북한어］1. '여신'의 북한어. 2. 탁월한 여성 활동가나 여걸을 비유적으로 이르는 말."
    },
    "녀신동": {
        "word": "녀신동",
        "chosung": "ㄴㅅㄷ",
        "type": "명사",
        "mean": "［북한어］여자 아이인 신동."
    },
    "녀아": {
        "word": "녀아",
        "chosung": "ㄴㅇ",
        "type": "명사",
        "mean": "［북한어］1. '여아'의 북한어. 2. 여자들이 자기를 겸손하게 이르는 말."
    },
    "녀악": {
        "word": "녀악",
        "chosung": "ㄴㅇ",
        "type": "명사",
        "mean": "'여악'의 북한어."
    },
    "녀알": {
        "word": "녀알",
        "chosung": "ㄴㅇ",
        "type": "명사",
        "mean": "［북한어］'여알'의 북한어."
    },
    "녀와": {
        "word": "녀와",
        "chosung": "ㄴㅇ",
        "type": "명사",
        "mean": "'여와'의 북한어."
    },
    "녀왕": {
        "word": "녀왕",
        "chosung": "ㄴㅇ",
        "type": "명사",
        "mean": "［북한어］ 1. '여왕'의 북한어. 2. '여왕'의 북한어."
    },
    "녀왕벌": {
        "word": "녀왕벌",
        "chosung": "ㄴㅇㅂ",
        "type": "명사",
        "mean": "'여왕벌'의 북한어."
    },
    "녀우": {
        "word": "녀우",
        "chosung": "ㄴㅇ",
        "type": "명사",
        "mean": "［북한어］'여우'의 북한어."
    },
    "녀원": {
        "word": "녀원",
        "chosung": "ㄴㅇ",
        "type": "명사",
        "mean": "［북한어］'성가퀴'의 북한어. ※여원."
    },
    "녀의": {
        "word": "녀의",
        "chosung": "ㄴㅇ",
        "type": "명사",
        "mean": "［북한어］'여의'의 북한어."
    },
    "녀의사": {
        "word": "녀의사",
        "chosung": "ㄴㅇㅅ",
        "type": "명사",
        "mean": "［북한어］'여의사'의 북한어."
    },
    "녀인": {
        "word": "녀인",
        "chosung": "ㄴㅇ",
        "type": "명사",
        "mean": "［북한어］'여인'의 북한어."
    },
    "녀인국": {
        "word": "녀인국",
        "chosung": "ㄴㅇㄱ",
        "type": "명사",
        "mean": "［북한어］'여인국'의 북한어."
    },
    "녀자": {
        "word": "녀자",
        "chosung": "ㄴㅈ",
        "type": "명사",
        "mean": "［북한어］'여자'의 북한어."
    },
    "녀자손": {
        "word": "녀자손",
        "chosung": "ㄴㅈㅅ",
        "type": "명사",
        "mean": "［북한어］여자의 일손."
    },
    "녀자손탁": {
        "word": "녀자손탁",
        "chosung": "ㄴㅈㅅㅌ",
        "type": "명사",
        "mean": "［북한어］여자가 틀어쥐는 손아귀의 힘."
    },
    "녀장": {
        "word": "녀장",
        "chosung": "ㄴㅈ",
        "type": "명사",
        "mean": "［북한어］'여장'의 북한어."
    },
    "녀장군": {
        "word": "녀장군",
        "chosung": "ㄴㅈㄱ",
        "type": "명사",
        "mean": "［북한어］1. '여장군'의 북한어. 2. 씩씩하고 활동적이거나 힘이 세고 용감한 여성을 비유적으로 이르는 말. 3. '여군'을 대견하게 여겨 이르는 말."
    },
    "녀장부": {
        "word": "녀장부",
        "chosung": "ㄴㅈㅂ",
        "type": "명사",
        "mean": "［북한어］'여장부'의 북한어."
    },
    "녀적": {
        "word": "녀적",
        "chosung": "ㄴㅈ",
        "type": "명사",
        "mean": "［북한어］'여적'의 북한어."
    },
    "녀전사": {
        "word": "녀전사",
        "chosung": "ㄴㅈㅅ",
        "type": "명사",
        "mean": "［북한어］여자인 전사."
    },
    "녀점원": {
        "word": "녀점원",
        "chosung": "ㄴㅈㅇ",
        "type": "명사",
        "mean": "［북한어］'여점원'의 북한어."
    },
    "녀정객": {
        "word": "녀정객",
        "chosung": "ㄴㅈㄱ",
        "type": "명사",
        "mean": "［북한어］정계에 나서서 직업적으로 정치 활동을 하는 여자. ※여정객."
    },
    "녀정목": {
        "word": "녀정목",
        "chosung": "ㄴㅈㅁ",
        "type": "명사",
        "mean": "'광나무'의 북한어. ※여정목."
    },
    "녀정실": {
        "word": "녀정실",
        "chosung": "ㄴㅈㅅ",
        "type": "명사",
        "mean": "'여정실'의 북한어."
    },
    "녀정자": {
        "word": "녀정자",
        "chosung": "ㄴㅈㅈ",
        "type": "명사",
        "mean": "'여정자'의 북한어."
    },
    "녀제": {
        "word": "녀제",
        "chosung": "ㄴㅈ",
        "type": "명사",
        "mean": "［북한어］'여제'의 북한어."
    },
    "녀존남비": {
        "word": "녀존남비",
        "chosung": "ㄴㅈㄴㅂ",
        "type": "명사",
        "mean": "［북한어］'여존남비'의 북한어."
    },
    "녀종": {
        "word": "녀종",
        "chosung": "ㄴㅈ",
        "type": "명사",
        "mean": "［북한어］'여종'의 북한어."
    },
    "녀주": {
        "word": "녀주",
        "chosung": "ㄴㅈ",
        "type": "명사",
        "mean": "［북한어］'여주'의 북한어."
    },
    "녀주인": {
        "word": "녀주인",
        "chosung": "ㄴㅈㅇ",
        "type": "명사",
        "mean": "［북한어］1. '여주인'의 북한어."
    },
    "녀주인공": {
        "word": "녀주인공",
        "chosung": "ㄴㅈㅇㄱ",
        "type": "명사",
        "mean": "［북한어］'여주인공'의 북한어."
    },
    "녀죽": {
        "word": "녀죽",
        "chosung": "ㄴㅈ",
        "type": "명사",
        "mean": "［북한어］'여죽'의 북한어."
    },
    "녀중": {
        "word": "녀중",
        "chosung": "ㄴㅈ",
        "type": "명사",
        "mean": "여자인 중. ※여중."
    },
    "녀중군자": {
        "word": "녀중군자",
        "chosung": "ㄴㅈㄱㅈ",
        "type": "명사",
        "mean": "［북한어］'여중군자'의 북한어."
    },
    "녀중장부": {
        "word": "녀중장부",
        "chosung": "ㄴㅈㅈㅂ",
        "type": "명사",
        "mean": "［북한어］여자 가운데 장부라는 뜻으로, 기골이나 성격이 장부같이 늠름하고 씩씩한 여자를 이르는 말. ※여중장부."
    },
    "녀중호걸": {
        "word": "녀중호걸",
        "chosung": "ㄴㅈㅎㄱ",
        "type": "명사",
        "mean": "［북한어］'여중호걸'의 북한어."
    },
    "녀직공": {
        "word": "녀직공",
        "chosung": "ㄴㅈㄱ",
        "type": "명사",
        "mean": "［북한어］'여직공'의 북한어."
    },
    "녀진": {
        "word": "녀진",
        "chosung": "ㄴㅈ",
        "type": "명사",
        "mean": "'여진'의 북한어."
    },
    "녀진족": {
        "word": "녀진족",
        "chosung": "ㄴㅈㅈ",
        "type": "명사",
        "mean": "'여진족'의 북한어."
    },
    "녀진학": {
        "word": "녀진학",
        "chosung": "ㄴㅈㅎ",
        "type": "명사",
        "mean": "여진의 언어에 대한 전문가를 양성하기 위하여 1426년에 사역원에 설치했던 교육 기관. 17세기 중엽에 청나라가 서자 청학(淸學)으로 고쳐 불렀다. ※여진학."
    },
    "녀질": {
        "word": "녀질",
        "chosung": "ㄴㅈ",
        "type": "명사",
        "mean": "［북한어］'여질'의 북한어."
    },
    "녀차장": {
        "word": "녀차장",
        "chosung": "ㄴㅊㅈ",
        "type": "명사",
        "mean": "［북한어］'여차장'의 북한어."
    },
    "녀창": {
        "word": "녀창",
        "chosung": "ㄴㅊ",
        "type": "명사",
        "mean": "국악에서, 남자가 부르던 노래를 여자의 음조에 맞게 하여 여자가 부르는 노래."
    },
    "녀청": {
        "word": "녀청",
        "chosung": "ㄴㅊ",
        "type": "명사",
        "mean": "'여청'의 북한어."
    },
    "녀쾌": {
        "word": "녀쾌",
        "chosung": "ㄴㅋ",
        "type": "명사",
        "mean": "［북한어］'여쾌'의 북한어."
    },
    "녀탕": {
        "word": "녀탕",
        "chosung": "ㄴㅌ",
        "type": "명사",
        "mean": "［북한어］'여탕'의 북한어."
    },
    "녀태": {
        "word": "녀태",
        "chosung": "ㄴㅌ",
        "type": "명사",
        "mean": "［북한어］'여태'의 북한어."
    },
    "녀토다": {
        "word": "녀토다",
        "chosung": "ㄴㅌㄷ",
        "type": "동사",
        "mean": "［옛말］얕게 하다."
    },
    "녀티": {
        "word": "녀티",
        "chosung": "ㄴㅌ",
        "type": "부사",
        "mean": "［옛말］얕게."
    },
    "녀파리": {
        "word": "녀파리",
        "chosung": "ㄴㅍㄹ",
        "type": "명사",
        "mean": "［방언］'옆'의 방언(함북)."
    },
    "녀편": {
        "word": "녀편",
        "chosung": "ㄴㅍ",
        "type": "명사",
        "mean": "［옛말］1. '여자(女子)'의 옛말."
    },
    "녀편네": {
        "word": "녀편네",
        "chosung": "ㄴㅍㄴ",
        "type": "명사",
        "mean": "［북한어］'여편네'의 북한어."
    },
    "녀필": {
        "word": "녀필",
        "chosung": "ㄴㅍ",
        "type": "명사",
        "mean": "［북한어］'여필'의 북한어."
    },
    "녀필종부": {
        "word": "녀필종부",
        "chosung": "ㄴㅍㅈㅂ",
        "type": "명사",
        "mean": "［북한어］'여필종부'의 북한어."
    },
    "녀학교": {
        "word": "녀학교",
        "chosung": "ㄴㅎㄱ",
        "type": "명사",
        "mean": "［북한어］ 1. '여학교'의 북한어. 2. 일제 강점기에, 여자 고등 보통학교와 고등 여학교를 통틀어 이르던 말."
    },
    "녀학생": {
        "word": "녀학생",
        "chosung": "ㄴㅎㅅ",
        "type": "명사",
        "mean": "［북한어］'여학생'의 북한어."
    },
    "녀형": {
        "word": "녀형",
        "chosung": "ㄴㅎ",
        "type": "명사",
        "mean": "［북한어］'여형'의 북한어."
    },
    "녀혜": {
        "word": "녀혜",
        "chosung": "ㄴㅎ",
        "type": "명사",
        "mean": "［북한어］'여혜'의 북한어."
    },
    "녀혼": {
        "word": "녀혼",
        "chosung": "ㄴㅎ",
        "type": "명사",
        "mean": "［북한어］'여혼'의 북한어."
    },
    "녀화": {
        "word": "녀화",
        "chosung": "ㄴㅎ",
        "type": "명사",
        "mean": "［북한어］'여화'의 북한어."
    },
    "녀황": {
        "word": "녀황",
        "chosung": "ㄴㅎ",
        "type": "명사",
        "mean": "［북한어］'여황'의 북한어."
    }
}