{
    "녁": {
        "word": "녁",
        "chosung": "ㄴ",
        "type": "명사",
        "mean": "［의존명사］ 1. '녘'의 잘못.2. ［옛말］'녘'의 옛말."
    },
    "녁다": {
        "word": "녁다",
        "chosung": "ㄴㄷ",
        "type": "형용사",
        "mean": "［방언］'영리하다'의 방언(함북)."
    },
    "녁들다": {
        "word": "녁들다",
        "chosung": "ㄴㄷㄷ",
        "type": "동사",
        "mean": "［옛말］'편들다'의 옛말."
    }
}