{
    "년": {
        "word": "년",
        "chosung": "ㄴ",
        "type": "접사",
        "mean": "｛일부 명사 뒤에 붙어｝ '해'의 뜻을 더하는 접미사."
    },
    "년ㄱ": {
        "word": "년ㄱ",
        "chosung": "ㄴㄱ",
        "type": "명사",
        "mean": "［옛말］ 다른 것. 여느 것. 모음으로 시작하는 조사 앞에서 나타나며, 휴지(休止) 앞에서나 자음으로 시작하는 조사 앞에서는 '녀느'로 나타난다."
    },
    "년ㅅ간": {
        "word": "년ㅅ간",
        "chosung": "ㄴㅅㄱ",
        "type": "명사",
        "mean": "［옛말］'연근(蓮根)'의 옛말."
    },
    "년ㅅ밤": {
        "word": "년ㅅ밤",
        "chosung": "ㄴㅅㅂ",
        "type": "명사",
        "mean": "［옛말］'연밥(蓮―)'의 옛말."
    },
    "년간": {
        "word": "년간",
        "chosung": "ㄴㄱ",
        "type": "명사",
        "mean": "［북한어］1. '연간'의 북한어. 2. 일정한 기준을 중심으로 가까운 몇 해 동안."
    },
    "년간부하곡선": {
        "word": "년간부하곡선",
        "chosung": "ㄴㄱㅂㅎㄱㅅ",
        "type": "명사",
        "mean": "1년간의 매일 평균 전력량과 최대 전력량 따위를 날짜 순서로 그린 곡선. 부하의 일별, 월별, 계절별 변화 특성을 연구하는 데 쓴다. ※연간 부하 곡선."
    },
    "년간선량": {
        "word": "년간선량",
        "chosung": "ㄴㄱㅅㄹ",
        "type": "명사",
        "mean": "절대 연도 측량 시료가 주위의 방사성 원소로부터 일 년 동안 받은 방사선의 양. ※연간 선량."
    },
    "년간조절발전소": {
        "word": "년간조절발전소",
        "chosung": "ㄴㄱㅈㅈㅂㅈㅅ",
        "type": "명사",
        "mean": "한 해 동안에 걸쳐 변동하는 부하에 따라 저수량을 조절하는 댐식 발전소. ※연간 조절 발전소."
    },
    "년감": {
        "word": "년감",
        "chosung": "ㄴㄱ",
        "type": "명사",
        "mean": "［북한어］'연감'의 북한어."
    },
    "년갑": {
        "word": "년갑",
        "chosung": "ㄴㄱ",
        "type": "명사",
        "mean": "［북한어］'연갑'의 북한어."
    },
    "년갑또래": {
        "word": "년갑또래",
        "chosung": "ㄴㄱㄸㄹ",
        "type": "명사",
        "mean": "［북한어］'연갑세'의 북한어. ※연갑또래."
    },
    "년갑세": {
        "word": "년갑세",
        "chosung": "ㄴㄱㅅ",
        "type": "명사",
        "mean": "［북한어］'연갑세'의 북한어."
    },
    "년거": {
        "word": "년거",
        "chosung": "ㄴㄱ",
        "type": "명사",
        "mean": "［북한어］'연거'의 북한어."
    },
    "년고기쇠": {
        "word": "년고기쇠",
        "chosung": "ㄴㄱㄱㅅ",
        "type": "명사",
        "mean": "［북한어］나이가 많아 기운이 쇠약함. ※연고기쇠."
    },
    "년고덕소": {
        "word": "년고덕소",
        "chosung": "ㄴㄱㄷㅅ",
        "type": "명사",
        "mean": "［북한어］'연고덕소'의 북한어."
    },
    "년고자백": {
        "word": "년고자백",
        "chosung": "ㄴㄱㅈㅂ",
        "type": "명사",
        "mean": "［북한어］'연고자백'의 북한어."
    },
    "년고하다": {
        "word": "년고하다",
        "chosung": "ㄴㄱㅎㄷ",
        "type": "형용사",
        "mean": "［북한어］'연고하다'의 북한어."
    },
    "년공": {
        "word": "년공",
        "chosung": "ㄴㄱ",
        "type": "명사",
        "mean": "［북한어］'연공'의 북한어."
    },
    "년광": {
        "word": "년광",
        "chosung": "ㄴㄱ",
        "type": "명사",
        "mean": "［북한어］1. '연광'의 북한어. 2. '연광'의 북한어."
    },
    "년구세심": {
        "word": "년구세심",
        "chosung": "ㄴㄱㅅㅅ",
        "type": "명사",
        "mean": "［북한어］'연구세심'의 북한어."
    },
    "년구월심": {
        "word": "년구월심",
        "chosung": "ㄴㄱㅇㅅ",
        "type": "명사",
        "mean": "［북한어］'연구월심'의 북한어."
    },
    "년구하다": {
        "word": "년구하다",
        "chosung": "ㄴㄱㅎㄷ",
        "type": "형용사",
        "mean": "［북한어］'연구하다'의 북한어."
    },
    "년금": {
        "word": "년금",
        "chosung": "ㄴㄱ",
        "type": "명사",
        "mean": "'연금'의 북한어."
    },
    "년금보장": {
        "word": "년금보장",
        "chosung": "ㄴㄱㅂㅈ",
        "type": "명사",
        "mean": "사회 보장 제도의 하나. 특별한 공로가 있거나, 일정한 기간 동안 국가 기관에 복무하다가 노동력을 상실한 사람에게 국가가 연금을 주어 생활을 보장하는 제도이다. ※연금 보장."
    },
    "년금증서": {
        "word": "년금증서",
        "chosung": "ㄴㄱㅈㅅ",
        "type": "명사",
        "mean": "'연금 증서'의 북한어."
    },
    "년급": {
        "word": "년급",
        "chosung": "ㄴㄱ",
        "type": "명사",
        "mean": "［북한어］'연급'의 북한어."
    },
    "년기": {
        "word": "년기",
        "chosung": "ㄴㄱ",
        "type": "명사",
        "mean": "［북한어］'연기'의 북한어."
    },
    "년기소작": {
        "word": "년기소작",
        "chosung": "ㄴㄱㅅㅈ",
        "type": "명사",
        "mean": "'연기 소작'의 북한어."
    },
    "년내": {
        "word": "년내",
        "chosung": "ㄴㄴ",
        "type": "명사",
        "mean": "［북한어］'연내'의 북한어."
    },
    "년년": {
        "word": "년년",
        "chosung": "ㄴㄴ",
        "type": "명사",
        "mean": "［부사］［북한어］'연년'의 북한어."
    },
    "년년생": {
        "word": "년년생",
        "chosung": "ㄴㄴㅅ",
        "type": "명사",
        "mean": "［북한어］'연년생'의 북한어."
    },
    "년년세세": {
        "word": "년년세세",
        "chosung": "ㄴㄴㅅㅅ",
        "type": "명사",
        "mean": "［북한어］'연년세세'의 북한어."
    },
    "년년이": {
        "word": "년년이",
        "chosung": "ㄴㄴㅇ",
        "type": "부사",
        "mean": "［북한어］'연년이'의 북한어."
    },
    "년년작": {
        "word": "년년작",
        "chosung": "ㄴㄴㅈ",
        "type": "명사",
        "mean": "'이어짓기'의 북한어."
    },
    "년놈": {
        "word": "년놈",
        "chosung": "ㄴㄴ",
        "type": "명사",
        "mean": "1. '연놈'의 잘못. 2. ［북한어］'연놈'의 북한어."
    },
    "년대": {
        "word": "년대",
        "chosung": "ㄴㄷ",
        "type": "명사",
        "mean": "［의존명사］ ｛10년, 100년, 1000년 단위의 해를 뜻하는 말 뒤에 쓰여｝ 그 단위의 첫 해로부터 다음 단위로 넘어가기 전까지의 기간."
    },
    "년대기": {
        "word": "년대기",
        "chosung": "ㄴㄷㄱ",
        "type": "명사",
        "mean": "'연대기'의 북한어."
    },
    "년대기극": {
        "word": "년대기극",
        "chosung": "ㄴㄷㄱㄱ",
        "type": "명사",
        "mean": "'연대기극'의 북한어."
    },
    "년대순": {
        "word": "년대순",
        "chosung": "ㄴㄷㅅ",
        "type": "명사",
        "mean": "［북한어］'연대순'의 북한어."
    },
    "년대표": {
        "word": "년대표",
        "chosung": "ㄴㄷㅍ",
        "type": "명사",
        "mean": "［북한어］1. '연대표'의 북한어. 2. 기계 제품에서 제조일과 보증 기간을 써 붙이는 표."
    },
    "년대학": {
        "word": "년대학",
        "chosung": "ㄴㄷㅎ",
        "type": "명사",
        "mean": "'연대학'의 북한어."
    },
    "년도": {
        "word": "년도",
        "chosung": "ㄴㄷ",
        "type": "명사",
        "mean": "［의존명사］｛해를 뜻하는 말 뒤에 쓰여｝ 일정한 기간 단위로서의 그해."
    },
    "년동갑": {
        "word": "년동갑",
        "chosung": "ㄴㄷㄱ",
        "type": "명사",
        "mean": "［북한어］ '동갑'의 북한어. ※연동갑."
    },
    "년두": {
        "word": "년두",
        "chosung": "ㄴㄷ",
        "type": "명사",
        "mean": "［북한어］'연두'의 북한어."
    },
    "년두교서": {
        "word": "년두교서",
        "chosung": "ㄴㄷㄱㅅ",
        "type": "명사",
        "mean": "'연두 교서'의 북한어."
    },
    "년두법": {
        "word": "년두법",
        "chosung": "ㄴㄷㅂ",
        "type": "명사",
        "mean": "'연두법'의 북한어."
    },
    "년두사": {
        "word": "년두사",
        "chosung": "ㄴㄷㅅ",
        "type": "명사",
        "mean": "［북한어］'연두사'의 북한어."
    },
    "년두송": {
        "word": "년두송",
        "chosung": "ㄴㄷㅅ",
        "type": "명사",
        "mean": "［북한어］'연두송'의 북한어."
    },
    "년래": {
        "word": "년래",
        "chosung": "ㄴㄹ",
        "type": "명사",
        "mean": "［북한어］'연래'의 북한어."
    },
    "년력": {
        "word": "년력",
        "chosung": "ㄴㄹ",
        "type": "명사",
        "mean": "［북한어］연별로 볼 수 있는 책력. 한 장으로 모두 나타낸다."
    },
    "년령": {
        "word": "년령",
        "chosung": "ㄴㄹ",
        "type": "명사",
        "mean": "［북한어］'연령'의 북한어."
    },
    "년령기": {
        "word": "년령기",
        "chosung": "ㄴㄹㄱ",
        "type": "명사",
        "mean": "［북한어］'연령기'의 북한어."
    },
    "년례": {
        "word": "년례",
        "chosung": "ㄴㄹ",
        "type": "명사",
        "mean": "［북한어］'연례'의 북한어."
    },
    "년례행사": {
        "word": "년례행사",
        "chosung": "ㄴㄹㅎㅅ",
        "type": "명사",
        "mean": "［북한어］'연례행사'의 북한어."
    },
    "년례회": {
        "word": "년례회",
        "chosung": "ㄴㄹㅎ",
        "type": "명사",
        "mean": "［북한어］'연례회'의 북한어."
    },
    "년로": {
        "word": "년로",
        "chosung": "ㄴㄹ",
        "type": "명사",
        "mean": "［북한어］'연로'의 북한어."
    },
    "년로금": {
        "word": "년로금",
        "chosung": "ㄴㄹㄱ",
        "type": "명사",
        "mean": "=년로년금. ※연로금."
    },
    "년로년금": {
        "word": "년로년금",
        "chosung": "ㄴㄹㄴㄱ",
        "type": "명사",
        "mean": "일정한 근속 노동 연한을 가진 근로자가 늙었을 경우에 주는 연금. 북한에서는 남자 예순 살, 여자 쉰다섯 살에 이른 일정한 근속 노동 연한을 가진 근로자들에게 준다. ≒년로금·년로자년금. ※연로 연금."
    },
    "년로보장": {
        "word": "년로보장",
        "chosung": "ㄴㄹㅂㅈ",
        "type": "명사",
        "mean": "나이가 많아서 노동할 수 없는 사람들을 집에서 편안히 쉬게 국가가 보장해 주는 것."
    },
    "년로자": {
        "word": "년로자",
        "chosung": "ㄴㄹㅈ",
        "type": "명사",
        "mean": "［북한어］늙고 나이가 많은 사람. ※연로자."
    },
    "년로자년금": {
        "word": "년로자년금",
        "chosung": "ㄴㄹㅈㄴㄱ",
        "type": "명사",
        "mean": "=년로년금. ※연로자 연금."
    },
    "년륜": {
        "word": "년륜",
        "chosung": "ㄴㄹ",
        "type": "명사",
        "mean": "'연륜'의 북한어. 3. 《식물》'연륜'의 북한어."
    },
    "년륜수문학": {
        "word": "년륜수문학",
        "chosung": "ㄴㄹㅅㅁㅎ",
        "type": "명사",
        "mean": "강우량과 관계되는 나무 나이테의 두께와 강물의 유량과의 관계 또는 흙의 누기와 관련되는 나이테의 두께와 강우량과의 관계를 연구하는 학문. ※연륜수문학."
    },
    "년리": {
        "word": "년리",
        "chosung": "ㄴㄹ",
        "type": "명사",
        "mean": "［북한어］'연리'의 북한어."
    },
    "년만하다": {
        "word": "년만하다",
        "chosung": "ㄴㅁㅎㄷ",
        "type": "형용사",
        "mean": "［북한어］'연만하다'의 북한어."
    },
    "년말": {
        "word": "년말",
        "chosung": "ㄴㅁ",
        "type": "명사",
        "mean": "［북한어］'연말'의 북한어."
    },
    "년말년시": {
        "word": "년말년시",
        "chosung": "ㄴㅁㄴㅅ",
        "type": "명사",
        "mean": "［북한어］'연말연시'의 북한어."
    },
    "년모": {
        "word": "년모",
        "chosung": "ㄴㅁ",
        "type": "명사",
        "mean": "［북한어］'연모'의 북한어."
    },
    "년발": {
        "word": "년발",
        "chosung": "ㄴㅂ",
        "type": "명사",
        "mean": "［북한어］'연발'의 북한어."
    },
    "년배": {
        "word": "년배",
        "chosung": "ㄴㅂ",
        "type": "명사",
        "mean": "［북한어］1. '연배'의 북한어."
    },
    "년변": {
        "word": "년변",
        "chosung": "ㄴㅂ",
        "type": "명사",
        "mean": "［북한어］'연변'의 북한어."
    },
    "년보": {
        "word": "년보",
        "chosung": "ㄴㅂ",
        "type": "명사",
        "mean": "［북한어］'연보'의 북한어."
    },
    "년봉": {
        "word": "년봉",
        "chosung": "ㄴㅂ",
        "type": "명사",
        "mean": "［북한어］'연봉'의 북한어."
    },
    "년봉금": {
        "word": "년봉금",
        "chosung": "ㄴㅂㄱ",
        "type": "명사",
        "mean": "［북한어］연봉으로 주는 돈."
    },
    "년부": {
        "word": "년부",
        "chosung": "ㄴㅂ",
        "type": "명사",
        "mean": "［북한어］'연부'의 북한어."
    },
    "년부금": {
        "word": "년부금",
        "chosung": "ㄴㅂㄱ",
        "type": "명사",
        "mean": "［북한어］'연부금'의 북한어."
    },
    "년부력강": {
        "word": "년부력강",
        "chosung": "ㄴㅂㄹㄱ",
        "type": "명사",
        "mean": "［북한어］'연부역강'의 북한어."
    },
    "년부제": {
        "word": "년부제",
        "chosung": "ㄴㅂㅈ",
        "type": "명사",
        "mean": "［북한어］ 치러야 할 돈을 해마다 얼마씩 나누어 내기로 한 제도. ≒년불제. ※연부제."
    },
    "년분": {
        "word": "년분",
        "chosung": "ㄴㅂ",
        "type": "명사",
        "mean": "'연분'의 북한어."
    },
    "년분법": {
        "word": "년분법",
        "chosung": "ㄴㅂㅂ",
        "type": "명사",
        "mean": "'연분구등법'의 북한어. ※연분법."
    },
    "년불": {
        "word": "년불",
        "chosung": "ㄴㅂ",
        "type": "명사",
        "mean": "［북한어］'연불'의 북한어."
    },
    "년불제": {
        "word": "년불제",
        "chosung": "ㄴㅂㅈ",
        "type": "명사",
        "mean": "［북한어］=년부제. ※연불제."
    },
    "년사": {
        "word": "년사",
        "chosung": "ㄴㅅ",
        "type": "명사",
        "mean": "［북한어］1. '연사'의 북한어."
    },
    "년산": {
        "word": "년산",
        "chosung": "ㄴㅅ",
        "type": "명사",
        "mean": "［북한어］'연산'의 북한어."
    },
    "년상": {
        "word": "년상",
        "chosung": "ㄴㅅ",
        "type": "명사",
        "mean": "［북한어］'연상'의 북한어."
    },
    "년상약하다": {
        "word": "년상약하다",
        "chosung": "ㄴㅅㅇㅎㄷ",
        "type": "형용사",
        "mean": "［북한어］'연상약하다'의 북한어."
    },
    "년생": {
        "word": "년생",
        "chosung": "ㄴㅅ",
        "type": "명사",
        "mean": "［의존명사］어떤 학년의 학생임을 이르는 말."
    },
    "년석": {
        "word": "년석",
        "chosung": "ㄴㅅ",
        "type": "명사",
        "mean": "［의존명사］'녀석'의 잘못."
    },
    "년세": {
        "word": "년세",
        "chosung": "ㄴㅅ",
        "type": "명사",
        "mean": "［북한어］'연세'의 북한어."
    },
    "년소": {
        "word": "년소",
        "chosung": "ㄴㅅ",
        "type": "명사",
        "mean": "［북한어］나이가 젊음. 또는 나이가 어림."
    },
    "년소기예": {
        "word": "년소기예",
        "chosung": "ㄴㅅㄱㅇ",
        "type": "명사",
        "mean": "［북한어］'연소기예'의 북한어."
    },
    "년소배": {
        "word": "년소배",
        "chosung": "ㄴㅅㅂ",
        "type": "명사",
        "mean": "［북한어］'연소배'의 북한어."
    },
    "년수": {
        "word": "년수",
        "chosung": "ㄴㅅ",
        "type": "명사",
        "mean": "［북한어］'연수'의 북한어."
    },
    "년시": {
        "word": "년시",
        "chosung": "ㄴㅅ",
        "type": "명사",
        "mean": "［북한어］'연시'의 북한어."
    },
    "년심세구": {
        "word": "년심세구",
        "chosung": "ㄴㅅㅅㄱ",
        "type": "명사",
        "mean": "［북한어］'연심세구'의 북한어."
    },
    "년알": {
        "word": "년알",
        "chosung": "ㄴㅇ",
        "type": "명사",
        "mean": "'연알'의 북한어."
    },
    "년액": {
        "word": "년액",
        "chosung": "ㄴㅇ",
        "type": "명사",
        "mean": "［북한어］'연액'의 북한어."
    },
    "년운": {
        "word": "년운",
        "chosung": "ㄴㅇ",
        "type": "명사",
        "mean": "［북한어］'연운'의 북한어."
    },
    "년월일": {
        "word": "년월일",
        "chosung": "ㄴㅇㅇ",
        "type": "명사",
        "mean": "［북한어］'연월일'의 북한어."
    },
    "년월일시": {
        "word": "년월일시",
        "chosung": "ㄴㅇㅇㅅ",
        "type": "명사",
        "mean": "［북한어］'연월일시'의 북한어."
    },
    "년장": {
        "word": "년장",
        "chosung": "ㄴㅈ",
        "type": "명사",
        "mean": "［북한어］'연장'의 북한어."
    },
    "년장아": {
        "word": "년장아",
        "chosung": "ㄴㅈㅇ",
        "type": "명사",
        "mean": "［북한어］ '큰아이'의 북한어. ※연장아."
    },
    "년장자": {
        "word": "년장자",
        "chosung": "ㄴㅈㅈ",
        "type": "명사",
        "mean": "［북한어］1. '연장자'의 북한어. 2. 일정한 부문에서 일한 햇수가 많거나 기술 수준이 높은 것을 비유적으로 이르는 말."
    },
    "년전": {
        "word": "년전",
        "chosung": "ㄴㅈ",
        "type": "명사",
        "mean": "［북한어］'연전'의 북한어."
    },
    "년젼춍이": {
        "word": "년젼춍이",
        "chosung": "ㄴㅈㅊㅇ",
        "type": "명사",
        "mean": "［옛말］말(馬)의 한 종류."
    },
    "년조": {
        "word": "년조",
        "chosung": "ㄴㅈ",
        "type": "명사",
        "mean": "［북한어］1. '연조'의 북한어."
    },
    "년종": {
        "word": "년종",
        "chosung": "ㄴㅈ",
        "type": "명사",
        "mean": "［북한어］ '연종'의 북한어."
    },
    "년종방포": {
        "word": "년종방포",
        "chosung": "ㄴㅈㅂㅍ",
        "type": "명사",
        "mean": "'연종 방포'의 북한어."
    },
    "년종제": {
        "word": "년종제",
        "chosung": "ㄴㅈㅈ",
        "type": "명사",
        "mean": "'연종제'의 북한어."
    },
    "년종포": {
        "word": "년종포",
        "chosung": "ㄴㅈㅍ",
        "type": "명사",
        "mean": "［북한어］ '연종포'의 북한어."
    },
    "년주광행차": {
        "word": "년주광행차",
        "chosung": "ㄴㅈㄱㅎㅊ",
        "type": "명사",
        "mean": "'연주 광행차'의 북한어."
    },
    "년주시차": {
        "word": "년주시차",
        "chosung": "ㄴㅈㅅㅊ",
        "type": "명사",
        "mean": "'연주 시차'의 북한어."
    },
    "년주운동": {
        "word": "년주운동",
        "chosung": "ㄴㅈㅇㄷ",
        "type": "명사",
        "mean": "'연주 운동'의 북한어."
    },
    "년중": {
        "word": "년중",
        "chosung": "ㄴㅈ",
        "type": "명사",
        "mean": "［북한어］1. '연중'의 북한어."
    },
    "년중무휴": {
        "word": "년중무휴",
        "chosung": "ㄴㅈㅁㅎ",
        "type": "명사",
        "mean": "［북한어］'연중무휴'의 북한어."
    },
    "년중털갈이": {
        "word": "년중털갈이",
        "chosung": "ㄴㅈㅌㄱㅇ",
        "type": "명사",
        "mean": "1년 내내 새 털과 낡은 털을 바꾸는 털갈이. 양털, 말갈기, 소와 말의 꼬리털 갈이가 이에 속한다. ※연중 털갈이."
    },
    "년중행사": {
        "word": "년중행사",
        "chosung": "ㄴㅈㅎㅅ",
        "type": "명사",
        "mean": "［북한어］1. '연중행사'의 북한어. 2. 바로 그 해에 해야 할 행사."
    },
    "년증세가": {
        "word": "년증세가",
        "chosung": "ㄴㅈㅅㄱ",
        "type": "명사",
        "mean": "［북한어］'연증세가'의 북한어."
    },
    "년차": {
        "word": "년차",
        "chosung": "ㄴㅊ",
        "type": "명사",
        "mean": "［북한어］1. '연차'의 북한어."
    },
    "년초": {
        "word": "년초",
        "chosung": "ㄴㅊ",
        "type": "명사",
        "mean": "［북한어］'연초'의 북한어."
    },
    "년초병": {
        "word": "년초병",
        "chosung": "ㄴㅊㅂ",
        "type": "명사",
        "mean": "［북한어］연초에 일을 열심히 하지 않고 게으름을 부리는 것을 비유적으로 이르는 말."
    },
    "년층": {
        "word": "년층",
        "chosung": "ㄴㅊ",
        "type": "명사",
        "mean": "세(世)를 더 작게 나눈 지질학적 단위인 연(年) 동안에 이루어진 지층. ※연층."
    },
    "년치": {
        "word": "년치",
        "chosung": "ㄴㅊ",
        "type": "명사",
        "mean": "［북한어］'연치'의 북한어."
    },
    "년평균": {
        "word": "년평균",
        "chosung": "ㄴㅍㄱ",
        "type": "명사",
        "mean": "［북한어］'연평균'의 북한어."
    },
    "년표": {
        "word": "년표",
        "chosung": "ㄴㅍ",
        "type": "명사",
        "mean": "［북한어］'연표'의 북한어."
    },
    "년풍": {
        "word": "년풍",
        "chosung": "ㄴㅍ",
        "type": "명사",
        "mean": "［북한어］'연풍'의 북한어."
    },
    "년하": {
        "word": "년하",
        "chosung": "ㄴㅎ",
        "type": "명사",
        "mean": "［북한어］'연하'의 북한어."
    },
    "년하우편": {
        "word": "년하우편",
        "chosung": "ㄴㅎㅇㅍ",
        "type": "명사",
        "mean": "［북한어］'연하우편'의 북한어."
    },
    "년하장": {
        "word": "년하장",
        "chosung": "ㄴㅎㅈ",
        "type": "명사",
        "mean": "［북한어］'연하장'의 북한어."
    },
    "년한": {
        "word": "년한",
        "chosung": "ㄴㅎ",
        "type": "명사",
        "mean": "［북한어］'연한'의 북한어."
    },
    "년형": {
        "word": "년형",
        "chosung": "ㄴㅎ",
        "type": "명사",
        "mean": "［북한어］'연형'의 북한어."
    },
    "년호": {
        "word": "년호",
        "chosung": "ㄴㅎ",
        "type": "명사",
        "mean": "'연호'의 북한어."
    },
    "년화": {
        "word": "년화",
        "chosung": "ㄴㅎ",
        "type": "명사",
        "mean": "［북한어］'연화'의 북한어."
    },
    "년회": {
        "word": "년회",
        "chosung": "ㄴㅎ",
        "type": "명사",
        "mean": "'연회'의 북한어."
    },
    "년휼금": {
        "word": "년휼금",
        "chosung": "ㄴㅎㄱ",
        "type": "명사",
        "mean": "［북한어］예전에, 생활상 경제적 보조를 받아야 할 대상에게 한 해에 얼마씩 주던 보조금. ※연휼금."
    }
}