{
    "녈반": {
        "word": "녈반",
        "chosung": "ㄴㅂ",
        "type": "명사",
        "mean": "'열반'의 북한어."
    },
    "녈반당": {
        "word": "녈반당",
        "chosung": "ㄴㅂㄷ",
        "type": "명사",
        "mean": "'열반당'의 북한어."
    },
    "녈반쇠": {
        "word": "녈반쇠",
        "chosung": "ㄴㅂㅅ",
        "type": "명사",
        "mean": "'열반쇠'의 북한어."
    },
    "녈반종": {
        "word": "녈반종",
        "chosung": "ㄴㅂㅈ",
        "type": "명사",
        "mean": "'열반종'의 북한어."
    },
    "녈사": {
        "word": "녈사",
        "chosung": "ㄴㅅ",
        "type": "명사",
        "mean": "［옛말］'열사(烈士)'의 옛말."
    },
    "녈잡다": {
        "word": "녈잡다",
        "chosung": "ㄴㅈㄷ",
        "type": "동사",
        "mean": "［방언］'낮잡다'의 방언(평북)."
    }
}