{
    "놈": {
        "word": "놈",
        "chosung": "ㄴ",
        "type": "명사",
        "mean": "［의존명사］1. '남자'를 낮잡아 이르는 말."
    },
    "놈낮다": {
        "word": "놈낮다",
        "chosung": "ㄴㄴㄷ",
        "type": "형용사",
        "mean": "［옛말］높고 낮다."
    },
    "놈놀이": {
        "word": "놈놀이",
        "chosung": "ㄴㄴㅇ",
        "type": "명사",
        "mean": "'사내'를 낮잡아 이르는 말."
    },
    "놈세": {
        "word": "놈세",
        "chosung": "ㄴㅅ",
        "type": "명사",
        "mean": "［방언］'남새'의 방언(전남)."
    },
    "놈의우": {
        "word": "놈의우",
        "chosung": "ㄴㅇㅇ",
        "type": "명사",
        "mean": "［방언］여자가 아이 밴 것을 점잖게 이르는 말(제주)."
    },
    "놈질하다": {
        "word": "놈질하다",
        "chosung": "ㄴㅈㅎㄷ",
        "type": "동사",
        "mean": "［방언］'노하다'의 방언(함북)."
    },
    "놈팡이": {
        "word": "놈팡이",
        "chosung": "ㄴㅍㅇ",
        "type": "명사",
        "mean": "1. '사내'를 낮잡아 이르는 말."
    },
    "놈팽이": {
        "word": "놈팽이",
        "chosung": "ㄴㅍㅇ",
        "type": "명사",
        "mean": "'놈팡이'의 잘못."
    }
}