{
    "놉": {
        "word": "놉",
        "chosung": "ㄴ",
        "type": "명사",
        "mean": "1. 하루하루 품삯과 음식을 받고 일을 하는 품팔이 일꾼. 또는 그 일꾼을 부리는 일."
    },
    "놉겪이": {
        "word": "놉겪이",
        "chosung": "ㄴㄱㅇ",
        "type": "명사",
        "mean": "놉에게 음식을 주어 일을 치름."
    },
    "놉나지": {
        "word": "놉나지",
        "chosung": "ㄴㄴㅈ",
        "type": "명사",
        "mean": "［옛말］'높낮이'의 옛말."
    },
    "놉낫가비": {
        "word": "놉낫가비",
        "chosung": "ㄴㄴㄱㅂ",
        "type": "명사",
        "mean": "［옛말］'높낮이'의 옛말."
    },
    "놉낫가이": {
        "word": "놉낫가이",
        "chosung": "ㄴㄴㄱㅇ",
        "type": "부사",
        "mean": "［옛말］높고 낮게."
    },
    "놉낫갑다": {
        "word": "놉낫갑다",
        "chosung": "ㄴㄴㄱㄷ",
        "type": "형용사",
        "mean": "［옛말］높고 낮다."
    },
    "놉다": {
        "word": "놉다",
        "chosung": "ㄴㄷ",
        "type": "형용사",
        "mean": "［방언］'노엽다'의 방언(함북)."
    },
    "놉살다": {
        "word": "놉살다",
        "chosung": "ㄴㅅㄷ",
        "type": "동사",
        "mean": "음식을 얻어먹고 날삯으로 품팔이하여 살다."
    },
    "놉자시": {
        "word": "놉자시",
        "chosung": "ㄴㅈㅅ",
        "type": "부사",
        "mean": "［옛말］'높직이'의 옛말."
    },
    "놉즈기": {
        "word": "놉즈기",
        "chosung": "ㄴㅈㄱ",
        "type": "부사",
        "mean": "［옛말］'높직이'의 옛말."
    }
}