{
    "높게더기": {
        "word": "높게더기",
        "chosung": "ㄴㄱㄷㄱ",
        "type": "명사",
        "mean": "고원의 평평한 땅."
    },
    "높나직": {
        "word": "높나직",
        "chosung": "ㄴㄴㅈ",
        "type": "명사",
        "mean": "'높나직하다'의 어근."
    },
    "높낮다": {
        "word": "높낮다",
        "chosung": "ㄴㄴㄷ",
        "type": "형용사",
        "mean": "［북한어］높거나 낮다."
    },
    "높낮이": {
        "word": "높낮이",
        "chosung": "ㄴㄴㅇ",
        "type": "명사",
        "mean": "1. 높음과 낮음. 또는 높고 낮은 정도. ≒고저(高低)."
    },
    "높낮이맞추기": {
        "word": "높낮이맞추기",
        "chosung": "ㄴㄴㅇㅁㅊㄱ",
        "type": "명사",
        "mean": "판 고르기의 하나. 활자나 사진 동판의 높낮이를 맞추어 그림의 농도(濃度)를 고르게 하기 위한 방법이다."
    },
    "높낮이양": {
        "word": "높낮이양",
        "chosung": "ㄴㄴㅇㅇ",
        "type": "명사",
        "mean": "=기복량."
    },
    "높낮이평행봉": {
        "word": "높낮이평행봉",
        "chosung": "ㄴㄴㅇㅍㅎㅂ",
        "type": "명사",
        "mean": "［북한어］'이중 평행봉'의 북한어."
    },
    "높높이": {
        "word": "높높이",
        "chosung": "ㄴㄴㅇ",
        "type": "부사",
        "mean": " 더욱 높게. 또는 겹쳐 높게."
    },
    "높다": {
        "word": "높다",
        "chosung": "ㄴㄷ",
        "type": "형용사",
        "mean": "1. 아래에서 위까지의 길이가 길다."
    },
    "높다락": {
        "word": "높다락",
        "chosung": "ㄴㄷㄹ",
        "type": "명사",
        "mean": "=고각."
    },
    "높다랗다": {
        "word": "높다랗다",
        "chosung": "ㄴㄷㄹㄷ",
        "type": "형용사",
        "mean": "썩 높다."
    },
    "높다래지다": {
        "word": "높다래지다",
        "chosung": "ㄴㄷㄹㅈㄷ",
        "type": "저",
        "mean": "), -지니〕［동사］높다랗게 되다."
    },
    "높닿다": {
        "word": "높닿다",
        "chosung": "ㄴㄷㄷ",
        "type": "형용사",
        "mean": "［방언］'높다랗다'의 방언(경기)."
    },
    "높드랗다": {
        "word": "높드랗다",
        "chosung": "ㄴㄷㄹㄷ",
        "type": "형용사",
        "mean": "'높다랗다'의 잘못."
    },
    "높드리": {
        "word": "높드리",
        "chosung": "ㄴㄷㄹ",
        "type": "명사",
        "mean": "1. 골짜기의 높은 곳."
    },
    "높디높다": {
        "word": "높디높다",
        "chosung": "ㄴㄷㄴㄷ",
        "type": "형용사",
        "mean": "더할 수 없을 정도로 높다."
    },
    "높뛰기": {
        "word": "높뛰기",
        "chosung": "ㄴㄸㄱ",
        "type": "명사",
        "mean": "［북한어］'높이뛰기'의 북한어."
    },
    "높뛰다": {
        "word": "높뛰다",
        "chosung": "ㄴㄸㄷ",
        "type": "동사",
        "mean": "1. 높이 뛰다. 2. 힘차게 고동치다."
    },
    "높바람": {
        "word": "높바람",
        "chosung": "ㄴㅂㄹ",
        "type": "명사",
        "mean": "=된바람."
    },
    "높새": {
        "word": "높새",
        "chosung": "ㄴㅅ",
        "type": "명사",
        "mean": "=높새바람."
    },
    "높새바람": {
        "word": "높새바람",
        "chosung": "ㄴㅅㅂㄹ",
        "type": "명사",
        "mean": " '북동풍'을 달리 이르는 말. 주로 봄부터 초여름에 걸쳐 태백산맥을 넘어 영서 지방으로 부는 고온 건조한 바람으로 농작물에 피해를 준다. ≒녹새풍·높새."
    },
    "높쌘구름": {
        "word": "높쌘구름",
        "chosung": "ㄴㅆㄱㄹ",
        "type": "명사",
        "mean": "=고적운."
    },
    "높으락낮으락": {
        "word": "높으락낮으락",
        "chosung": "ㄴㅇㄹㄴㅇㄹ",
        "type": "부사",
        "mean": "높았다 낮았다 하여 높낮이가 고르지 않은 모양."
    },
    "높은기둥": {
        "word": "높은기둥",
        "chosung": "ㄴㅇㄱㄷ",
        "type": "명사",
        "mean": "대청의 한가운데에 다른 기둥보다 높이 세운 기둥. ≒고주(高柱)."
    },
    "높은날개비행기": {
        "word": "높은날개비행기",
        "chosung": "ㄴㅇㄴㄱㅂㅎㄱ",
        "type": "명사",
        "mean": "'고익기'의 북한어."
    },
    "높은더미구름": {
        "word": "높은더미구름",
        "chosung": "ㄴㅇㄷㅁㄱㄹ",
        "type": "명사",
        "mean": "'고적운'의 북한어."
    },
    "높은돋을새김": {
        "word": "높은돋을새김",
        "chosung": "ㄴㅇㄷㅇㅅㄱ",
        "type": "명사",
        "mean": "'고부조'의 북한어."
    },
    "높은모음": {
        "word": "높은모음",
        "chosung": "ㄴㅇㅁㅇ",
        "type": "명사",
        "mean": "'고모음'의 북한어."
    },
    "높은반": {
        "word": "높은반",
        "chosung": "ㄴㅇㅂ",
        "type": "명사",
        "mean": "1. 유치원에서 학령 전에 1년 동안 의무적으로 교육을 받는 반. 2. 일정한 수준 위에 있는 사람들로 조직되는 반."
    },
    "높은밥": {
        "word": "높은밥",
        "chosung": "ㄴㅇㅂ",
        "type": "명사",
        "mean": "'고봉밥'의 잘못."
    },
    "높은벌": {
        "word": "높은벌",
        "chosung": "ㄴㅇㅂ",
        "type": "명사",
        "mean": "'고원(高原)'의 북한어."
    },
    "높은산갈래잎이끼": {
        "word": "높은산갈래잎이끼",
        "chosung": "ㄴㅇㅅㄱㄹㅇㅇㄲ",
        "type": "명사",
        "mean": "갈래잎이낏과의 하나. 붉은 밤색으로 둥근 잎은 서로 접하고 두 갈래로 갈라지며, 갈래쪽은 넓은 삼각형이다. 산지(山地)의 습한 바위나 땅에서 자라는데 우리나라 북부에 분포한다."
    },
    "높은산구슬말": {
        "word": "높은산구슬말",
        "chosung": "ㄴㅇㅅㄱㅅㅁ",
        "type": "명사",
        "mean": "구슬말과의 민물 남조류. 몸은 2~8개나 더 많은 세포로 이루어진 공 모양이거나 길고 둥근 형의 군체(群體)이다. 무색의 점액막으로 덮여 있다. 젖은 땅에서 자라는 이끼에 기생하거나 젖은 바위나 흙, 온천에서 산다."
    },
    "높은산노랑나비": {
        "word": "높은산노랑나비",
        "chosung": "ㄴㅇㅅㄴㄹㄴㅂ",
        "type": "명사",
        "mean": "흰나빗과의 곤충. 편 날개의 길이는 4~5cm로 노랑나비와 비슷한데, 수컷은 바탕색이 노랗고 암컷은 희다. 7~8월에 나타나며, 애벌레는 들쭉나무의 잎을 먹는다. 높은 산에 살며 한국, 만주, 시베리아, 아무르 등지에 분포한다. (Colias palaeno)"
    },
    "높은산뱀눈나비": {
        "word": "높은산뱀눈나비",
        "chosung": "ㄴㅇㅅㅂㄴㄴㅂ",
        "type": "명사",
        "mean": "뱀눈나빗과의 곤충. 날개는 밤색이고 날개의 바깥 가장자리에 몇 개의 점무늬가 있으며 뒷날개 뒷면은 희끄무레한 밤색 비늘 가루로 덮여 있다. 수컷의 앞날개는 뾰족하고 암컷의 앞날개는 둥글다. 한 해에 한 번 나타나고 우리나라 북부 산간 지대에 분포한다. (Oeneis jutta)"
    },
    "높은산버들": {
        "word": "높은산버들",
        "chosung": "ㄴㅇㅅㅂㄷ",
        "type": "명사",
        "mean": "버드나뭇과의 낙엽 활엽 관목. 줄기는 땅 위에 누워서 뻗으며, 잎은 거꾸로 된 버들잎 모양 또는 거꾸로 된 달걀 모양이고 톱니가 있다. 봄에 꽃이 피고 열매는 열과(裂果)로 여름에 익는다. 우리나라 북부 고원의 높은 산꼭대기에 자란다."
    },
    "높은산지대": {
        "word": "높은산지대",
        "chosung": "ㄴㅇㅅㅈㄷ",
        "type": "명사",
        "mean": "'고산대'의 북한어."
    },
    "높은산지옥나비": {
        "word": "높은산지옥나비",
        "chosung": "ㄴㅇㅅㅈㅇㄴㅂ",
        "type": "명사",
        "mean": "뱀눈나빗과의 곤충. 편 날개의 길이는 5cm 정도로 날개는 어두운 갈색에 윤이 나며, 주황색의 넓은 띠가 있고, 그 안쪽에는 검은색의 둥근 무늬가 있다. 높은 산에 살며, 한국·일본·유럽 등지에 분포한다. (Erebia ligea)"
    },
    "높은산한줄나비": {
        "word": "높은산한줄나비",
        "chosung": "ㄴㅇㅅㅎㅈㄴㅂ",
        "type": "명사",
        "mean": "멧나빗과의 곤충. 산한줄나비와 비슷하나 앞날개 가운데 밑 부분에 흰 줄무늬가 있다. 한 해에 한 번 나타나고 우리나라 북부 산간 지대에 분포한다."
    },
    "높은산흰나비": {
        "word": "높은산흰나비",
        "chosung": "ㄴㅇㅅㅎㄴㅂ",
        "type": "명사",
        "mean": "흰나빗과의 곤충. 산흰나비와 비슷하나 날개는 흰색이고 날개 줄기는 검은색이다. 날개 바깥 가장자리는 검은 인분(鱗粉)으로 덮여 있다."
    },
    "높은소리": {
        "word": "높은소리",
        "chosung": "ㄴㅇㅅㄹ",
        "type": "명사",
        "mean": "［북한어］'고음(高音)'의 북한어."
    },
    "높은소리목": {
        "word": "높은소리목",
        "chosung": "ㄴㅇㅅㄹㅁ",
        "type": "명사",
        "mean": "=고음구."
    },
    "높은음": {
        "word": "높은음",
        "chosung": "ㄴㅇㅇ",
        "type": "명사",
        "mean": "=고음(高音)."
    },
    "높은음자리표": {
        "word": "높은음자리표",
        "chosung": "ㄴㅇㅇㅈㄹㅍ",
        "type": "명사",
        "mean": "오선보에서, 오선(五線)의 제2선이 '사' 음의 자리임을 나타내는 기호. ''로 표시한다. ≒고음부(高音部)·고음부 기호·사음기호·사음자리표."
    },
    "높은이랑": {
        "word": "높은이랑",
        "chosung": "ㄴㅇㅇㄹ",
        "type": "명사",
        "mean": "'고규(高畦)'를 다듬은 말."
    },
    "높은이랑식": {
        "word": "높은이랑식",
        "chosung": "ㄴㅇㅇㄹㅅ",
        "type": "명사",
        "mean": "'고규식'을 다듬은 말."
    },
    "높은이랑재배": {
        "word": "높은이랑재배",
        "chosung": "ㄴㅇㅇㄹㅈㅂ",
        "type": "명사",
        "mean": "이랑을 만들고 이랑 마루에 씨앗을 심어 가꾸는 재배 방법. 습기의 피해를 받는 땅이나 진흙기가 많아 물이 잘 빠지지 않는 땅, 고구마·감자와 같이 땅속 산소를 많이 요구하는 작물 따위에 쓴다."
    },
    "높은잎": {
        "word": "높은잎",
        "chosung": "ㄴㅇㅇ",
        "type": "명사",
        "mean": "줄기의 끝 부분에서 꽃이나 꽃차례의 아래에 붙는 잎. 가운데 잎보다 작으며 잎의 구성 성분을 다 갖추지 못하고 있다."
    },
    "높은주춧돌": {
        "word": "높은주춧돌",
        "chosung": "ㄴㅇㅈㅊㄷ",
        "type": "명사",
        "mean": "다락집이나 정자(亭子) 따위에서 높이 세운 주춧돌. 다른 주춧돌보다 길게 하여 높이 받친다. ≒고주초석·고초석·장초석."
    },
    "높은진공": {
        "word": "높은진공",
        "chosung": "ㄴㅇㅈㄱ",
        "type": "명사",
        "mean": "진공도가 높은 상태. 기체와 압력이 아주 낮은 상태이다."
    },
    "높은청": {
        "word": "높은청",
        "chosung": "ㄴㅇㅊ",
        "type": "명사",
        "mean": "노래에서 가장 높은 목소리. 테너 또는 소프라노를 이르는 말이다."
    },
    "높은층구름": {
        "word": "높은층구름",
        "chosung": "ㄴㅇㅊㄱㄹ",
        "type": "명사",
        "mean": "'고층운'의 북한어."
    },
    "높은표": {
        "word": "높은표",
        "chosung": "ㄴㅇㅍ",
        "type": "명사",
        "mean": "'높은음자리표'의 북한어."
    },
    "높은홀소리": {
        "word": "높은홀소리",
        "chosung": "ㄴㅇㅎㅅㄹ",
        "type": "명사",
        "mean": "=고모음."
    },
    "높을고": {
        "word": "높을고",
        "chosung": "ㄴㅇㄱ",
        "type": "명사",
        "mean": "한자 부수의 하나. '□' 따위에 쓰인 '高'를 이른다."
    },
    "높이": {
        "word": "높이",
        "chosung": "ㄴㅇ",
        "type": "부사",
        "mean": "1. 아래에서 위까지의 길이가 길게."
    },
    "높이각": {
        "word": "높이각",
        "chosung": "ㄴㅇㄱ",
        "type": "명사",
        "mean": "［북한어］각을 재는 사람이 목표의 아래 점과 꼭짓점을 볼 때의 그 각."
    },
    "높이노기스": {
        "word": "높이노기스",
        "chosung": "ㄴㅇㄴㄱㅅ",
        "type": "명사",
        "mean": "높이를 재거나 높이에 따라 금을 긋는 데 쓰는 기구."
    },
    "높이다": {
        "word": "높이다",
        "chosung": "ㄴㅇㄷ",
        "type": "동사",
        "mean": " 『…을』 1. '높다'의 사동사."
    },
    "높이뛰기": {
        "word": "높이뛰기",
        "chosung": "ㄴㅇㄸㄱ",
        "type": "명사",
        "mean": "공중에 가로질러 놓은 막대를 뛰어넘어 그 막대의 높이로 승부를 겨루는 육상 경기."
    },
    "높이뛰기기둥": {
        "word": "높이뛰기기둥",
        "chosung": "ㄴㅇㄸㄱㄱㄷ",
        "type": "명사",
        "mean": "높이뛰기에서, 가로대를 걸치기 위하여 세우는 기둥."
    },
    "높이뛰기대": {
        "word": "높이뛰기대",
        "chosung": "ㄴㅇㄸㄱㄷ",
        "type": "명사",
        "mean": "=높이뛰기틀."
    },
    "높이뛰기틀": {
        "word": "높이뛰기틀",
        "chosung": "ㄴㅇㄸㄱㅌ",
        "type": "명사",
        "mean": "높이뛰기를 하는 데 쓰는 기구. 높이뛰기 기둥과 가로대로 되어 있다. ≒고도대·높이뛰기대."
    },
    "높이자": {
        "word": "높이자",
        "chosung": "ㄴㅇㅈ",
        "type": "명사",
        "mean": "밑받침에 수직으로 세워 높이의 치수를 가늠 바늘로 표시한 자."
    },
    "높이재개": {
        "word": "높이재개",
        "chosung": "ㄴㅇㅈㄱ",
        "type": "명사",
        "mean": "=고도계."
    },
    "높이접": {
        "word": "높이접",
        "chosung": "ㄴㅇㅈ",
        "type": "명사",
        "mean": "'고접'을 다듬은 말."
    },
    "높이중심": {
        "word": "높이중심",
        "chosung": "ㄴㅇㅈㅅ",
        "type": "명사",
        "mean": "'수심(垂心)'의 북한어."
    },
    "높이차": {
        "word": "높이차",
        "chosung": "ㄴㅇㅊ",
        "type": "명사",
        "mean": " =낙차(落差)."
    },
    "높이차기": {
        "word": "높이차기",
        "chosung": "ㄴㅇㅊㄱ",
        "type": "명사",
        "mean": "다리를 곧게 편 상태에서 90도 이상 높이 올려 차는 춤동작. 주로 무용의 기초 훈련에서 많이 이용한다."
    },
    "높이표": {
        "word": "높이표",
        "chosung": "ㄴㅇㅍ",
        "type": "명사",
        "mean": "악보의 확정된 높이를 나타내기 위하여 오선의 첫머리에 적는 표시."
    },
    "높임": {
        "word": "높임",
        "chosung": "ㄴㅇ",
        "type": "명사",
        "mean": "=존칭(尊稱)."
    },
    "높임말": {
        "word": "높임말",
        "chosung": "ㄴㅇㅁ",
        "type": "명사",
        "mean": "사람이나 사물을 높여서 이르는 말. '아버님', '선생님' 따위의 직접 높임말, '진지', '따님', '아드님' 따위의 간접 높임말, '뵙다', '여쭙다', '드리다' 따위의 객체 높임말이 있다. ≒공대말·존경어·존대어·존댓말·존칭어."
    },
    "높임법": {
        "word": "높임법",
        "chosung": "ㄴㅇㅂ",
        "type": "명사",
        "mean": "《언어》=경어법."
    },
    "높임변압기": {
        "word": "높임변압기",
        "chosung": "ㄴㅇㅂㅇㄱ",
        "type": "명사",
        "mean": "'승압 변압기'의 북한어."
    },
    "높임변전소": {
        "word": "높임변전소",
        "chosung": "ㄴㅇㅂㅈㅅ",
        "type": "명사",
        "mean": "'승압 변전소'의 북한어."
    },
    "높지거니": {
        "word": "높지거니",
        "chosung": "ㄴㅈㄱㄴ",
        "type": "부사",
        "mean": "위치가 꽤 높은 모양."
    },
    "높지막": {
        "word": "높지막",
        "chosung": "ㄴㅈㅁ",
        "type": "명사",
        "mean": "'높지막하다'의 어근."
    },
    "높직": {
        "word": "높직",
        "chosung": "ㄴㅈ",
        "type": "명사",
        "mean": "'높직하다'의 어근."
    },
    "높직높직": {
        "word": "높직높직",
        "chosung": "ㄴㅈㄴㅈ",
        "type": "부사",
        "mean": "위치가 다 꽤 높은 모양. ≒높직높직이."
    },
    "높직높직이": {
        "word": "높직높직이",
        "chosung": "ㄴㅈㄴㅈㅇ",
        "type": "부사",
        "mean": "=높직높직."
    },
    "높층구름": {
        "word": "높층구름",
        "chosung": "ㄴㅊㄱㄹ",
        "type": "명사",
        "mean": "=고층운."
    },
    "높푸르다": {
        "word": "높푸르다",
        "chosung": "ㄴㅍㄹㄷ",
        "type": "형용사",
        "mean": "높고 푸르다."
    },
    "높하늬바람": {
        "word": "높하늬바람",
        "chosung": "ㄴㅎㄴㅂㄹ",
        "type": "명사",
        "mean": "뱃사람들의 은어로, '북서풍'을 이르는 말."
    },
    "높히다": {
        "word": "높히다",
        "chosung": "ㄴㅎㄷ",
        "type": "동사",
        "mean": "'높이다'의 잘못."
    }
}