{
    "놓": {
        "word": "놓",
        "chosung": "ㄴ",
        "type": "명사",
        "mean": "［옛말］'노'의 옛말. 휴지(休止) 앞에서는 'ㅎ'이 탈락하여 '노'로 나타난다."
    },
    "놓고": {
        "word": "놓고",
        "chosung": "ㄴㄱ",
        "type": "감탄사",
        "mean": "［북한어］목도 따위로 무거운 짐을 나르면서 바닥에 놓을 때 내는 소리."
    },
    "놓고치기": {
        "word": "놓고치기",
        "chosung": "ㄴㄱㅊㄱ",
        "type": "명사",
        "mean": "탈놀이에서, 상대되는 탈꾼을 보지 않고 다른 곳을 보며 말하거나 행동하는 일."
    },
    "놓는꼴": {
        "word": "놓는꼴",
        "chosung": "ㄴㄴㄲ",
        "type": "명사",
        "mean": "=방임형."
    },
    "놓다": {
        "word": "놓다",
        "chosung": "ㄴㄷ",
        "type": "동사",
        "mean": "［방언］'낳다'의 방언(경상)."
    },
    "놓뜨리다": {
        "word": "놓뜨리다",
        "chosung": "ㄴㄸㄹㄷ",
        "type": "동사",
        "mean": "'놓치다'의 잘못."
    },
    "놓아가다": {
        "word": "놓아가다",
        "chosung": "ㄴㅇㄱㄷ",
        "type": "동사",
        "mean": "배나 말 따위가 빨리 가다."
    },
    "놓아기르기": {
        "word": "놓아기르기",
        "chosung": "ㄴㅇㄱㄹㄱ",
        "type": "명사",
        "mean": "［북한어］'방사(放飼)'의 북한어."
    },
    "놓아기르다": {
        "word": "놓아기르다",
        "chosung": "ㄴㅇㄱㄹㄷ",
        "type": "동사",
        "mean": "『…을』 =놓아먹이다."
    },
    "놓아두다": {
        "word": "놓아두다",
        "chosung": "ㄴㅇㄷㄷ",
        "type": "동사",
        "mean": " 『…에 …을』들었던 것을 내려서 어떤 곳에 두다."
    },
    "놓아뜨리다": {
        "word": "놓아뜨리다",
        "chosung": "ㄴㅇㄸㄹㄷ",
        "type": "동사",
        "mean": "'놓치다'의 잘못."
    },
    "놓아먹다": {
        "word": "놓아먹다",
        "chosung": "ㄴㅇㅁㄷ",
        "type": "동사",
        "mean": "보살피는 사람이 없이 제멋대로 자라다."
    },
    "놓아먹이기": {
        "word": "놓아먹이기",
        "chosung": "ㄴㅇㅁㅇㄱ",
        "type": "명사",
        "mean": "［북한어］'방사(放飼)'의 북한어."
    },
    "놓아먹이다": {
        "word": "놓아먹이다",
        "chosung": "ㄴㅇㅁㅇㄷ",
        "type": "동사",
        "mean": "『…을』 가축 따위를 우리에 가두지 않고 한데에 내놓아 먹이다.≒놓아기르다."
    },
    "놓아주다": {
        "word": "놓아주다",
        "chosung": "ㄴㅇㅈㄷ",
        "type": "동사",
        "mean": " 1. 『…을』억압받던 상태에 있던 것을 자유로운 상태가 되도록 풀어 주다."
    },
    "놓여나다": {
        "word": "놓여나다",
        "chosung": "ㄴㅇㄴㄷ",
        "type": "동사",
        "mean": "『…에서/에게서』 ｛'…에서/에게서' 대신에 '…으로부터'가 쓰이기도 한다｝ 잡혔던 상태에서 벗어나다."
    },
    "놓여나오다": {
        "word": "놓여나오다",
        "chosung": "ㄴㅇㄴㅇㄷ",
        "type": "동사",
        "mean": "『…에서/에게서』잡혔던 곳에서 풀려나오다."
    },
    "놓이다": {
        "word": "놓이다",
        "chosung": "ㄴㅇㄷ",
        "type": "동사",
        "mean": "━ ⅰ『…이』'놓다'의 피동사."
    },
    "놓인소": {
        "word": "놓인소",
        "chosung": "ㄴㅇㅅ",
        "type": "명사",
        "mean": "고삐가 풀려 나대는 소라는 뜻으로, 행동거지가 제멋대로인 사람을 비유적으로 이르는 말."
    },
    "놓임": {
        "word": "놓임",
        "chosung": "ㄴㅇ",
        "type": "명사",
        "mean": "［북한어］ '부존(賦存)'의 북한어."
    },
    "놓임새": {
        "word": "놓임새",
        "chosung": "ㄴㅇㅅ",
        "type": "명사",
        "mean": "［북한어］무엇이 놓인 모양새."
    },
    "놓임요소": {
        "word": "놓임요소",
        "chosung": "ㄴㅇㅇㅅ",
        "type": "명사",
        "mean": "지층의 놓인 모양새를 특징짓는 요소. 지층이 뻗어 나간 방향, 경사각, 경사 방향 따위이다."
    },
    "놓치다": {
        "word": "놓치다",
        "chosung": "ㄴㅊㄷ",
        "type": "처",
        "mean": "), -치니〕［동사］『…을』 1. 잡거나 쥐고 있던 것을 떨어뜨리거나 빠뜨리다."
    },
    "놓트리다": {
        "word": "놓트리다",
        "chosung": "ㄴㅌㄹㄷ",
        "type": "동사",
        "mean": "'놓치다'의 잘못."
    }
}