{
    "눌": {
        "word": "눌",
        "chosung": "ㄴ",
        "type": "명사",
        "mean": "訥/□ '눌하다'의 어근."
    },
    "눌굽지신": {
        "word": "눌굽지신",
        "chosung": "ㄴㄱㅈㅅ",
        "type": "명사",
        "mean": "제주도에서, 낟가리의 자리를 지키는 신."
    },
    "눌눌": {
        "word": "눌눌",
        "chosung": "ㄴㄴ",
        "type": "명사",
        "mean": "'눌눌하다'의 어근."
    },
    "눌다": {
        "word": "눌다",
        "chosung": "ㄴㄷ",
        "type": "동사",
        "mean": "［방언］'눋다'의 방언(제주)."
    },
    "눌도": {
        "word": "눌도",
        "chosung": "ㄴㄷ",
        "type": "명사",
        "mean": "전라남도 목포시 충무동에 속하는 섬. 간석지가 발달하여 제방(堤防)을 막아 농경지와 염전으로 이용하고 있다. 면적은 1.78㎢."
    },
    "눌래": {
        "word": "눌래",
        "chosung": "ㄴㄹ",
        "type": "부사",
        "mean": "［방언］'곧'의 방언(평북)."
    },
    "눌러깨기": {
        "word": "눌러깨기",
        "chosung": "ㄴㄹㄲㄱ",
        "type": "명사",
        "mean": "［북한어］'압쇄(壓碎)'의 북한어."
    },
    "눌러넣기": {
        "word": "눌러넣기",
        "chosung": "ㄴㄹㄴㄱ",
        "type": "명사",
        "mean": "세포에 크레오소트와 염화아연 따위의 방부제를 넣어 목재를 썩지 아니하게 하는 방법."
    },
    "눌러놓다": {
        "word": "눌러놓다",
        "chosung": "ㄴㄹㄴㄷ",
        "type": "노쏘",
        "mean": "〕［동사］『…을』1. 듬성듬성한 물건을 다져 놓거나 무거운 것으로 지질러 주다."
    },
    "눌러다듬기": {
        "word": "눌러다듬기",
        "chosung": "ㄴㄹㄷㄷㄱ",
        "type": "명사",
        "mean": "몸돌이나 격지의 날을 모루의 끝에 가볍게 눌러 가며 다듬는 방법. ≒가압 조정."
    },
    "눌러두다": {
        "word": "눌러두다",
        "chosung": "ㄴㄹㄷㄷ",
        "type": "동사",
        "mean": "『…을』1. 무거운 것으로 지질러 두다. 2. 일정한 상태에서 더 계속하지 않고 그대로 버려 두다. 3. 계속 쓸 수 있게 버리지 않고 그대로 남겨 두다."
    },
    "눌러듣다": {
        "word": "눌러듣다",
        "chosung": "ㄴㄹㄷㄷ",
        "type": "동사",
        "mean": "『…을』 1. 사소한 잘못을 탓하지 않고 너그럽게 듣다. 2. 그대로 계속 듣다."
    },
    "눌러떼기": {
        "word": "눌러떼기",
        "chosung": "ㄴㄹㄸㄱ",
        "type": "명사",
        "mean": "뿔이나 뼈의 뾰족한 끝으로 석기의 날에 힘을 주어, 얇고 긴 격지를 떼어 내거나 잔손질을 하는 방법. 후기 구석기 시대에 발달하였다. ≒가압박리."
    },
    "눌러뜯기": {
        "word": "눌러뜯기",
        "chosung": "ㄴㄹㄸㄱ",
        "type": "명사",
        "mean": "'눌러떼기'의 북한어."
    },
    "눌러먹다": {
        "word": "눌러먹다",
        "chosung": "ㄴㄹㅁㄷ",
        "type": "동사",
        "mean": "『…을』같은 집에서 계속해서 밥을 먹다."
    },
    "눌러보다": {
        "word": "눌러보다",
        "chosung": "ㄴㄹㅂㄷ",
        "type": "동사",
        "mean": "［방언］'깔보다'의 방언(함남)."
    },
    "눌러붙다": {
        "word": "눌러붙다",
        "chosung": "ㄴㄹㅂㄷ",
        "type": "동사",
        "mean": " '눌어붙다'의 잘못."
    },
    "눌러붙이기": {
        "word": "눌러붙이기",
        "chosung": "ㄴㄹㅂㅇㄱ",
        "type": "명사",
        "mean": "=압접(壓接)."
    },
    "눌러쓰다": {
        "word": "눌러쓰다",
        "chosung": "ㄴㄹㅆㄷ",
        "type": "동사",
        "mean": "『…을』 1. 깊이 힘을 주어 모자 따위를 쓰다."
    },
    "눌러앉다": {
        "word": "눌러앉다",
        "chosung": "ㄴㄹㅇㄷ",
        "type": "안꼬",
        "mean": "〕［동사］『…에』 1. 같은 장소에 계속 머무르다."
    },
    "눌러우림": {
        "word": "눌러우림",
        "chosung": "ㄴㄹㅇㄹ",
        "type": "명사",
        "mean": "고체 물질 안에 들어 있는 필요한 성분을 물이나 여러 가지 용액으로 압력을 주어서 우려내는 것. 또는 그런 기술 공정."
    },
    "눌러자다": {
        "word": "눌러자다",
        "chosung": "ㄴㄹㅈㄷ",
        "type": "동사",
        "mean": "계속 머물러 자다."
    },
    "눌러찍기": {
        "word": "눌러찍기",
        "chosung": "ㄴㄹㅉㄱ",
        "type": "명사",
        "mean": "토기에 무늬를 눌러서 넣는 방법. ≒압날법."
    },
    "눌러차기": {
        "word": "눌러차기",
        "chosung": "ㄴㄹㅊㄱ",
        "type": "명사",
        "mean": "태권도에서, 족도(足刀) 또는 발꿈치로 상대편의 무릎이나 발등을 눌러 차는 기술."
    },
    "눌르다": {
        "word": "눌르다",
        "chosung": "ㄴㄹㄷ",
        "type": "동사",
        "mean": "'누르다'의 잘못."
    },
    "눌리다": {
        "word": "눌리다",
        "chosung": "ㄴㄹㄷ",
        "type": "동사",
        "mean": "『…을』 '눋다'의 사동사."
    },
    "눌리우다": {
        "word": "눌리우다",
        "chosung": "ㄴㄹㅇㄷ",
        "type": "동사",
        "mean": "［북한어］'눌리다'의 북한어."
    },
    "눌린자리": {
        "word": "눌린자리",
        "chosung": "ㄴㄹㅈㄹ",
        "type": "명사",
        "mean": "'압흔(壓痕)'의 북한어."
    },
    "눌림감각": {
        "word": "눌림감각",
        "chosung": "ㄴㄹㄱㄱ",
        "type": "명사",
        "mean": "《의학》=압각(壓覺)."
    },
    "눌림끈": {
        "word": "눌림끈",
        "chosung": "ㄴㄹㄲ",
        "type": "명사",
        "mean": "베틀에서, 눌림대에 걸어 베틀다리에 매는 끈. ≒눌림대끈·눌림줄."
    },
    "눌림느낌": {
        "word": "눌림느낌",
        "chosung": "ㄴㄹㄴㄲ",
        "type": "명사",
        "mean": "'압각(壓覺)'의 북한어."
    },
    "눌림대": {
        "word": "눌림대",
        "chosung": "ㄴㄹㄷ",
        "type": "명사",
        "mean": "베틀에서, 잉아 뒤에 있어 날실을 누르는 막대."
    },
    "눌림대끈": {
        "word": "눌림대끈",
        "chosung": "ㄴㄹㄷㄲ",
        "type": "명사",
        "mean": "=눌림끈."
    },
    "눌림줄": {
        "word": "눌림줄",
        "chosung": "ㄴㄹㅈ",
        "type": "명사",
        "mean": "=눌림끈."
    },
    "눌림흔적": {
        "word": "눌림흔적",
        "chosung": "ㄴㄹㅎㅈ",
        "type": "명사",
        "mean": "《의학》=압흔(壓痕)."
    },
    "눌면": {
        "word": "눌면",
        "chosung": "ㄴㅁ",
        "type": "명사",
        "mean": "'눌면하다'의 어근."
    },
    "눌무기": {
        "word": "눌무기",
        "chosung": "ㄴㅁㄱ",
        "type": "명사",
        "mean": "［방언］'율모기'의 방언(평북)."
    },
    "눌변": {
        "word": "눌변",
        "chosung": "ㄴㅂ",
        "type": "명사",
        "mean": "더듬거리는 서툰 말솜씨."
    },
    "눌삽": {
        "word": "눌삽",
        "chosung": "ㄴㅅ",
        "type": "명사",
        "mean": "訥澁 '눌삽하다'의 어근."
    },
    "눌어": {
        "word": "눌어",
        "chosung": "ㄴㅇ",
        "type": "명사",
        "mean": "=누치."
    },
    "눌어붙다": {
        "word": "눌어붙다",
        "chosung": "ㄴㅇㅂㄷ",
        "type": "동사",
        "mean": "『…에』1. 뜨거운 바닥에 조금 타서 붙다."
    },
    "눌언": {
        "word": "눌언",
        "chosung": "ㄴㅇ",
        "type": "명사",
        "mean": "더듬거리는 말."
    },
    "눌언민행": {
        "word": "눌언민행",
        "chosung": "ㄴㅇㅁㅎ",
        "type": "명사",
        "mean": "말은 느려도 실제 행동은 재빠르고 능란함."
    },
    "눌외": {
        "word": "눌외",
        "chosung": "ㄴㅇ",
        "type": "명사",
        "mean": "'누울외'의 준말."
    },
    "눌은밥": {
        "word": "눌은밥",
        "chosung": "ㄴㅇㅂ",
        "type": "명사",
        "mean": "솥 바닥에 눌어붙은 밥에 물을 부어 불려서 긁은 밥."
    },
    "눌은밥튀각": {
        "word": "눌은밥튀각",
        "chosung": "ㄴㅇㅂㅌㄱ",
        "type": "명사",
        "mean": "누룽지를 말려서 기름에 튀긴 음식."
    },
    "눌음": {
        "word": "눌음",
        "chosung": "ㄴㅇ",
        "type": "명사",
        "mean": "발음 장애로 말을 더듬는 것. 일정한 소리의 발음이 잘 나오지 않고 경련적이거나 폭발적으로 나온다."
    },
    "눌이다": {
        "word": "눌이다",
        "chosung": "ㄴㅇㄷ",
        "type": "동사",
        "mean": "［옛말］'눌리다'의 옛말."
    },
    "눌재선생집": {
        "word": "눌재선생집",
        "chosung": "ㄴㅈㅅㅅㅈ",
        "type": "명사",
        "mean": "《책명》조선 중종 때의 문장가인 눌재(訥齋) 박상(朴祥)의 문집(文集). 원집(原集), 속집(續集), 별집(別集), 부록(附錄), 부집(附集) 따위가 있다. 16권 6책."
    },
    "눌지마립간": {
        "word": "눌지마립간",
        "chosung": "ㄴㅈㅁㄹㄱ",
        "type": "명사",
        "mean": "=눌지왕."
    },
    "눌지왕": {
        "word": "눌지왕",
        "chosung": "ㄴㅈㅇ",
        "type": "명사",
        "mean": "신라 제19대 왕(?~458). 고구려에 볼모로 갔다가 돌아와 실성왕(實聖王)을 죽이고 왕위에 올랐다. 백제와 공수 동맹(攻守同盟)을 맺어 고구려를 견제하였으며, 왕위의 부자 상속제를 확립하였다. ≒눌지 마립간."
    },
    "눌최": {
        "word": "눌최",
        "chosung": "ㄴㅊ",
        "type": "명사",
        "mean": "신라 진평왕 때의 장군(?∼624). 사량부(沙梁部)의 사람으로, 백제의 대군이 속함성(速含城) 등 여섯 성을 공격할 때 성을 사수하다가 전사하였다."
    },
    "눌치": {
        "word": "눌치",
        "chosung": "ㄴㅊ",
        "type": "명사",
        "mean": "'누치'의 잘못."
    },
    "눌치볼락": {
        "word": "눌치볼락",
        "chosung": "ㄴㅊㅂㄹ",
        "type": "명사",
        "mean": "《동물》양볼락과의 바닷물고기. 몸의 길이는 40cm이며, 누루시볼락과 비슷하나 머리가 길고 배지느러미가 길어 뒷지느러미에 이른다. 한국 남해와 일본 연해에 분포한다. (Sebastes ijimae)"
    }
}