{
    "눕다": {
        "word": "눕다",
        "chosung": "ㄴㄷ",
        "type": "동사",
        "mean": "이자는 갚고 원금은 그대로 빚으로 있다."
    },
    "눕더기": {
        "word": "눕더기",
        "chosung": "ㄴㄷㄱ",
        "type": "명사",
        "mean": "［옛말］중의 옷. 또는 누더기."
    },
    "눕두다": {
        "word": "눕두다",
        "chosung": "ㄴㄷㄷ",
        "type": "동사",
        "mean": "［방언］'앞두다'의 방언(평북)."
    },
    "눕혀뛰기": {
        "word": "눕혀뛰기",
        "chosung": "ㄴㅎㄸㄱ",
        "type": "명사",
        "mean": "'누워 뛰기'의 잘못."
    },
    "눕혀묻기": {
        "word": "눕혀묻기",
        "chosung": "ㄴㅎㅁㄱ",
        "type": "명사",
        "mean": "시체를 등이 바닥에 닿도록 눕힌 자세로 묻는 일. ≒앙신장(仰身葬)·앙와장(仰臥葬)."
    },
    "눕히다": {
        "word": "눕히다",
        "chosung": "ㄴㅎㄷ",
        "type": "동사",
        "mean": "『…을 …에』 '눕다'의 사동사."
    }
}