{
    "뉘": {
        "word": "뉘",
        "chosung": "ㄴ",
        "type": "명사",
        "mean": "'누이'의 준말."
    },
    "뉘귀": {
        "word": "뉘귀",
        "chosung": "ㄴㄱ",
        "type": "대명사",
        "mean": "［방언］'누구'의 방언(강원, 함경)."
    },
    "뉘누리": {
        "word": "뉘누리",
        "chosung": "ㄴㄴㄹ",
        "type": "명사",
        "mean": "［옛말］소용돌이나 여울."
    },
    "뉘뉘": {
        "word": "뉘뉘",
        "chosung": "ㄴㄴ",
        "type": "명사",
        "mean": "［옛말］'대대(代代)'의 옛말."
    },
    "뉘뉘하다": {
        "word": "뉘뉘하다",
        "chosung": "ㄴㄴㅎㄷ",
        "type": "형용사",
        "mean": "［북한어］고기 따위가 썩거나 변하여 냄새가 몹시 누리다."
    },
    "뉘님": {
        "word": "뉘님",
        "chosung": "ㄴㄴ",
        "type": "명사",
        "mean": "［방언］'누님'의 방언(충남)."
    },
    "뉘다": {
        "word": "뉘다",
        "chosung": "ㄴㄷ",
        "type": "동사",
        "mean": "『…을』 '누이다'의 준말."
    },
    "뉘데기": {
        "word": "뉘데기",
        "chosung": "ㄴㄷㄱ",
        "type": "명사",
        "mean": "［방언］'누더기'의 방언(황해)."
    },
    "뉘동생": {
        "word": "뉘동생",
        "chosung": "ㄴㄷㅅ",
        "type": "명사",
        "mean": "'누이동생'의 준말."
    },
    "뉘래지다": {
        "word": "뉘래지다",
        "chosung": "ㄴㄹㅈㄷ",
        "type": "동사",
        "mean": "'뉘레지다'의 잘못."
    },
    "뉘렇다": {
        "word": "뉘렇다",
        "chosung": "ㄴㄹㄷ",
        "type": "형용사",
        "mean": "생기가 없이 몹시 누렇다."
    },
    "뉘레지다": {
        "word": "뉘레지다",
        "chosung": "ㄴㄹㅈㄷ",
        "type": "저",
        "mean": "), -지니〕［동사］ 뉘렇게 되다."
    },
    "뉘르끄레": {
        "word": "뉘르끄레",
        "chosung": "ㄴㄹㄲㄹ",
        "type": "명사",
        "mean": "'뉘르끄레하다'의 어근."
    },
    "뉘른베르그국제군사재판": {
        "word": "뉘른베르그국제군사재판",
        "chosung": "ㄴㄹㅂㄹㄱㄱㅈㄱㅅㅈㅍ",
        "type": "명사",
        "mean": "'뉘른베르크 재판'의 북한어. ※뉘른베르크 국제 군사 재판."
    },
    "뉘른베르크": {
        "word": "뉘른베르크",
        "chosung": "ㄴㄹㅂㄹㅋ",
        "type": "명사",
        "mean": "독일의 바이에른 주에 있는 상공업 도시. 바이에른 주 북부의 경제·문화의 중심지로, 중세부터 상업 도시로서 발전하였고, 옛 성·교회 따위의 건축물이 잘 보존되어 있다. 완구, 제지, 가구 따위의 공업이 발달하여 있다. 1945~1949년에 제이 차 세계 대전 후 연합군에 의한 전범 재판이 있었다."
    },
    "뉘른베르크공판": {
        "word": "뉘른베르크공판",
        "chosung": "ㄴㄹㅂㄹㅋㄱㅍ",
        "type": "명사",
        "mean": "=뉘른베르크 재판."
    },
    "뉘른베르크의명가수": {
        "word": "뉘른베르크의명가수",
        "chosung": "ㄴㄹㅂㄹㅋㅇㅁㄱㅅ",
        "type": "명사",
        "mean": "독일의 바그너가 작곡한 희가극. 구둣방 주인 작스가 뉘른베르크의 노래자랑에서 젊은 기사 발터를 우승시켜, 황금 세공사 포그너의 외동딸 에바를 얻게 한다는 줄거리로, 경쾌한 리듬과 멜로디로 구성된 코믹 오페라이다. 전체 3막으로, 1868년에 독일 뮌헨에서 초연되었다."
    },
    "뉘른베르크재판": {
        "word": "뉘른베르크재판",
        "chosung": "ㄴㄹㅂㄹㅋㅈㅍ",
        "type": "명사",
        "mean": "제이 차 세계 대전 후에 연합국이 뉘른베르크에서 독일의 주요 전쟁 범죄인을 대상으로 연 국제 군사 재판. 1945년 11월부터 10개월간 행한 이 재판에서 기소된 24명 가운데 사형 12명을 포함한 19명이 유죄 판결을 받았다. ≒뉘른베르크 공판."
    },
    "뉘메레르": {
        "word": "뉘메레르",
        "chosung": "ㄴㅁㄹㄹ",
        "type": "명사",
        "mean": "상대 가격을 나타낼 때 기준이 되는 재(財). ≒표준재."
    },
    "뉘반지기": {
        "word": "뉘반지기",
        "chosung": "ㄴㅂㅈㄱ",
        "type": "명사",
        "mean": "뉘가 많이 섞인 쌀."
    },
    "뉘쁘다": {
        "word": "뉘쁘다",
        "chosung": "ㄴㅃㄷ",
        "type": "형용사",
        "mean": "=뉘우쁘다."
    },
    "뉘스타드조약": {
        "word": "뉘스타드조약",
        "chosung": "ㄴㅅㅌㄷㅈㅇ",
        "type": "명사",
        "mean": "1721년에 핀란드의 뉘스타드에서 제정 러시아와 스웨덴이 북방 전쟁에 대하여 체결한 조약. 이 결과로 러시아는 에스토니아 등지를 얻어 발트 해안에 진출하게 되었고, 스웨덴은 러시아로부터 배상금을 받고 핀란드를 회복하는 데 그쳤다."
    },
    "뉘앙스": {
        "word": "뉘앙스",
        "chosung": "ㄴㅇㅅ",
        "type": "명사",
        "mean": "음색, 명도, 채도, 색상, 어감 따위의 미묘한 차이. 또는 그런 차이에서 오는 느낌이나 인상. '느낌', '말맛', '어감'으로 순화."
    },
    "뉘역": {
        "word": "뉘역",
        "chosung": "ㄴㅇ",
        "type": "명사",
        "mean": "［방언］'도롱이'의 방언(강원)."
    },
    "뉘연히": {
        "word": "뉘연히",
        "chosung": "ㄴㅇㅎ",
        "type": "부사",
        "mean": "'버젓이'의 잘못."
    },
    "뉘엿": {
        "word": "뉘엿",
        "chosung": "ㄴㅇ",
        "type": "명사",
        "mean": "'뉘엿거리다'의 어근."
    },
    "뉘엿뉘엿": {
        "word": "뉘엿뉘엿",
        "chosung": "ㄴㅇㄴㅇ",
        "type": "부사",
        "mean": "1. 해가 곧 지려고 산이나 지평선 너머로 조금씩 넘어가는 모양."
    },
    "뉘우다": {
        "word": "뉘우다",
        "chosung": "ㄴㅇㄷ",
        "type": "동사",
        "mean": "［북한어］'누이다'의 북한어."
    },
    "뉘우쁘다": {
        "word": "뉘우쁘다",
        "chosung": "ㄴㅇㅃㄷ",
        "type": "형용사",
        "mean": " 뉘우치는 생각이 있다. ≒뉘쁘다.【＜뉘읏브다≪석보상절(1447)≫←뉘읓-+-브-】"
    },
    "뉘우춤": {
        "word": "뉘우춤",
        "chosung": "ㄴㅇㅊ",
        "type": "명사",
        "mean": "［옛말］'게거품'의 옛말."
    },
    "뉘우치다": {
        "word": "뉘우치다",
        "chosung": "ㄴㅇㅊㄷ",
        "type": "동사",
        "mean": "『…을』『-음을』 스스로 제 잘못을 깨닫고 마음속으로 가책을 느끼다."
    },
    "뉘우침": {
        "word": "뉘우침",
        "chosung": "ㄴㅇㅊ",
        "type": "명사",
        "mean": "스스로 제 잘못을 깨닫고 가책을 느끼는 일. 또는 그런 마음."
    },
    "뉘웇다": {
        "word": "뉘웇다",
        "chosung": "ㄴㅇㄷ",
        "type": "동사",
        "mean": "『…을』『-음을』 '뉘우치다'의 준말.【＜뉘읓다≪석보상절(1447)≫】"
    },
    "뉘읏브다": {
        "word": "뉘읏브다",
        "chosung": "ㄴㅇㅂㄷ",
        "type": "형용사",
        "mean": "［옛말］'뉘우쁘다'의 옛말."
    },
    "뉘읓다": {
        "word": "뉘읓다",
        "chosung": "ㄴㅇㄷ",
        "type": "동사",
        "mean": "［옛말］'뉘우치다'의 옛말."
    },
    "뉘이다": {
        "word": "뉘이다",
        "chosung": "ㄴㅇㄷ",
        "type": "동사",
        "mean": "［옛말］'누이다'의 옛말."
    },
    "뉘지근": {
        "word": "뉘지근",
        "chosung": "ㄴㅈㄱ",
        "type": "명사",
        "mean": "'뉘지근하다'의 어근."
    },
    "뉘지다": {
        "word": "뉘지다",
        "chosung": "ㄴㅈㄷ",
        "type": "형용사",
        "mean": "［북한어］성미나 태도 따위가 검질기게 추근추근하다."
    },
    "뉘척지근": {
        "word": "뉘척지근",
        "chosung": "ㄴㅊㅈㄱ",
        "type": "명사",
        "mean": "'뉘척지근하다'의 어근."
    }
}