{
    "뉴": {
        "word": "뉴",
        "chosung": "ㄴ",
        "type": "명사",
        "mean": "［옛말］'유배(流配)'의 옛말."
    },
    "뉴게이트": {
        "word": "뉴게이트",
        "chosung": "ㄴㄱㅇㅌ",
        "type": "명사",
        "mean": "영국 런던의 구시가(舊市街) 서쪽 문에 있었던 감옥. 1902년에 헐리었다."
    },
    "뉴글라스": {
        "word": "뉴글라스",
        "chosung": "ㄴㄱㄹㅅ",
        "type": "명사",
        "mean": "광파이버용이나 집적 회로의 인화에 쓰는 포토 마스크용 유리를 종래의 유리에 상대하여 이르는 말."
    },
    "뉴기니": {
        "word": "뉴기니",
        "chosung": "ㄴㄱㄴ",
        "type": "명사",
        "mean": "오스트레일리아 북쪽, 아라푸라 해와 토러스 해협 사이에 길게 놓여 있는 섬. 금·은·석유와 열대 농산물이 나며, 진귀한 동물이 많다. 인도네시아령 서이리안이 중심이 되며, 동부는 오스트레일리아의 신탁 통치령을 거쳐 1975년에 파푸아뉴기니로 독립하였다. 면적은 77만 1900㎢. ≒파푸아(Papua)."
    },
    "뉴끼": {
        "word": "뉴끼",
        "chosung": "ㄴㄲ",
        "type": "명사",
        "mean": "［방언］'윷'의 방언(함북)."
    },
    "뉴내추럴리즘": {
        "word": "뉴내추럴리즘",
        "chosung": "ㄴㄴㅊㄹㄹㅈ",
        "type": "명사",
        "mean": "1970년대 후반에 미국에서 부조리극 대신에 대두한 연극의 새로운 현실주의적 경향."
    },
    "뉴대": {
        "word": "뉴대",
        "chosung": "ㄴㄷ",
        "type": "명사",
        "mean": "［북한어］ '유대'의 북한어."
    },
    "뉴델리": {
        "word": "뉴델리",
        "chosung": "ㄴㄷㄹ",
        "type": "명사",
        "mean": "인도 델리의 남쪽에 건설된 신도시. 중앙 정부의 직할지로 공공 기관이 많다. 인도의 수도이다."
    },
    "뉴딜": {
        "word": "뉴딜",
        "chosung": "ㄴㄷ",
        "type": "명사",
        "mean": "1933년에 미국의 대통령 루스벨트가 경제 공황에 대처하기 위하여 시행한 경제 부흥 정책. 종래의 무제한적인 경제적 자유주의를 수정하여 정부가 경제 활동에 적극적으로 개입해서 경기를 조정하여야 한다는 기본 방침 아래, 은행에 대한 정부 통제의 확대, 관리 통화제 도입, 농업 생산 제한제 도입 따위를 시행하였다."
    },
    "뉴똥": {
        "word": "뉴똥",
        "chosung": "ㄴㄸ",
        "type": "명사",
        "mean": "빛깔이 곱고 보드라우며 잘 구겨지지 아니하는 명주실로 짠 옷감. 흔히 여자들의 치맛감이나 저고릿감으로 사용된다."
    },
    "뉴라미니다아제": {
        "word": "뉴라미니다아제",
        "chosung": "ㄴㄹㅁㄴㄷㅇㅈ",
        "type": "명사",
        "mean": "뉴라민산을 가수 분해 하는 효소."
    },
    "뉴랜드": {
        "word": "뉴랜드",
        "chosung": "ㄴㄹㄷ",
        "type": "명사",
        "mean": "벨기에 태생의 미국 화학자(1878~1936). 아세틸렌으로부터 인조 고무 듀프렌(Duprene)을 제조하는 방법을 발명하였으며, 독가스 류사이트의 발견에도 기여하였다."
    },
    "뉴랜즈": {
        "word": "뉴랜즈",
        "chosung": "ㄴㄹㅈ",
        "type": "명사",
        "mean": "영국의 화학자(1838~1898). 1864년에 '옥타브의 법칙'을 발견하고, 원소의 주기율을 발견하는 데 업적을 남겼다."
    },
    "뉴런": {
        "word": "뉴런",
        "chosung": "ㄴㄹ",
        "type": "명사",
        "mean": "신경계의 구조적·기능적 단위. 신경 세포와 거기서 나오는 돌기를 합친 것으로, 자극을 수용하고 전달하는 기능이 있다. ≒신경 단위·신경원."
    },
    "뉴런던": {
        "word": "뉴런던",
        "chosung": "ㄴㄹㄷ",
        "type": "명사",
        "mean": "미국 코네티컷 주의 남동부, 템스 강에 면한, 대서양 연안의 항구 도시. 해군 경비부, 잠수함 기지 따위가 있다. 기계 공구, 제관, 날염, 제약 공업 따위가 활발하다."
    },
    "뉴레이팅": {
        "word": "뉴레이팅",
        "chosung": "ㄴㄹㅇㅌ",
        "type": "명사",
        "mean": "new rating 야구에서, 새롭게 타자들의 타율을 계산하는 방법. 또는 그것에 의한 타율. 이전에는 안타 수만을 계산하던 것을 타점, 득점, 누타수 따위를 합쳐 계산한다."
    },
    "뉴로컴퓨터": {
        "word": "뉴로컴퓨터",
        "chosung": "ㄴㄹㅋㅍㅌ",
        "type": "명사",
        "mean": "신경 세포의 동작을 본떠 만든 소자(素子)를 여러 개 결합하여 고도의 정보 처리를 할 수 있는 컴퓨터. 사람의 뇌처럼 패턴 인식, 학습, 연상 따위를 가능하게 하는 연구가 진행되고 있다."
    },
    "뉴록": {
        "word": "뉴록",
        "chosung": "ㄴㄹ",
        "type": "명사",
        "mean": "새로운 형식의 로큰롤 음악. 젊고 진취적인 로큰롤 가수들이 종전의 로큰롤에서 벗어나 재즈의 즉흥적인 수법을 모방하거나 특수한 전자음을 강조하여 훨씬 복잡하게 만든 것이다. ≒전위 록."
    },
    "뉴룩": {
        "word": "뉴룩",
        "chosung": "ㄴㄹ",
        "type": "명사",
        "mean": "최신 유행하는 복장을 이르는 말. 1947년에 디오르가 발표한 낭만적이고 여성미가 넘치는 복장을 미국에서 이렇게 부른 데서 유래한다."
    },
    "뉴룩전략": {
        "word": "뉴룩전략",
        "chosung": "ㄴㄹㅈㄹ",
        "type": "명사",
        "mean": "1953년 미국의 대통령 아이젠하워가 취임한 직후에 취한 새로운 군사 전략. 적의 본격적 공격을 받을 경우, 대규모의 핵무기 탑재 전략 폭격기로 적절한 방법과 장소를 선택하여 곧장 보복·반격한다는 전략이다."
    },
    "뉴룩정책": {
        "word": "뉴룩정책",
        "chosung": "ㄴㄹㅈㅊ",
        "type": "명사",
        "mean": "1954년에 미국의 대통령 아이젠하워가 의회에 제출한 신방위 정책. 병력을 줄이는 대신 핵무기와 항공력을 증강해야 한다는 정책이다."
    },
    "뉴른베르그공판": {
        "word": "뉴른베르그공판",
        "chosung": "ㄴㄹㅂㄹㄱㄱㅍ",
        "type": "명사",
        "mean": "'뉘른베르크 공판'의 북한어."
    },
    "뉴리얼리즘": {
        "word": "뉴리얼리즘",
        "chosung": "ㄴㄹㅇㄹㅈ",
        "type": "명사",
        "mean": "=신사실주의. 2. 《미술》'팝 아트'를 달리 이르는 말. 광고, 만화 따위에서 일상생활과 관련된 것을 그대로 소재로 삼는 경향을 이르는 말이다."
    },
    "뉴매그네틱스": {
        "word": "뉴매그네틱스",
        "chosung": "ㄴㅁㄱㄴㅌㅅ",
        "type": "명사",
        "mean": "=신자기 공학."
    },
    "뉴매틱케이슨": {
        "word": "뉴매틱케이슨",
        "chosung": "ㄴㅁㅌㅋㅇㅅ",
        "type": "명사",
        "mean": "둘레와 천장이 있는 궤. 물속에 가라앉히고 압축 공기로써 그 속에 있는 물을 빼낸 뒤에 사람이 들어가 물 밑에서 일을 하는 데 쓴다. ≒공기 케이슨."
    },
    "뉴매틱해머": {
        "word": "뉴매틱해머",
        "chosung": "ㄴㅁㅌㅎㅁ",
        "type": "명사",
        "mean": "=공기 해머."
    },
    "뉴머시스티스카리니폐렴": {
        "word": "뉴머시스티스카리니폐렴",
        "chosung": "ㄴㅁㅅㅅㅌㅅㅋㄹㄴㅍㄹ",
        "type": "명사",
        "mean": "뉴머시스티스 카리니 원충의 기생에 따른 폐렴. 발열, 기침, 호흡 곤란, 가슴 통증 따위의 증상을 나타낸다. 에이즈의 2차 감염증의 하나이기도 하다. ≒카리니 폐렴."
    },
    "뉴먼": {
        "word": "뉴먼",
        "chosung": "ㄴㅁ",
        "type": "명사",
        "mean": "영국의 신학자·설교가(1801~1890). 영국 성공회의 사제로서 교회의 권위 회복을 목표로 옥스퍼드 운동을 이끌었으며, 1845년에 가톨릭으로 개종하고, 추기경이 되었다. 저서에 ,  따위가 있다."
    },
    "뉴멕시코주": {
        "word": "뉴멕시코주",
        "chosung": "ㄴㅁㅅㅋㅈ",
        "type": "명사",
        "mean": "미국 남서부, 로키 산맥의 남쪽 끝에 있는 주. 양·소의 목축이 주산업이며, 관개 농업도 활발하다. 석탄, 석유, 천연가스, 우라늄 따위의 주산지이다. 주도(州都)는 샌타페이, 면적은 31만 5115㎢."
    },
    "뉴모드": {
        "word": "뉴모드",
        "chosung": "ㄴㅁㄷ",
        "type": "명사",
        "mean": "=뉴 패션."
    },
    "뉴미디어": {
        "word": "뉴미디어",
        "chosung": "ㄴㅁㄷㅇ",
        "type": "명사",
        "mean": "전자 공학 기술이나 통신 기술이 발달하면서 등장한 새로운 전달 매체. 이용자의 필요에 따라 정보를 쉽게 얻을 수 있게 하며 사회의 정보화를 촉진시킨다. 문자 다중 방송, 쌍방향 케이블 텔레비전, 인터넷 따위가 있다. '새 매체', '신매체'로 순화."
    },
    "뉴베드퍼드": {
        "word": "뉴베드퍼드",
        "chosung": "ㄴㅂㄷㅍㄷ",
        "type": "명사",
        "mean": "미국 매사추세츠 주 남부, 버저즈 만(Buzzards灣)에 면한 항구 도시. 의류, 기계 부품, 고무, 구리 제품을 주로 생산한다."
    },
    "뉴볼트": {
        "word": "뉴볼트",
        "chosung": "ㄴㅂㅌ",
        "type": "명사",
        "mean": "영국의 시인·작가(1862~1938). 음악성이 풍부한 밝은 시를 썼다. 시집에 이 있다."
    },
    "뉴브런즈윅주": {
        "word": "뉴브런즈윅주",
        "chosung": "ㄴㅂㄹㅈㅇㅈ",
        "type": "명사",
        "mean": "캐나다 남동부, 세인트로렌스 강의 하구에 있는 주. 산림 자원이 풍부하여 임업·제재·펄프 공업이 발달하였으며, 해안 평야의 낙농과 대구잡이 어업도 주요 산업을 이룬다. 주도(州都)는 프레더릭턴(Fredericton), 면적은 7만 2481㎢."
    },
    "뉴브리튼섬": {
        "word": "뉴브리튼섬",
        "chosung": "ㄴㅂㄹㅌㅅ",
        "type": "명사",
        "mean": "남서태평양 뉴기니 섬 북동쪽, 비스마르크 제도의 중심이 되는 화산섬. 코프라, 야자유 따위가 난다. 면적은 3만 6519㎢."
    },
    "뉴비즈니스": {
        "word": "뉴비즈니스",
        "chosung": "ㄴㅂㅈㄴㅅ",
        "type": "명사",
        "mean": "교양 센터, 헬스클럽, 건강식품 따위의 교양과 건강에 관한 산업과 용달사(用達社) 따위의 대리 산업 등 소비자의 생활에 깊숙이 침투하는 새로운 업종. 아이디어 상법의 한 면이라 할 수 있다."
    },
    "뉴사우스웨일스주": {
        "word": "뉴사우스웨일스주",
        "chosung": "ㄴㅅㅇㅅㅇㅇㅅㅈ",
        "type": "명사",
        "mean": "오스트레일리아 남동부에 있는 주. 밀·양모 따위가 많이 나며, 석탄을 비롯한 금·은·철의 생산도 많다. 뉴캐슬 탄전이 있어 공업도 발달하였다. 주도(州都)는 시드니, 면적은 80만 1428㎢."
    },
    "뉴사이언스": {
        "word": "뉴사이언스",
        "chosung": "ㄴㅅㅇㅇㅅ",
        "type": "명사",
        "mean": "종래의 자연 과학의 사고방식을 근본적으로 반성하며 새로운 방식으로 사고하려는 동향을 이르는 말."
    },
    "뉴세라믹스": {
        "word": "뉴세라믹스",
        "chosung": "ㄴㅅㄹㅁㅅ",
        "type": "명사",
        "mean": "순도가 높은 화학 물질이나 인공 광물을 원료로 하여 만든 특수 요업 제품을 통틀어 이르는 말. 내열성이 강하고 단단하며, 녹이 슬지 않는다. 유리 섬유, 인조 보석 따위가 있으며 유전(誘電)·자성(磁性) 재료, 로켓 부품 따위에 쓰인다. ≒정밀 세라믹."
    },
    "뉴솔": {
        "word": "뉴솔",
        "chosung": "ㄴㅅ",
        "type": "명사",
        "mean": "1973년부터 세계적으로 유행한 새로운 형식의 솔 음악. 연주 형식에 현대적인 감각을 살려, 강한 비트를 주조로 하였다."
    },
    "뉴스": {
        "word": "뉴스",
        "chosung": "ㄴㅅ",
        "type": "명사",
        "mean": "1. 새로운 소식을 전하여 주는 방송의 프로그램."
    },
    "뉴스거리": {
        "word": "뉴스거리",
        "chosung": "ㄴㅅㄱㄹ",
        "type": "명사",
        "mean": "새롭거나 사람들의 흥미를 끌 만한 요소."
    },
    "뉴스릴": {
        "word": "뉴스릴",
        "chosung": "ㄴㅅㄹ",
        "type": "명사",
        "mean": "당대에 일어나는 주요 사건들을 필름에 담는 기록 영화. '뉴스 필름'이라고도 한다."
    },
    "뉴스밸류": {
        "word": "뉴스밸류",
        "chosung": "ㄴㅅㅂㄹ",
        "type": "명사",
        "mean": "사건이나 정보 따위가 뉴스거리로 적합한지를 판단할 수 있는 근거가 되는 가치."
    },
    "뉴스센스": {
        "word": "뉴스센스",
        "chosung": "ㄴㅅㅅㅅ",
        "type": "명사",
        "mean": "기자가 취재물의 보도 가치를 잘 알아낼 수 있는 감각."
    },
    "뉴스소스": {
        "word": "뉴스소스",
        "chosung": "ㄴㅅㅅㅅ",
        "type": "명사",
        "mean": "라디오, 텔레비전 등의 뉴스나 신문 기사 따위의 근원이 되는 정보의 출처."
    },
    "뉴스쇼": {
        "word": "뉴스쇼",
        "chosung": "ㄴㅅㅅ",
        "type": "명사",
        "mean": "라디오나 텔레비전에서 사회자가 중계 또는 대담 형식으로 진행하는 보도 프로그램. 시사적인 화제에 대하여 스튜디오에 있는 사회자가 각지를 연결한 중계나 필름 구성, 초대 손님과의 대담 등을 이용하여 다각적인 방법으로 보도하는 프로그램이다."
    },
    "뉴스스토리": {
        "word": "뉴스스토리",
        "chosung": "ㄴㅅㅅㅌㄹ",
        "type": "명사",
        "mean": "뉴스가 된 사건을 이야기 형식으로 윤색한 읽을거리."
    },
    "뉴스애널리스트": {
        "word": "뉴스애널리스트",
        "chosung": "ㄴㅅㅇㄴㄹㅅㅌ",
        "type": "명사",
        "mean": "라디오·텔레비전에서 뉴스 프로그램의 해설자."
    },
    "뉴스영화": {
        "word": "뉴스영화",
        "chosung": "ㄴㅅㅇㅎ",
        "type": "명사",
        "mean": "시사적인 사건을 보도하기 위하여 정기적으로 제작하여 상영하는 영화. 텔레비전이 보급되면서 점차 사라져 가고 있다."
    },
    "뉴스카메라": {
        "word": "뉴스카메라",
        "chosung": "ㄴㅅㅋㅁㄹ",
        "type": "명사",
        "mean": "뉴스 영화, 신문·텔레비전의 보도 사진 따위를 촬영할 때 쓰는 카메라."
    },
    "뉴스캐스터": {
        "word": "뉴스캐스터",
        "chosung": "ㄴㅅㅋㅅㅌ",
        "type": "명사",
        "mean": "라디오나 텔레비전 뉴스 프로그램의 진행자. 흔히 원고를 그냥 읽는 단순한 아나운서가 아니고 뉴스를 전하는 동시에 알기 쉽게 풀어서 해설도 하는 방송 진행자를 이른다."
    },
    "뉴스티커": {
        "word": "뉴스티커",
        "chosung": "ㄴㅅㅌㅋ",
        "type": "명사",
        "mean": "텔레비전 전용 채널을 사용하여 일반 뉴스나 주식 시황(市況), 상품 정보 따위를 문자로 되풀이하면서 계속적으로 방영하는 일종의 전광(電光) 뉴스."
    },
    "뉴시네마": {
        "word": "뉴시네마",
        "chosung": "ㄴㅅㄴㅁ",
        "type": "명사",
        "mean": "1960년대에 미국과 영국에서 일어난 새로운 경향의 영화. 1950년대에 프랑스에서 일어난 누벨바그의 영향을 받았으며, 반제도·반상업주의를 특징으로 한다."
    },
    "뉴아일랜드섬": {
        "word": "뉴아일랜드섬",
        "chosung": "ㄴㅇㅇㄹㄷㅅ",
        "type": "명사",
        "mean": "파푸아뉴기니의 비스마르크 제도에 있는 화산섬. 주요 도시로는 북서쪽에 있는 카비엥(Kavieng)이 있으며, 평지가 많아 코코야자를 많이 재배한다. 면적은 9,600㎢."
    },
    "뉴아틀란티스": {
        "word": "뉴아틀란티스",
        "chosung": "ㄴㅇㅌㄹㅌㅅ",
        "type": "명사",
        "mean": "영국의 철학자 베이컨이 지은 미완성의 유토피아 소설. 태평양 상에 상정한 고도(孤島)를 무대로, 새로운 과학 기술의 발전에 의한 인간 생활의 번영과 복지를 꿈꾸는 이상국을 그리고 있다. 1627년에 간행되었다."
    },
    "뉴앙스": {
        "word": "뉴앙스",
        "chosung": "ㄴㅇㅅ",
        "type": "명사",
        "mean": "［북한어］'뉘앙스'의 북한어."
    },
    "뉴어크": {
        "word": "뉴어크",
        "chosung": "ㄴㅇㅋ",
        "type": "명사",
        "mean": "미국 뉴저지 주 북동부에 있는 상공업 도시. 교통의 중심지로 엘리자베스 공항이 있고 외항선이 입항하며, 기계·식품 가공업·화학 따위의 상공업이 발달하였다."
    },
    "뉴올리언스": {
        "word": "뉴올리언스",
        "chosung": "ㄴㅇㄹㅇㅅ",
        "type": "명사",
        "mean": "미국 멕시코 만에 면한 항구 도시. 루이지애나 주(州)의 최대 도시로 미시시피 강 어귀에서 1,600km 상류에 있다. 남아메리카 지역과의 주요 무역항으로 쌀, 면화의 수출과 바나나, 커피의 수입항으로 번영하였다. 식품, 석유, 조선 따위의 공업이 활발하다."
    },
    "뉴올리언스재즈": {
        "word": "뉴올리언스재즈",
        "chosung": "ㄴㅇㄹㅇㅅㅈㅈ",
        "type": "명사",
        "mean": "=딕시랜드 재즈."
    },
    "뉴욕": {
        "word": "뉴욕",
        "chosung": "ㄴㅇ",
        "type": "명사",
        "mean": "뉴욕 주의 남쪽에 있는 미국 최대의 도시. 천연의 항구로, 맨해튼·브롱크스·브루클린·퀸스·스태튼아일랜드의 다섯 구로 이루어져 있다. 세계 경제와 외교의 중심지로서 높은 건물들이 즐비하게 솟아 있고, 국제 연합 본부 따위가 있다. 항구에는 자유의 여신상이 서 있다. 면적은 806.6㎢."
    },
    "뉴욕근대미술관": {
        "word": "뉴욕근대미술관",
        "chosung": "ㄴㅇㄱㄷㅁㅅㄱ",
        "type": "명사",
        "mean": "1929년 록펠러 부인과 구겐하임 부인 등이 뉴욕에 설립한 미술관. 모네의 , 루소의 , 마티스의 《댄스》, 피카소의 《게르니카》등 20세기 거장들의 작품이 폭넓게 수장되어 있다."
    },
    "뉴욕동물원": {
        "word": "뉴욕동물원",
        "chosung": "ㄴㅇㄷㅁㅇ",
        "type": "명사",
        "mean": "뉴욕 브롱크스 지구에 있는 대형 동물원."
    },
    "뉴욕상품거래소": {
        "word": "뉴욕상품거래소",
        "chosung": "ㄴㅇㅅㅍㄱㄹㅅ",
        "type": "명사",
        "mean": "뉴욕에 있는 미국의 대표적인 상품 거래소. 금, 은, 구리가 상장 상품의 주종목이다. ≒코멕스."
    },
    "뉴욕시티발레단": {
        "word": "뉴욕시티발레단",
        "chosung": "ㄴㅇㅅㅌㅂㄹㄷ",
        "type": "명사",
        "mean": "미국의 대표적인 발레단의 하나. 1933년에 무용 평론가 커스틴(Kirstein, I.)이 발란친을 초청하여 창설한 '미국 발레 학교'를 모체로 하여 1948년에 창립되었다. 뉴욕 시티 센터 전속 발레단으로 창작 공연을 주로 한다."
    },
    "뉴욕식물원": {
        "word": "뉴욕식물원",
        "chosung": "ㄴㅇㅅㅁㅇ",
        "type": "명사",
        "mean": "뉴욕 브롱크스 지구에 있는 대형 식물원."
    },
    "뉴욕영화비평가상": {
        "word": "뉴욕영화비평가상",
        "chosung": "ㄴㅇㅇㅎㅂㅍㄱㅅ",
        "type": "명사",
        "mean": "1935년에 미국에서 영화 평론가들이 모여 제정한 영화상. 작품상, 감독상, 남우 및 여우 주연상, 외국 영화상의 5개 부문으로 나누어 시상하다가 다큐멘터리 상, 시나리오 상을 추가하였다."
    },
    "뉴욕주": {
        "word": "뉴욕주",
        "chosung": "ㄴㅇㅈ",
        "type": "명사",
        "mean": "미국 동북부, 온타리오 호에서부터 롱아일랜드 섬에 걸쳐 있는 주. 독립 13주의 하나이며, 근교 농업으로 사과·포도·딸기 따위가 난다. 주도(州都)는 올버니, 면적은 12만 8402㎢."
    },
    "뉴욕증권거래소": {
        "word": "뉴욕증권거래소",
        "chosung": "ㄴㅇㅈㄱㄱㄹㅅ",
        "type": "명사",
        "mean": "미국 뉴욕에 있는 세계 최대 규모의 증권 거래소. 1817년에 창설된 것으로, 현금 거래·증거금 거래·보통 거래 따위가 행하여지며, 미국 전체 증권 거래액의 과반수를 차지한다."
    },
    "뉴욕필하모니교향악단": {
        "word": "뉴욕필하모니교향악단",
        "chosung": "ㄴㅇㅍㅎㅁㄴㄱㅎㅇㄷ",
        "type": "명사",
        "mean": "1842년에 창립한, 미국에서 가장 오래된 교향악단. 말러, 스트라빈스키, 토스카니니, 스토코프스키, 로진스키, 번스타인 등이 상임 지휘자를 지냈다."
    },
    "뉴우스": {
        "word": "뉴우스",
        "chosung": "ㄴㅇㅅ",
        "type": "명사",
        "mean": "'뉴스'의 잘못."
    },
    "뉴웨이브": {
        "word": "뉴웨이브",
        "chosung": "ㄴㅇㅇㅂ",
        "type": "명사",
        "mean": "펑크 이후의 새로운 록을 통틀어 이르는 말. 펑크 록이 여러 분야에 영향을 주면서 '펑크'라는 말만으로는 포괄할 수 없게 되자 대신 쓰게 되었다."
    },
    "뉴잉글랜드": {
        "word": "뉴잉글랜드",
        "chosung": "ㄴㅇㄱㄹㄷ",
        "type": "명사",
        "mean": "미국 북동부 대서양 연안에 있는 지역을 통틀어 이르는 말. 메인, 뉴햄프셔, 버몬트, 매사추세츠, 로드아일랜드, 코네티컷의 여섯 주가 포함되며 1620년에 메이플라워호가 도착한 곳이다. 영국계 이민이 많이 살았으며 미국 발전의 원동력이 된 땅으로, 경공업·섬유 공업이 발달하였다."
    },
    "뉴재즈": {
        "word": "뉴재즈",
        "chosung": "ㄴㅈㅈ",
        "type": "명사",
        "mean": "=전위 재즈."
    },
    "뉴저널리즘": {
        "word": "뉴저널리즘",
        "chosung": "ㄴㅈㄴㄹㅈ",
        "type": "명사",
        "mean": "1. 1880년대 영국과 미국에서 시작된, 신문의 새로운 발전 양상을 이르는 말. 정치 세력에 의존하던 이전 정론지의 위상에서 벗어나, 신문이 정치적으로 중립의 태도를 취하게 된 보도 경향을 뜻한다. 2. 1960년대 후반부터 미국에서 시작된, 르포르타주의 새로운 저널리즘 양식. 이전 저널리즘의 단편성과 상투적 수법에서 오는 결함을 피하고 대상에 밀착하여 사실을 파헤치고, 소설 수법으로 실감 있게 전하는 데 목적이 있다. 카포티(Capote, T.)의 《냉혈》이 첫 시도이다."
    },
    "뉴저지주": {
        "word": "뉴저지주",
        "chosung": "ㄴㅈㅈㅈ",
        "type": "명사",
        "mean": "미국 동북부에 있는 주. 낙농과 근교 농업을 비롯하여 섬유, 금속, 조선 따위의 공업이 활발하다. 대서양에 면해 있으며, 독립 13주의 하나이다. 주도(州都)는 트렌턴, 면적은 2만 295㎢."
    },
    "뉴저지형콘크리트벽방호책": {
        "word": "뉴저지형콘크리트벽방호책",
        "chosung": "ㄴㅈㅈㅎㅋㅋㄹㅌㅂㅂㅎㅊ",
        "type": "명사",
        "mean": "가벼운 접촉 시 충돌 차량의 피해를 줄일 수 있도록 도로 중앙이나 가에 비스듬히 세운 콘크리트 방호책."
    },
    "뉴조지아섬": {
        "word": "뉴조지아섬",
        "chosung": "ㄴㅈㅈㅇㅅ",
        "type": "명사",
        "mean": "남태평양 솔로몬 제도에 속하는 작은 섬. 세계 최대의 마로보 초호(Marovo礁湖)가 있으며, 코프라가 주산물이다. 영국 보호령이며, 제이 차 세계 대전 때 미국과 일본의 격전지이다. 주민은 멜라네시아 족이고, 코코야자 농원 외에는 미개발 상태에 있다. 면적은 5,200㎢."
    },
    "뉴질랜드": {
        "word": "뉴질랜드",
        "chosung": "ㄴㅈㄹㄷ",
        "type": "명사",
        "mean": "오스트레일리아 대륙의 남동쪽에 있는 섬나라. 입헌 군주국으로, 1907년에 영국의 자치령이 되었다가 1947년에 독립하였다. 양모, 유제품 따위를 수출하며 사회 복지 제도가 잘 발달되어 있고, 주민은 소수의 마오리 족 외에 대부분 영국계 백인이며 주요 언어는 영어이다. 수도는 웰링턴, 면적은 26만 8808㎢."
    },
    "뉴질랜드구": {
        "word": "뉴질랜드구",
        "chosung": "ㄴㅈㄹㄷㄱ",
        "type": "명사",
        "mean": "뉴질랜드가 포함된 동물 지리 분포상의 남계(南界)의 한 구역. 극히 빈약한 동물상을 보이나 천적이 없고 카카포, 키위, 리오펠마개구리 따위의 진귀한 동물이 많다."
    },
    "뉴질랜드삼": {
        "word": "뉴질랜드삼",
        "chosung": "ㄴㅈㄹㄷㅅ",
        "type": "명사",
        "mean": "백합과의 여러해살이풀. 높이는 1.5미터 정도이며, 잎은 뿌리에서 모여 자라는데 긴 칼 모양이며 섬유가 잘 발달되어 있다. 7~8월에 어두운 붉은색 또는 노란색의 꽃이 두세 개의 꽃줄기 끝에 피고 열매는 삭과(□果)로 10월에 익는다. 온대에서도 재배가 가능한 유일한 경질 섬유 원료 식물로 끈, 밧줄, 직물, 제지의 원료로 쓴다. 뉴질랜드 늪지대가 원산지이다. (Phormium tenax)"
    },
    "뉴질랜드화이트종": {
        "word": "뉴질랜드화이트종",
        "chosung": "ㄴㅈㄹㄷㅎㅇㅌㅈ",
        "type": "명사",
        "mean": "집토끼의 한 품종. 머리가 둥글고 몸의 털빛이 희나 귀, 다리와 꼬리의 끝은 검다. 모피·고기 겸용종으로 전 세계에서 사육한다."
    },
    "뉴칼레도니아섬": {
        "word": "뉴칼레도니아섬",
        "chosung": "ㄴㅋㄹㄷㄴㅇㅅ",
        "type": "명사",
        "mean": "'누벨칼레도니 섬'의 영어 이름."
    },
    "뉴캐스케이드터널": {
        "word": "뉴캐스케이드터널",
        "chosung": "ㄴㅋㅅㅋㅇㄷㅌㄴ",
        "type": "명사",
        "mean": "미국 워싱턴 주 시애틀 북동쪽 캐스케이드 산맥을 관통하는 철도 터널. 미국에서 가장 큰 터널로 1929년에 개통되었다. 길이는 12.6km."
    },
    "뉴캐슬": {
        "word": "뉴캐슬",
        "chosung": "ㄴㅋㅅ",
        "type": "명사",
        "mean": "=뉴캐슬어폰타인."
    },
    "뉴캐슬병": {
        "word": "뉴캐슬병",
        "chosung": "ㄴㅋㅅㅂ",
        "type": "명사",
        "mean": "바이러스에 의한 닭의 급성 전염병. 호흡 곤란·경련·마비 따위의 신경 증상을 나타내고, 입과 코에 끈끈한 점액이 꽉 차고 설사를 하며, 산란율이 급격히 떨어지고 폐사율이 높다. 1926년 영국 뉴캐슬에서 처음으로 병원체가 분리된 데서 이 이름이 붙여졌다."
    },
    "뉴캐슬어폰타인": {
        "word": "뉴캐슬어폰타인",
        "chosung": "ㄴㅋㅅㅇㅍㅌㅇ",
        "type": "명사",
        "mean": "영국 잉글랜드 북동부, 타인 강(Tyne江) 하구에 있는 항구 도시. 북쪽에 탄전이 있어 조선, 기계, 유리, 화학 공업 따위가 발달하였다. 면적은 112㎢. ≒뉴캐슬."
    },
    "뉴커먼": {
        "word": "뉴커먼",
        "chosung": "ㄴㅋㅁ",
        "type": "명사",
        "mean": "영국의 공학자(1663~1729). 배수용 증기 기관을 개발하여 1712년에 탄갱에서 실용화하였다."
    },
    "뉴커먼기관": {
        "word": "뉴커먼기관",
        "chosung": "ㄴㅋㅁㄱㄱ",
        "type": "명사",
        "mean": "보일러에서부터 실린더 안으로 끌어 들인 증기로 피스톤을 밀어 올리고, 냉수를 분사하여 대기압으로 피스톤을 밀어 내리는 기관. 뉴커먼이 개발한 것으로, 최초로 실용화된 피스톤 기관이자 최초의 외연 기관이다. 1712년에 버밍엄에 설치한 뒤부터 탄갱의 배수 장치로 널리 썼다."
    },
    "뉴컴": {
        "word": "뉴컴",
        "chosung": "ㄴㅋ",
        "type": "명사",
        "mean": "캐나다 태생의 미국 천문학자(1835~1909). 천문 항해력의 편찬을 위하여, 천문학상의 여러 정수를 결정하는 데 노력하고, 지구의 자전 속도를 연구하는 등 많은 업적을 남겼다."
    },
    "뉴콕신": {
        "word": "뉴콕신",
        "chosung": "ㄴㅋㅅ",
        "type": "명사",
        "mean": "붉은색의 식용 색소. 사탕, 과자, 껌, 의약, 치약 따위에 쓴다."
    },
    "뉴크리티시즘": {
        "word": "뉴크리티시즘",
        "chosung": "ㄴㅋㄹㅌㅅㅈ",
        "type": "명사",
        "mean": "=신비평."
    },
    "뉴클레아제": {
        "word": "뉴클레아제",
        "chosung": "ㄴㅋㄹㅇㅈ",
        "type": "명사",
        "mean": "핵산을 구성 단위인 뉴클레오티드로 가수 분해 할 때 촉매 작용을 하는 효소를 통틀어 이르는 말. 리보뉴클레아제, 데옥시리보뉴클레아제 따위가 있으며, 넓은 뜻으로는 뉴클레오티드나 뉴클레오시드의 가수 분해에 관여하는 효소도 포함한다."
    },
    "뉴클레오닉스": {
        "word": "뉴클레오닉스",
        "chosung": "ㄴㅋㄹㅇㄴㅅ",
        "type": "명사",
        "mean": "=핵공학."
    },
    "뉴클레오시드": {
        "word": "뉴클레오시드",
        "chosung": "ㄴㅋㄹㅇㅅㄷ",
        "type": "명사",
        "mean": "푸린 염기 또는 피리미딘 염기와 당의 환원기가 결합한 글루코시드 모양의 화합물. 모든 생명체에 들어 있는 유전 물질인 핵산을 분해하여 얻는다."
    },
    "뉴클레오캡시드": {
        "word": "뉴클레오캡시드",
        "chosung": "ㄴㅋㄹㅇㅋㅅㄷ",
        "type": "명사",
        "mean": "바이러스의 바깥 껍질을 구성하며, 핵산과 결합하고 있는 단백질을 통틀어 이르는 말."
    },
    "뉴클레오티드": {
        "word": "뉴클레오티드",
        "chosung": "ㄴㅋㄹㅇㅌㄷ",
        "type": "명사",
        "mean": "뉴클레오시드의 당 부분이 인산과 에스테르를 만드는 화합물을 통틀어 이르는 말. 핵산을 구성하는 주요 성분의 하나로, 생체 안의 에너지 대사에 중요한 구실을 한다."
    },
    "뉴클레오히스톤": {
        "word": "뉴클레오히스톤",
        "chosung": "ㄴㅋㄹㅇㅎㅅㅌ",
        "type": "명사",
        "mean": "디옥시리보 핵산과 염기성 단백질 히스톤이 이온 결합한 핵단백질의 하나. 체세포 핵에 존재하며, 유전자의 발현을 억제하는 물질로 알려져 있다."
    },
    "뉴클레인": {
        "word": "뉴클레인",
        "chosung": "ㄴㅋㄹㅇ",
        "type": "명사",
        "mean": "핵단백질의 하나. 단순 단백질과 핵산이 결합된 것으로, 성질·상태·구조 따위가 일정하지 않다."
    },
    "뉴턴": {
        "word": "뉴턴",
        "chosung": "ㄴㅌ",
        "type": "명사",
        "mean": "영국의 물리학자·천문학자·수학자(1642~1727). 광학 연구로 반사 망원경을 만들고, 뉴턴 원무늬를 발견하였으며, 빛의 입자설을 주장하였다. 만유인력의 원리를 확립하였으며, 저서에 가 있다."
    },
    "뉴턴고리": {
        "word": "뉴턴고리",
        "chosung": "ㄴㅌㄱㄹ",
        "type": "명사",
        "mean": "=뉴턴 원무늬."
    },
    "뉴턴식반사망원경": {
        "word": "뉴턴식반사망원경",
        "chosung": "ㄴㅌㅅㅂㅅㅁㅇㄱ",
        "type": "명사",
        "mean": "대물렌즈에 큰 오목 거울을 사용하고, 그 초점의 약간 앞에 프리즘 또는 작은 평면경을 놓아 광선을 직각으로 굴절시켜, 통의 옆면에 있는 대안렌즈에 이끄는 방식의 망원경. 1668년에 뉴턴이 고안·제작하였다."
    },
    "뉴턴역학": {
        "word": "뉴턴역학",
        "chosung": "ㄴㅌㅇㅎ",
        "type": "명사",
        "mean": "뉴턴이 자신의 세 운동 법칙인 관성의 법칙, 운동 방정식, 작용 반작용의 원리에 따라 만든 역학 체계. 보통의 빠르기나 질량에 있어서는 틀림이 없는 것이라고 보지만, 물체의 빠르기가 빛의 빠르기에 가까운 때는 상대성 원리에, 크기가 원자의 정도에서는 양자 역학에 의존하여야 한다. ≒고전 역학."
    },
    "뉴턴원무늬": {
        "word": "뉴턴원무늬",
        "chosung": "ㄴㅌㅇㅁㄴ",
        "type": "명사",
        "mean": "평평한 판유리 위에 곡률 반지름이 큰 평볼록 렌즈를 올려놓고 위쪽에서 빛을 비출 때에, 접촉점을 중심으로 나타나는 동심원의 아름다운 줄무늬. 이는 빛의 간섭에 따른 현상 때문이다. 뉴턴이 1675년 처음으로 정밀하게 측정한 바 있다. ≒뉴턴 고리·뉴턴 환."
    },
    "뉴턴유체": {
        "word": "뉴턴유체",
        "chosung": "ㄴㅌㅇㅊ",
        "type": "명사",
        "mean": "뉴턴의 점성 법칙이 성립하는 유체. 기체나 분자량이 낮은 분자로 이루어지는 단일의 액체인 물, 알코올, 글리세린 따위를 이른다."
    },
    "뉴턴의냉각법칙": {
        "word": "뉴턴의냉각법칙",
        "chosung": "ㄴㅌㅇㄴㄱㅂㅊ",
        "type": "명사",
        "mean": "뉴턴이 세운 법칙 가운데 하나. 물체가 열의 복사 때문에 잃는 열량이나 냉각 속도는 물체와 주위 사이의 온도 차에 비례한다는 내용이다. ≒냉각 법칙."
    },
    "뉴턴의법칙": {
        "word": "뉴턴의법칙",
        "chosung": "ㄴㅌㅇㅂㅊ",
        "type": "명사",
        "mean": "뉴턴이 발견한 법칙을 통틀어 이르는 말. 운동의 법칙, 만유인력의 법칙, 냉각 법칙 따위가 있다."
    },
    "뉴턴의운동법칙": {
        "word": "뉴턴의운동법칙",
        "chosung": "ㄴㅌㅇㅇㄷㅂㅊ",
        "type": "명사",
        "mean": "=운동의 법칙."
    },
    "뉴턴환": {
        "word": "뉴턴환",
        "chosung": "ㄴㅌㅎ",
        "type": "명사",
        "mean": "=뉴턴 원무늬."
    },
    "뉴트럴존": {
        "word": "뉴트럴존",
        "chosung": "ㄴㅌㄹㅈ",
        "type": "명사",
        "mean": "neutral zone 1. 미식 축구에서, 두 팀이 이루는 스크럼 사이의 공간. 2. 자전거 경기에서, 주로(走路)의 안쪽에 만들어진 1미터 너비의 대피 지대. 3. =센터 존."
    },
    "뉴트럴코너": {
        "word": "뉴트럴코너",
        "chosung": "ㄴㅌㄹㅋㄴ",
        "type": "명사",
        "mean": "neutral corner 권투에서, 링의 네 코너 가운데, 선수들이 사용하는 홍·청 코너를 제외한 나머지 중립 코너."
    },
    "뉴트로다인수신기": {
        "word": "뉴트로다인수신기",
        "chosung": "ㄴㅌㄹㄷㅇㅅㅅㄱ",
        "type": "명사",
        "mean": "수신기의 하나. 고주파를 증폭할 때에, 내부 정전(靜電)의 용량이 큰 진공관을 사용하여 발생하는 국부 진동 따위의 결점을 제거하기 위하여 양극 회로와 그리드 회로 사이에 적당한 콘덴서를 끼워 넣은 수신기이다."
    },
    "뉴트론": {
        "word": "뉴트론",
        "chosung": "ㄴㅌㄹ",
        "type": "명사",
        "mean": "=중성자."
    },
    "뉴트리노": {
        "word": "뉴트리노",
        "chosung": "ㄴㅌㄹㄴ",
        "type": "명사",
        "mean": "=중성 미자."
    },
    "뉴트리아": {
        "word": "뉴트리아",
        "chosung": "ㄴㅌㄹㅇ",
        "type": "명사",
        "mean": "카프로미스과의 포유동물. 몸의 길이는 40~48cm, 꼬리의 길이는 35cm 정도이다. 위는 다갈색, 아래는 황토색이다. 쥐와 비슷한데 발가락 사이에 물갈퀴가 있다. 모피는 옷감으로 쓰고 고기는 식용한다. 풀을 먹으며 물이나 뭍에서 사는데 아르헨티나, 칠레 등지에 분포한다. (Myocastor coypus)"
    },
    "뉴패션": {
        "word": "뉴패션",
        "chosung": "ㄴㅍㅅ",
        "type": "명사",
        "mean": "새로운 유행. 또는 그것을 도입한 의상. ≒뉴 모드."
    },
    "뉴펀드": {
        "word": "뉴펀드",
        "chosung": "ㄴㅍㄷ",
        "type": "명사",
        "mean": "=아시아 개발 기금."
    },
    "뉴펀들랜드": {
        "word": "뉴펀들랜드",
        "chosung": "ㄴㅍㄷㄹㄷ",
        "type": "명사",
        "mean": "개의 한 품종. 어깨의 높이는 70 cm 정도이며, 털이 길고 대개 검은색이다. 세인트 버나드와 비슷하고 몸이 크며 튼튼하고 활동적이다. 캐나다 남동부 뉴펀들랜드 섬 원산으로 영국에서 개량되어 수난(水難) 구조 따위에 이용된다."
    },
    "뉴펀들랜드뱅크": {
        "word": "뉴펀들랜드뱅크",
        "chosung": "ㄴㅍㄷㄹㄷㅂㅋ",
        "type": "명사",
        "mean": "세계 4대 어장의 하나. 캐나다 뉴펀들랜드 섬 앞바다로부터 미국 뉴잉글랜드의 여러 주에 걸쳐 펼쳐져 있으며, 새우·고등어·청어·대구 따위가 많이 잡힌다."
    },
    "뉴펀들랜드섬": {
        "word": "뉴펀들랜드섬",
        "chosung": "ㄴㅍㄷㄹㄷㅅ",
        "type": "명사",
        "mean": "캐나다 남동부, 세인트로렌스 만의 입구에 있는 섬. 앞바다의 대륙붕은 세계에서 손꼽히는 어장이다. 어업·수산 가공업이 주산업이며, 펄프·제지 따위의 공업이 발달하였다. 영국이 캐나다에서 개척한 최초의 식민지이다. 면적은 11만 9619㎢."
    },
    "뉴펀들랜드주": {
        "word": "뉴펀들랜드주",
        "chosung": "ㄴㅍㄷㄹㄷㅈ",
        "type": "명사",
        "mean": "캐나다의 남동부에 있는 주. 뉴펀들랜드 섬과 본토인 래브라도로 이루어져 있다. 주산업은 수산업이며, 제지 공업과 광업이 발달하였다. 주도(州都)는 세인트존스, 면적은 38만 3300㎢."
    },
    "뉴페인팅": {
        "word": "뉴페인팅",
        "chosung": "ㄴㅍㅇㅌ",
        "type": "명사",
        "mean": "1980년대에 나타난 새로운 형태의 구상 회화. 1970년대까지 성행하던 전위주의가 후퇴하고 나서, 미국과 유럽에서 인간의 형태를 중심 주제로 삼아 등장한 거친 필치의 정력적인 그림인데, 대표 작가로는 슈나벨, 바스키아 등이 있다."
    },
    "뉴포트": {
        "word": "뉴포트",
        "chosung": "ㄴㅍㅌ",
        "type": "명사",
        "mean": "영국 웨일스 남동부에 있는 항구 도시. 석탄, 철강의 집산지이며 알루미늄 정련·화학·기계 공업이 발달하였다. 석탄 출하항으로 산업 혁명 후 급속히 발달하였다."
    },
    "뉴포트재즈페스티벌": {
        "word": "뉴포트재즈페스티벌",
        "chosung": "ㄴㅍㅌㅈㅈㅍㅅㅌㅂ",
        "type": "명사",
        "mean": "1954년부터 매년 여름에 미국 로드아일랜드의 피서지인 뉴포트에서 열리고 있는 대규모의 재즈 축제. 1972년에 이후에 개최지를 뉴욕으로 옮겼으나 명칭은 그대로 사용하고 있다."
    },
    "뉴프런티어": {
        "word": "뉴프런티어",
        "chosung": "ㄴㅍㄹㅌㅇ",
        "type": "명사",
        "mean": "1960년에 미국의 케네디 대통령이 내세운 새로운 개혁 정책. 개척자 정신의 상징인 프런티어에 새로운 의미를 부여하자는 것으로서 사회 복지의 충실, 인종 차별의 폐지, 고도 경제 성장의 실현을 목표로 하였다. ≒뉴 프런티어 정책."
    },
    "뉴프런티어정책": {
        "word": "뉴프런티어정책",
        "chosung": "ㄴㅍㄹㅌㅇㅈㅊ",
        "type": "명사",
        "mean": "=뉴 프런티어."
    },
    "뉴프로비던스섬": {
        "word": "뉴프로비던스섬",
        "chosung": "ㄴㅍㄹㅂㄷㅅㅅ",
        "type": "명사",
        "mean": "중앙아메리카 바하마 제도에 속하는 섬. 1973년에 영국 연방에서 독립하였으며, 바하마의 수도 나소가 있다. 면적은 207㎢."
    },
    "뉴플리머스": {
        "word": "뉴플리머스",
        "chosung": "ㄴㅍㄹㅁㅅ",
        "type": "명사",
        "mean": "뉴질랜드 북쪽 섬에 있는 항구 도시. 낙농의 중심지로 낙농품의 집산 가공업이 활발하며, 1866년부터 부근에서 석유를 채굴한다."
    },
    "뉴필리핀": {
        "word": "뉴필리핀",
        "chosung": "ㄴㅍㄹㅍ",
        "type": "명사",
        "mean": "=캐롤라인 제도."
    },
    "뉴햄프셔종": {
        "word": "뉴햄프셔종",
        "chosung": "ㄴㅎㅍㅅㅈ",
        "type": "명사",
        "mean": "닭의 한 품종. 체질이 강하고 알과 고기 겸용이다. 알은 크고 갈색이다. 미국의 뉴햄프셔 주에서 로드아일랜드레드종을 개량한 것이다."
    },
    "뉴햄프셔주": {
        "word": "뉴햄프셔주",
        "chosung": "ㄴㅎㅍㅅㅈ",
        "type": "명사",
        "mean": "미국 동북부에 있는 주. 북부는 캐나다와 국경을 이룬다. 낙농과 채소·과수 재배 따위의 농업이 발달하였으며, 섬유·피혁·정밀 기계 따위의 공업이 활발하다. 독립 주 가운데 하나이다. 주도(州都)는 콩코드, 면적은 2만 4907㎢."
    },
    "뉴헤브리디스제도": {
        "word": "뉴헤브리디스제도",
        "chosung": "ㄴㅎㅂㄹㄷㅅㅈㄷ",
        "type": "명사",
        "mean": "태평양 남서부, 멜라네시아의 솔로몬 제도 남동쪽에 있는 80여 개의 화산섬 무리. 코프라, 커피, 조개류, 목재, 망간 따위가 난다. 1980년에 영국과 프랑스로부터 독립하여 바누아투 공화국이 되었다. 면적은 1만 2190㎢."
    },
    "뉴헤비": {
        "word": "뉴헤비",
        "chosung": "ㄴㅎㅂ",
        "type": "명사",
        "mean": "악당 역으로 영화에 데뷔하여 주목을 받는 신인을 이르는 말."
    }
}