{
    "늘": {
        "word": "늘",
        "chosung": "ㄴ",
        "type": "부사",
        "mean": "계속하여 언제나. ≒장상(長常)."
    },
    "늘같기식": {
        "word": "늘같기식",
        "chosung": "ㄴㄱㄱㅅ",
        "type": "명사",
        "mean": "'항등식(恒等式)'의 북한어."
    },
    "늘게이": {
        "word": "늘게이",
        "chosung": "ㄴㄱㅇ",
        "type": "명사",
        "mean": "［방언］'늙은이'의 방언(강원)."
    },
    "늘결": {
        "word": "늘결",
        "chosung": "ㄴㄱ",
        "type": "명사",
        "mean": "나이테와 접선이 되게 자른 면에 나타나는 나무의 결."
    },
    "늘구다": {
        "word": "늘구다",
        "chosung": "ㄴㄱㄷ",
        "type": "동사",
        "mean": "［방언］'늘이다'의 방언(강원, 경기, 함경)."
    },
    "늘그대기": {
        "word": "늘그대기",
        "chosung": "ㄴㄱㄷㄱ",
        "type": "명사",
        "mean": "［방언］'늙다리'의 방언(평북)."
    },
    "늘그막": {
        "word": "늘그막",
        "chosung": "ㄴㄱㅁ",
        "type": "명사",
        "mean": "늙어 가는 무렵. ≒말래(末來)."
    },
    "늘그이": {
        "word": "늘그이",
        "chosung": "ㄴㄱㅇ",
        "type": "명사",
        "mean": "［방언］'늙은이'의 방언(강원, 경남)."
    },
    "늘끼다": {
        "word": "늘끼다",
        "chosung": "ㄴㄲㄷ",
        "type": "동사",
        "mean": "［방언］'미끄러지다'의 방언(함북)."
    },
    "늘늘하다": {
        "word": "늘늘하다",
        "chosung": "ㄴㄴㅎㄷ",
        "type": "형용사",
        "mean": "［북한어］수량이나 기한 따위가 넉넉하다."
    },
    "늘다": {
        "word": "늘다",
        "chosung": "ㄴㄷ",
        "type": "형용사",
        "mean": "［옛말］'낫다'의 옛말."
    },
    "늘대": {
        "word": "늘대",
        "chosung": "ㄴㄷ",
        "type": "명사",
        "mean": "［방언］'열쇠'의 방언(강원)."
    },
    "늘따구": {
        "word": "늘따구",
        "chosung": "ㄴㄸㄱ",
        "type": "명사",
        "mean": "［방언］'늙은이'의 방언(경북)."
    },
    "늘따리": {
        "word": "늘따리",
        "chosung": "ㄴㄸㄹ",
        "type": "명사",
        "mean": "［방언］'늙은이'의 방언(경북)."
    },
    "늘람": {
        "word": "늘람",
        "chosung": "ㄴㄹ",
        "type": "명사",
        "mean": "［방언］'늘품'의 방언(제주)."
    },
    "늘름": {
        "word": "늘름",
        "chosung": "ㄴㄹ",
        "type": "부사",
        "mean": "1. 혀, 손 따위를 재빠르게 내밀었다 들이는 모양."
    },
    "늘름늘름": {
        "word": "늘름늘름",
        "chosung": "ㄴㄹㄴㄹ",
        "type": "부사",
        "mean": "1. 혀, 손 따위를 자꾸 재빠르게 내밀었다 들였다 하는 모양."
    },
    "늘릅하다": {
        "word": "늘릅하다",
        "chosung": "ㄴㄹㅎㄷ",
        "type": "형용사",
        "mean": "［방언］'태연하다'의 방언(전남)."
    },
    "늘리다": {
        "word": "늘리다",
        "chosung": "ㄴㄹㄷ",
        "type": "동사",
        "mean": "『…을』 1. '늘다'의 사동사. 2. '늘다'의 사동사."
    },
    "늘림성": {
        "word": "늘림성",
        "chosung": "ㄴㄹㅅ",
        "type": "명사",
        "mean": "=연성(延性)."
    },
    "늘메": {
        "word": "늘메",
        "chosung": "ㄴㅁ",
        "type": "명사",
        "mean": "신랑이 신부의 집에 가서 혼인 잔치를 치르고 돌아왔다가 몇 달 뒤에 신부를 데려다가 자기 집에서 잔치를 베푸는 일."
    },
    "늘배": {
        "word": "늘배",
        "chosung": "ㄴㅂ",
        "type": "명사",
        "mean": "예전에, 강에서 짐을 나르는 데 쓰던 돛단배."
    },
    "늘보": {
        "word": "늘보",
        "chosung": "ㄴㅂ",
        "type": "명사",
        "mean": "=느리광이."
    },
    "늘보리": {
        "word": "늘보리",
        "chosung": "ㄴㅂㄹ",
        "type": "명사",
        "mean": " 이삭의 모양이 네모진 보리. ≒네모보리."
    },
    "늘보원숭이": {
        "word": "늘보원숭이",
        "chosung": "ㄴㅂㅇㅅㅇ",
        "type": "명사",
        "mean": "=로리스."
    },
    "늘보주머니쥐": {
        "word": "늘보주머니쥐",
        "chosung": "ㄴㅂㅈㅁㄴㅈ",
        "type": "명사",
        "mean": "쿠스쿠스과의 포유동물. 몸의 털은 양털과 비슷하며 꼬리가 길어 물건을 감을 수 있다. 행동이 둔하고 주로 밤에 활동한다. 나무 위에서 사는데 오스트레일리아 등지에 분포한다. (Phalanger maculalus)"
    },
    "늘봄": {
        "word": "늘봄",
        "chosung": "ㄴㅂ",
        "type": "명사",
        "mean": "'전영택'의 호."
    },
    "늘비": {
        "word": "늘비",
        "chosung": "ㄴㅂ",
        "type": "명사",
        "mean": "'늘비하다'의 어근."
    },
    "늘삿갓": {
        "word": "늘삿갓",
        "chosung": "ㄴㅅㄱ",
        "type": "명사",
        "mean": "부들로 만든 삿갓."
    },
    "늘상": {
        "word": "늘상",
        "chosung": "ㄴㅅ",
        "type": "부사",
        "mean": " '늘'의 잘못."
    },
    "늘썽": {
        "word": "늘썽",
        "chosung": "ㄴㅆ",
        "type": "명사",
        "mean": "'늘품'의 잘못."
    },
    "늘썽늘썽": {
        "word": "늘썽늘썽",
        "chosung": "ㄴㅆㄴㅆ",
        "type": "부사",
        "mean": "1. 천, 대나무 따위의 짜임새나 엮음새가 여럿이 다 또는 매우 설핏한 모양. ≒늘썽늘썽히. 2. ［북한어］생김새가 아주 늘씬한 모양. ≒늘썽늘썽히."
    },
    "늘썽늘썽히": {
        "word": "늘썽늘썽히",
        "chosung": "ㄴㅆㄴㅆㅎ",
        "type": "부사",
        "mean": "1. =늘썽늘썽. 2. ［북한어］=늘썽늘썽."
    },
    "늘씬": {
        "word": "늘씬",
        "chosung": "ㄴㅆ",
        "type": "부사",
        "mean": "｛'때리다', '맞다' 따위의 동사와 함께 쓰여｝ 몸을 가누지 못할 정도로 심하게. ≒늘씬히."
    },
    "늘씬늘씬": {
        "word": "늘씬늘씬",
        "chosung": "ㄴㅆㄴㅆ",
        "type": "부사",
        "mean": "1. 여럿이 다 또는 매우 몸이 가늘고 키가 커서 맵시가 있는 모양. 2. 여럿이 다 또는 매우 미끈하게 긴 모양."
    },
    "늘씬히": {
        "word": "늘씬히",
        "chosung": "ㄴㅆㅎ",
        "type": "부사",
        "mean": "=늘씬."
    },
    "늘어나다": {
        "word": "늘어나다",
        "chosung": "ㄴㅇㄴㄷ",
        "type": "동사",
        "mean": "1. 부피나 분량이 본디보다 커지거나 길어지거나 많아지다."
    },
    "늘어놓다": {
        "word": "늘어놓다",
        "chosung": "ㄴㅇㄴㄷ",
        "type": "노쏘",
        "mean": "〕［동사］━ ⅰ『…에 …을』 1. 줄을 지어 벌여 놓다."
    },
    "늘어땡이": {
        "word": "늘어땡이",
        "chosung": "ㄴㅇㄸㅇ",
        "type": "명사",
        "mean": "골패로 하는 노름의 하나."
    },
    "늘어떠리다": {
        "word": "늘어떠리다",
        "chosung": "ㄴㅇㄸㄹㄷ",
        "type": "동사",
        "mean": "'늘어뜨리다'의 잘못."
    },
    "늘어뜨리다": {
        "word": "늘어뜨리다",
        "chosung": "ㄴㅇㄸㄹㄷ",
        "type": "동사",
        "mean": "『…을』 사물의 한쪽 끝을 아래로 처지게 하다. ≒늘어트리다."
    },
    "늘어박히다": {
        "word": "늘어박히다",
        "chosung": "ㄴㅇㅂㅎㄷ",
        "type": "바켜",
        "mean": "), -박히니［바키니］〕［동사］늘이어 놓은 듯이 여러 곳에 박히어 있다."
    },
    "늘어붙다": {
        "word": "늘어붙다",
        "chosung": "ㄴㅇㅂㄷ",
        "type": "동사",
        "mean": "1. '눌어붙다'의 잘못. 2. ［북한어］'눌어붙다'의 북한어."
    },
    "늘어서다": {
        "word": "늘어서다",
        "chosung": "ㄴㅇㅅㄷ",
        "type": "동사",
        "mean": "『…에』길게 줄지어 서다."
    },
    "늘어세다": {
        "word": "늘어세다",
        "chosung": "ㄴㅇㅅㄷ",
        "type": "동사",
        "mean": "［방언］'늘어서다'의 방언(평남)."
    },
    "늘어세우다": {
        "word": "늘어세우다",
        "chosung": "ㄴㅇㅅㅇㄷ",
        "type": "동사",
        "mean": "『…을 …에』 '늘어서다'의 사동사."
    },
    "늘어앉다": {
        "word": "늘어앉다",
        "chosung": "ㄴㅇㅇㄷ",
        "type": "안꼬",
        "mean": "〕［동사］『…에』 줄을 지어 벌이어 앉다."
    },
    "늘어앉히다": {
        "word": "늘어앉히다",
        "chosung": "ㄴㅇㅇㅎㄷ",
        "type": "동사",
        "mean": "'늘어앉다'의 사동사."
    },
    "늘어지다": {
        "word": "늘어지다",
        "chosung": "ㄴㅇㅈㄷ",
        "type": "저",
        "mean": "), -지니〕［동사］━ ⅰ『…으로』1. 물체가 당겨지는 힘으로 길어지다."
    },
    "늘어진장대": {
        "word": "늘어진장대",
        "chosung": "ㄴㅇㅈㅈㄷ",
        "type": "명사",
        "mean": "십자화과의 두해살이풀. 줄기의 높이는 50~100cm이며, 잎은 어긋나는데 아래 잎은 긴 타원형이고 줄기잎은 잎자루가 없고 피침 모양이다. 여름에 작고 흰 꽃이 총상(總狀) 꽃차례로 피고 열매는 장각(長角)으로 익으며 어린잎은 식용한다. 산이나 들에서 자라는데 우리나라 중부 이북에 분포한다. (Arabis pendula)"
    },
    "늘어진패": {
        "word": "늘어진패",
        "chosung": "ㄴㅇㅈㅍ",
        "type": "명사",
        "mean": "바둑에서, 한 수나 두 수 또는 세 수를 더 둔 다음에 단수패(單手□)가 되는 패."
    },
    "늘어치다": {
        "word": "늘어치다",
        "chosung": "ㄴㅇㅊㄷ",
        "type": "동사",
        "mean": "'늘어뜨리다'의 잘못."
    },
    "늘어트리다": {
        "word": "늘어트리다",
        "chosung": "ㄴㅇㅌㄹㄷ",
        "type": "동사",
        "mean": "『…을』 =늘어뜨리다."
    },
    "늘엎디다": {
        "word": "늘엎디다",
        "chosung": "ㄴㅇㄷㄷ",
        "type": "업뗘",
        "mean": "), -엎디니[업띠-]〕［동사］ 죽 줄지어 엎드리다."
    },
    "늘옴치근": {
        "word": "늘옴치근",
        "chosung": "ㄴㅇㅊㄱ",
        "type": "명사",
        "mean": "=괄약근."
    },
    "늘옴치래기": {
        "word": "늘옴치래기",
        "chosung": "ㄴㅇㅊㄹㄱ",
        "type": "명사",
        "mean": "늘었다 줄었다 하는 물건."
    },
    "늘우다": {
        "word": "늘우다",
        "chosung": "ㄴㅇㄷ",
        "type": "동사",
        "mean": "'늘이다'의 잘못."
    },
    "늘음성": {
        "word": "늘음성",
        "chosung": "ㄴㅇㅅ",
        "type": "명사",
        "mean": "'연성(延性)'의 북한어."
    },
    "늘읫늘읫하다": {
        "word": "늘읫늘읫하다",
        "chosung": "ㄴㅇㄴㅇㅎㄷ",
        "type": "동사",
        "mean": "［옛말］'의의하다'의 옛말."
    },
    "늘이기": {
        "word": "늘이기",
        "chosung": "ㄴㅇㄱ",
        "type": "명사",
        "mean": "금속 소재를 때리거나 눌러 길이가 긴 제품으로 만드는 단조(鍛造) 방법."
    },
    "늘이기곁수": {
        "word": "늘이기곁수",
        "chosung": "ㄴㅇㄱㄱㅅ",
        "type": "명사",
        "mean": "소재의 지름과 제품의 지름 사이의 비율을 나타내는 수치."
    },
    "늘이기홈": {
        "word": "늘이기홈",
        "chosung": "ㄴㅇㄱㅎ",
        "type": "명사",
        "mean": "단조(鍛造)를 하는 틀에 나 있는 홈. 본래 소재의 한 부분을 늘여서 소재의 전체 길이를 길게 만든다."
    },
    "늘이다": {
        "word": "늘이다",
        "chosung": "ㄴㅇㄷ",
        "type": "동사",
        "mean": "━ ⅰ『…을』 본디보다 더 길게 하다."
    },
    "늘임": {
        "word": "늘임",
        "chosung": "ㄴㅇ",
        "type": "명사",
        "mean": "［북한어］'연신(延伸)'의 북한어."
    },
    "늘임공정": {
        "word": "늘임공정",
        "chosung": "ㄴㅇㄱㅈ",
        "type": "명사",
        "mean": "방적사를 생산하기 위하여 중간 제품을 가늘게 늘이는 공정."
    },
    "늘임마당": {
        "word": "늘임마당",
        "chosung": "ㄴㅇㅁㄷ",
        "type": "명사",
        "mean": "'연신 구간'의 북한어."
    },
    "늘임봉": {
        "word": "늘임봉",
        "chosung": "ㄴㅇㅂ",
        "type": "명사",
        "mean": "타고 올라갈 수 있게 만든 틀에다 철봉 따위를 세운 운동 기구."
    },
    "늘임새": {
        "word": "늘임새",
        "chosung": "ㄴㅇㅅ",
        "type": "명사",
        "mean": "말을 길게 늘이는 태도."
    },
    "늘임줄": {
        "word": "늘임줄",
        "chosung": "ㄴㅇㅈ",
        "type": "명사",
        "mean": "전선 따위가 짧을 경우 이어 쓰는 줄."
    },
    "늘임코": {
        "word": "늘임코",
        "chosung": "ㄴㅇㅋ",
        "type": "명사",
        "mean": "뜨개질에서, 기본코 외에 더 만든 코. 아래에 있는 줄에서 걷어 올리거나, 실을 바늘에 감는 방법 따위가 있다."
    },
    "늘임표": {
        "word": "늘임표",
        "chosung": "ㄴㅇㅍ",
        "type": "명사",
        "mean": "악보에서, 음표나 쉼표의 위나 아래에 붙어서 본래 박자보다 두세 배 길게 늘여 연주하라는 기호. ''로 표시한다. ≒연성 기호·연음 기호·연장 기호·정류 기호·코로나·포즈(pause)."
    },
    "늘자리": {
        "word": "늘자리",
        "chosung": "ㄴㅈㄹ",
        "type": "명사",
        "mean": "부들로 짠 돗자리."
    },
    "늘잡다": {
        "word": "늘잡다",
        "chosung": "ㄴㅈㄷ",
        "type": "동사",
        "mean": "『…을』 기한이나 길이 따위를 넉넉히 늘려 잡다."
    },
    "늘쟁이": {
        "word": "늘쟁이",
        "chosung": "ㄴㅈㅇ",
        "type": "명사",
        "mean": "습한 곳에 절로 나는 식물의 하나."
    },
    "늘줄다": {
        "word": "늘줄다",
        "chosung": "ㄴㅈㄷ",
        "type": "동사",
        "mean": "줄 따위가 늘었다 줄었다 하다."
    },
    "늘줄이다": {
        "word": "늘줄이다",
        "chosung": "ㄴㅈㅇㄷ",
        "type": "동사",
        "mean": "『…을』 '늘줄다'의 사동사."
    },
    "늘짱": {
        "word": "늘짱",
        "chosung": "ㄴㅉ",
        "type": "명사",
        "mean": "'늑장'의 잘못."
    },
    "늘쩍거리다": {
        "word": "늘쩍거리다",
        "chosung": "ㄴㅉㄱㄹㄷ",
        "type": "동사",
        "mean": "1. '늘쩡거리다'의 잘못. 2. ［북한어］느른한 동작으로 자꾸 느리게 걷거나 행동하다. ≒늘쩍대다."
    },
    "늘쩍늘쩍": {
        "word": "늘쩍늘쩍",
        "chosung": "ㄴㅉㄴㅉ",
        "type": "부사",
        "mean": "1. '늘쩡늘쩡'의 잘못. 2. ［북한어］느른한 동작으로 자꾸 느리게 걷거나 행동하는 모양."
    },
    "늘쩍대다": {
        "word": "늘쩍대다",
        "chosung": "ㄴㅉㄷㄷ",
        "type": "동사",
        "mean": "［북한어］=늘쩍거리다."
    },
    "늘쩍지근": {
        "word": "늘쩍지근",
        "chosung": "ㄴㅉㅈㄱ",
        "type": "명사",
        "mean": "'늘쩍지근하다'의 어근."
    },
    "늘쩍하다": {
        "word": "늘쩍하다",
        "chosung": "ㄴㅉㅎㄷ",
        "type": "형용사",
        "mean": "［북한어］좀 늘다."
    },
    "늘쩡": {
        "word": "늘쩡",
        "chosung": "ㄴㅉ",
        "type": "명사",
        "mean": "'늘쩡거리다'의 어근."
    },
    "늘쩡늘쩡": {
        "word": "늘쩡늘쩡",
        "chosung": "ㄴㅉㄴㅉ",
        "type": "부사",
        "mean": "성질이나 됨됨이가 꽤 느리고 야무지지 못한 모양."
    },
    "늘쩡하다": {
        "word": "늘쩡하다",
        "chosung": "ㄴㅉㅎㄷ",
        "type": "형용사",
        "mean": "［북한어］느리고 굼뜨다."
    },
    "늘찐거리다": {
        "word": "늘찐거리다",
        "chosung": "ㄴㅉㄱㄹㄷ",
        "type": "동사",
        "mean": "［북한어］1. 고무줄 따위가 질기게 자꾸 늘었다 줄었다 하다. ≒늘찐대다. 2. 무르고 눅진한 물건이 끈기 있게 자꾸 늘어나다. ≒늘찐대다."
    },
    "늘찐늘찐": {
        "word": "늘찐늘찐",
        "chosung": "ㄴㅉㄴㅉ",
        "type": "부사",
        "mean": "［북한어］1. 고무줄 따위가 질기게 자꾸 늘었다 줄었다 하는 모양."
    },
    "늘찐대다": {
        "word": "늘찐대다",
        "chosung": "ㄴㅉㄷㄷ",
        "type": "동사",
        "mean": "［북한어］1. =늘찐거리다. 2. =늘찐거리다."
    },
    "늘차다": {
        "word": "늘차다",
        "chosung": "ㄴㅊㄷ",
        "type": "형용사",
        "mean": " 능란하고 재빠르다."
    },
    "늘창": {
        "word": "늘창",
        "chosung": "ㄴㅊ",
        "type": "부사",
        "mean": "［방언］'늘'의 방언(평안)."
    },
    "늘채다": {
        "word": "늘채다",
        "chosung": "ㄴㅊㄷ",
        "type": "동사",
        "mean": "미리 생각한 수효보다 많이 늘다."
    },
    "늘척지근하다": {
        "word": "늘척지근하다",
        "chosung": "ㄴㅊㅈㄱㅎㄷ",
        "type": "형용사",
        "mean": "［북한어］좀 늘어지고 맞갖지 않게 여기는 듯하다."
    },
    "늘치분하다": {
        "word": "늘치분하다",
        "chosung": "ㄴㅊㅂㅎㄷ",
        "type": "형용사",
        "mean": "［북한어］맥이 빠져 매우 느른하다."
    },
    "늘컹": {
        "word": "늘컹",
        "chosung": "ㄴㅋ",
        "type": "명사",
        "mean": "'늘컹거리다'의 어근."
    },
    "늘컹늘컹": {
        "word": "늘컹늘컹",
        "chosung": "ㄴㅋㄴㅋ",
        "type": "부사",
        "mean": "너무 물러서 자꾸 늘어지는 모양."
    },
    "늘쿠다": {
        "word": "늘쿠다",
        "chosung": "ㄴㅋㄷ",
        "type": "동사",
        "mean": "［방언］'늘리다'의 방언(평북)."
    },
    "늘크데하다": {
        "word": "늘크데하다",
        "chosung": "ㄴㅋㄷㅎㄷ",
        "type": "형용사",
        "mean": "［북한어］1. 패기와 정열이 없고 느른하며 맥이 없다. ≒늘크레하다."
    },
    "늘크레하다": {
        "word": "늘크레하다",
        "chosung": "ㄴㅋㄹㅎㄷ",
        "type": "형용사",
        "mean": "［북한어］1. =늘크데하다. 2. =늘크데하다."
    },
    "늘큰": {
        "word": "늘큰",
        "chosung": "ㄴㅋ",
        "type": "명사",
        "mean": "'늘큰거리다'의 어근."
    },
    "늘큰늘큰": {
        "word": "늘큰늘큰",
        "chosung": "ㄴㅋㄴㅋ",
        "type": "부사",
        "mean": "꽤 물러서 자꾸 늘어지는 모양."
    },
    "늘큰하다": {
        "word": "늘큰하다",
        "chosung": "ㄴㅋㅎㄷ",
        "type": "형용사",
        "mean": "［방언］'게으르다'의 방언(평북)."
    },
    "늘키다": {
        "word": "늘키다",
        "chosung": "ㄴㅋㄷ",
        "type": "동사",
        "mean": " 시원하게 울지 못하고 꿀꺽꿀꺽 참으면서 느끼어 울다."
    },
    "늘팽이": {
        "word": "늘팽이",
        "chosung": "ㄴㅍㅇ",
        "type": "명사",
        "mean": "［방언］'달팽이'의 방언(강원)."
    },
    "늘펀": {
        "word": "늘펀",
        "chosung": "ㄴㅍ",
        "type": "명사",
        "mean": "'늘펀하다'의 어근."
    },
    "늘푸른나무": {
        "word": "늘푸른나무",
        "chosung": "ㄴㅍㄹㄴㅁ",
        "type": "명사",
        "mean": "=상록수(常綠樹)."
    },
    "늘푸른넓은잎나무": {
        "word": "늘푸른넓은잎나무",
        "chosung": "ㄴㅍㄹㄴㅇㅇㄴㅁ",
        "type": "명사",
        "mean": "=상록 활엽수."
    },
    "늘푸른떨기나무": {
        "word": "늘푸른떨기나무",
        "chosung": "ㄴㅍㄹㄸㄱㄴㅁ",
        "type": "명사",
        "mean": "=상록 관목."
    },
    "늘푸른여러해살이풀": {
        "word": "늘푸른여러해살이풀",
        "chosung": "ㄴㅍㄹㅇㄹㅎㅅㅇㅍ",
        "type": "명사",
        "mean": "=상록 여러해살이풀."
    },
    "늘푸른잎": {
        "word": "늘푸른잎",
        "chosung": "ㄴㅍㄹㅇ",
        "type": "명사",
        "mean": "《식물》=상록엽."
    },
    "늘푸른작은큰키나무": {
        "word": "늘푸른작은큰키나무",
        "chosung": "ㄴㅍㄹㅈㅇㅋㅋㄴㅁ",
        "type": "명사",
        "mean": "=상록 소교목."
    },
    "늘푸른좀나무": {
        "word": "늘푸른좀나무",
        "chosung": "ㄴㅍㄹㅈㄴㅁ",
        "type": "명사",
        "mean": "=상록 관목."
    },
    "늘푸른큰키나무": {
        "word": "늘푸른큰키나무",
        "chosung": "ㄴㅍㄹㅋㅋㄴㅁ",
        "type": "명사",
        "mean": "=상록 교목."
    },
    "늘푸른풀": {
        "word": "늘푸른풀",
        "chosung": "ㄴㅍㄹㅍ",
        "type": "명사",
        "mean": "=상록 여러해살이풀."
    },
    "늘푼수": {
        "word": "늘푼수",
        "chosung": "ㄴㅍㅅ",
        "type": "명사",
        "mean": "［방언］'늘품'의 방언(경남)."
    },
    "늘품": {
        "word": "늘품",
        "chosung": "ㄴㅍ",
        "type": "명사",
        "mean": "앞으로 좋게 발전할 품질이나 품성."
    },
    "늘품성": {
        "word": "늘품성",
        "chosung": "ㄴㅍㅅ",
        "type": "명사",
        "mean": "앞으로 좋게 될 품성."
    },
    "늘휘": {
        "word": "늘휘",
        "chosung": "ㄴㅎ",
        "type": "명사",
        "mean": "단청에서, 머리초 다음에 띠 모양으로 휘돌린 오색 무늬."
    },
    "늘흿늘흿": {
        "word": "늘흿늘흿",
        "chosung": "ㄴㅎㄴㅎ",
        "type": "부사",
        "mean": "［옛말］태연하고 침착하게."
    }
}