{
    "늠": {
        "word": "늠",
        "chosung": "ㄴ",
        "type": "명사",
        "mean": "=늠고(□庫)."
    },
    "늠고": {
        "word": "늠고",
        "chosung": "ㄴㄱ",
        "type": "명사",
        "mean": " 쌀을 넣어 두는 곳집. ≒늠(□)·늠창(□倉)."
    },
    "늠균": {
        "word": "늠균",
        "chosung": "ㄴㄱ",
        "type": "명사",
        "mean": "쌀을 넣어 두는 창고. '늠'은 네모난 창고, '균'은 둥근 창고를 이른다."
    },
    "늠그다": {
        "word": "늠그다",
        "chosung": "ㄴㄱㄷ",
        "type": "동사",
        "mean": "『…을』 곡식의 껍질을 벗기다."
    },
    "늠다": {
        "word": "늠다",
        "chosung": "ㄴㄷ",
        "type": "동사",
        "mean": "［방언］'찧다'의 방언(평북)."
    },
    "늠렬": {
        "word": "늠렬",
        "chosung": "ㄴㄹ",
        "type": "명사",
        "mean": "凜烈/凜冽 '늠렬하다'의 어근."
    },
    "늠료": {
        "word": "늠료",
        "chosung": "ㄴㄹ",
        "type": "명사",
        "mean": "=관황(官況)."
    },
    "늠률": {
        "word": "늠률",
        "chosung": "ㄴㄹ",
        "type": "명사",
        "mean": "추위에 떪."
    },
    "늠름": {
        "word": "늠름",
        "chosung": "ㄴㄹ",
        "type": "명사",
        "mean": "凜凜 '늠름하다'의 어근."
    },
    "늠름스럽다": {
        "word": "늠름스럽다",
        "chosung": "ㄴㄹㅅㄹㄷ",
        "type": "형용사",
        "mean": "보기에 생김새나 태도가 의젓하고 당당한 데가 있다."
    },
    "늠봉": {
        "word": "늠봉",
        "chosung": "ㄴㅂ",
        "type": "명사",
        "mean": "=관황(官況)."
    },
    "늠생": {
        "word": "늠생",
        "chosung": "ㄴㅅ",
        "type": "명사",
        "mean": "1. 중국 명나라 때, 관으로부터 녹미(祿米)를 받던 생원. 2. 중국 청나라 때에 둔, 생원의 첫째 등급."
    },
    "늠석": {
        "word": "늠석",
        "chosung": "ㄴㅅ",
        "type": "부사",
        "mean": "［방언］'넘성'의 방언(평북)."
    },
    "늠속": {
        "word": "늠속",
        "chosung": "ㄴㅅ",
        "type": "명사",
        "mean": "1. 관의 창고에 있는 양식."
    },
    "늠식": {
        "word": "늠식",
        "chosung": "ㄴㅅ",
        "type": "명사",
        "mean": "《역사》=관황(官況)."
    },
    "늠실": {
        "word": "늠실",
        "chosung": "ㄴㅅ",
        "type": "명사",
        "mean": "'늠실거리다'의 어근."
    },
    "늠실늠실": {
        "word": "늠실늠실",
        "chosung": "ㄴㅅㄴㅅ",
        "type": "부사",
        "mean": "1. 물결 따위가 자꾸 부드럽게 움직이는 모양."
    },
    "늠씰": {
        "word": "늠씰",
        "chosung": "ㄴㅆ",
        "type": "부사",
        "mean": "［북한어］조금 놀라는 모양."
    },
    "늠씰늠씰": {
        "word": "늠씰늠씰",
        "chosung": "ㄴㅆㄴㅆ",
        "type": "부사",
        "mean": "［북한어］자꾸 놀라는 모양."
    },
    "늠씰하다": {
        "word": "늠씰하다",
        "chosung": "ㄴㅆㅎㄷ",
        "type": "형용사",
        "mean": "［북한어］어떤 일이나 행동을 하지 않은 듯이 시치미를 떼고 있다."
    },
    "늠연": {
        "word": "늠연",
        "chosung": "ㄴㅇ",
        "type": "명사",
        "mean": "凜然 '늠연하다'의 어근."
    },
    "늠옹": {
        "word": "늠옹",
        "chosung": "ㄴㅇ",
        "type": "명사",
        "mean": "신라 때, 늠전에 속한 벼슬을 이르던 말."
    },
    "늠외": {
        "word": "늠외",
        "chosung": "ㄴㅇ",
        "type": "명사",
        "mean": "=공섭."
    },
    "늠육": {
        "word": "늠육",
        "chosung": "ㄴㅇ",
        "type": "명사",
        "mean": "《역사》관가의 창고에 넣어 둔 고기."
    },
    "늠입": {
        "word": "늠입",
        "chosung": "ㄴㅇ",
        "type": "명사",
        "mean": "《역사》녹봉으로 받는 수입."
    },
    "늠장": {
        "word": "늠장",
        "chosung": "ㄴㅈ",
        "type": "명사",
        "mean": "관아에서 돈이나 곡식을 내주던 일과 보관하던 일."
    },
    "늠전": {
        "word": "늠전",
        "chosung": "ㄴㅈ",
        "type": "명사",
        "mean": "조선 시대에, 지방 관아의 경비 조달을 위한 토지를 통틀어 이르던 말. 공수전, 마전, 아록전, 역위전 따위이다."
    },
    "늠준": {
        "word": "늠준",
        "chosung": "ㄴㅈ",
        "type": "명사",
        "mean": "공경하여 받들고 따름."
    },
    "늠진": {
        "word": "늠진",
        "chosung": "ㄴㅈ",
        "type": "명사",
        "mean": "관청에서 빈민에게 쌀을 배급하여 줌."
    },
    "늠쩍": {
        "word": "늠쩍",
        "chosung": "ㄴㅉ",
        "type": "부사",
        "mean": "［방언］'닁큼'의 방언(평안)."
    },
    "늠창": {
        "word": "늠창",
        "chosung": "ㄴㅊ",
        "type": "명사",
        "mean": "=늠고(□庫)."
    },
    "늠철": {
        "word": "늠철",
        "chosung": "ㄴㅊ",
        "type": "명사",
        "mean": "凜綴 '늠철하다'의 어근."
    },
    "늠추": {
        "word": "늠추",
        "chosung": "ㄴㅊ",
        "type": "명사",
        "mean": "=양추(凉秋)."
    },
    "늠축": {
        "word": "늠축",
        "chosung": "ㄴㅊ",
        "type": "명사",
        "mean": "창고에 쌀을 간직함. 또는 그 쌀."
    },
    "늠포": {
        "word": "늠포",
        "chosung": "ㄴㅍ",
        "type": "명사",
        "mean": "달마다 주던 구실아치나 하인의 급료."
    },
    "늠호": {
        "word": "늠호",
        "chosung": "ㄴㅎ",
        "type": "명사",
        "mean": "凜乎 '늠호하다'의 어근."
    },
    "늠황": {
        "word": "늠황",
        "chosung": "ㄴㅎ",
        "type": "명사",
        "mean": "=관황(官況)."
    }
}