{
    "늪": {
        "word": "늪",
        "chosung": "ㄴ",
        "type": "느피",
        "mean": "1. 땅바닥이 우묵하게 뭉떵 빠지고 늘 물이 괴어 있는 곳. 진흙 바닥이고 침수 식물이 많이 자란다. ≒소."
    },
    "늪가": {
        "word": "늪가",
        "chosung": "ㄴㄱ",
        "type": "명사",
        "mean": "늪의 둘레."
    },
    "늪가스": {
        "word": "늪가스",
        "chosung": "ㄴㄱㅅ",
        "type": "명사",
        "mean": "'메탄가스'의 북한어."
    },
    "늪구뎅이": {
        "word": "늪구뎅이",
        "chosung": "ㄴㄱㄷㅇ",
        "type": "명사",
        "mean": "［북한어］늪으로 된 물구덩이. 또는 늪 안의 구덩이."
    },
    "늪기슭": {
        "word": "늪기슭",
        "chosung": "ㄴㄱㅅ",
        "type": "명사",
        "mean": "［북한어］늪의 물기슭."
    },
    "늪긴잔알말": {
        "word": "늪긴잔알말",
        "chosung": "ㄴㄱㅈㅇㅁ",
        "type": "명사",
        "mean": "잔알말과의 민물 남조류. 몸은 원통형의 세포들이 모여서 이루어진 단단한 묵 모양의 군체인데 공 모양, 반달 모양, 길둥근 모양, 원통 모양 따위가 있다. 세포들은 남빛 녹색에 가깝고 군체 안에 드물게 있다. 늪, 호수 따위의 고인 물에서 떠돌며 살거나 물속의 돌이나 진흙, 수생 식물에 기생한다."
    },
    "늪버들": {
        "word": "늪버들",
        "chosung": "ㄴㅂㄷ",
        "type": "명사",
        "mean": "'닥장버들'의 북한어."
    },
    "늪송곳채찍벌레": {
        "word": "늪송곳채찍벌레",
        "chosung": "ㄴㅅㄱㅊㅉㅂㄹ",
        "type": "명사",
        "mean": "알채찍벌렛과의 곤충. 몸은 여러 개의 투구처럼 생긴 판으로 덮여 있고 세로 홈, 가로 홈이 있으며 홈마다 한 개씩의 편모가 있다. 뿔 모양의 위 돌기와 아래 돌기는 매우 짧다."
    },
    "늪쇠뜨기": {
        "word": "늪쇠뜨기",
        "chosung": "ㄴㅅㄸㄱ",
        "type": "명사",
        "mean": "'개쇠뜨기'의 북한어."
    },
    "늪연말": {
        "word": "늪연말",
        "chosung": "ㄴㅇㅁ",
        "type": "명사",
        "mean": "잔사슬말과의 민물 남조류. 몸은 긴 원통형의 세포들이 한 줄로 길게 잇달린 세포실 끝에 원통형의 홀씨와 공 모양의 이형 세포가 붙은 연 모양의 세포 실이다. 이들은 모여서 솜뭉치 모양의 남빛을 띤 녹색의 무리를 이룬다. 고인 물과 천천히 흐르는 물에서 수생 식물에 기생하거나 물 위에 떠다니며 젖은 바위나 흙 위에서도 산다."
    },
    "늪잔사슬말": {
        "word": "늪잔사슬말",
        "chosung": "ㄴㅈㅅㅅㅁ",
        "type": "명사",
        "mean": "잔사슬말과의 민물 남조류. 몸은 공 모양의 세포 줄이 한 줄로 길게 잇달리고 거기에 공 모양의 홀씨들과 이형 세포들이 끼어 이루어진 한 오리로 된 세포 실이다. 굽어져 있고 홀로 있거나 모여서 남빛을 띤 녹색의 끈적끈적한 막 모양의 무리를 이루고 있다. 주로 호수나 늪과 같은 고인 물 수역에서 떠돌며 사는데 때로는 물꽃이 핀다."
    },
    "늪족제비": {
        "word": "늪족제비",
        "chosung": "ㄴㅈㅈㅂ",
        "type": "명사",
        "mean": "물쥣과의 포유동물. 주로 물고기와 달팽이를 먹는데 이빨이 날카로워 작은 짐승의 뼈도 갉아 먹는다. 새끼는 한 배에 세 마리 정도씩 낳는다. 강이나 늪에서 사는데 오스트레일리아에 분포한다."
    },
    "늪지대": {
        "word": "늪지대",
        "chosung": "ㄴㅈㄷ",
        "type": "명사",
        "mean": "늪이 많은 지대."
    },
    "늪청실말": {
        "word": "늪청실말",
        "chosung": "ㄴㅊㅅㅁ",
        "type": "명사",
        "mean": "흔들말과의 민물 남조류. 몸은 세포들이 한 줄로 잇달리고 거기에 굳은 점액막이 덮여 이루어진 한 오리로 된 사상체인데 곧거나 약간 굽고 남빛 녹색을 띤다. 민물과 짠물에서 주로 살며 때로는 다른 물체나 수생 식물에 기생하기도 한다."
    },
    "늪피": {
        "word": "늪피",
        "chosung": "ㄴㅍ",
        "type": "명사",
        "mean": "'개피'의 북한어."
    }
}