{
    "늬": {
        "word": "늬",
        "chosung": "ㄴ",
        "type": "명사",
        "mean": "［방언］'이'의 방언(제주)."
    },
    "늬굽": {
        "word": "늬굽",
        "chosung": "ㄴㄱ",
        "type": "명사",
        "mean": "［방언］'이촉'의 방언(제주)."
    },
    "늬껍": {
        "word": "늬껍",
        "chosung": "ㄴㄲ",
        "type": "명사",
        "mean": "［방언］'미끼'의 방언(제주)."
    },
    "늬께미": {
        "word": "늬께미",
        "chosung": "ㄴㄲㅁ",
        "type": "명사",
        "mean": "［방언］'이똥'의 방언(제주)."
    },
    "늬께염": {
        "word": "늬께염",
        "chosung": "ㄴㄲㅇ",
        "type": "명사",
        "mean": "［방언］'이똥'의 방언(제주)."
    },
    "늬나노": {
        "word": "늬나노",
        "chosung": "ㄴㄴㄴ",
        "type": "명사",
        "mean": "［감탄사］'니나노'의 잘못."
    },
    "늬라고": {
        "word": "늬라고",
        "chosung": "ㄴㄹㄱ",
        "type": "어미",
        "mean": "'-느라고'의 잘못."
    },
    "늬리다": {
        "word": "늬리다",
        "chosung": "ㄴㄹㄷ",
        "type": "동사",
        "mean": "［방언］'내리다'의 방언(경북)."
    },
    "늬알림": {
        "word": "늬알림",
        "chosung": "ㄴㅇㄹ",
        "type": "명사",
        "mean": "［방언］'이앓이'의 방언(제주)."
    },
    "늬염": {
        "word": "늬염",
        "chosung": "ㄴㅇ",
        "type": "명사",
        "mean": "［방언］'잇몸'의 방언(제주)."
    },
    "늬울늬울하다": {
        "word": "늬울늬울하다",
        "chosung": "ㄴㅇㄴㅇㅎㄷ",
        "type": "동사",
        "mean": "［방언］ '느글느글하다'의 방언(제주)."
    },
    "늬치럼": {
        "word": "늬치럼",
        "chosung": "ㄴㅊㄹ",
        "type": "명사",
        "mean": "［방언］어린이나 소가 흘리는 침(제주)."
    },
    "늬큰하다": {
        "word": "늬큰하다",
        "chosung": "ㄴㅋㅎㄷ",
        "type": "형용사",
        "mean": "［방언］'느끼하다'의 방언(제주)."
    }
}