{
    "늴름": {
        "word": "늴름",
        "chosung": "ㄴㄹ",
        "type": "부사",
        "mean": "'늘름'의 잘못."
    },
    "늴리리": {
        "word": "늴리리",
        "chosung": "ㄴㄹㄹ",
        "type": "부사",
        "mean": "퉁소, 나발, 피리 따위 관악기의 소리를 흉내 낸 소리."
    },
    "늴리리야": {
        "word": "늴리리야",
        "chosung": "ㄴㄹㄹㅇ",
        "type": "명사",
        "mean": "'늴리리야'를 후렴구로 가진 경기 민요의 하나. 본래 창부 타령이었던 것이 변하여 된 것으로, 굿거리장단으로 부른다. ≒늴리리 타령."
    },
    "늴리리쿵더쿵": {
        "word": "늴리리쿵더쿵",
        "chosung": "ㄴㄹㄹㅋㄷㅋ",
        "type": "부사",
        "mean": "퉁소, 나발, 피리 따위의 관악기와 장구, 꽹과리 따위의 타악기가 뒤섞여 내는 소리."
    },
    "늴리리타령": {
        "word": "늴리리타령",
        "chosung": "ㄴㄹㄹㅌㄹ",
        "type": "명사",
        "mean": "=늴리리야."
    }
}