{
    "닁끼리다": {
        "word": "닁끼리다",
        "chosung": "ㄴㄲㄹㄷ",
        "type": "동사",
        "mean": "［방언］'미끄러지다'의 방언(제주)."
    },
    "닁닁하다": {
        "word": "닁닁하다",
        "chosung": "ㄴㄴㅎㄷ",
        "type": "형용사",
        "mean": "1. '밍밍하다'의 잘못. 2. '느끼하다'의 잘못."
    },
    "닁큼": {
        "word": "닁큼",
        "chosung": "ㄴㅋ",
        "type": "부사",
        "mean": "머뭇거리지 않고 단번에 빨리."
    },
    "닁큼닁큼": {
        "word": "닁큼닁큼",
        "chosung": "ㄴㅋㄴㅋ",
        "type": "부사",
        "mean": "머뭇거리지 않고 잇따라 빨리."
    }
}