{
    "니": {
        "word": "니",
        "chosung": "ㄴ",
        "type": "조사",
        "mean": "｛받침 없는 체언에 붙어｝｛'-니 -니' 구성으로 쓰여｝ 둘 이상의 사물을 같은 자격으로 이어 주는 접속 조사."
    },
    "니ㅂ살": {
        "word": "니ㅂ살",
        "chosung": "ㄴㅂㅅ",
        "type": "명사",
        "mean": "［옛말］'입쌀'의 옛말."
    },
    "니ㅂ슈시개": {
        "word": "니ㅂ슈시개",
        "chosung": "ㄴㅂㅅㅅㄱ",
        "type": "명사",
        "mean": "［옛말］'이쑤시개'의 옛말."
    },
    "니ㅅ블희": {
        "word": "니ㅅ블희",
        "chosung": "ㄴㅅㅂㅎ",
        "type": "명사",
        "mean": "［옛말］이의 뿌리."
    },
    "니가타": {
        "word": "니가타",
        "chosung": "ㄴㄱㅌ",
        "type": "명사",
        "mean": "《지명》일본 니가타 현의 시나노(信濃川) 강 하구에 있는 시. 자동차, 조선, 제지, 방적, 정유, 화학 따위의 공업이 활발하다. 현청 소재지이다."
    },
    "니가타현": {
        "word": "니가타현",
        "chosung": "ㄴㄱㅌㅎ",
        "type": "명사",
        "mean": "縣 《지명》일본 혼슈(本州)의 중북부에 있는 현. 겨울에 눈이 많이 오기로 유명하며 정유, 기계, 조선, 화학, 방적 따위의 공업이 활발하다. 넓은 충적 평야가 있어서 일본에서 손꼽히는 곡창 지대이기도 하다. 현청 소재지는 니가타, 면적은 1만 2600㎢."
    },
    "니갈다": {
        "word": "니갈다",
        "chosung": "ㄴㄱㄷ",
        "type": "동사",
        "mean": "［옛말］젖니가 빠지고 새 이가 나다."
    },
    "니강": {
        "word": "니강",
        "chosung": "ㄴㄱ",
        "type": "명사",
        "mean": "'이강'의 북한어."
    },
    "니거음": {
        "word": "니거음",
        "chosung": "ㄴㄱㅇ",
        "type": "명사",
        "mean": "［옛말］'잇몸'의 옛말."
    },
    "니건ㅂㅅ긔": {
        "word": "니건ㅂㅅ긔",
        "chosung": "ㄴㄱㅂㅅㄱ",
        "type": "명사",
        "mean": "［옛말］'지난날'의 옛말."
    },
    "니건가삻": {
        "word": "니건가삻",
        "chosung": "ㄴㄱㄱㅅ",
        "type": "명사",
        "mean": "［옛말］'지난가을'의 옛말."
    },
    "니건겨슬": {
        "word": "니건겨슬",
        "chosung": "ㄴㄱㄱㅅ",
        "type": "명사",
        "mean": "［옛말］'지난겨울'의 옛말."
    },
    "니건날": {
        "word": "니건날",
        "chosung": "ㄴㄱㄴ",
        "type": "명사",
        "mean": "［옛말］'지난날'의 옛말."
    },
    "니건달": {
        "word": "니건달",
        "chosung": "ㄴㄱㄷ",
        "type": "명사",
        "mean": "［옛말］'지난달'의 옛말."
    },
    "니건해": {
        "word": "니건해",
        "chosung": "ㄴㄱㅎ",
        "type": "명사",
        "mean": "［옛말］'지난해'의 옛말."
    },
    "니겔라": {
        "word": "니겔라",
        "chosung": "ㄴㄱㄹ",
        "type": "명사",
        "mean": "미나리아재빗과의 한해살이풀. 또는 두해살이풀. 높이는 50cm 정도이며, 잎은 깃처럼 잘게 갈라진다. 여름에 푸른색, 흰색, 자주색 따위의 큰 꽃이 핀다. 남유럽이 원산지이다. (Nigella damascena)"
    },
    "니고": {
        "word": "니고",
        "chosung": "ㄴㄱ",
        "type": "명사",
        "mean": "'이고'의 북한어."
    },
    "니고데모": {
        "word": "니고데모",
        "chosung": "ㄴㄱㄷㅁ",
        "type": "명사",
        "mean": "바리새파의 유력한 정치가. 예수에게 밤에 몰래 찾아와 가르침을 구하고 예수를 변호하는 데 노력하였다고 한다."
    },
    "니구": {
        "word": "니구",
        "chosung": "ㄴㄱ",
        "type": "명사",
        "mean": "［북한어］1. '이구'의 북한어. 2. 아주 낮은 지위를 비유적으로 이르는 말."
    },
    "니궁": {
        "word": "니궁",
        "chosung": "ㄴㄱ",
        "type": "부사",
        "mean": "［방언］'무턱대고'의 방언(평북)."
    },
    "니그로": {
        "word": "니그로",
        "chosung": "ㄴㄱㄹ",
        "type": "명사",
        "mean": "1. 사하라 이남의 아프리카에 거주하는 흑인종. 2. =흑인(黑人)."
    },
    "니그로미술": {
        "word": "니그로미술",
        "chosung": "ㄴㄱㄹㅁㅅ",
        "type": "명사",
        "mean": "서아프리카를 중심으로 한 흑인의 원시적 미술. 20세기 초에 벨기에에서 열린 아프리카 조소전(彫塑展)으로 유럽에 소개되어 야수파와 입체파에 영향을 주었는데, 목각(木刻)의 인상(人像)이나 가면이 유명하다."
    },
    "니그로민스트럴": {
        "word": "니그로민스트럴",
        "chosung": "ㄴㄱㄹㅁㅅㅌㄹ",
        "type": "명사",
        "mean": "19세기 중반에 미국에서 성하였던 흑인 악극단. 초기에는 백인이 얼굴을 까맣게 칠하고 바이올린, 밴조, 탬버린 따위를 연주하고 우스갯소리를 섞어 가며 흑인의 노래나 춤을 연출하였으며, 남북 전쟁 이후에는 흑인이 직접 담당하게 되었다."
    },
    "니그로신": {
        "word": "니그로신",
        "chosung": "ㄴㄱㄹㅅ",
        "type": "명사",
        "mean": "인슐린류와 같은 아진 물감. 빛깔은 회색에서 검은색까지 있다. 염기성 알코올에 녹는 것은 니스, 구두약, 타이프 리본 따위에 쓰고, 물에 녹는 것은 비단의 염료, 잉크 따위에 쓴다."
    },
    "니그로음악": {
        "word": "니그로음악",
        "chosung": "ㄴㄱㄹㅇㅇ",
        "type": "명사",
        "mean": "서아프리카에서 미국으로 끌려온 흑인 노예들 사이에서 발생한 음악. 아프리카의 민속악적인 특색을 띠는 음계(音階)나 리듬감, 즉흥성 따위에 유럽 음악이 뒤섞여 만들어진 독특한 음악이다."
    },
    "니그로이드": {
        "word": "니그로이드",
        "chosung": "ㄴㄱㄹㅇㄷ",
        "type": "명사",
        "mean": "=흑색 인종."
    },
    "니그로인종": {
        "word": "니그로인종",
        "chosung": "ㄴㄱㄹㅇㅈ",
        "type": "명사",
        "mean": "=흑색 인종."
    },
    "니그리토족": {
        "word": "니그리토족",
        "chosung": "ㄴㄱㄹㅌㅈ",
        "type": "명사",
        "mean": "주로 동남아시아에 거주하는 소수 민족. 피부는 검거나 검붉은 빛이며 키는 작고 곱슬머리에 코가 낮다. 채집이나 수렵 생활을 한다."
    },
    "니그릴로": {
        "word": "니그릴로",
        "chosung": "ㄴㄱㄹㄹ",
        "type": "명사",
        "mean": "중앙아프리카와 남아프리카에 거주하는 흑인종. 부시먼, 피그미 따위가 있는데 피부는 니그로만큼 검지 아니하며 키는 작고 코는 폭이 넓다."
    },
    "니근갓": {
        "word": "니근갓",
        "chosung": "ㄴㄱㄱ",
        "type": "명사",
        "mean": "［옛말］'숙피(熟皮)'의 옛말."
    },
    "니근실": {
        "word": "니근실",
        "chosung": "ㄴㄱㅅ",
        "type": "명사",
        "mean": "［옛말］'숙사(熟絲)'의 옛말."
    },
    "니글": {
        "word": "니글",
        "chosung": "ㄴㄱ",
        "type": "명사",
        "mean": "'니글거리다'의 어근."
    },
    "니글니글": {
        "word": "니글니글",
        "chosung": "ㄴㄱㄴㄱ",
        "type": "부사",
        "mean": " 먹은 것이 내려가지 아니하여 속이 자꾸 메스껍고 곧 게울 듯한 모양."
    },
    "니금": {
        "word": "니금",
        "chosung": "ㄴㄱ",
        "type": "명사",
        "mean": "［북한어］'이금'의 북한어."
    },
    "니긋니긋하다": {
        "word": "니긋니긋하다",
        "chosung": "ㄴㄱㄴㄱㅎㄷ",
        "type": "형용사",
        "mean": "［방언］'느글느글하다'의 방언(평북)."
    },
    "니기": {
        "word": "니기",
        "chosung": "ㄴㄱ",
        "type": "부사",
        "mean": "［옛말］'익히'의 옛말."
    },
    "니기다": {
        "word": "니기다",
        "chosung": "ㄴㄱㄷ",
        "type": "동사",
        "mean": "［옛말］'익히다'의 옛말."
    },
    "니기미": {
        "word": "니기미",
        "chosung": "ㄴㄱㅁ",
        "type": "감탄사",
        "mean": "'네미'의 잘못."
    },
    "니긴쇠": {
        "word": "니긴쇠",
        "chosung": "ㄴㄱㅅ",
        "type": "명사",
        "mean": "［옛말］'시우쇠'의 옛말."
    },
    "니까": {
        "word": "니까",
        "chosung": "ㄴㄲ",
        "type": "어미",
        "mean": "｛'이다'의 어간, 받침 없는 용언의 어간, 'ㄹ' 받침인 용언의 어간 또는 어미 '-으시-', '-오-', '-더-' 뒤에 붙어｝'-니'를 강조하여 이르는 말."
    },
    "니까나": {
        "word": "니까나",
        "chosung": "ㄴㄲㄴ",
        "type": "어미",
        "mean": "［방언］'-니까'의 방언(평북)."
    },
    "니까느루": {
        "word": "니까느루",
        "chosung": "ㄴㄲㄴㄹ",
        "type": "어미",
        "mean": "'-니까는'의 잘못."
    },
    "니까는": {
        "word": "니까는",
        "chosung": "ㄴㄲㄴ",
        "type": "어미",
        "mean": " ｛'이다'의 어간, 받침 없는 용언의 어간, 'ㄹ' 받침인 용언의 어간 또는 어미 '-으시-', '-오-', '-더-' 뒤에 붙어｝'-니까'를 강조하여 이르는 말. '-니까'에 보조사 '-는'이 결합한 말이다."
    },
    "니까니": {
        "word": "니까니",
        "chosung": "ㄴㄲㄴ",
        "type": "어미",
        "mean": "［방언］'-니까'의 방언(평안)."
    },
    "니깐": {
        "word": "니깐",
        "chosung": "ㄴㄲ",
        "type": "어미",
        "mean": "'-니까는'의 준말."
    },
    "니깜": {
        "word": "니깜",
        "chosung": "ㄴㄲ",
        "type": "명사",
        "mean": "［방언］'잇몸'의 방언(평북)."
    },
    "니꺼니": {
        "word": "니꺼니",
        "chosung": "ㄴㄲㄴ",
        "type": "어미",
        "mean": "［방언］'-니까'의 방언(평북)."
    },
    "니께니": {
        "word": "니께니",
        "chosung": "ㄴㄲㄴ",
        "type": "어미",
        "mean": "［방언］'-니까'의 방언(평안)."
    },
    "니껴": {
        "word": "니껴",
        "chosung": "ㄴㄲ",
        "type": "어미",
        "mean": "［방언］'-ㅂ니까'의 방언(경상)."
    },
    "니꼬찐": {
        "word": "니꼬찐",
        "chosung": "ㄴㄲㅉ",
        "type": "명사",
        "mean": "'니코틴'의 북한어."
    },
    "니끼니": {
        "word": "니끼니",
        "chosung": "ㄴㄲㄴ",
        "type": "어미",
        "mean": "［방언］'-니까'의 방언(평안)."
    },
    "니끼하다": {
        "word": "니끼하다",
        "chosung": "ㄴㄲㅎㄷ",
        "type": "형용사",
        "mean": "'느끼하다'의 잘못."
    },
    "니나": {
        "word": "니나",
        "chosung": "ㄴㄴ",
        "type": "명사",
        "mean": "［방언］네 개(경남)."
    },
    "니나노": {
        "word": "니나노",
        "chosung": "ㄴㄴㄴ",
        "type": "명사",
        "mean": " 1. 흔히 술집에서 젓가락 장단을 치면서 부르는 노랫가락이나 대중가요. 2. 술집에서 시중드는 여자를 속되게 이르는 말."
    },
    "니나놋집": {
        "word": "니나놋집",
        "chosung": "ㄴㄴㄴㅈ",
        "type": "명사",
        "mean": "접대부의 시중을 받으면서 젓가락 장단에 맞추어 노래를 부르며 술을 마실 수 있는 집. ≒매밋집."
    },
    "니남": {
        "word": "니남",
        "chosung": "ㄴㄴ",
        "type": "명사",
        "mean": "'이남'의 북한어."
    },
    "니네베": {
        "word": "니네베",
        "chosung": "ㄴㄴㅂ",
        "type": "명사",
        "mean": "메소포타미아의 북부 티그리스 강가에 있던 고대 아시리아의 수도. 기원전 7세기의 아슈르바니팔 왕 치하에서는 궁전, 신전, 도서관 따위가 있는 대도시로 발전하였으나, 기원전 612년에 메디아와 바빌로니아의 연합군에 의하여 폐허가 되었다."
    },
    "니녕": {
        "word": "니녕",
        "chosung": "ㄴㄴ",
        "type": "명사",
        "mean": "'진창'의 잘못."
    },
    "니니브": {
        "word": "니니브",
        "chosung": "ㄴㄴㅂ",
        "type": "명사",
        "mean": "고대 아시리아 신화에 나오는 태양신. 생성과 풍요를 관장하고 의료(醫療)의 힘도 가졌다."
    },
    "니다": {
        "word": "니다",
        "chosung": "ㄴㄷ",
        "type": "동사",
        "mean": "［옛말］'이다'의 옛말."
    },
    "니더": {
        "word": "니더",
        "chosung": "ㄴㄷ",
        "type": "명사",
        "mean": "점도가 높은 유체(流體)를 혼합·반죽하는 기기. 플라스틱 공업, 요업 따위에 쓴다."
    },
    "니더작센주": {
        "word": "니더작센주",
        "chosung": "ㄴㄷㅈㅅㅈ",
        "type": "명사",
        "mean": "독일에 있는 주. 북해에 면하여 있고, 낙농을 중심으로 한 농업이 활발하며, 기계·섬유 공업 따위가 발달하였다. 주도(州都)는 하노버, 면적은 4만 7408㎢."
    },
    "니덤": {
        "word": "니덤",
        "chosung": "ㄴㄷ",
        "type": "명사",
        "mean": "영국의 사제(司祭)·박물학자(1713~1781). 끓인 고기 국물에서 미생물이 생기는 것을 확인하여, 생물의 자연 발생설을 주장하였다."
    },
    "니들": {
        "word": "니들",
        "chosung": "ㄴㄷ",
        "type": "명사",
        "mean": "등산에서, 바늘처럼 뾰족한 바위 봉우리를 이르는 말."
    },
    "니들판": {
        "word": "니들판",
        "chosung": "ㄴㄷㅍ",
        "type": "명사",
        "mean": "몸체가 바늘 모양으로 된 판. 물, 공기 따위가 흘러 들어오는 양을 조절한다."
    },
    "니라": {
        "word": "니라",
        "chosung": "ㄴㄹ",
        "type": "어미",
        "mean": "｛'이다'의 어간, 받침 없는 형용사 어간, 'ㄹ' 받침인 형용사 어간 또는 어미 '-으시-' 뒤에 붙어｝(예스러운 표현으로) 해라할 자리에 쓰여, 진리나 으레 있는 사실을 일러 줄 때에 예스럽게 쓰이는 종결 어미."
    },
    "니라다": {
        "word": "니라다",
        "chosung": "ㄴㄹㄷ",
        "type": "동사",
        "mean": "［옛말］'일으키다'의 옛말."
    },
    "니랄부타": {
        "word": "니랄부타",
        "chosung": "ㄴㄹㅂㅌ",
        "type": "명사",
        "mean": "팔한 지옥의 하나. 추위로 부르튼 몸이 다시 터진다는 지옥이다."
    },
    "니랑": {
        "word": "니랑",
        "chosung": "ㄴㄹ",
        "type": "명사",
        "mean": "［방언］'이랑'의 방언(함북)."
    },
    "니러나다": {
        "word": "니러나다",
        "chosung": "ㄴㄹㄴㄷ",
        "type": "동사",
        "mean": "［옛말］'일어나다'의 옛말."
    },
    "니러셔다": {
        "word": "니러셔다",
        "chosung": "ㄴㄹㅅㄷ",
        "type": "동사",
        "mean": "［옛말］'일어서다'의 옛말."
    },
    "니레": {
        "word": "니레",
        "chosung": "ㄴㄹ",
        "type": "명사",
        "mean": "［방언］'이레'의 방언(평안)."
    },
    "니로다": {
        "word": "니로다",
        "chosung": "ㄴㄹㄷ",
        "type": "동사",
        "mean": "［옛말］'일구다'의 옛말."
    },
    "니류": {
        "word": "니류",
        "chosung": "ㄴㄹ",
        "type": "명사",
        "mean": "'이류(泥流)'의 잘못."
    },
    "니르": {
        "word": "니르",
        "chosung": "ㄴㄹ",
        "type": "부사",
        "mean": "［옛말］'이루'의 옛말."
    },
    "니르ㅎ혀다": {
        "word": "니르ㅎ혀다",
        "chosung": "ㄴㄹㅎㅎㄷ",
        "type": "동사",
        "mean": "［옛말］'일으키다'의 옛말."
    },
    "니르다": {
        "word": "니르다",
        "chosung": "ㄴㄹㄷ",
        "type": "동사",
        "mean": "1. ［방언］'읽다'의 방언(평북, 함북). 2. ［옛말］'읽다'의 옛말."
    },
    "니르리": {
        "word": "니르리",
        "chosung": "ㄴㄹㄹ",
        "type": "부사",
        "mean": "［옛말］1. 이르도록. 이르기까지."
    },
    "니르바나": {
        "word": "니르바나",
        "chosung": "ㄴㄹㅂㄴ",
        "type": "명사",
        "mean": "=열반."
    },
    "니르받다": {
        "word": "니르받다",
        "chosung": "ㄴㄹㅂㄷ",
        "type": "동사",
        "mean": "［옛말］'일으키다'의 옛말."
    },
    "니르위다": {
        "word": "니르위다",
        "chosung": "ㄴㄹㅇㄷ",
        "type": "동사",
        "mean": "［옛말］이르게 하다."
    },
    "니르티다": {
        "word": "니르티다",
        "chosung": "ㄴㄹㅌㄷ",
        "type": "동사",
        "mean": "［옛말］'일으키다'의 옛말."
    },
    "니르히": {
        "word": "니르히",
        "chosung": "ㄴㄹㅎ",
        "type": "부사",
        "mean": "［옛말］이르도록. 이르기까지."
    },
    "니를다": {
        "word": "니를다",
        "chosung": "ㄴㄹㄷ",
        "type": "동사",
        "mean": "［옛말］'이르다'의 옛말."
    },
    "니름박": {
        "word": "니름박",
        "chosung": "ㄴㄹㅂ",
        "type": "명사",
        "mean": "［방언］'등성마루'의 방언(경북)."
    },
    "니리": {
        "word": "니리",
        "chosung": "ㄴㄹ",
        "type": "명사",
        "mean": "'이리(泥犁)'의 잘못."
    },
    "니리니리": {
        "word": "니리니리",
        "chosung": "ㄴㄹㄴㄹ",
        "type": "부사",
        "mean": "［방언］'느릿느릿'의 방언(경남)."
    },
    "니리다": {
        "word": "니리다",
        "chosung": "ㄴㄹㄷ",
        "type": "동사",
        "mean": "［방언］'읽다'의 방언(평북)."
    },
    "니리다졸": {
        "word": "니리다졸",
        "chosung": "ㄴㄹㄷㅈ",
        "type": "명사",
        "mean": "주혈흡충(住血吸蟲)의 구충제(驅蟲劑)."
    },
    "니리트": {
        "word": "니리트",
        "chosung": "ㄴㄹㅌ",
        "type": "명사",
        "mean": "벼의 열병, 콩과 보리의 녹병, 채소와 과일의 일부 병 따위를 방제할 때 쓰는 농약."
    },
    "니마": {
        "word": "니마",
        "chosung": "ㄴㅁ",
        "type": "명사",
        "mean": "［옛말］'마의(馬醫)'의 옛말."
    },
    "니마ㅅ돌": {
        "word": "니마ㅅ돌",
        "chosung": "ㄴㅁㅅㄷ",
        "type": "명사",
        "mean": "［옛말］'이맛돌'의 옛말."
    },
    "니마ㅅ박": {
        "word": "니마ㅅ박",
        "chosung": "ㄴㅁㅅㅂ",
        "type": "명사",
        "mean": "［옛말］'이마'의 옛말."
    },
    "니마ㅅ살": {
        "word": "니마ㅅ살",
        "chosung": "ㄴㅁㅅㅅ",
        "type": "명사",
        "mean": "［옛말］'이맛살'의 옛말."
    },
    "니마때기": {
        "word": "니마때기",
        "chosung": "ㄴㅁㄸㄱ",
        "type": "명사",
        "mean": "［방언］'이마빼기'의 방언(평북)."
    },
    "니마빤대기": {
        "word": "니마빤대기",
        "chosung": "ㄴㅁㅃㄷㄱ",
        "type": "명사",
        "mean": "［방언］'이마빼기'의 방언(평북)."
    },
    "니마빼기": {
        "word": "니마빼기",
        "chosung": "ㄴㅁㅃㄱ",
        "type": "명사",
        "mean": "［방언］'이마빼기'의 방언(평안)."
    },
    "니만": {
        "word": "니만",
        "chosung": "ㄴㅁ",
        "type": "명사",
        "mean": "［북한어］'이만'의 북한어."
    },
    "니만치": {
        "word": "니만치",
        "chosung": "ㄴㅁㅊ",
        "type": "어미",
        "mean": "｛'이다'의 어간, 받침 없는 용언의 어간, 'ㄹ' 받침인 용언의 어간 또는 어미 '-으시-', '-오-', '-더-' 뒤에 붙어｝ =-니만큼."
    },
    "니만큼": {
        "word": "니만큼",
        "chosung": "ㄴㅁㅋ",
        "type": "어미",
        "mean": " ｛'이다'의 어간, 받침 없는 용언의 어간, 'ㄹ' 받침인 용언의 어간 또는 어미 '-으시-', '-오-', '-더-' 뒤에 붙어｝ 앞말이 뒷말의 원인이나 근거가 됨을 나타내는 연결 어미. ≒-니만치."
    },
    "니만피크병": {
        "word": "니만피크병",
        "chosung": "ㄴㅁㅍㅋㅂ",
        "type": "명사",
        "mean": "스핑고미엘린이 간장(肝臟), 비장(脾臟), 골수를 비롯한 여러 장기 조직에 너무 많아 생기는 병. 출생 후 두세 달 만에 증상이 나타나기 시작하는데, 성장을 못하고 몸무게가 줄며 간장·비장이 몹시 커지면서 배가 나오고 두뇌 발달이 늦다. 소경이나 귀머거리가 되는 경우도 있다."
    },
    "니맣": {
        "word": "니맣",
        "chosung": "ㄴㅁ",
        "type": "명사",
        "mean": "［옛말］'이마'의 옛말. 휴지(休止) 앞에서는 'ㅎ'이 탈락하여 '니마'로 나타난다."
    },
    "니매": {
        "word": "니매",
        "chosung": "ㄴㅁ",
        "type": "명사",
        "mean": "［방언］'이마'의 방언(함북)."
    },
    "니모니크": {
        "word": "니모니크",
        "chosung": "ㄴㅁㄴㅋ",
        "type": "명사",
        "mean": "니켈과 크롬의 합금. 열에 잘 견디므로 비행기의 기관 부속품, 무기 따위를 만드는 재료로 쓴다."
    },
    "니모닉": {
        "word": "니모닉",
        "chosung": "ㄴㅁㄴ",
        "type": "명사",
        "mean": "인간이 기억하기 쉬운 형태로 이름을 나타내는 기호. 예를 들어, 어셈블리 언어에서 더하기를 나타내는 애드(ADD)나 곱하기를 나타내는 멀(MUL) 따위의 명령 코드를 이른다."
    },
    "니묄러": {
        "word": "니묄러",
        "chosung": "ㄴㅁㄹ",
        "type": "명사",
        "mean": "독일의 루터파 신학자(1892~1984). 나치스의 종교 정책에 반대하고, 고백 교회에 참여하여 저항 운동을 지도하다가 1937년에 체포되었다. 전후(戰後)에는 반전·평화 운동의 지도자로 활약하였다."
    },
    "니물": {
        "word": "니물",
        "chosung": "ㄴㅁ",
        "type": "명사",
        "mean": "［방언］'이물'의 방언(제주)."
    },
    "니물장": {
        "word": "니물장",
        "chosung": "ㄴㅁㅈ",
        "type": "명사",
        "mean": "［방언］'이물간'의 방언(제주)."
    },
    "니물장세": {
        "word": "니물장세",
        "chosung": "ㄴㅁㅈㅅ",
        "type": "명사",
        "mean": "［방언］'이물간'의 방언(제주)."
    },
    "니믈리기": {
        "word": "니믈리기",
        "chosung": "ㄴㅁㄹㄱ",
        "type": "명사",
        "mean": "［옛말］'헌계집'의 옛말."
    },
    "니믜차다": {
        "word": "니믜차다",
        "chosung": "ㄴㅁㅊㄷ",
        "type": "동사",
        "mean": "［옛말］여미어 입다."
    },
    "니미츠": {
        "word": "니미츠",
        "chosung": "ㄴㅁㅊ",
        "type": "명사",
        "mean": "미국의 해군 원수(元帥)(1885~1966). 제이 차 세계 대전 때 태평양 함대 최고 사령관으로 대일(對日) 작전을 지휘하였다."
    },
    "니밥노략이": {
        "word": "니밥노략이",
        "chosung": "ㄴㅂㄴㄹㅇ",
        "type": "명사",
        "mean": "［옛말］'노래기'의 옛말."
    },
    "니배끼": {
        "word": "니배끼",
        "chosung": "ㄴㅂㄲ",
        "type": "명사",
        "mean": "［방언］'이박기'의 방언(평안)."
    },
    "니법사": {
        "word": "니법사",
        "chosung": "ㄴㅂㅅ",
        "type": "명사",
        "mean": "'이법사'의 북한어."
    },
    "니벨룽겐": {
        "word": "니벨룽겐",
        "chosung": "ㄴㅂㄹㄱ",
        "type": "명사",
        "mean": "고대 독일의 전설적인 왕족 니벨룽을 시조로 하는 초자연적인 난쟁이족. 안개 나라의 사람들이라는 뜻이며, 마(魔)의 두건·돌을 자르는 보검(寶劍)과 같은 많은 보물을 가졌으나 지크프리트에게 멸망되었다고 한다."
    },
    "니벨룽겐의가락지": {
        "word": "니벨룽겐의가락지",
        "chosung": "ㄴㅂㄹㄱㅇㄱㄹㅈ",
        "type": "명사",
        "mean": "=니벨룽겐의 반지."
    },
    "니벨룽겐의노래": {
        "word": "니벨룽겐의노래",
        "chosung": "ㄴㅂㄹㄱㅇㄴㄹ",
        "type": "명사",
        "mean": "13세기 초에 오스트리아의 궁정 시인이 썼다고 추정되는, 중세 독일의 장편 영웅 서사시. 모두 39장으로 이루어졌으며, 구성이 웅대하고 전체가 비극적인 분위기로 일관하고 있다."
    },
    "니벨룽겐의반지": {
        "word": "니벨룽겐의반지",
        "chosung": "ㄴㅂㄹㄱㅇㅂㅈ",
        "type": "명사",
        "mean": "바그너가 대본을 쓰고 작곡한 4부작의 악극. 완성까지 26년이 걸린 대작으로, 게르만의 영웅 서사시 를 바탕으로 하였으며, 독일 낭만파 악극의 걸작으로 꼽힌다. 1876년에 바이로이트의 축제(祝祭) 극장의 개장 때에 처음 공연되었다. ≒니벨룽겐의 가락지."
    },
    "니벨슨": {
        "word": "니벨슨",
        "chosung": "ㄴㅂㅅ",
        "type": "명사",
        "mean": "소련 태생의 미국 조각가(1899~1988). 초기에는 그림을 그렸으나 나무 상자와 나뭇조각을 모아 검은색이나 황금색으로 칠한 토템 양식의 작품을 만들었다."
    },
    "니변": {
        "word": "니변",
        "chosung": "ㄴㅂ",
        "type": "명사",
        "mean": "［방언］'길미'의 방언(평안)."
    },
    "니부어": {
        "word": "니부어",
        "chosung": "ㄴㅂㅇ",
        "type": "명사",
        "mean": "미국의 신학자(1892~1971). 변증법적 신학을 기초로 역사와 사회를 비판적으로 분석하고, 기독교적 인간관과 기독교적 사회 윤리의 확립에 노력하였다. 저서에 , ,  따위가 있다."
    },
    "니부자리": {
        "word": "니부자리",
        "chosung": "ㄴㅂㅈㄹ",
        "type": "명사",
        "mean": "［옛말］'이부자리'의 옛말."
    },
    "니브흐족": {
        "word": "니브흐족",
        "chosung": "ㄴㅂㅎㅈ",
        "type": "명사",
        "mean": "사할린의 타라이카 만 북부 및 아무르 강 하류 지역에 사는 고아시아 제족(諸族)에 속하는 종족의 하나. 예전에는 길랴크라고 불리었으며, 주로 어업에 종사한다."
    },
    "니블": {
        "word": "니블",
        "chosung": "ㄴㅂ",
        "type": "명사",
        "mean": "［옛말］'이불'의 옛말."
    },
    "니비": {
        "word": "니비",
        "chosung": "ㄴㅂ",
        "type": "명사",
        "mean": "［방언］'누에'의 방언(경상)."
    },
    "니비두디기": {
        "word": "니비두디기",
        "chosung": "ㄴㅂㄷㄷㄱ",
        "type": "명사",
        "mean": "［방언］'누비포대기'의 방언(경남)."
    },
    "니비이불": {
        "word": "니비이불",
        "chosung": "ㄴㅂㅇㅂ",
        "type": "명사",
        "mean": "［방언］'누비이불'의 방언(경상)."
    },
    "니비조개": {
        "word": "니비조개",
        "chosung": "ㄴㅂㅈㄱ",
        "type": "명사",
        "mean": "［방언］'피조개'의 방언(함남)."
    },
    "니빠디": {
        "word": "니빠디",
        "chosung": "ㄴㅃㄷ",
        "type": "명사",
        "mean": "［방언］'이빨'의 방언(평안)."
    },
    "니빠리": {
        "word": "니빠리",
        "chosung": "ㄴㅃㄹ",
        "type": "명사",
        "mean": "［방언］'잇바디'의 방언(평안)."
    },
    "니사": {
        "word": "니사",
        "chosung": "ㄴㅅ",
        "type": "명사",
        "mean": "'이사'의 북한어."
    },
    "니사단": {
        "word": "니사단",
        "chosung": "ㄴㅅㄷ",
        "type": "명사",
        "mean": "'이사단'의 북한어."
    },
    "니생지": {
        "word": "니생지",
        "chosung": "ㄴㅅㅈ",
        "type": "명사",
        "mean": "'이생지(泥生地)'의 잘못."
    },
    "니샤푸르": {
        "word": "니샤푸르",
        "chosung": "ㄴㅅㅍㄹ",
        "type": "명사",
        "mean": "이란의 북동쪽에 있는 도시. 테헤란에서 아프가니스탄, 인도에 이르는 대상(隊商)의 통로이다. 터키옥 세공이 유명하며 융단, 과일, 면화 따위의 집산지이다."
    },
    "니수": {
        "word": "니수",
        "chosung": "ㄴㅅ",
        "type": "명사",
        "mean": "［북한어］'이수'의 북한어."
    },
    "니수다": {
        "word": "니수다",
        "chosung": "ㄴㅅㄷ",
        "type": "동사",
        "mean": "［옛말］'잇다'의 옛말."
    },
    "니슈리나무": {
        "word": "니슈리나무",
        "chosung": "ㄴㅅㄹㄴㅁ",
        "type": "명사",
        "mean": "［옛말］'싸리나무'의 옛말."
    },
    "니스": {
        "word": "니스",
        "chosung": "ㄴㅅ",
        "type": "명사",
        "mean": "프랑스 남동부에 있는, 지중해에 면한 항구 도시. 구름에 둘러싸인 해안이 매우 아름다운 휴양지로, 극장과 도박장이 많다. 향수·올리브유·꽃 따위가 나며, 기계·전자 공업 따위가 활발하다."
    },
    "니스취다": {
        "word": "니스취다",
        "chosung": "ㄴㅅㅊㄷ",
        "type": "동사",
        "mean": "［옛말］'잇따르다'의 옛말."
    },
    "니스타틴": {
        "word": "니스타틴",
        "chosung": "ㄴㅅㅌㅌ",
        "type": "명사",
        "mean": "곰팡이성 질병 치료에 쓰는 항생 물질의 하나. 방선균이 생산하며 진균의 생육을 강하게 저해하여 칸디다증·피부 진균증 치료에 효과적이다."
    },
    "니슴": {
        "word": "니슴",
        "chosung": "ㄴㅅ",
        "type": "명사",
        "mean": "［옛말］ '이음'의 옛말."
    },
    "니슻다": {
        "word": "니슻다",
        "chosung": "ㄴㅅㄷ",
        "type": "동사",
        "mean": "［옛말］'잇따르다'의 옛말."
    },
    "니시": {
        "word": "니시",
        "chosung": "ㄴㅅ",
        "type": "부사",
        "mean": "［옛말］이어. 계속하여."
    },
    "니시나요시오": {
        "word": "니시나요시오",
        "chosung": "ㄴㅅㄴㅇㅅㅇ",
        "type": "명사",
        "mean": "《인명》일본의 물리학자(1890~1950). 일본 최초로 인공 파괴에 쓰는 사이클로트론을 완성하였다."
    },
    "니시다": {
        "word": "니시다",
        "chosung": "ㄴㅅㄷ",
        "type": "동사",
        "mean": "［옛말］'이어지다'의 옛말."
    },
    "니시다기타로": {
        "word": "니시다기타로",
        "chosung": "ㄴㅅㄷㄱㅌㄹ",
        "type": "명사",
        "mean": "《인명》일본의 철학자(1870~1945). 일본적 무(無) 철학을 주장하였고, 관념론 철학의 권위자로서 니시다 철학을 창시하였다. 저서에 ,  따위가 있다."
    },
    "니쏘리": {
        "word": "니쏘리",
        "chosung": "ㄴㅆㄹ",
        "type": "명사",
        "mean": "［옛말］'잇소리'의 옛말."
    },
    "니아": {
        "word": "니아",
        "chosung": "ㄴㅇ",
        "type": "어미",
        "mean": "［옛말］｛동사, 형용사 어간이나 어미 뒤에 붙어｝ -ㄴ 것인가."
    },
    "니아귀": {
        "word": "니아귀",
        "chosung": "ㄴㅇㄱ",
        "type": "명사",
        "mean": "［옛말］'입아귀'의 옛말."
    },
    "니아메": {
        "word": "니아메",
        "chosung": "ㄴㅇㅁ",
        "type": "명사",
        "mean": "아프리카 중부, 니제르 에 있는 도시. 나이저 강 중류에 있는 항구로, 상업·교통·문화의 중심지이며 땅콩·면화·축산물·광산물 따위의 거래가 활발하다. 니제르의 수도이다."
    },
    "니아사호": {
        "word": "니아사호",
        "chosung": "ㄴㅇㅅㅎ",
        "type": "명사",
        "mean": "=말라위 호."
    },
    "니아스섬": {
        "word": "니아스섬",
        "chosung": "ㄴㅇㅅㅅ",
        "type": "명사",
        "mean": "인도네시아 수마트라 섬 북서 근해안(近海岸)에 있는 섬. 주민은 대부분 니아스 족으로 독특한 언어, 종교를 가지고 있어 민족학상 중요하다. 코프라, 바나나 따위가 주산물이다. 주도(州都)는 구눙시톨리(Goenoengsitoli), 면적은 4,772㎢."
    },
    "니알": {
        "word": "니알",
        "chosung": "ㄴㅇ",
        "type": "명사",
        "mean": "［부사］［방언］'내일'의 방언(충청)."
    },
    "니알라마이드": {
        "word": "니알라마이드",
        "chosung": "ㄴㅇㄹㅁㅇㄷ",
        "type": "명사",
        "mean": "우울증 치료에 쓰는 중추 흥분제. 흰 결정성 가루로 약간 쓴맛이 있다."
    },
    "니알히풀": {
        "word": "니알히풀",
        "chosung": "ㄴㅇㅎㅍ",
        "type": "명사",
        "mean": "［옛말］'미치광이풀'의 옛말."
    },
    "니암": {
        "word": "니암",
        "chosung": "ㄴㅇ",
        "type": "명사",
        "mean": "'이암'의 북한어."
    },
    "니야": {
        "word": "니야",
        "chosung": "ㄴㅇ",
        "type": "어미",
        "mean": "［옛말］｛동사, 형용사 어간 뒤에 붙어｝ -ㄴ 것인가."
    },
    "니야기": {
        "word": "니야기",
        "chosung": "ㄴㅇㄱ",
        "type": "명사",
        "mean": "［옛말］'이야기'의 옛말."
    },
    "니야기책": {
        "word": "니야기책",
        "chosung": "ㄴㅇㄱㅊ",
        "type": "명사",
        "mean": "［옛말］'이야기책'의 옛말."
    },
    "니야야학파": {
        "word": "니야야학파",
        "chosung": "ㄴㅇㅇㅎㅍ",
        "type": "명사",
        "mean": "3~4세기에 발생한 인도의 육파 철학의 하나. 인간의 고뇌는 그릇된 인식에서 오는 것이며, 그것은 여러 원리에 관한 올바른 인식에 의하여 사라지고 해탈이 된다고 보았다. ≒정리파."
    },
    "니어": {
        "word": "니어",
        "chosung": "ㄴㅇ",
        "type": "명사",
        "mean": "［방언］'잉어'의 방언(평안)."
    },
    "니어미스": {
        "word": "니어미스",
        "chosung": "ㄴㅇㅁㅅ",
        "type": "명사",
        "mean": "1. 폭격이나 사격에서 명중하지는 아니하였지만, 그에 상응한 피해를 줄 수 있을 만큼 표적에 가깝게 탄환이 떨어진 상태. 2. 비행기끼리 충돌할 정도로 서로 접근하여 비행하는 일."
    },
    "니어볼": {
        "word": "니어볼",
        "chosung": "ㄴㅇㅂ",
        "type": "명사",
        "mean": "near ball 야구에서, 투수가 타자의 몸 쪽 가까이 던진 공. 강타자를 견제하기 위한 방법이다."
    },
    "니어세다": {
        "word": "니어세다",
        "chosung": "ㄴㅇㅅㄷ",
        "type": "동사",
        "mean": "［방언］'늘어서다'의 방언(평북)."
    },
    "니어폴": {
        "word": "니어폴",
        "chosung": "ㄴㅇㅍ",
        "type": "명사",
        "mean": "near fall 레슬링에서, 폴에 가까운 상태. 큰 점수를 얻는다."
    },
    "니얼니얼": {
        "word": "니얼니얼",
        "chosung": "ㄴㅇㄴㅇ",
        "type": "부사",
        "mean": "［북한어］먹은 것이 잘 내리지 아니할 때와 같이 속이 느글거리는 모양."
    },
    "니에오": {
        "word": "니에오",
        "chosung": "ㄴㅇㅇ",
        "type": "명사",
        "mean": "=신국제 경제 질서.【New International Economic Order】"
    },
    "니에프스": {
        "word": "니에프스",
        "chosung": "ㄴㅇㅍㅅ",
        "type": "명사",
        "mean": "프랑스 사진술의 선구자(1765~1833). 유리판 대신에 금속판에다 동판을 포개는 방법으로 금속판에 사진을 찍는 데 성공하였다."
    },
    "니엘로": {
        "word": "니엘로",
        "chosung": "ㄴㅇㄹ",
        "type": "명사",
        "mean": "은·납·구리·붕사·황 따위를 한데 녹인 검은 물질로, 금속의 겉면을 꾸미는 데 사용하는 공예 재료. 금이나 은으로 만든 그릇의 겉면에 이것을 상감하는 기술은 고대 그리스 때부터 있었으며 동양에서는 인도와 이란의 것이 유명하다."
    },
    "니여": {
        "word": "니여",
        "chosung": "ㄴㅇ",
        "type": "어미",
        "mean": "［옛말］｛동사, 형용사 어간 뒤에 붙어｝ -ㄴ 것인가."
    },
    "니연니연": {
        "word": "니연니연",
        "chosung": "ㄴㅇㄴㅇ",
        "type": "부사",
        "mean": "［북한어］=니염니염."
    },
    "니염니염": {
        "word": "니염니염",
        "chosung": "ㄴㅇㄴㅇ",
        "type": "부사",
        "mean": "［북한어］어떤 일이 잇따라 꼬리를 물고 일어나는 모양. ≒니연니연."
    },
    "니영": {
        "word": "니영",
        "chosung": "ㄴㅇ",
        "type": "명사",
        "mean": "［옛말］'이엉'의 옛말."
    },
    "니예": {
        "word": "니예",
        "chosung": "ㄴㅇ",
        "type": "명사",
        "mean": "［방언］'잉어'의 방언(평북)."
    },
    "니오": {
        "word": "니오",
        "chosung": "ㄴㅇ",
        "type": "어미",
        "mean": "［옛말］｛동사, 형용사 어간 뒤에 붙어｝ ｛의문사와 함께 쓰여｝ 물음을 나타내는 종결 어미."
    },
    "니오베": {
        "word": "니오베",
        "chosung": "ㄴㅇㅂ",
        "type": "명사",
        "mean": "그리스 신화에 나오는 테베 왕 암피온(Amphion)의 왕비. 일남 일녀가 전부인 여신 레토에게 아들 일곱과 딸 일곱을 자랑하자, 화가 난 레토가 그의 아들 아폴론과 딸 아르테미스를 시켜 니오베의 자녀들을 모두 죽였다. 이에 니오베가 상심하여 슬픔으로 날을 보내다가 돌이 되었는데, 돌에서도 계속하여 눈물이 흘렀다고 한다."
    },
    "니오븀": {
        "word": "니오븀",
        "chosung": "ㄴㅇㅂ",
        "type": "명사",
        "mean": "=니오브(Niob)."
    },
    "니오브": {
        "word": "니오브",
        "chosung": "ㄴㅇㅂ",
        "type": "명사",
        "mean": "바나듐족에 속하는 전이 원소의 하나. 광석에 함유된 회백색의 고체 금속으로, 연성(延性)과 전성(展性)이 강하다. 내식성과 내열성이 높아서 각종 합금의 첨가 원소로 널리 쓴다. 원자 기호는 Nb, 원자 번호는 41, 원자량은 92.906. ≒니오븀·콜럼븀."
    },
    "니오비움": {
        "word": "니오비움",
        "chosung": "ㄴㅇㅂㅇ",
        "type": "명사",
        "mean": "'니오브'의 북한어."
    },
    "니우에섬": {
        "word": "니우에섬",
        "chosung": "ㄴㅇㅇㅅ",
        "type": "명사",
        "mean": "태평양 중남부, 쿡 제도 서쪽에 있는 뉴질랜드령의 산호초 섬. 코프라, 바나나 따위가 난다. 면적은 259㎢."
    },
    "니우입자": {
        "word": "니우입자",
        "chosung": "ㄴㅇㅇㅈ",
        "type": "명사",
        "mean": "粒子 《물리》일본 나고야(名古屋) 대학의 니우 기요시(丹生潔) 그룹이 발견한 소립자. 1971년에 우주에서 발견된 전기 입자와, 1975년에 양자 싱크로트론을 이용하여 발견한 중성 입자의 두 종류가 있다. 질량은 양자의 1.5~2배이고, 수명은 10조 분의 1초이다."
    },
    "니울니울하다": {
        "word": "니울니울하다",
        "chosung": "ㄴㅇㄴㅇㅎㄷ",
        "type": "형용사",
        "mean": "［방언］'메스껍다'의 방언(전남)."
    },
    "니원": {
        "word": "니원",
        "chosung": "ㄴㅇ",
        "type": "명사",
        "mean": "'이원(尼院)'의 잘못."
    },
    "니위": {
        "word": "니위",
        "chosung": "ㄴㅇ",
        "type": "부사",
        "mean": "［옛말］이어. 잇따라."
    },
    "니은": {
        "word": "니은",
        "chosung": "ㄴㅇ",
        "type": "명사",
        "mean": "한글 자모 'ㄴ'의 이름."
    },
    "니음다라다": {
        "word": "니음다라다",
        "chosung": "ㄴㅇㄷㄹㄷ",
        "type": "동사",
        "mean": "［옛말］'잇달다'의 옛말."
    },
    "니음츠다": {
        "word": "니음츠다",
        "chosung": "ㄴㅇㅊㄷ",
        "type": "동사",
        "mean": "［옛말］'잇따르다'의 옛말."
    },
    "니이껴": {
        "word": "니이껴",
        "chosung": "ㄴㅇㄲ",
        "type": "어미",
        "mean": "［방언］'-ㅂ니까'의 방언(경남)."
    },
    "니이다": {
        "word": "니이다",
        "chosung": "ㄴㅇㄷ",
        "type": "어미",
        "mean": "［옛말］｛동사, 형용사 어간이나 어미 뒤에 붙어｝ -ㅂ니다."
    },
    "니익하다": {
        "word": "니익하다",
        "chosung": "ㄴㅇㅎㄷ",
        "type": "형용사",
        "mean": "［옛말］'유익하다(有益-)'의 옛말."
    },
    "니임": {
        "word": "니임",
        "chosung": "ㄴㅇ",
        "type": "명사",
        "mean": "［방언］'이음'의 방언(평북)."
    },
    "니잇가": {
        "word": "니잇가",
        "chosung": "ㄴㅇㄱ",
        "type": "어미",
        "mean": "［옛말］｛동사, 형용사 어간이나 어미 뒤에 붙어｝｛의문사가 없는 의문문에 쓰여｝ '하쇼셔' 할 자리에 쓰여, 물음을 나타내는 종결 어미."
    },
    "니잇고": {
        "word": "니잇고",
        "chosung": "ㄴㅇㄱ",
        "type": "어미",
        "mean": "［옛말］｛동사, 형용사 어간이나 어미 뒤에 붙어｝｛의문사와 함께 쓰여｝ '하쇼셔' 할 자리에 쓰여, 물음을 나타내는 종결 어미."
    },
    "니자미": {
        "word": "니자미",
        "chosung": "ㄴㅈㅁ",
        "type": "명사",
        "mean": "페르시아의 시인(?1141~?1202). 신비주의자로서 우아하고 유려한 문체로 환상적인 분위기의 시를 썼다. 작품에 , 따위가 있다."
    },
    "니잠알물크": {
        "word": "니잠알물크",
        "chosung": "ㄴㅈㅇㅁㅋ",
        "type": "명사",
        "mean": "셀주크 왕조의 재상(宰相)(1018~1092). 왕조 황금 시대의 기초를 쌓았으며, 니자미야 학원을 설립하여 많은 인재를 양성하였다. 저서에 가 있다."
    },
    "니장": {
        "word": "니장",
        "chosung": "ㄴㅈ",
        "type": "명사",
        "mean": "'미장이'의 잘못."
    },
    "니쟝이": {
        "word": "니쟝이",
        "chosung": "ㄴㅈㅇ",
        "type": "명사",
        "mean": "［옛말］'미장이'의 옛말."
    },
    "니저삐리다": {
        "word": "니저삐리다",
        "chosung": "ㄴㅈㅃㄹㄷ",
        "type": "동사",
        "mean": "［방언］'잊어버리다'의 방언(평안)."
    },
    "니전투구": {
        "word": "니전투구",
        "chosung": "ㄴㅈㅌㄱ",
        "type": "명사",
        "mean": "［북한어］'이전투구'의 북한어."
    },
    "니제르": {
        "word": "니제르",
        "chosung": "ㄴㅈㄹ",
        "type": "명사",
        "mean": "아프리카 서부의 사하라 사막 남쪽에 있는 공화국. 1960년에 프랑스에서 독립하였다. 땅콩·피혁 따위를 주로 생산하며, 주민은 하우사 족·송가이 족 따위이고, 주요 언어는 프랑스 어와 하우사 어이다. 수도는 니아메, 면적은 126만 7000㎢."
    },
    "니제르코르도판어족": {
        "word": "니제르코르도판어족",
        "chosung": "ㄴㅈㄹㅋㄹㄷㅍㅇㅈ",
        "type": "명사",
        "mean": "아프리카 대륙을 대표하는 어족의 하나. 수단의 코르도판 구릉 지대 및 아프리카 서해안의 중남부에 걸쳐 분포한다."
    },
    "니주니노브고로드": {
        "word": "니주니노브고로드",
        "chosung": "ㄴㅈㄴㄴㅂㄱㄹㄷ",
        "type": "명사",
        "mean": "러시아의 볼가 강 상류에 있는 공업 도시. 1868년에 이곳에서 태어난 작가 막심 고리키를 기리기 위하여 1932년에 고리키로 개명하였으나 1990년 원래 이름을 되찾았다."
    },
    "니주니타길": {
        "word": "니주니타길",
        "chosung": "ㄴㅈㄴㅌㄱ",
        "type": "명사",
        "mean": "러시아 중부, 우랄 산맥 중동부에 있는 공업 도시. 우랄 산맥 기슭에 위치하고, 러시아에서 손꼽히는 철강 콤비나트가 있으며, 화학 공업이 발달하였다."
    },
    "니주바시사건": {
        "word": "니주바시사건",
        "chosung": "ㄴㅈㅂㅅㅅㄱ",
        "type": "명사",
        "mean": "事件 《역사》1924년에 의열단원인 김지섭이 일본 궁성에 폭탄을 던진 사건. 간토 대지진 때에 일본인의 난동으로 한국인이 많이 학살된 것에 분개하여 일으킨 사건이다."
    },
    "니죽": {
        "word": "니죽",
        "chosung": "ㄴㅈ",
        "type": "명사",
        "mean": "［방언］'이죽'의 방언(평안)."
    },
    "니중지련": {
        "word": "니중지련",
        "chosung": "ㄴㅈㅈㄹ",
        "type": "명사",
        "mean": "［북한어］진흙땅 속에 핀 연꽃이라는 뜻으로, 그 어디에도 물들지 아니하고 홀로 절개를 지키는 고결함을 이르는 말. ※이중지련."
    },
    "니즈": {
        "word": "니즈",
        "chosung": "ㄴㅈ",
        "type": "명사",
        "mean": "=신흥 공업 경제 지역.【newly industralizing economies】"
    },
    "니즘": {
        "word": "니즘",
        "chosung": "ㄴㅈ",
        "type": "명사",
        "mean": "［옛말］잊음."
    },
    "니진스키": {
        "word": "니진스키",
        "chosung": "ㄴㅈㅅㅋ",
        "type": "명사",
        "mean": "소련의 무용가·안무가(1890~1950). 디아길레프가 창립한 러시아 발레단의 제일 남성 무용수로서 세계적인 명성을 떨쳤다. , , 따위를 안무하였다."
    },
    "니쩌다": {
        "word": "니쩌다",
        "chosung": "ㄴㅉㄷ",
        "type": "동사",
        "mean": "［방언］'떨어지다'의 방언(경북)."
    },
    "니차ㅂ살": {
        "word": "니차ㅂ살",
        "chosung": "ㄴㅊㅂㅅ",
        "type": "명사",
        "mean": "［옛말］'찹쌀'의 옛말."
    },
    "니차떡": {
        "word": "니차떡",
        "chosung": "ㄴㅊㄸ",
        "type": "명사",
        "mean": "［방언］'찰떡'의 방언(평북)."
    },
    "니차랍": {
        "word": "니차랍",
        "chosung": "ㄴㅊㄹ",
        "type": "명사",
        "mean": "［방언］'찰밥'의 방언(평북)."
    },
    "니창포": {
        "word": "니창포",
        "chosung": "ㄴㅊㅍ",
        "type": "명사",
        "mean": "'이창포'의 북한어."
    },
    "니체": {
        "word": "니체",
        "chosung": "ㄴㅊ",
        "type": "명사",
        "mean": "독일의 철학자·시인(1844~1900). 실존 철학의 선구자로, 기독교적·민주주의적 윤리를 약자의 노예 도덕으로 간주하고 강자의 군주 도덕을 찬미하였으며, 그 구현자를 초인(超人)이라 명명하였다. 근대의 극복을 위하여 '신은 죽었다'고 선언하고, 피안적인 것에 대신하여 차안적인 것을 본질로 하는 생을 주장하는 허무주의에 의하여 모든 것의 가치 전환을 시도하였다. 저서에 ,  따위가 있다."
    },
    "니체노신경": {
        "word": "니체노신경",
        "chosung": "ㄴㅊㄴㅅㄱ",
        "type": "명사",
        "mean": "알렉산드리아의 사제 아리우스가 325년에 소아시아 니케아에서 열린 공의회에서 결의하여 선포한 신경. 예수의 천주성을 부인한 이단성을 단죄하기 위한 것이었다. ≒니케아 신조."
    },
    "니체이즘": {
        "word": "니체이즘",
        "chosung": "ㄴㅊㅇㅈ",
        "type": "명사",
        "mean": "=초인주의."
    },
    "니체주의": {
        "word": "니체주의",
        "chosung": "ㄴㅊㅈㅇ",
        "type": "명사",
        "mean": "=초인주의."
    },
    "니쳔": {
        "word": "니쳔",
        "chosung": "ㄴㅊ",
        "type": "명사",
        "mean": "［옛말］'이자(利子)'의 옛말."
    },
    "니추저": {
        "word": "니추저",
        "chosung": "ㄴㅊㅈ",
        "type": "명사",
        "mean": "'이추저'의 북한어."
    },
    "니취": {
        "word": "니취",
        "chosung": "ㄴㅊ",
        "type": "명사",
        "mean": "［북한어］'이취'의 북한어."
    },
    "니치": {
        "word": "니치",
        "chosung": "ㄴㅊ",
        "type": "명사",
        "mean": "=벽감(壁龕)."
    },
    "니치렌": {
        "word": "니치렌",
        "chosung": "ㄴㅊㄹ",
        "type": "명사",
        "mean": "《인명》일본의 불교 종파인 니치렌종의 창시자(1222~1282). 천태종의 법화 사상(法華思想)을 계승하여, 이것을 자신의 사색과 체험을 통하여 재편성하고 독자적인 법화 불교를 수립하였다."
    },
    "니치렌종": {
        "word": "니치렌종",
        "chosung": "ㄴㅊㄹㅈ",
        "type": "명사",
        "mean": "《종교》니치렌이 창시한 일본 불교의 한 종파. 일본 불교에서 가장 큰 종파의 하나로, 천태종의 법화 사상(法華思想)을 바탕으로 개인뿐만 아니라 사회·국가의 전체적 구제를 꾀한다."
    },
    "니카라과": {
        "word": "니카라과",
        "chosung": "ㄴㅋㄹㄱ",
        "type": "명사",
        "mean": "중앙아메리카 중부에 있는 공화국. 1821년 에스파냐에서 독립하였다. 태평양 연안을 따라 산맥이 뻗고 카리브 해 연안에는 늪이 많다. 화산이 많고 호수 연안에 인구가 집중한 열대 농업국으로, 커피·사탕·수수·옥수수·콩 따위가 주산물이다. 주민은 혼혈족인 메스티소이고, 주요 언어는 에스파냐 어이다. 수도는 마나과, 면적은 12만 1428㎢."
    },
    "니카라과운하": {
        "word": "니카라과운하",
        "chosung": "ㄴㅋㄹㄱㅇㅎ",
        "type": "명사",
        "mean": "니카라과 저지대를 이용해서 대서양과 태평양을 잇기 위하여 미국이 계획 중인 운하. 카리브 해, 산후안 강, 니카라과 호, 태평양을 연결하는 수로(水路)이다."
    },
    "니카라과호": {
        "word": "니카라과호",
        "chosung": "ㄴㅋㄹㄱㅎ",
        "type": "명사",
        "mean": "니카라과 남서부에 있는 중앙아메리카 최대의 담수호. 호수에는 콘셉시온 화산이 우뚝 솟은 오메테페 섬을 비롯하여 크고 작은 500여 개의 섬이 있다. 면적은 8,000㎢."
    },
    "니커보커스": {
        "word": "니커보커스",
        "chosung": "ㄴㅋㅂㅋㅅ",
        "type": "명사",
        "mean": "무릎 근처에서 졸라매게 되어 있으며 품이 넓고 느슨한 바지. 여행, 등산, 골프, 스키 따위를 할 때 입는다. ≒니커스."
    },
    "니커스": {
        "word": "니커스",
        "chosung": "ㄴㅋㅅ",
        "type": "명사",
        "mean": "=니커보커스."
    },
    "니컬슨": {
        "word": "니컬슨",
        "chosung": "ㄴㅋㅅ",
        "type": "명사",
        "mean": "미국의 문화사가(1894~1981). 17~19세기 영국 문학과 과학을 연관시켰다."
    },
    "니컬슨의액체비중계": {
        "word": "니컬슨의액체비중계",
        "chosung": "ㄴㅋㅅㅇㅇㅊㅂㅈㄱ",
        "type": "명사",
        "mean": "아르키메데스의 원리를 이용하여 고체 및 액체의 비중을 재는 장치. 금속의 중공(中空) 원통 위쪽 끝에 접시를, 아래쪽 끝에 광주리를 단 것으로, 4℃의 물속에서 가라앉는 눈금과 달고자 하는 액체나 고체를 넣고 단 눈금과의 비율로 그 물질의 비중을 구한다."
    },
    "니케": {
        "word": "니케",
        "chosung": "ㄴㅋ",
        "type": "명사",
        "mean": "그리스 신화에 나오는 승리의 여신. 날개가 있고 종려나무의 가지와 방패, 월계관을 가졌다. 로마 신화의 빅토리아에 해당한다."
    },
    "니케서마이드": {
        "word": "니케서마이드",
        "chosung": "ㄴㅋㅅㅁㅇㄷ",
        "type": "명사",
        "mean": "정맥이나 근육에 주사하는 호흡 중추 흥분제. 지나치게 많이 투여하면 경련을 일으킨다."
    },
    "니케아": {
        "word": "니케아",
        "chosung": "ㄴㅋㅇ",
        "type": "명사",
        "mean": "고대 소아시아 북쪽에 있던 도시. 325년 니케아 공의회가 열렸던 곳이다. 지금의 이즈니크에 해당한다."
    },
    "니케아공의회": {
        "word": "니케아공의회",
        "chosung": "ㄴㅋㅇㄱㅇㅎ",
        "type": "명사",
        "mean": "소아시아의 니케아에서 열린 가톨릭 최초의 종교 회의. 제1회는 325년에 로마의 콘스탄티누스 대제가 소집하여 아리우스파를 이단으로 몰고, 아타나시우스파의 삼위일체설을 정통으로 삼은 니체노 신경을 가결하였으며 여러 가지 교회법을 반포하였다. 제2회는 787년에 동로마 제국의 왕후 이레네 이세가 소집하여 성화상(聖□像) 숭배 따위를 가결하였다. ≒니케아 종교 회의."
    },
    "니케아신조": {
        "word": "니케아신조",
        "chosung": "ㄴㅋㅇㅅㅈ",
        "type": "명사",
        "mean": "=니체노 신경."
    },
    "니케아제국": {
        "word": "니케아제국",
        "chosung": "ㄴㅋㅇㅈㄱ",
        "type": "명사",
        "mean": "1204년에 십자군이 침범하여 라틴 제국을 건설하자 동로마 제국의 테오도로스 일세가 콘스탄티노플에서 대안(對岸)의 니케아로 도읍을 옮겨서 세운 제국. 1261년에 미카엘 팔세가 옛 도읍을 탈환하여 로마 황제의 자리에 오를 때까지 존속하였다."
    },
    "니케아종교회의": {
        "word": "니케아종교회의",
        "chosung": "ㄴㅋㅇㅈㄱㅎㅇ",
        "type": "명사",
        "mean": "=니케아 공의회."
    },
    "니케타미드": {
        "word": "니케타미드",
        "chosung": "ㄴㅋㅌㅁㄷ",
        "type": "명사",
        "mean": "'니케서마이드'의 북한어."
    },
    "니켈": {
        "word": "니켈",
        "chosung": "ㄴㅋ",
        "type": "명사",
        "mean": "은백색 금속 원소의 하나. 전성(展性)과 연성(延性)은 철과 비슷하나 공기·물·알칼리 따위에는 철보다 덜 침식되고, 강한 자성을 가진다. 천연 광석으로 산출되며, 니켈강·니켈크롬 합금·니켈동 따위의 합금 재료나 도금의 피막으로 쓴다. 녹는점은 1,455℃, 끓는점은 2,731℃, 원자 기호는 Ni, 원자 번호는 28, 원자량은 58.71."
    },
    "니켈강": {
        "word": "니켈강",
        "chosung": "ㄴㅋㄱ",
        "type": "명사",
        "mean": "탄소강에 니켈을 섞어 담금질을 한 특수강. 탄소강보다 강인성과 내식성이 높아서 구조용 부품이나 내식 제품 따위에 쓴다. 펄라이트 니켈강과 오스테나이트 니켈강 따위가 있다."
    },
    "니켈광": {
        "word": "니켈광",
        "chosung": "ㄴㅋㄱ",
        "type": "명사",
        "mean": "1. =니켈 광석. 2. 니켈을 캐는 광산."
    },
    "니켈광석": {
        "word": "니켈광석",
        "chosung": "ㄴㅋㄱㅅ",
        "type": "명사",
        "mean": "니켈이 들어 있는 광석. ≒니켈광."
    },
    "니켈도금": {
        "word": "니켈도금",
        "chosung": "ㄴㅋㄷㄱ",
        "type": "명사",
        "mean": "녹이 슬지 아니하도록 금속 기구의 겉면에 니켈을 덧씌우는 일."
    },
    "니켈동": {
        "word": "니켈동",
        "chosung": "ㄴㅋㄷ",
        "type": "명사",
        "mean": "니켈 20%와 구리 80%의 비율로 섞은 합금. 상온에서도 압연할 수 있으며, 가공성이 좋고, 내식성이 크다. 화폐, 복수관(復水管), 소총의 탄피 갑 따위를 만드는 데 쓴다."
    },
    "니켈바람로": {
        "word": "니켈바람로",
        "chosung": "ㄴㅋㅂㄹㄹ",
        "type": "명사",
        "mean": "노 속에 바람을 불어 넣어 순수한 구리와 니켈의 황화철을 생산하는 노."
    },
    "니켈반사로": {
        "word": "니켈반사로",
        "chosung": "ㄴㅋㅂㅅㄹ",
        "type": "명사",
        "mean": "니켈 광석을 녹여 구리와 니켈의 황화철을 생산하는 노."
    },
    "니켈선": {
        "word": "니켈선",
        "chosung": "ㄴㅋㅅ",
        "type": "명사",
        "mean": "니켈이 주성분인 선. 산화되지 않으며 전기 저항이 크다."
    },
    "니켈슬라크": {
        "word": "니켈슬라크",
        "chosung": "ㄴㅋㅅㄹㅋ",
        "type": "명사",
        "mean": "니켈 광석을 높은 온도에서 녹일 때 버력 성분이 분리되어 이루어진 슬래그. ※니켈 슬래그."
    },
    "니켈실버": {
        "word": "니켈실버",
        "chosung": "ㄴㅋㅅㅂ",
        "type": "명사",
        "mean": "'양은'을 전문적으로 이르는 말."
    },
    "니켈야금": {
        "word": "니켈야금",
        "chosung": "ㄴㅋㅇㄱ",
        "type": "명사",
        "mean": "니켈 광석을 처리하여 니켈을 얻는 일. ≒니켈제련."
    },
    "니켈용광로": {
        "word": "니켈용광로",
        "chosung": "ㄴㅋㅇㄱㄹ",
        "type": "명사",
        "mean": "구리와 니켈 황화철을 생산하는 노."
    },
    "니켈전물": {
        "word": "니켈전물",
        "chosung": "ㄴㅋㅈㅁ",
        "type": "명사",
        "mean": "니켈을 전해할 때에 생기는 앙금. 백금을 비롯한 백금족(白金族) 금속의 중요한 원료이다."
    },
    "니켈정괴": {
        "word": "니켈정괴",
        "chosung": "ㄴㅋㅈㄱ",
        "type": "명사",
        "mean": "니켈 광석을 처리하여 얻은 니켈 황화물의 덩어리."
    },
    "니켈제련": {
        "word": "니켈제련",
        "chosung": "ㄴㅋㅈㄹ",
        "type": "명사",
        "mean": "=니켈야금."
    },
    "니켈조괴": {
        "word": "니켈조괴",
        "chosung": "ㄴㅋㅈㄱ",
        "type": "명사",
        "mean": "니켈과 철의 황화물로 된 합금. 니켈의 광석을 전기로나 용광로에서 녹일 때에 슬래그와 함께 형성된다."
    },
    "니켈청동": {
        "word": "니켈청동",
        "chosung": "ㄴㅋㅊㄷ",
        "type": "명사",
        "mean": "청동과 니켈을 합금하여 만든 금속."
    },
    "니켈축전지": {
        "word": "니켈축전지",
        "chosung": "ㄴㅋㅊㅈㅈ",
        "type": "명사",
        "mean": "'니켈 카드뮴 전지'의 북한어."
    },
    "니켈카드뮴전지": {
        "word": "니켈카드뮴전지",
        "chosung": "ㄴㅋㅋㄷㅁㅈㅈ",
        "type": "명사",
        "mean": "수산화니켈을 양극, 카드뮴을 음극, 수산화칼륨 용액을 전해액으로 하여 만든 축전지. 대표적인 알칼리 전지이다. ≒융그너 전지."
    },
    "니켈카르보닐": {
        "word": "니켈카르보닐",
        "chosung": "ㄴㅋㅋㄹㅂㄴ",
        "type": "명사",
        "mean": "니켈 가루에 일산화탄소를 반응시켜 얻는 무색의 액체. 승화하기 쉽고, 유기 용매에 녹는다. 아세틸렌 중합의 촉매, 열분해를 이용하는 순금속 제조 따위에 쓴다. 화학식은 Ni(CO)4."
    },
    "니켈크롬강": {
        "word": "니켈크롬강",
        "chosung": "ㄴㅋㅋㄹㄱ",
        "type": "명사",
        "mean": "1.0~3.5%의 니켈과 0.5~1.0%의 크롬을 함유하는 특수강. 충돌에 강하여 여러 가지 공구나 기계 부속품을 만드는 데 쓴다."
    },
    "니켈크롬합금": {
        "word": "니켈크롬합금",
        "chosung": "ㄴㅋㅋㄹㅎㄱ",
        "type": "명사",
        "mean": "니켈과 크롬을 주성분으로 하는 전기 저항이 높은 합금. 전기다리미나 전기풍로 따위의 발열 재료, 높은 온도에서 작업하는 기구나 전기 저항선에 쓴다. ≒니크롬."
    },
    "니켈합금": {
        "word": "니켈합금",
        "chosung": "ㄴㅋㅎㄱ",
        "type": "명사",
        "mean": "니켈을 주체로 한 다른 금속과의 합금. 강도가 크고, 내식성과 내열성이 좋다. 니켈강, 니켈크롬강, 니켈크롬 합금, 콘스탄탄 따위가 있다."
    },
    "니켈화": {
        "word": "니켈화",
        "chosung": "ㄴㅋㅎ",
        "type": "명사",
        "mean": "니켈 광석의 노출면에 이차적으로 생기는 가루 모양의 푸른색 모세 결정(毛細結晶). 니켈 함유의 징후를 나타낸다."
    },
    "니켈황동": {
        "word": "니켈황동",
        "chosung": "ㄴㅋㅎㄷ",
        "type": "명사",
        "mean": "구리와 니켈의 합금. 전기 저항이 크므로 저항기 따위를 만드는 데 쓴다."
    },
    "니코": {
        "word": "니코",
        "chosung": "ㄴㅋ",
        "type": "명사",
        "mean": "프랑스의 외교관(?1530~1600). 흡연의 풍습을 프랑스에 들여와 유행시켰다. '니코틴'이라는 말은 그의 이름에서 유래한 것이다."
    },
    "니코마코스윤리학": {
        "word": "니코마코스윤리학",
        "chosung": "ㄴㅋㅁㅋㅅㅇㄹㅎ",
        "type": "명사",
        "mean": "아리스토텔레스의 세 편의  가운데 하나. 세계 최초의 체계적인 윤리학 저서로, 아들 니코마코스가 편집하였다. 10권."
    },
    "니코바르제도": {
        "word": "니코바르제도",
        "chosung": "ㄴㅋㅂㄹㅈㄷ",
        "type": "명사",
        "mean": "인도 벵골 만 남동부에 있는 화산섬 무리. 인도 연방 정부 직할령이다. 야자와 코프라, 목재가 난다. 면적은 2,022㎢."
    },
    "니코시아": {
        "word": "니코시아",
        "chosung": "ㄴㅋㅅㅇ",
        "type": "명사",
        "mean": "키프로스 공화국에 있는 도시. 섬을 동서로 연결하는 철도 교통의 요지이며, 밀·포도·올리브 따위 농산물의 집산지이다. 면사·직물·담배·제과 따위의 경공업이 발달하였으며, 원형의 성벽과 교회 건물 따위로 유명하다. 키프로스 공화국의 수도이다."
    },
    "니코틴": {
        "word": "니코틴",
        "chosung": "ㄴㅋㅌ",
        "type": "명사",
        "mean": "담배에 들어 있는 알칼로이드의 하나. 무색의 휘발성 액체로, 빛이나 공기와 접하면 산화하여 갈색을 띠고, 알코올이나 에테르 따위에 잘 녹는다. 독성이 있어서 적은 양은 신경 조직을 흥분시켜 정신 활동을 왕성하게 하지만, 많은 양은 신경 조직을 마비시킨다. 화학식은 C10H14N2."
    },
    "니코틴산": {
        "word": "니코틴산",
        "chosung": "ㄴㅋㅌㅅ",
        "type": "명사",
        "mean": "니코틴의 산화물로 비타민 비(B) 복합체의 하나. 무색무취의 결정으로, 신맛이 나며 동·식물체에 많이 들어 있다. 이것이 결핍되면 펠라그라병에 걸리거나 신경 장애를 일으킨다. 화학식은 C5H4NOOH."
    },
    "니코틴산아미드": {
        "word": "니코틴산아미드",
        "chosung": "ㄴㅋㅌㅅㅇㅁㄷ",
        "type": "명사",
        "mean": "니코틴산의 아미드 유도체. 니코틴산과 함께 항펠라그라 작용이 있으며, 생체 내에서 일어나는 다양한 에너지 대사 과정에 관여하는 필수적인 요소로, 쌀눈이나 간 조직 따위에 많다."
    },
    "니코틴수": {
        "word": "니코틴수",
        "chosung": "ㄴㅋㅌㅅ",
        "type": "명사",
        "mean": "담배의 품질을 규정하는 질적 지표의 하나. 유리 니코틴에 대한 총니코틴의 비로 계산한다. 담배의 맛과 자극성을 특징짓는 지표로서, 그 비가 작을수록 품질이 낮아진다."
    },
    "니코틴아미드아데닌디뉴클레오티드": {
        "word": "니코틴아미드아데닌디뉴클레오티드",
        "chosung": "ㄴㅋㅌㅇㅁㄷㅇㄷㄴㄷㄴㅋㄹㅇㅌㄷ",
        "type": "명사",
        "mean": "산화 환원 효소의 보조 효소. 주요한 유기물의 산화 과정을 중개한다. ≒엔에이디."
    },
    "니코틴제": {
        "word": "니코틴제",
        "chosung": "ㄴㅋㅌㅈ",
        "type": "명사",
        "mean": "니코틴을 유효 성분으로 하는 살충제. 황산니코틴 따위가 있다."
    },
    "니코틴중독": {
        "word": "니코틴중독",
        "chosung": "ㄴㅋㅌㅈㄷ",
        "type": "명사",
        "mean": "담배 속에 들어 있는 니코틴 때문에 자율 신경에 장애가 일어나는 중독 증상. 급성은 메스꺼움·구토·두통·안면 창백·식은땀·허탈, 만성은 심기 항진(心氣亢進)·동맥 경화·기억 감퇴·소화 불량·수전증(手顫症)·정신 흥분·불면·시각 장애 따위의 증상을 나타낸다."
    },
    "니코틴황산": {
        "word": "니코틴황산",
        "chosung": "ㄴㅋㅌㅎㅅ",
        "type": "명사",
        "mean": "니코틴과 황산이 결합하여 암갈색 액체로 된 중성염 살충제."
    },
    "니코폴": {
        "word": "니코폴",
        "chosung": "ㄴㅋㅍ",
        "type": "명사",
        "mean": "우크라이나 중남부, 드네프르 강 하류에 있는 상공업 도시. 세계적인 망간 광업의 중심지이며, 조선(造船)과 기계 공업이 활발하다."
    },
    "니코폴리스의싸움": {
        "word": "니코폴리스의싸움",
        "chosung": "ㄴㅋㅍㄹㅅㅇㅆㅇ",
        "type": "명사",
        "mean": "1396년 불가리아의 니코폴리스에서, 오스만튀르크 제국의 바야지드 일세의 군대와 헝가리 왕 지기스문트가 지휘하던 십자군이 벌인 싸움. 십자군이 대패하여 대부분의 발칸 반도가 오스만튀르크 제국의 영토가 되었다."
    },
    "니콘": {
        "word": "니콘",
        "chosung": "ㄴㅋ",
        "type": "명사",
        "mean": "제정 러시아의 성직자(1605~1681). 1652년 러시아 정교회의 총대주교가 되어 의식과 교서를 개혁하였으나, 많은 보수파 신도가 개혁에 반대하자 분열되어 교회의 약체화를 초래하였다."
    },
    "니콜": {
        "word": "니콜",
        "chosung": "ㄴㅋ",
        "type": "명사",
        "mean": "=니콜 프리즘."
    },
    "니콜라에바": {
        "word": "니콜라에바",
        "chosung": "ㄴㅋㄹㅇㅂ",
        "type": "명사",
        "mean": "소련의 소설가(1911~1963). 소비에트의 사회적·도덕적 문제를 다루었으며, 작품에 , ,  따위가 있다."
    },
    "니콜라예프": {
        "word": "니콜라예프",
        "chosung": "ㄴㅋㄹㅇㅍ",
        "type": "명사",
        "mean": "우크라이나 남부에 있는 항구 도시. 흑해에 면하여 있으며 조선 공업의 중심지이다. 토목용 기계, 펌프, 피혁, 식품 따위의 공업도 활발하다."
    },
    "니콜라예프스크나아무레": {
        "word": "니콜라예프스크나아무레",
        "chosung": "ㄴㅋㄹㅇㅍㅅㅋㄴㅇㅁㄹ",
        "type": "명사",
        "mean": "러시아 공화국 시베리아 동부, 아무르 강 하구에 있는 항구 도시. 선박 수리, 가구 제조, 어류 가공업 따위가 활발하다."
    },
    "니콜라우스": {
        "word": "니콜라우스",
        "chosung": "ㄴㅋㄹㅇㅅ",
        "type": "명사",
        "mean": "소아시아 미라의 주교(?~350). 불행한 소녀와 난파(難破)한 선원들을 구하였다고 하는 기적(奇跡)의 전설이 전하여지며, 어린이·여행하는 사람·교회 따위의 보호 성인으로 알려져 있다."
    },
    "니콜라우스오세": {
        "word": "니콜라우스오세",
        "chosung": "ㄴㅋㄹㅇㅅㅇㅅ",
        "type": "명사",
        "mean": "르네상스 시기의 로마 교황(1397~1455). 바젤 종교 회의로 인한 교회 분열을 수습하여 빈 협약을 체결하고, 독일 제국과의 관계 개선에 앞장섰다. 재위 기간은 1447~1455년이다."
    },
    "니콜라우스이세": {
        "word": "니콜라우스이세",
        "chosung": "ㄴㅋㄹㅇㅅㅇㅅ",
        "type": "명사",
        "mean": "로마 교황(?~1061). 로마 교황 힐데브란트의 지지(支持)로 대립(對立) 교황에 즉위하였다. 속권(俗權)의 간섭을 받지 않는 교황 선거법을 확립하였다. 재위 기간은 1058~1061년이다."
    },
    "니콜라우스일세": {
        "word": "니콜라우스일세",
        "chosung": "ㄴㅋㄹㅇㅅㅇㅅ",
        "type": "명사",
        "mean": "로마 교황(?819~867). 카롤링거 왕조 분열기에 교회의 권위를 지키고, 동프랑크 국왕 루트비히 이세의 로마 공격을 물리쳤다. 콘스탄티노플 총대주교 포티우스를 파문하고 서방 여러 나라 교회의 결속을 굳혔다. 재위 기간은 858~867년이다."
    },
    "니콜라우스쿠사누스": {
        "word": "니콜라우스쿠사누스",
        "chosung": "ㄴㅋㄹㅇㅅㅋㅅㄴㅅ",
        "type": "명사",
        "mean": "독일의 신학자·철학자(1401~1464). 중세에서 근세에 이르는 과도기의 철학자로, 반대의 일치에 의한 신(神)의 인식이라는 그의 사상은 라이프니츠 등에 영향을 미쳤다. 저서에 가 있다."
    },
    "니콜라이": {
        "word": "니콜라이",
        "chosung": "ㄴㅋㄹㅇ",
        "type": "명사",
        "mean": "독일의 작곡가·지휘자(1810~1849). 작품에 , 따위가 있다."
    },
    "니콜라이이세": {
        "word": "니콜라이이세",
        "chosung": "ㄴㅋㄹㅇㅇㅅ",
        "type": "명사",
        "mean": "제정 러시아 최후의 황제(1868~1918). 적극적인 극동 정책을 썼으나 러일 전쟁에 패하여 1917년 2월 혁명으로 퇴위(退位)하고, 10월 혁명 뒤에 시베리아에서 처형되었다. 재위 기간은 1894~1917년이다."
    },
    "니콜라이일세": {
        "word": "니콜라이일세",
        "chosung": "ㄴㅋㄹㅇㅇㅅ",
        "type": "명사",
        "mean": "제정 러시아의 황제(1796~1855). 데카브리스트의 반란을 진압한 뒤에, 철저한 반동 전제 정치를 시행하였다. 러시아의 세력을 중앙아시아로 넓혔다. 1857년에 크림 전쟁을 일으켰으나 실패하였다. 재위 기간은 1825~1855년이다."
    },
    "니콜라이트": {
        "word": "니콜라이트",
        "chosung": "ㄴㅋㄹㅇㅌ",
        "type": "명사",
        "mean": "니켈과 비소(砒素)를 함유한 황화 광물. 육방 정계에 속하며, 엷은 구릿빛의 금속 광택이 난다. 니켈의 중요한 광석이다."
    },
    "니콜프리즘": {
        "word": "니콜프리즘",
        "chosung": "ㄴㅋㅍㄹㅈ",
        "type": "명사",
        "mean": "빛의 편광을 얻는 데 쓰는 프리즘의 하나. 방해석(方解石)의 결정을 적당히 자르고 여기에 발삼을 붙여서 만든다. 방해석의 복굴절 현상을 이용하여 어떤 일정 방향의 직선 편광만을 통과시킨다. 1828년에 니콜이 발명하였다. ≒니콜(Nicol)."
    },
    "니크롬": {
        "word": "니크롬",
        "chosung": "ㄴㅋㄹ",
        "type": "명사",
        "mean": "=니켈크롬 합금."
    },
    "니크롬선": {
        "word": "니크롬선",
        "chosung": "ㄴㅋㄹㅅ",
        "type": "명사",
        "mean": "니켈과 크롬의 합금으로 만든 선. 전기로와 같은 공업용 고온 발열체, 가정용 전기풍로 따위의 절연선으로 쓴다."
    },
    "니크롬합금": {
        "word": "니크롬합금",
        "chosung": "ㄴㅋㄹㅎㄱ",
        "type": "명사",
        "mean": "'니켈크롬 합금'의 북한어."
    },
    "니크롬히터": {
        "word": "니크롬히터",
        "chosung": "ㄴㅋㄹㅎㅌ",
        "type": "명사",
        "mean": "니켈크롬 합금을 전열선으로 쓴 보통의 전기풍로."
    },
    "니클로사미드": {
        "word": "니클로사미드",
        "chosung": "ㄴㅋㄹㅅㅁㄷ",
        "type": "명사",
        "mean": "촌충이나 요충을 구제하는 약."
    },
    "니클리슈": {
        "word": "니클리슈",
        "chosung": "ㄴㅋㄹㅅ",
        "type": "명사",
        "mean": "독일의 경영학자(1876~1946). 슈말렌바흐 등의 기술론적 경영학파와 구별되는, 규범론적 경영 경제학을 창시하였다. 저서에 가 있다."
    },
    "니키슈": {
        "word": "니키슈",
        "chosung": "ㄴㅋㅅ",
        "type": "명사",
        "mean": "헝가리 태생의 독일 지휘자(1855~1922). 베를린 필하모니 관현악단 따위의 많은 교향악단 상임 지휘자로서 활약하였다."
    },
    "니탄": {
        "word": "니탄",
        "chosung": "ㄴㅌ",
        "type": "명사",
        "mean": "'이탄'의 북한어."
    },
    "니탄밭": {
        "word": "니탄밭",
        "chosung": "ㄴㅌㅂ",
        "type": "명사",
        "mean": "이탄이 묻혀 있는 탄전(炭田). ※이탄밭."
    },
    "니탄암": {
        "word": "니탄암",
        "chosung": "ㄴㅌㅇ",
        "type": "명사",
        "mean": "석탄이나 원유가 나는 곳에서 나오는 돌의 하나. 지방 광택이 좀 있고 검은색 또는 흰색이다. ※이탄암."
    },
    "니탄영양단지": {
        "word": "니탄영양단지",
        "chosung": "ㄴㅌㅇㅇㄷㅈ",
        "type": "명사",
        "mean": "이탄에 흙과 여러 가지 거름을 알맞게 섞어서 모를 키울 수 있게 만든 영양단지. ※이탄 영양단지."
    },
    "니탄토양": {
        "word": "니탄토양",
        "chosung": "ㄴㅌㅌㅇ",
        "type": "명사",
        "mean": "이탄층이 두껍게 쌓인 토양. ※이탄 토양."
    },
    "니탄퇴비": {
        "word": "니탄퇴비",
        "chosung": "ㄴㅌㅌㅂ",
        "type": "명사",
        "mean": "이탄에 여러 가지 재료를 섞어서 썩힌 퇴비. ※이탄 퇴비."
    },
    "니탄화작용": {
        "word": "니탄화작용",
        "chosung": "ㄴㅌㅎㅈㅇ",
        "type": "명사",
        "mean": "호수나 질퍽한 벌에서 무성하던 식물이 죽어서 이탄이 되는 작용. ※이탄화 작용."
    },
    "니탕개의난": {
        "word": "니탕개의난",
        "chosung": "ㄴㅌㄱㅇㄴ",
        "type": "명사",
        "mean": "조선 선조 16년(1583)에 함경도 회령의 여진족이 추장 니탕개를 중심으로 일으킨 반란. 니탕개는 선조 초에 귀화하여 관작까지 받았던 인물인데, 경원성에 살던 여진족들이 전(前) 진영장(鎭營將)의 허물을 들어 난을 일으키자 이에 호응하여 조정에 반기를 들었으나, 신입 등에게 소탕되었다."
    },
    "니테로이": {
        "word": "니테로이",
        "chosung": "ㄴㅌㄹㅇ",
        "type": "명사",
        "mean": "브라질 동부, 리우데자네이루 건너편에 있는 근교 위성 도시. 유리·섬유·화학 따위의 공업이 활발하고, 해수욕장으로 유명하다."
    },
    "니토": {
        "word": "니토",
        "chosung": "ㄴㅌ",
        "type": "명사",
        "mean": "［북한어］'이토'의 북한어."
    },
    "니통소": {
        "word": "니통소",
        "chosung": "ㄴㅌㅅ",
        "type": "명사",
        "mean": "［옛말］'뒤통수'의 옛말."
    },
    "니트": {
        "word": "니트",
        "chosung": "ㄴㅌ",
        "type": "명사",
        "mean": "휘도(輝度)의 단위. 1니트는 1㎡당 1칸델라의 밝기를 갖는 겉면의 휘도이다. 기호는 nt."
    },
    "니트라민": {
        "word": "니트라민",
        "chosung": "ㄴㅌㄹㅁ",
        "type": "명사",
        "mean": "질소 원자와 결합한 니트로기를 가진 화합물을 통틀어 이르는 말. 환원하면 아민이 되고, 진한 황산을 가하면 분해되어 니트로기를 상실한다."
    },
    "니트로": {
        "word": "니트로",
        "chosung": "ㄴㅌㄹ",
        "type": "명사",
        "mean": "1. =니트로기. 2. 아질산 이온 NO2-의 리간드로서의 명칭."
    },
    "니트로겐머스터드": {
        "word": "니트로겐머스터드",
        "chosung": "ㄴㅌㄹㄱㅁㅅㅌㄷ",
        "type": "명사",
        "mean": "머스터드 가스의 유황 원자를 질소 원자로 바꾸어 놓은 물질. 제이 차 세계 대전 때 미국에서 독가스로 연구하였으나, 그 작용 기구가 세포 분열에 이상을 일으킨다는 사실이 알려지면서 암, 악성 종양 따위의 치료에 썼다. 지금은 부작용 때문에 쓰지 않는다. 화학식은 CH3N(CH2CH2CI)2. ≒질소이페리트."
    },
    "니트로구아니딘": {
        "word": "니트로구아니딘",
        "chosung": "ㄴㅌㄹㄱㅇㄴㄷ",
        "type": "명사",
        "mean": "구아니딘을 진한 황산으로 탈수시켜 만든 폭발성 물질. 연기와 불꽃 없이 폭발하며, 작약(炸藥)·무연 화약의 성분으로 쓴다."
    },
    "니트로글리세린": {
        "word": "니트로글리세린",
        "chosung": "ㄴㅌㄹㄱㄹㅅㄹ",
        "type": "명사",
        "mean": "질산이나 황산의 혼합물과 글리세린의 반응으로 생기는 삼질산 에스테르. 무색의 액체로 독성이 있으며, 폭발하기 쉽고, 관상 혈관을 확장하는 작용을 한다. 다이너마이트 따위 폭약의 원료나 협심증 따위의 치료제로 쓴다. 화학식은 C3H5(ONO2)3. ≒노벨유·삼질산글리세린·삼초산글리세린."
    },
    "니트로글리콜": {
        "word": "니트로글리콜",
        "chosung": "ㄴㅌㄹㄱㄹㅋ",
        "type": "명사",
        "mean": "에틸렌글리콜의 질산에스테르. 무색의 기름 모양 액체로, 유기 용매에 잘 녹는다. 폭약을 만드는 데 쓴다."
    },
    "니트로글리콜중독": {
        "word": "니트로글리콜중독",
        "chosung": "ㄴㅌㄹㄱㄹㅋㅈㄷ",
        "type": "명사",
        "mean": "니트로글리콜에 의한 중독. 화약 제조업에서 흔히 생기는 병으로, 주된 증상은 협심증과 같은 발작 현상이며 빈혈과 위장 장애가 따르기도 한다."
    },
    "니트로기": {
        "word": "니트로기",
        "chosung": "ㄴㅌㄹㄱ",
        "type": "명사",
        "mean": "1. 유기 니트로 화합물 일가(一價)의 치환기. 화학식은 □NO2. ≒니트로. 2. 한 개의 질소 원자와 두 개의 산소 원자가 결합한 원자단. 질소 원자는 하나의 산소 원자와는 공유 이중 결합을 이루고, 다른 하나의 산소 원자와는 배위 결합을 이룬다. ≒니트로 원자단."
    },
    "니트로나프탈렌": {
        "word": "니트로나프탈렌",
        "chosung": "ㄴㅌㄹㄴㅍㅌㄹ",
        "type": "명사",
        "mean": "나프탈렌의 수소를 니트로기로 치환한 방향족 유기 화합물. 흰색의 결정체로, 유기 용매에 잘 녹는다. 여러 가지 물감 생산의 원료로 쓴다."
    },
    "니트로뇨소": {
        "word": "니트로뇨소",
        "chosung": "ㄴㅌㄹㄴㅅ",
        "type": "명사",
        "mean": "요소의 수소 한 개를 니트로기로 치환한 유기 화합물. 결정성 고체로, 아세톤·아세트산 따위에 잘 녹는다. 화약과 폭약을 만드는 데 쓴다. ※니트로 요소."
    },
    "니트로니움이온": {
        "word": "니트로니움이온",
        "chosung": "ㄴㅌㄹㄴㅇㅇㅇ",
        "type": "명사",
        "mean": "질산에서 히드록시기를 떼어 낸 질산의 남은 양이온. 화학식 NO2. ※니트로늄 이온."
    },
    "니트로메탄": {
        "word": "니트로메탄",
        "chosung": "ㄴㅌㄹㅁㅌ",
        "type": "명사",
        "mean": "메탄의 니트로 화합물. 공업용 용제, 로켓의 추진제, 화학 합성제 따위로 쓴다. 끓는점은 101℃, 화학식은 CH3NO2."
    },
    "니트로물감": {
        "word": "니트로물감",
        "chosung": "ㄴㅌㄹㅁㄱ",
        "type": "명사",
        "mean": "니트로글리세린을 이용하여 만든 물감. 주로 합성 섬유 물감으로 쓴다."
    },
    "니트로민": {
        "word": "니트로민",
        "chosung": "ㄴㅌㄹㅁ",
        "type": "명사",
        "mean": "니트로겐 머스터드 비(B)의 산화물. 흰색 결정이며, 암·백혈병·호지킨병 따위의 치료제로 쓴다. 화학식은 (CICH2CH2)2(CH3)NO·HCI."
    },
    "니트로벤젠": {
        "word": "니트로벤젠",
        "chosung": "ㄴㅌㄹㅂㅈ",
        "type": "명사",
        "mean": "벤젠에 진한 질산과 황산의 혼합액을 넣어 만든 화합물. 황색의 기름 모양 액체로, 물에 녹지 않고 특유한 냄새가 있으며 증기는 독성이 있다. 유기 반응의 용매나 아닐린의 원료로 쓴다. 화학식은 C6H5NO2. ≒니트로벤졸."
    },
    "니트로벤졸": {
        "word": "니트로벤졸",
        "chosung": "ㄴㅌㄹㅂㅈ",
        "type": "명사",
        "mean": "=니트로벤젠."
    },
    "니트로살리실산": {
        "word": "니트로살리실산",
        "chosung": "ㄴㅌㄹㅅㄹㅅㅅ",
        "type": "명사",
        "mean": "니트로기가 치환된 O□히드록시 벤조산. 여러 가지 물감의 중간체로 쓴다."
    },
    "니트로섬유소": {
        "word": "니트로섬유소",
        "chosung": "ㄴㅌㄹㅅㅇㅅ",
        "type": "명사",
        "mean": "=니트로셀룰로오스."
    },
    "니트로셀룰로오스": {
        "word": "니트로셀룰로오스",
        "chosung": "ㄴㅌㄹㅅㄹㄹㅇㅅ",
        "type": "명사",
        "mean": "황산이나 질산, 물의 혼합액에 셀룰로오스를 넣어 만드는 섬유소의 질산에스테르. 질소량에 의한 질화도(窒化度)의 차이에 따라 성질이 다르다. 질화도가 큰 것은 솜화약으로 쓰며, 작은 것은 필름이나 셀룰로이드의 원료로 쓴다. ≒니트로섬유소·질산섬유소·질산셀룰로오스·질화면·질화섬유소·초화섬유소."
    },
    "니트로소그룹": {
        "word": "니트로소그룹",
        "chosung": "ㄴㅌㄹㅅㄱㄹ",
        "type": "명사",
        "mean": "=니트로소기."
    },
    "니트로소기": {
        "word": "니트로소기",
        "chosung": "ㄴㅌㄹㅅㄱ",
        "type": "명사",
        "mean": "질소 한 원자와 산소 한 원자로 이루어지는 일가(一價)의 원자단. 유기 니트로소 화합물에 함유되어 있다. 화학식은 □N=O. ≒니트로소 그룹·니트로실."
    },
    "니트로소아민": {
        "word": "니트로소아민",
        "chosung": "ㄴㅌㄹㅅㅇㅁ",
        "type": "명사",
        "mean": "1. 이차 아민에 아질산을 작용시켜 얻는 이가(二價)의 '=N□N=O'기를 가진 유기 화합물을 통틀어 이르는 말. 황색 기름 모양의 액체나 고체로, 발암성이 있으며 식품 속에 있는 아질산염을 섭취하여 사람의 체내에서도 만들 수 있다. 2. 니트로소기와 아미노기를 가지는 화합물을 통틀어 이르는 말."
    },
    "니트로소화합물": {
        "word": "니트로소화합물",
        "chosung": "ㄴㅌㄹㅅㅎㅎㅁ",
        "type": "명사",
        "mean": "질소와 산소로만 이루어진 니트로소기의 질소 원자가 탄소 원자와 직접 결합된 유기 화합물을 통틀어 이르는 말."
    },
    "니트로실": {
        "word": "니트로실",
        "chosung": "ㄴㅌㄹㅅ",
        "type": "명사",
        "mean": "=니트로소기."
    },
    "니트로실류산": {
        "word": "니트로실류산",
        "chosung": "ㄴㅌㄹㅅㄹㅅ",
        "type": "명사",
        "mean": "'니트로실 황산'의 북한어."
    },
    "니트로실황산": {
        "word": "니트로실황산",
        "chosung": "ㄴㅌㄹㅅㅎㅅ",
        "type": "명사",
        "mean": "연실법(鉛室法)으로 황산을 만들 때에, 수분 공급이 불충분한 연실에서 생기는 결정. 화학식은 NOHSO4."
    },
    "니트로아닐린": {
        "word": "니트로아닐린",
        "chosung": "ㄴㅌㄹㅇㄴㄹ",
        "type": "명사",
        "mean": "유기 니트로 화합물의 세 가지 이성질체 가운데 하나. 누런색이나 검은빛을 띤 노란색의 결정성 가루로, 물감을 만드는 공업에 널리 쓰는 원료이다."
    },
    "니트로염료": {
        "word": "니트로염료",
        "chosung": "ㄴㅌㄹㅇㄹ",
        "type": "명사",
        "mean": "페놀류 또는 방향족 아민의 니트로 치환체 구조를 갖는 염료. 황색·주황색·갈색 따위의 색조를 띠며, 합성 섬유의 염색에 쓴다."
    },
    "니트로원자단": {
        "word": "니트로원자단",
        "chosung": "ㄴㅌㄹㅇㅈㄷ",
        "type": "명사",
        "mean": "=니트로기(nitro基)."
    },
    "니트로치환": {
        "word": "니트로치환",
        "chosung": "ㄴㅌㄹㅊㅎ",
        "type": "명사",
        "mean": "=니트로화."
    },
    "니트로톨루엔": {
        "word": "니트로톨루엔",
        "chosung": "ㄴㅌㄹㅌㄹㅇ",
        "type": "명사",
        "mean": "톨루엔을 질산이나 혼산(混酸)으로 처리하여 만든 니트로 화합물. 물감, 의약품 따위의 유기 합성의 중간체로 쓴다. 화학식은 C6H4(NO2)CH3."
    },
    "니트로파라핀": {
        "word": "니트로파라핀",
        "chosung": "ㄴㅌㄹㅍㄹㅍ",
        "type": "명사",
        "mean": "지방족 포화 탄화수소의 니트로기 치환체. 여러 가지 유기 합성 원료로 쓴다."
    },
    "니트로페놀": {
        "word": "니트로페놀",
        "chosung": "ㄴㅌㄹㅍㄴ",
        "type": "명사",
        "mean": "페놀핵 수소를 니트로기로 치환한 화합물. 세 가지의 이성질체가 있으며, 여러 가지 물감의 원료로 쓴다."
    },
    "니트로펜톤": {
        "word": "니트로펜톤",
        "chosung": "ㄴㅌㄹㅍㅌ",
        "type": "명사",
        "mean": "혈관 확장에 쓰는 협심증 예방약. 심장병, 고혈압, 편두통의 치료나 예방에 쓴다."
    },
    "니트로포스": {
        "word": "니트로포스",
        "chosung": "ㄴㅌㄹㅍㅅ",
        "type": "명사",
        "mean": "질소와 인을 주성분으로 하는 2요소 복합 비료. 산성 토양에 효과가 높다."
    },
    "니트로포스카": {
        "word": "니트로포스카",
        "chosung": "ㄴㅌㄹㅍㅅㅋ",
        "type": "명사",
        "mean": "질소, 인산, 칼리가 모두 들어 있는 인조 비료."
    },
    "니트로푸라존": {
        "word": "니트로푸라존",
        "chosung": "ㄴㅌㄹㅍㄹㅈ",
        "type": "명사",
        "mean": "살균 소독약의 하나. 황색의 결정성 가루로, 맛은 약간 쓰다. 각종 그람 음성균 및 그람 양성균에 유효하나, 녹농균이나 폐렴 쌍구균에는 살균력이 약하다. 주로 세균에 감염되었을 때에 국소용(局所用) 항균제로 쓰며, 복용할 수도 있다. ≒푸라실린."
    },
    "니트로프로판": {
        "word": "니트로프로판",
        "chosung": "ㄴㅌㄹㅍㄹㅍ",
        "type": "명사",
        "mean": "프로판의 니트로기 치환체. 폭약·로켓의 연료, 유기 용매 따위로 쓴다."
    },
    "니트로화": {
        "word": "니트로화",
        "chosung": "ㄴㅌㄹㅎ",
        "type": "명사",
        "mean": "유기 화합물의 분자 속의 수소 원자를 니트로기로 바꾸어 놓는 일. ≒니트로 치환."
    },
    "니트로화반응": {
        "word": "니트로화반응",
        "chosung": "ㄴㅌㄹㅎㅂㅇ",
        "type": "명사",
        "mean": "유기 화합물의 분자에 니트로기를 넣어 주는 반응. 폭약이나 물감 따위의 유기 화합물을 만드는 데 쓴다."
    },
    "니트로화합물": {
        "word": "니트로화합물",
        "chosung": "ㄴㅌㄹㅎㅎㅁ",
        "type": "명사",
        "mean": "분자 속에 니트로기를 갖는 유기 화합물. 화약, 아민 따위의 원료로 쓴다."
    },
    "니트론": {
        "word": "니트론",
        "chosung": "ㄴㅌㄹ",
        "type": "명사",
        "mean": "카바이드와 시안화수소산을 원료로 하여 만든 합성 섬유. 털 대용으로, 가볍고 따뜻하며 구겨지거나 줄어들지 않는다. 양복천, 속옷 따위를 만드는 원료로 쓴다."
    },
    "니트릴": {
        "word": "니트릴",
        "chosung": "ㄴㅌㄹ",
        "type": "명사",
        "mean": "시아노기가 탄화수소기의 탄소 원자에 직접 결합한 유기 화합물을 통틀어 이르는 말. 무색의 고체나 액체로, 할로겐화탄화수소와 시안화칼륨을 반응시켜 만든다. 아세토니트릴, 벤조니트릴 따위가 있다. ≒시안화물."
    },
    "니트릴로트리초산": {
        "word": "니트릴로트리초산",
        "chosung": "ㄴㅌㄹㄹㅌㄹㅊㅅ",
        "type": "명사",
        "mean": "물에 잘 녹는 무색의 결정. 코발트·세륨·루테늄 따위의 방사능 동위 원소에 의한 오염을 세척하고 제거하는 데 효능이 있으며, 합성 세제의 원료로 쓴다."
    },
    "니트웨어": {
        "word": "니트웨어",
        "chosung": "ㄴㅌㅇㅇ",
        "type": "명사",
        "mean": "뜨개질하여 만든 옷을 통틀어 이르는 말."
    },
    "니티놀": {
        "word": "니티놀",
        "chosung": "ㄴㅌㄴ",
        "type": "명사",
        "mean": "티탄과 니켈의 합금. 일반적으로 니켈의 양이 54~56%를 차지하며, 내식성이 좋고 자성(磁性)이 없다. 형상 기억 합금의 하나이다."
    },
    "니팅": {
        "word": "니팅",
        "chosung": "ㄴㅌ",
        "type": "명사",
        "mean": "대바늘로 편물을 뜨는 일. '바늘 뜨기', '대바늘뜨기'로 순화."
    },
    "니파구": {
        "word": "니파구",
        "chosung": "ㄴㅍㄱ",
        "type": "명사",
        "mean": "［방언］'잎사귀'의 방언(평안)."
    },
    "니파야자": {
        "word": "니파야자",
        "chosung": "ㄴㅍㅇㅈ",
        "type": "명사",
        "mean": "야자과의 상록 여러해살이 식물. 높이는 5~10미터이며, 잎은 깃 모양으로 길이가 3~9미터이고 땅 위에서 곧게 자란다. 뿌리줄기에서 암수한그루의 꽃이 피고 열매는 식용한다. 잎은 지붕을 이는 데 쓰고, 꽃대는 설탕·알코올을 만드는 데 쓴다. 해변이나 강가에서 자라는데 인도, 말레이시아 등지에 분포한다. (Nypa fruticans)"
    },
    "니판암": {
        "word": "니판암",
        "chosung": "ㄴㅍㅇ",
        "type": "명사",
        "mean": "'이판암'의 북한어."
    },
    "니팝": {
        "word": "니팝",
        "chosung": "ㄴㅍ",
        "type": "명사",
        "mean": "［방언］'이밥'의 방언(평안, 함북)."
    },
    "니퍼": {
        "word": "니퍼",
        "chosung": "ㄴㅍ",
        "type": "명사",
        "mean": "전선이나 철사를 절단하는 데 쓰는 공구."
    },
    "니페디핀": {
        "word": "니페디핀",
        "chosung": "ㄴㅍㄷㅍ",
        "type": "명사",
        "mean": "혈관을 넓히는 약의 하나. 주로 고혈압, 허혈성 심부전 따위에 쓴다."
    },
    "니포니테스": {
        "word": "니포니테스",
        "chosung": "ㄴㅍㄴㅌㅅ",
        "type": "명사",
        "mean": "화석 조개인 암모나이트의 하나. 중생대 백악기 후기에 살았으며, 새끼줄이 얽힌 것과 같은 모양이다."
    },
    "니푸르": {
        "word": "니푸르",
        "chosung": "ㄴㅍㄹ",
        "type": "명사",
        "mean": "바그다드 남동쪽에 있는 고대 바빌로니아의 도시 유적. 19세기 말 이래 미국 학자들이 발굴한 것으로, 수메르·아카드 시대에 중요한 지위를 차지한 제신(諸神)의 왕 엔릴의 신전과 이난나 여신의 신전 따위가 있다."
    },
    "니풀": {
        "word": "니풀",
        "chosung": "ㄴㅍ",
        "type": "명사",
        "mean": "［옛말］ '이풀'의 옛말."
    },
    "니플헤임": {
        "word": "니플헤임",
        "chosung": "ㄴㅍㅎㅇ",
        "type": "명사",
        "mean": "북유럽 신화에 나오는 매우 춥고 어두운 지하 세계. 천지가 처음 시작될 때에 '허무의 심연(深淵)' 북쪽 끝에 있었다고 한다."
    },
    "니피곤호": {
        "word": "니피곤호",
        "chosung": "ㄴㅍㄱㅎ",
        "type": "명사",
        "mean": "캐나다 온타리오 주에 있는 호수. 1,000개 이상의 섬이 있으며 송어, 연어의 어장으로 유명하다. 면적은 2,768㎢."
    },
    "니피다": {
        "word": "니피다",
        "chosung": "ㄴㅍㄷ",
        "type": "동사",
        "mean": "［옛말］'입히다'의 옛말."
    },
    "니하ㅎ혀다": {
        "word": "니하ㅎ혀다",
        "chosung": "ㄴㅎㅎㅎㄷ",
        "type": "동사",
        "mean": "［옛말］'일으키다'의 옛말."
    },
    "니하다": {
        "word": "니하다",
        "chosung": "ㄴㅎㄷ",
        "type": "형용사",
        "mean": "［옛말］'이롭다'의 옛말."
    },
    "니하우섬": {
        "word": "니하우섬",
        "chosung": "ㄴㅎㅇㅅ",
        "type": "명사",
        "mean": "미국 하와이 주에 속하는 섬. 화산섬으로 되어 있으며 일부는 산지이고 서부는 융기 산호초로 이루어진 평지이다. 면적은 187㎢."
    },
    "니헤짬": {
        "word": "니헤짬",
        "chosung": "ㄴㅎㅉ",
        "type": "명사",
        "mean": "［방언］'이에짬'의 방언(평북)."
    },
    "니혜": {
        "word": "니혜",
        "chosung": "ㄴㅎ",
        "type": "명사",
        "mean": "［북한어］ '이혜'의 북한어."
    },
    "니혼쇼키": {
        "word": "니혼쇼키",
        "chosung": "ㄴㅎㅅㅋ",
        "type": "명사",
        "mean": "《책명》일본에서 가장 오래된 역사책. 고대(古代)부터 697년까지의 전설, 신화, 사실(史實) 따위를 편년체로 기록한 것으로, 720년에 완성하였다. 30권."
    },
    "니홀드": {
        "word": "니홀드",
        "chosung": "ㄴㅎㄷ",
        "type": "명사",
        "mean": "레슬링에서, 상대편의 무릎을 잡아 넘어뜨리는 기술."
    },
    "니화산": {
        "word": "니화산",
        "chosung": "ㄴㅎㅅ",
        "type": "명사",
        "mean": "'이화산'의 북한어."
    },
    "니회": {
        "word": "니회",
        "chosung": "ㄴㅎ",
        "type": "명사",
        "mean": "［북한어］'이회'의 북한어."
    },
    "니힐리스트": {
        "word": "니힐리스트",
        "chosung": "ㄴㅎㄹㅅㅌ",
        "type": "명사",
        "mean": "=허무주의자."
    },
    "니힐리즘": {
        "word": "니힐리즘",
        "chosung": "ㄴㅎㄹㅈ",
        "type": "명사",
        "mean": "=허무주의."
    }
}