{
    "닉겁": {
        "word": "닉겁",
        "chosung": "ㄴㄱ",
        "type": "명사",
        "mean": "［방언］'미끼'의 방언(제주)."
    },
    "닉네임": {
        "word": "닉네임",
        "chosung": "ㄴㄴㅇ",
        "type": "명사",
        "mean": "'별명', '애칭'으로 순화."
    },
    "닉닉하다": {
        "word": "닉닉하다",
        "chosung": "ㄴㄴㅎㄷ",
        "type": "형용사",
        "mean": "［방언］'느끼하다'의 방언(평북)."
    },
    "닉다": {
        "word": "닉다",
        "chosung": "ㄴㄷ",
        "type": "동사",
        "mean": "［옛말］'익다'의 옛말."
    },
    "닉달하다": {
        "word": "닉달하다",
        "chosung": "ㄴㄷㅎㄷ",
        "type": "형용사",
        "mean": "［방언］'익숙하다'의 방언(평안)."
    },
    "닉먹다": {
        "word": "닉먹다",
        "chosung": "ㄴㅁㄷ",
        "type": "동사",
        "mean": "［방언］'숙달되다'의 방언(평북)."
    },
    "닉명": {
        "word": "닉명",
        "chosung": "ㄴㅁ",
        "type": "명사",
        "mean": "［북한어］'익명'의 북한어."
    },
    "닉명서": {
        "word": "닉명서",
        "chosung": "ㄴㅁㅅ",
        "type": "명사",
        "mean": "［북한어］'익명서'의 북한어."
    },
    "닉명투표": {
        "word": "닉명투표",
        "chosung": "ㄴㅁㅌㅍ",
        "type": "명사",
        "mean": "'익명 투표'의 북한어."
    },
    "닉몰": {
        "word": "닉몰",
        "chosung": "ㄴㅁ",
        "type": "명사",
        "mean": "［북한어］1. '익사(溺死)'의 북한어. 2. '익몰'의 북한어."
    },
    "닉비": {
        "word": "닉비",
        "chosung": "ㄴㅂ",
        "type": "명사",
        "mean": "'익비'의 북한어."
    },
    "닉사": {
        "word": "닉사",
        "chosung": "ㄴㅅ",
        "type": "명사",
        "mean": "［북한어］'익사'의 북한어."
    },
    "닉사자": {
        "word": "닉사자",
        "chosung": "ㄴㅅㅈ",
        "type": "명사",
        "mean": "［북한어］'익사자'의 북한어."
    },
    "닉숙다": {
        "word": "닉숙다",
        "chosung": "ㄴㅅㄷ",
        "type": "형용사",
        "mean": "［옛말］'익숙하다'의 옛말."
    },
    "닉스": {
        "word": "닉스",
        "chosung": "ㄴㅅ",
        "type": "명사",
        "mean": "=신흥 공업국.【newly industrializing countries】"
    },
    "닉슨": {
        "word": "닉슨",
        "chosung": "ㄴㅅ",
        "type": "명사",
        "mean": "미국의 제37대 대통령(1913~1994). '닉슨 독트린'을 제창하였고, 21년 동안이나 소원하였던 중국과 대화를 재개하고 소련과 무역 협정을 체결하는 등 외교 분야에서 많은 업적을 남겼으나, 1974년에 워터게이트 사건으로 대통령직을 사임하였다. 재임 기간은 1969~1974년이다."
    },
    "닉슨독트린": {
        "word": "닉슨독트린",
        "chosung": "ㄴㅅㄷㅌㄹ",
        "type": "명사",
        "mean": "1970년에 미국 대통령 닉슨이 의회에 보낸 외교 교서에서 밝힌, 아시아 안보에 관한 새로운 외교 전략. 우호국과의 협력, 미국의 중대 이익을 위협하는 국가에 대한 힘에 의한 대처, 평화를 위한 필요 조건으로서의 교섭 의무 따위를 기본 원칙으로 하고 있다. ≒닉슨 선언."
    },
    "닉슨선언": {
        "word": "닉슨선언",
        "chosung": "ㄴㅅㅅㅇ",
        "type": "명사",
        "mean": "=닉슨 독트린."
    },
    "닉애": {
        "word": "닉애",
        "chosung": "ㄴㅇ",
        "type": "명사",
        "mean": "［북한어］ '익애'의 북한어."
    },
    "닉음": {
        "word": "닉음",
        "chosung": "ㄴㅇ",
        "type": "명사",
        "mean": "［북한어］ '익음'의 북한어."
    },
    "닉직": {
        "word": "닉직",
        "chosung": "ㄴㅈ",
        "type": "명사",
        "mean": "［북한어］ '익직'의 북한어."
    }
}