{
    "님": {
        "word": "님",
        "chosung": "ㄴ",
        "type": "접사",
        "mean": "1. ｛직위나 신분을 나타내는 일부 명사 뒤에 붙어｝ '높임'의 뜻을 더하는 접미사."
    },
    "님금": {
        "word": "님금",
        "chosung": "ㄴㄱ",
        "type": "명사",
        "mean": "［옛말］'임금'의 옛말."
    },
    "님당하다": {
        "word": "님당하다",
        "chosung": "ㄴㄷㅎㄷ",
        "type": "동사",
        "mean": "［옛말］'임박하다'의 옛말."
    },
    "님루드": {
        "word": "님루드",
        "chosung": "ㄴㄹㄷ",
        "type": "명사",
        "mean": "이라크 북부의 니네베 남부에 있는, 아시리아 왕조의 고대 유적지. 암소 상·사자 상·날개 달린 인면 수신 상(人面獸身像) 따위가 수호하는 궁전이 많이 있고, 그 벽면은 부조(浮彫)와 설형 문자로 장식되어 있다. 이집트와 페니키아의 영향을 받은 것으로 보이는 왕좌, 가구, 장신구 따위가 많이 출토되었다."
    },
    "님바르카": {
        "word": "님바르카",
        "chosung": "ㄴㅂㄹㅋ",
        "type": "명사",
        "mean": "인도의 철학자(?~ ?). 베단타학파의 한 사람으로, 12세기에서 13세기 무렵 활동한 것으로 추정되며 범(梵)과 아(我)는 불일불이(不一不異)함을 주장하였다."
    },
    "님버스위성": {
        "word": "님버스위성",
        "chosung": "ㄴㅂㅅㅇㅅ",
        "type": "명사",
        "mean": "타이로스에 이어 발사된 미국의 기상 위성. 극 궤도를 돌아 지구 전역의 기상을 알 수 있으며, 텔레비전 카메라, 적외선 주사(走査) 장치, 자동 송상(送像) 장치가 되어 있다. 1966년에 에사(ESSA)가 발사되면서 타이로스와 님버스 위성의 활동은 중지되었다."
    },
    "님비": {
        "word": "님비",
        "chosung": "ㄴㅂ",
        "type": "명사",
        "mean": "공공의 이익에는 부합하지만 자신이 속한 지역에는 이롭지 아니한 일을 반대하는 이기적인 행동."
    },
    "님의침묵": {
        "word": "님의침묵",
        "chosung": "ㄴㅇㅊㅁ",
        "type": "명사",
        "mean": "한용운의 시집. 대표시 을 비롯하여 , , 등 90편의 시가 실려 있다. 대부분 불교적 비유와 고도의 상징적 수법으로 쓴 서정시로 일제에 대한 저항 의식과 애족(愛族)의 정신이 짙게 나타나 있다. 1926년에 간행되었다."
    },
    "님의혀다": {
        "word": "님의혀다",
        "chosung": "ㄴㅇㅎㄷ",
        "type": "동사",
        "mean": "［옛말］끌어 여미거나 앞에 두르다."
    },
    "님잫": {
        "word": "님잫",
        "chosung": "ㄴㅈ",
        "type": "명사",
        "mean": "［옛말］'임자'의 옛말. 휴지(休止) 앞에서는 'ㅎ'이 탈락하여 '님자'로 나타난다."
    },
    "님재": {
        "word": "님재",
        "chosung": "ㄴㅈ",
        "type": "대명사",
        "mean": "［방언］'자네'의 방언(평안)."
    },
    "님포마니아": {
        "word": "님포마니아",
        "chosung": "ㄴㅍㅁㄴㅇ",
        "type": "명사",
        "mean": "여성의 비정상적인 성욕 항진증(亢進症). 또는 그런 증상을 가진 여자."
    },
    "님프": {
        "word": "님프",
        "chosung": "ㄴㅍ",
        "type": "명사",
        "mean": "그리스 신화에 나오는 젊고 아름다운 여자 모습의 요정. 물·산야·수목과 같은 자연물에 깃들여 있다고 하는데, 자연물에 따라 그 이름이 다르다. 예를 들어 물의 요정은 오케아니데스(Okeanides), 산야의 요정은 오레아데스(Oreades), 수목의 요정은 드리아데스(Dryades)라고 이른다."
    }
}