{
    "닫": {
        "word": "닫",
        "chosung": "ㄷ",
        "type": "부사",
        "mean": "［옛말］'따로'의 옛말."
    },
    "닫개": {
        "word": "닫개",
        "chosung": "ㄷㄱ",
        "type": "명사",
        "mean": "［옛말］닫거나 덮는 뚜껑 따위의 물건."
    },
    "닫건니다": {
        "word": "닫건니다",
        "chosung": "ㄷㄱㄴㄷ",
        "type": "동사",
        "mean": "［옛말］'뛰어다니다'의 옛말."
    },
    "닫기다": {
        "word": "닫기다",
        "chosung": "ㄷㄱㄷ",
        "type": "동사",
        "mean": "［북한어］ '닫히다'의 북한어."
    },
    "닫긴계": {
        "word": "닫긴계",
        "chosung": "ㄷㄱㄱ",
        "type": "명사",
        "mean": "'닫힌계'의 북한어."
    },
    "닫긴곡선": {
        "word": "닫긴곡선",
        "chosung": "ㄷㄱㄱㅅ",
        "type": "명사",
        "mean": "'닫힌곡선'의 북한어."
    },
    "닫긴공형": {
        "word": "닫긴공형",
        "chosung": "ㄷㄱㄱㅎ",
        "type": "명사",
        "mean": "압연할 때 붕괴면으로 금속이 흘러나오지 못하게 막은 공형. 단면의 모양이 복잡한 형강에 쓴다. ※닫힌 공형."
    },
    "닫긴관묶음": {
        "word": "닫긴관묶음",
        "chosung": "ㄷㄱㄱㅁㅇ",
        "type": "명사",
        "mean": "'폐쇄 관다발'의 북한어. ※닫힌 관 묶음."
    },
    "닫긴관시험": {
        "word": "닫긴관시험",
        "chosung": "ㄷㄱㄱㅅㅎ",
        "type": "명사",
        "mean": "'폐관 시험'의 북한어. ※닫힌 관 시험."
    },
    "닫긴깃양복": {
        "word": "닫긴깃양복",
        "chosung": "ㄷㄱㄱㅇㅂ",
        "type": "명사",
        "mean": "［북한어］=닫긴옷. ※닫힌깃 양복."
    },
    "닫긴마디": {
        "word": "닫긴마디",
        "chosung": "ㄷㄱㅁㄷ",
        "type": "명사",
        "mean": "'폐음절'의 북한어. ※닫힌 마디."
    },
    "닫긴모음": {
        "word": "닫긴모음",
        "chosung": "ㄷㄱㅁㅇ",
        "type": "명사",
        "mean": "'폐모음'의 북한어. ※닫힌 모음."
    },
    "닫긴모임": {
        "word": "닫긴모임",
        "chosung": "ㄷㄱㅁㅇ",
        "type": "명사",
        "mean": "'폐집합'의 북한어. ※닫힌 모임."
    },
    "닫긴수": {
        "word": "닫긴수",
        "chosung": "ㄷㄱㅅ",
        "type": "명사",
        "mean": "'마법수'의 북한어. ※닫힌 수."
    },
    "닫긴열매": {
        "word": "닫긴열매",
        "chosung": "ㄷㄱㅇㅁ",
        "type": "명사",
        "mean": "'닫힌열매'의 북한어."
    },
    "닫긴옷": {
        "word": "닫긴옷",
        "chosung": "ㄷㄱㅇ",
        "type": "명사",
        "mean": "［북한어］깃과 앞섶을 젖히지 않고 위에서 아래까지 닫게 되어 있는 저고리. ≒닫긴깃양복. ※닫힌옷."
    },
    "닫긴전동기": {
        "word": "닫긴전동기",
        "chosung": "ㄷㄱㅈㄷㄱ",
        "type": "명사",
        "mean": "어떤 구조물을 둘러싼 겉면과 지지대가 완전히 닫히고 안과 바깥 사이에 바람이 통하지 않게 된 전동기. ※닫힌 전동기."
    },
    "닫긴전선": {
        "word": "닫긴전선",
        "chosung": "ㄷㄱㅈㅅ",
        "type": "명사",
        "mean": "'폐색 전선'의 북한어. ※닫힌 전선."
    },
    "닫긴전자각": {
        "word": "닫긴전자각",
        "chosung": "ㄷㄱㅈㅈㄱ",
        "type": "명사",
        "mean": "파울리의 배타 원리에서 허용하는 최대한의 전자가 채워진 전자 껍질. 헬륨, 네온, 아르곤과 같은 비활성 원소의 원자에서 나타난다. ※닫힌 전자각."
    },
    "닫긴전호": {
        "word": "닫긴전호",
        "chosung": "ㄷㄱㅈㅎ",
        "type": "북한어",
        "mean": "용제 아래에 있는 속줄과 소재 사이가 보호 가스로 둘러싸인 용접 전극. 또는 속줄과 소재 사이에서 얻어지는 용접 전호. ※닫힌 전호."
    },
    "닫긴항": {
        "word": "닫긴항",
        "chosung": "ㄷㄱㅎ",
        "type": "명사",
        "mean": "입구를 수문이나 갑문으로 막아서 밀물이나 썰물의 영향을 받지 않는 항만. ※닫힌 항."
    },
    "닫긴핵": {
        "word": "닫긴핵",
        "chosung": "ㄷㄱㅎ",
        "type": "명사",
        "mean": "양성자나 중성자의 수가 마법수와 같은 원자핵. ※닫힌 핵."
    },
    "닫긴호수": {
        "word": "닫긴호수",
        "chosung": "ㄷㄱㅎㅅ",
        "type": "명사",
        "mean": "'비방수호'의 북한어. ※닫힌 호수."
    },
    "닫긴회로": {
        "word": "닫긴회로",
        "chosung": "ㄷㄱㅎㄹ",
        "type": "명사",
        "mean": "이미 분쇄 작업을 거친 재료들 중에서 충분히 부서지지 않은 것을 가려내어 조작 과정을 다시 거치도록 되돌려 보내게 만든 기술 공정. 2. 《전기》'닫힌회로'의 북한어."
    },
    "닫긴회로조종체계": {
        "word": "닫긴회로조종체계",
        "chosung": "ㄷㄱㅎㄹㅈㅈㅊㄱ",
        "type": "명사",
        "mean": "제어 장치로 수행된 조작의 결과와 목표 값 사이의 편차에 따라 제어 동작이 진행되도록 신호 회로가 닫혀 있는 제어 시스템. 체계의 출력량이 입력부로 되돌아가서 비교된다. ※닫힌회로 조종 체계."
    },
    "닫긴회로텔레비죤": {
        "word": "닫긴회로텔레비죤",
        "chosung": "ㄷㄱㅎㄹㅌㄹㅂㅈ",
        "type": "명사",
        "mean": "'폐회로 텔레비전'의 북한어. ※닫힌회로 텔레비전."
    },
    "닫김생태계": {
        "word": "닫김생태계",
        "chosung": "ㄷㄱㅅㅌㄱ",
        "type": "명사",
        "mean": "외부와 차단된 상태에서 생물이 살 수 있는 생태계. 인공위성, 우주 로켓에 사는 생물의 생태계 따위가 이에 속한다. ※닫힘 생태계."
    },
    "닫김소리": {
        "word": "닫김소리",
        "chosung": "ㄷㄱㅅㄹ",
        "type": "명사",
        "mean": "'폐쇄음'의 북한어. ※닫힘 소리."
    },
    "닫김식": {
        "word": "닫김식",
        "chosung": "ㄷㄱㅅ",
        "type": "명사",
        "mean": "전류가 흐를 수 있도록 닫혀 있는 방식. ≒닫힘식(-式)."
    },
    "닫김식구멍뚫기": {
        "word": "닫김식구멍뚫기",
        "chosung": "ㄷㄱㅅㄱㅁㄸㄱ",
        "type": "명사",
        "mean": "소재의 옆면이 받침대에 의지되면서 뚫리는 추공(錐孔). ※닫힘식 구멍뚫기."
    },
    "닫김식궤도회로": {
        "word": "닫김식궤도회로",
        "chosung": "ㄷㄱㅅㄱㄷㅎㄹ",
        "type": "명사",
        "mean": "열차나 차량이 없는 경우 항상 전류가 흐를 수 있게 닫혀 있는 궤도 회로. 철길을 포함한 모든 궤도 회로 요소들의 정상 상태를 늘 검사할 수 있으므로 궤도 회로 동작의 신뢰도를 높여 준다. ※닫힘식 궤도 회로."
    },
    "닫는살": {
        "word": "닫는살",
        "chosung": "ㄷㄴㅅ",
        "type": "명사",
        "mean": "조개 따위에서 두 짝의 껍데기를 닫게 하는 힘살."
    },
    "닫니다": {
        "word": "닫니다",
        "chosung": "ㄷㄴㄷ",
        "type": "동사",
        "mean": "［옛말］'다니다'의 옛말."
    },
    "닫닐다": {
        "word": "닫닐다",
        "chosung": "ㄷㄴㄷ",
        "type": "동사",
        "mean": "［옛말］뛰어 일어나다."
    },
    "닫다": {
        "word": "닫다",
        "chosung": "ㄷㄷ",
        "type": "동사",
        "mean": "［옛말］'닫다'의 옛말."
    },
    "닫닫하다": {
        "word": "닫닫하다",
        "chosung": "ㄷㄷㅎㄷ",
        "type": "형용사",
        "mean": "［옛말］'딱딱하다'의 옛말."
    },
    "닫디라다": {
        "word": "닫디라다",
        "chosung": "ㄷㄷㄹㄷ",
        "type": "동사",
        "mean": "［옛말］달려들어 지르다. 지르며 닫다. 모음으로 시작되는 어미 앞에서 '□딜-'로 나타난다."
    },
    "닫아걸다": {
        "word": "닫아걸다",
        "chosung": "ㄷㅇㄱㄷ",
        "type": "동사",
        "mean": "『…을』 문이나 창 따위를 닫고 잠그다."
    },
    "닫아매다": {
        "word": "닫아매다",
        "chosung": "ㄷㅇㅁㄷ",
        "type": "동사",
        "mean": "1. '닫아걸다'의 잘못. 2. ［북한어］'닫아걸다'의 북한어."
    },
    "닫아물다": {
        "word": "닫아물다",
        "chosung": "ㄷㅇㅁㄷ",
        "type": "동사",
        "mean": "［북한어］힘을 주어 다물다."
    },
    "닫아부치다": {
        "word": "닫아부치다",
        "chosung": "ㄷㅇㅂㅊㄷ",
        "type": "동사",
        "mean": "［북한어］힘있게 닫다."
    },
    "닫은홀소리": {
        "word": "닫은홀소리",
        "chosung": "ㄷㅇㅎㅅㄹ",
        "type": "명사",
        "mean": "=고모음(高母音)."
    },
    "닫음소리": {
        "word": "닫음소리",
        "chosung": "ㄷㅇㅅㄹ",
        "type": "명사",
        "mean": "=파열음."
    },
    "닫줄": {
        "word": "닫줄",
        "chosung": "ㄷㅈ",
        "type": "명사",
        "mean": "［옛말］'닻줄'의 옛말."
    },
    "닫즈우리다": {
        "word": "닫즈우리다",
        "chosung": "ㄷㅈㅇㄹㄷ",
        "type": "동사",
        "mean": "［옛말］'달음질치다'의 옛말."
    },
    "닫집": {
        "word": "닫집",
        "chosung": "ㄷㅈ",
        "type": "명사",
        "mean": "《건설》궁전 안의 옥좌 위나 법당의 불좌 위에 만들어 다는 집 모형. ≒감실(龕室)·감실장·당가(唐家)."
    },
    "닫치다": {
        "word": "닫치다",
        "chosung": "ㄷㅊㄷ",
        "type": "처",
        "mean": "), -치니〕［동사］『…을』 1. 열린 문짝, 뚜껑, 서랍 따위를 꼭꼭 또는 세게 닫다."
    },
    "닫히다": {
        "word": "닫히다",
        "chosung": "ㄷㅎㄷ",
        "type": "동사",
        "mean": "1. '닫다'의 피동사."
    },
    "닫힌계": {
        "word": "닫힌계",
        "chosung": "ㄷㅎㄱ",
        "type": "명사",
        "mean": "외부와 에너지 교환을 하지 않는 계. ≒폐쇄계."
    },
    "닫힌곡면": {
        "word": "닫힌곡면",
        "chosung": "ㄷㅎㄱㅁ",
        "type": "명사",
        "mean": "=폐곡면."
    },
    "닫힌곡선": {
        "word": "닫힌곡선",
        "chosung": "ㄷㅎㄱㅅ",
        "type": "명사",
        "mean": "=폐곡선."
    },
    "닫힌구간": {
        "word": "닫힌구간",
        "chosung": "ㄷㅎㄱㄱ",
        "type": "명사",
        "mean": "=폐구간."
    },
    "닫힌낱내": {
        "word": "닫힌낱내",
        "chosung": "ㄷㅎㄴㄴ",
        "type": "명사",
        "mean": "=폐음절."
    },
    "닫힌도덕": {
        "word": "닫힌도덕",
        "chosung": "ㄷㅎㄷㄷ",
        "type": "명사",
        "mean": "《철학》베르그송의 철학에서, 가족이나 사회·나라에 대해 갖게 되는 어떤 의무 의식과 같은, 억압적인 성격의 도덕을 이르는 말."
    },
    "닫힌모음": {
        "word": "닫힌모음",
        "chosung": "ㄷㅎㅁㅇ",
        "type": "명사",
        "mean": "'폐모음'의 북한어."
    },
    "닫힌사회": {
        "word": "닫힌사회",
        "chosung": "ㄷㅎㅅㅎ",
        "type": "명사",
        "mean": "베르그송의 철학에서, 집단의 성원이 내부적으로만 긴밀한 관계를 가지고, 그 집단 밖에 대하여는 배타적인 태도를 취하는 씨족, 도시, 나라 따위의 제반 사회 형태를 이르는 말."
    },
    "닫힌열매": {
        "word": "닫힌열매",
        "chosung": "ㄷㅎㅇㅁ",
        "type": "명사",
        "mean": "=폐과(閉果)."
    },
    "닫힌음절": {
        "word": "닫힌음절",
        "chosung": "ㄷㅎㅇㅈ",
        "type": "명사",
        "mean": "=폐음절."
    },
    "닫힌전선": {
        "word": "닫힌전선",
        "chosung": "ㄷㅎㅈㅅ",
        "type": "명사",
        "mean": "'폐색 전선'의 북한어."
    },
    "닫힌집합": {
        "word": "닫힌집합",
        "chosung": "ㄷㅎㅈㅎ",
        "type": "명사",
        "mean": "《수학》=폐집합."
    },
    "닫힌피복": {
        "word": "닫힌피복",
        "chosung": "ㄷㅎㅍㅂ",
        "type": "명사",
        "mean": "《수학》=폐피복."
    },
    "닫힌핏줄계": {
        "word": "닫힌핏줄계",
        "chosung": "ㄷㅎㅍㅈㄱ",
        "type": "명사",
        "mean": "=폐쇄 혈관계."
    },
    "닫힌회로": {
        "word": "닫힌회로",
        "chosung": "ㄷㅎㅎㄹ",
        "type": "명사",
        "mean": "전기 회로에서, 전류가 계속 흐르고 있는 회로. ≒폐로(閉路)·폐회로."
    },
    "닫힘식": {
        "word": "닫힘식",
        "chosung": "ㄷㅎㅅ",
        "type": "명사",
        "mean": "=닫김식."
    }
}