{
    "닮기": {
        "word": "닮기",
        "chosung": "ㄷㄱ",
        "type": "명사",
        "mean": "'음운 동화'의 북한어."
    },
    "닮다": {
        "word": "닮다",
        "chosung": "ㄷㄷ",
        "type": "동사",
        "mean": "1. 『(…과)』『…을』｛'…과'가 나타나지 않을 때는 여럿임을 뜻하는 말이 주어로 온다｝ 사람 또는 사물의 생김새나 성질 따위가 다른 사람이나 사물과 서로 비슷하다."
    },
    "닮은꼴": {
        "word": "닮은꼴",
        "chosung": "ㄷㅇㄲ",
        "type": "명사",
        "mean": "크기만 다르고 모양이 같은 둘 이상의 도형. ≒상사 도형·상사형."
    },
    "닮은꽃덮이꽃": {
        "word": "닮은꽃덮이꽃",
        "chosung": "ㄷㅇㄲㄷㅇㄲ",
        "type": "명사",
        "mean": "《식물》=등피화."
    },
    "닮은비": {
        "word": "닮은비",
        "chosung": "ㄷㅇㅂ",
        "type": "명사",
        "mean": "=닮음비."
    },
    "닮음": {
        "word": "닮음",
        "chosung": "ㄷㅇ",
        "type": "명사",
        "mean": "《생물》'상사(相似)'의 북한어."
    },
    "닮음기관": {
        "word": "닮음기관",
        "chosung": "ㄷㅇㄱㄱ",
        "type": "명사",
        "mean": "'상사 기관'의 북한어."
    },
    "닮음다각형": {
        "word": "닮음다각형",
        "chosung": "ㄷㅇㄷㄱㅎ",
        "type": "명사",
        "mean": "'상사 다각형'의 북한어."
    },
    "닮음도형": {
        "word": "닮음도형",
        "chosung": "ㄷㅇㄷㅎ",
        "type": "명사",
        "mean": "'닮은꼴'의 북한어."
    },
    "닮음법": {
        "word": "닮음법",
        "chosung": "ㄷㅇㅂ",
        "type": "명사",
        "mean": "'상사법'의 북한어."
    },
    "닮음변환": {
        "word": "닮음변환",
        "chosung": "ㄷㅇㅂㅎ",
        "type": "명사",
        "mean": "평면 또는 공간에 있는 도형을 닮은꼴로 변환하는 일. 한 도형을 확대하거나 축소한 도형도 이에 속한다. ≒상사 변환(相似變換)."
    },
    "닮음비": {
        "word": "닮음비",
        "chosung": "ㄷㅇㅂ",
        "type": "명사",
        "mean": "닮은꼴의 관계에 있는 도형에서 대응하는 두 선분의 비. ≒닮은비·상사비."
    },
    "닮음중심": {
        "word": "닮음중심",
        "chosung": "ㄷㅇㅈㅅ",
        "type": "명사",
        "mean": "'상사 중심'의 북한어."
    }
}