{
    "답": {
        "word": "답",
        "chosung": "ㄷ",
        "type": "명사",
        "mean": "1. =대답(對答)."
    },
    "답ㅅ갑다": {
        "word": "답ㅅ갑다",
        "chosung": "ㄷㅅㄱㄷ",
        "type": "형용사",
        "mean": "［옛말］'답답하다'의 옛말."
    },
    "답ㅅ기다": {
        "word": "답ㅅ기다",
        "chosung": "ㄷㅅㄱㄷ",
        "type": "동사",
        "mean": "［옛말］답답하게 여기다."
    },
    "답가": {
        "word": "답가",
        "chosung": "ㄷㄱ",
        "type": "명사",
        "mean": "발로 땅바닥을 구르며 장단을 맞추어 노래함. 또는 그런 노래."
    },
    "답간": {
        "word": "답간",
        "chosung": "ㄷㄱ",
        "type": "명사",
        "mean": "=답장(答狀)."
    },
    "답감": {
        "word": "답감",
        "chosung": "ㄷㄱ",
        "type": "명사",
        "mean": "=답사(踏査)."
    },
    "답결": {
        "word": "답결",
        "chosung": "ㄷㄱ",
        "type": "명사",
        "mean": "논에 대하여 매기는 세금."
    },
    "답계": {
        "word": "답계",
        "chosung": "ㄷㄱ",
        "type": "명사",
        "mean": "임금이 결재하던 일. 또는 그런 결재. '계(啓)' 자를 새긴 나무 도장을 찍는다는 뜻이다."
    },
    "답곡": {
        "word": "답곡",
        "chosung": "ㄷㄱ",
        "type": "명사",
        "mean": "=논곡식."
    },
    "답교": {
        "word": "답교",
        "chosung": "ㄷㄱ",
        "type": "명사",
        "mean": "=다리밟기."
    },
    "답교놀이": {
        "word": "답교놀이",
        "chosung": "ㄷㄱㄴㅇ",
        "type": "명사",
        "mean": "=다리밟기."
    },
    "답구": {
        "word": "답구",
        "chosung": "ㄷㄱ",
        "type": "명사",
        "mean": "=디딜방아."
    },
    "답구희": {
        "word": "답구희",
        "chosung": "ㄷㄱㅎ",
        "type": "명사",
        "mean": "=호선무."
    },
    "답국": {
        "word": "답국",
        "chosung": "ㄷㄱ",
        "type": "명사",
        "mean": "=축국(蹴鞠)."
    },
    "답권": {
        "word": "답권",
        "chosung": "ㄷㄱ",
        "type": "명사",
        "mean": "=논문서."
    },
    "답농": {
        "word": "답농",
        "chosung": "ㄷㄴ",
        "type": "명사",
        "mean": "=논농사."
    },
    "답니까": {
        "word": "답니까",
        "chosung": "ㄷㄴㄲ",
        "type": "어미",
        "mean": "합쇼할 자리에 쓰여, 어떤 사실이 주어졌다고 치고 그 사실에 대한 의문을 나타내는 종결 어미. 놀라거나 못마땅하게 여기는 뜻이 섞여 있다."
    },
    "답니다": {
        "word": "답니다",
        "chosung": "ㄷㄴㄷ",
        "type": "어미",
        "mean": "합쇼할 자리에 쓰여, 화자가 이미 알고 있는 것을 객관화하여 청자에게 일러 줌을 나타내는 종결 어미. 친근하게 가르쳐 주거나 자랑하는 따위의 뜻이 섞여 있다."
    },
    "답다": {
        "word": "답다",
        "chosung": "ㄷㄷ",
        "type": "형용사",
        "mean": "［옛말］'같다'의 옛말."
    },
    "답다비": {
        "word": "답다비",
        "chosung": "ㄷㄷㅂ",
        "type": "부사",
        "mean": "［옛말］'답답히'의 옛말."
    },
    "답달": {
        "word": "답달",
        "chosung": "ㄷㄷ",
        "type": "명사",
        "mean": "［방언］'닦달'의 방언(제주)."
    },
    "답답": {
        "word": "답답",
        "chosung": "ㄷㄷ",
        "type": "명사",
        "mean": "'답답하다'의 어근."
    },
    "답답이": {
        "word": "답답이",
        "chosung": "ㄷㄷㅇ",
        "type": "명사",
        "mean": "사리를 분별할 줄 모르거나 약삭빠르지 못하여 생각이나 행동이 갑갑하게 보이는 사람."
    },
    "답답증": {
        "word": "답답증",
        "chosung": "ㄷㄷㅈ",
        "type": "명사",
        "mean": "가슴속이 갑갑하거나 안타깝거나 하여 죄어드는 듯한 느낌."
    },
    "답답하다": {
        "word": "답답하다",
        "chosung": "ㄷㄷㅎㄷ",
        "type": "형용사",
        "mean": "［옛말］'답답하다'의 옛말."
    },
    "답도리": {
        "word": "답도리",
        "chosung": "ㄷㄷㄹ",
        "type": "명사",
        "mean": "［방언］'잡도리'의 방언(제주)."
    },
    "답디까": {
        "word": "답디까",
        "chosung": "ㄷㄷㄲ",
        "type": "명사",
        "mean": "｛형용사 어간이나 어미 '-으시-', '-었-', '-겠-' 뒤에 붙어｝ '-다고 합디까'가 줄어든 말."
    },
    "답디다": {
        "word": "답디다",
        "chosung": "ㄷㄷㄷ",
        "type": "명사",
        "mean": "｛형용사 어간이나 어미 '-으시-', '-었-', '-겠-' 뒤에 붙어｝ '-다고 합디다'가 줄어든 말."
    },
    "답랍고": {
        "word": "답랍고",
        "chosung": "ㄷㄹㄱ",
        "type": "명사",
        "mean": "중국 수나라·당나라 때에 사용하던, 가죽을 문질러서 소리를 내는 북. 고차 지방과 인도의 춤 음악에 쓰였다. ≒개고(□鼓)."
    },
    "답례": {
        "word": "답례",
        "chosung": "ㄷㄹ",
        "type": "명사",
        "mean": "말, 동작, 물건 따위로 남에게서 받은 예(禮)를 도로 갚음. 또는 그 예. ≒답인사."
    },
    "답례품": {
        "word": "답례품",
        "chosung": "ㄷㄹㅍ",
        "type": "명사",
        "mean": "감사의 표시로 주는 물건."
    },
    "답릉": {
        "word": "답릉",
        "chosung": "ㄷㄹ",
        "type": "명사",
        "mean": "남에게 업신여김을 받음."
    },
    "답리작": {
        "word": "답리작",
        "chosung": "ㄷㄹㅈ",
        "type": "명사",
        "mean": "《농업》=뒷갈이."
    },
    "답면": {
        "word": "답면",
        "chosung": "ㄷㅁ",
        "type": "명사",
        "mean": "［북한어］'논바닥'의 북한어."
    },
    "답무": {
        "word": "답무",
        "chosung": "ㄷㅁ",
        "type": "명사",
        "mean": "발로 장단을 맞추면서 춤을 춤. 또는 그 춤."
    },
    "답문": {
        "word": "답문",
        "chosung": "ㄷㅁ",
        "type": "명사",
        "mean": "1. 물음에 대답함. 2. 물음에 답하는 내용을 적은 문서."
    },
    "답방": {
        "word": "답방",
        "chosung": "ㄷㅂ",
        "type": "명사",
        "mean": "다른 사람의 방문에 대한 답례로 방문함. 또는 그런 방문."
    },
    "답배": {
        "word": "답배",
        "chosung": "ㄷㅂ",
        "type": "명사",
        "mean": "신분이 낮은 사람에게 답장을 보냄. 또는 그 답장."
    },
    "답변": {
        "word": "답변",
        "chosung": "ㄷㅂ",
        "type": "명사",
        "mean": "물음에 대하여 밝혀 대답함. 또는 그런 대답."
    },
    "답변서": {
        "word": "답변서",
        "chosung": "ㄷㅂㅅ",
        "type": "명사",
        "mean": "민사 소송에서, 피고가 원고(原告)의 소장(訴狀) 따위에 대한 반대의 신청이나 그 이유 따위를 적어서 제출하는 문서. 3. 《법률》형사 소송에서, 항소인이 제출한 항소 이유서 따위에 대응하여 상대편이 제출하는 문서."
    },
    "답변자": {
        "word": "답변자",
        "chosung": "ㄷㅂㅈ",
        "type": "명사",
        "mean": "묻는 말에 대하여 밝혀 답하는 사람."
    },
    "답보": {
        "word": "답보",
        "chosung": "ㄷㅂ",
        "type": "명사",
        "mean": "'답치기'의 잘못."
    },
    "답브": {
        "word": "답브",
        "chosung": "ㄷㅂ",
        "type": "명사",
        "mean": "'나사 탭'의 북한어. ※탭."
    },
    "답사": {
        "word": "답사",
        "chosung": "ㄷㅅ",
        "type": "명사",
        "mean": "현장에 가서 직접 보고 조사함. ≒답감(踏勘)."
    },
    "답사각": {
        "word": "답사각",
        "chosung": "ㄷㅅㄱ",
        "type": "명사",
        "mean": "［북한어］답사자들을 위한 각."
    },
    "답사단": {
        "word": "답사단",
        "chosung": "ㄷㅅㄷ",
        "type": "명사",
        "mean": "답사하기 위하여 모인 단체."
    },
    "답사대": {
        "word": "답사대",
        "chosung": "ㄷㅅㄷ",
        "type": "명사",
        "mean": "답사하기 위하여 조직한 집단."
    },
    "답사숙영각": {
        "word": "답사숙영각",
        "chosung": "ㄷㅅㅅㅇㄱ",
        "type": "명사",
        "mean": "［북한어］답사생들이 숙영할 수 있도록 시설을 갖춘 각."
    },
    "답사행가무": {
        "word": "답사행가무",
        "chosung": "ㄷㅅㅎㄱㅁ",
        "type": "명사",
        "mean": "고려 시대에, 중국 송나라에서 들어온 당악 정재(唐樂呈才)의 하나."
    },
    "답사히다": {
        "word": "답사히다",
        "chosung": "ㄷㅅㅎㄷ",
        "type": "동사",
        "mean": "［옛말］'답쌓이다'의 옛말."
    },
    "답삭": {
        "word": "답삭",
        "chosung": "ㄷㅅ",
        "type": "명사",
        "mean": "《민속》=줄타기."
    },
    "답삭나룻": {
        "word": "답삭나룻",
        "chosung": "ㄷㅅㄴㄹ",
        "type": "명사",
        "mean": "짧고 다보록하게 난 수염."
    },
    "답삭답삭": {
        "word": "답삭답삭",
        "chosung": "ㄷㅅㄷㅅ",
        "type": "부사",
        "mean": "자꾸 왈칵 달려들어 냉큼 물거나 움켜잡는 모양."
    },
    "답삭희": {
        "word": "답삭희",
        "chosung": "ㄷㅅㅎ",
        "type": "명사",
        "mean": "=줄타기."
    },
    "답산": {
        "word": "답산",
        "chosung": "ㄷㅅ",
        "type": "명사",
        "mean": "1. 묏자리를 잡으려고 산을 돌아봄. 2. ［북한어］연구하거나 관찰하기 위하여 산을 돌아다님."
    },
    "답살": {
        "word": "답살",
        "chosung": "ㄷㅅ",
        "type": "명사",
        "mean": "짓밟아서 죽임."
    },
    "답삿길": {
        "word": "답삿길",
        "chosung": "ㄷㅅㄱ",
        "type": "명사",
        "mean": "답사하기 위하여 떠나는 길."
    },
    "답샇다": {
        "word": "답샇다",
        "chosung": "ㄷㅅㄷ",
        "type": "동사",
        "mean": "［옛말］한군데 덮쳐서 쌓다."
    },
    "답새": {
        "word": "답새",
        "chosung": "ㄷㅅ",
        "type": "명사",
        "mean": "신령이나 부처에게 보답하기 위하여 제사를 지냄. 또는 그 제사."
    },
    "답새기다": {
        "word": "답새기다",
        "chosung": "ㄷㅅㄱㄷ",
        "type": "동사",
        "mean": "［북한어］1. (강조하여) 어떤 대상을 몹시 두들겨 패거나 다그치다. 2. (강조하여) 어떤 대상을 냅다 족치다."
    },
    "답새다": {
        "word": "답새다",
        "chosung": "ㄷㅅㄷ",
        "type": "동사",
        "mean": "［북한어］1. 어떤 대상을 몹시 두들겨 패거나 다그치다. ≒답새우다. 2. 어떤 대상을 냅다 족치다. ≒답새우다."
    },
    "답새우다": {
        "word": "답새우다",
        "chosung": "ㄷㅅㅇㄷ",
        "type": "동사",
        "mean": "［북한어］1. =답새다. 2. =답새다."
    },
    "답서": {
        "word": "답서",
        "chosung": "ㄷㅅ",
        "type": "명사",
        "mean": "=답장(答狀)."
    },
    "답세기": {
        "word": "답세기",
        "chosung": "ㄷㅅㄱ",
        "type": "명사",
        "mean": "잘게 부스러진 짚 따위의 찌꺼기."
    },
    "답세다": {
        "word": "답세다",
        "chosung": "ㄷㅅㄷ",
        "type": "형용사",
        "mean": "'고달프다'의 잘못."
    },
    "답쇄": {
        "word": "답쇄",
        "chosung": "ㄷㅅ",
        "type": "명사",
        "mean": "밟아서 부숨."
    },
    "답수": {
        "word": "답수",
        "chosung": "ㄷㅅ",
        "type": "명사",
        "mean": "=수답(酬答)."
    },
    "답숙": {
        "word": "답숙",
        "chosung": "ㄷㅅ",
        "type": "부사",
        "mean": "［북한어］털이나 풀 따위가 총총하고 배게 나 있는 모양."
    },
    "답습": {
        "word": "답습",
        "chosung": "ㄷㅅ",
        "type": "명사",
        "mean": "예로부터 해 오던 방식이나 수법을 좇아 그대로 행함. ≒습답(襲踏)."
    },
    "답시고": {
        "word": "답시고",
        "chosung": "ㄷㅅㄱ",
        "type": "어미",
        "mean": "｛형용사 어간이나 어미 '-으시-', '-었-', '-겠-' 뒤에 붙어｝ 주어는 앞절을 뒷절의 마땅한 까닭이나 근거로 내세우지만, 화자는 이를 못마땅해 하거나 얕잡아 봄을 나타내는 연결 어미."
    },
    "답신": {
        "word": "답신",
        "chosung": "ㄷㅅ",
        "type": "명사",
        "mean": "1. 상부나 상사의 물음에 대하여 의견이나 사실을 진술하여 보고함. 또는 그런 보고. 2. 자문 기관이 행정 기관의 자문에 응하여 의견을 진술함. 또는 그런 진술. '대답'으로 순화."
    },
    "답신서": {
        "word": "답신서",
        "chosung": "ㄷㅅㅅ",
        "type": "명사",
        "mean": "관청 따위에서 묻는 물음에 대하여 답신하는 문서."
    },
    "답신안": {
        "word": "답신안",
        "chosung": "ㄷㅅㅇ",
        "type": "명사",
        "mean": "1. 문의한 사항에 대하여 답신하는 안건. 2. 답신할 내용의 초안."
    },
    "답실답실": {
        "word": "답실답실",
        "chosung": "ㄷㅅㄷㅅ",
        "type": "부사",
        "mean": "［북한어］머리카락이나 수염 따위가 꽤 돋아나 있는 모양."
    },
    "답싸리": {
        "word": "답싸리",
        "chosung": "ㄷㅆㄹ",
        "type": "명사",
        "mean": "'댑싸리'의 잘못."
    },
    "답쌓이다": {
        "word": "답쌓이다",
        "chosung": "ㄷㅆㅇㄷ",
        "type": "동사",
        "mean": "『…에』1. 한군데로 들이덮쳐서 쌓이다."
    },
    "답쌔기": {
        "word": "답쌔기",
        "chosung": "ㄷㅆㄱ",
        "type": "명사",
        "mean": " 사람이나 사물 따위가 한군데 많이 모여 있는 것."
    },
    "답쌔다": {
        "word": "답쌔다",
        "chosung": "ㄷㅆㄷ",
        "type": "동사",
        "mean": "［북한어］'답쌓이다'의 북한어."
    },
    "답쎄다": {
        "word": "답쎄다",
        "chosung": "ㄷㅆㄷ",
        "type": "동사",
        "mean": "［방언］'잡도리하다'의 방언(평북)."
    },
    "답안": {
        "word": "답안",
        "chosung": "ㄷㅇ",
        "type": "명사",
        "mean": "문제의 해답. 또는 그 해답을 쓴 것."
    },
    "답안지": {
        "word": "답안지",
        "chosung": "ㄷㅇㅈ",
        "type": "명사",
        "mean": "문제의 해답을 쓰는 종이. ≒답지(答紙)."
    },
    "답압": {
        "word": "답압",
        "chosung": "ㄷㅇ",
        "type": "명사",
        "mean": "《농업》1. 보리밭 따위의 농경지가 얼어 부풀어 오르는 것을 막기 위하여 밟아 주는 일. 2. =보리밟기."
    },
    "답압기": {
        "word": "답압기",
        "chosung": "ㄷㅇㄱ",
        "type": "명사",
        "mean": "보리밭 따위의 농경지가 겨울에 얼어 부풀어 올랐을 때 눌러 주는 농기구."
    },
    "답언": {
        "word": "답언",
        "chosung": "ㄷㅇ",
        "type": "명사",
        "mean": "대답으로 말함. 또는 그렇게 하는 말."
    },
    "답엽": {
        "word": "답엽",
        "chosung": "ㄷㅇ",
        "type": "명사",
        "mean": "낙엽을 밟으며 거닒."
    },
    "답월": {
        "word": "답월",
        "chosung": "ㄷㅇ",
        "type": "명사",
        "mean": "달밤에 거닒. 또는 그런 걸음."
    },
    "답읍": {
        "word": "답읍",
        "chosung": "ㄷㅇ",
        "type": "명사",
        "mean": "답례로 두 손을 마주 잡고 서서 허리를 굽혀 공손히 절함. 또는 그런 절."
    },
    "답응": {
        "word": "답응",
        "chosung": "ㄷㅇ",
        "type": "명사",
        "mean": "=응답(應答)."
    },
    "답인": {
        "word": "답인",
        "chosung": "ㄷㅇ",
        "type": "명사",
        "mean": "관인(官印)을 찍음. ≒개인(蓋印)·타인(打印)."
    },
    "답인사": {
        "word": "답인사",
        "chosung": "ㄷㅇㅅ",
        "type": "명사",
        "mean": "=답례(答禮)."
    },
    "답작": {
        "word": "답작",
        "chosung": "ㄷㅈ",
        "type": "명사",
        "mean": "'답작거리다'의 어근."
    },
    "답작답작": {
        "word": "답작답작",
        "chosung": "ㄷㅈㄷㅈ",
        "type": "부사",
        "mean": "1. 무슨 일에나 조금 가리지 않고 자꾸 참견하는 모양."
    },
    "답잡": {
        "word": "답잡",
        "chosung": "ㄷㅈ",
        "type": "명사",
        "mean": "沓雜 '답잡하다'의 어근."
    },
    "답장": {
        "word": "답장",
        "chosung": "ㄷㅈ",
        "type": "명사",
        "mean": "회답하는 편지. ≒답간(答簡)·답서(答書)·답찰(答札)·반찰·반한(返翰)·보서(報書)·복서(復書)·회서(回書)·회한(回翰)."
    },
    "답쟝": {
        "word": "답쟝",
        "chosung": "ㄷㅈ",
        "type": "명사",
        "mean": "［옛말］'등상(□床)'의 옛말."
    },
    "답전": {
        "word": "답전",
        "chosung": "ㄷㅈ",
        "type": "명사",
        "mean": " 전보로 회답함. 또는 그 전보. ≒반전(返電)·회전(回電)."
    },
    "답전갈": {
        "word": "답전갈",
        "chosung": "ㄷㅈㄱ",
        "type": "명사",
        "mean": "사람을 시켜서 대답을 전함. 또는 그 대답."
    },
    "답절": {
        "word": "답절",
        "chosung": "ㄷㅈ",
        "type": "명사",
        "mean": "［북한어］'답배(答拜)'의 북한어."
    },
    "답정굿": {
        "word": "답정굿",
        "chosung": "ㄷㅈㄱ",
        "type": "명사",
        "mean": "《민속》=지신밟기."
    },
    "답조": {
        "word": "답조",
        "chosung": "ㄷㅈ",
        "type": "명사",
        "mean": "답하여 곡을 함."
    },
    "답조회": {
        "word": "답조회",
        "chosung": "ㄷㅈㅎ",
        "type": "명사",
        "mean": "무엇을 묻는 공문에 대하여 답을 함. 또는 그 답."
    },
    "답종": {
        "word": "답종",
        "chosung": "ㄷㅈ",
        "type": "명사",
        "mean": "밟히어 생긴 종기."
    },
    "답주": {
        "word": "답주",
        "chosung": "ㄷㅈ",
        "type": "명사",
        "mean": "=논임자."
    },
    "답중악": {
        "word": "답중악",
        "chosung": "ㄷㅈㅇ",
        "type": "명사",
        "mean": "《음악》=들노래."
    },
    "답지": {
        "word": "답지",
        "chosung": "ㄷㅈ",
        "type": "명사",
        "mean": "한군데로 몰려들거나 몰려옴. ≒지답(至遝)."
    },
    "답지다": {
        "word": "답지다",
        "chosung": "ㄷㅈㄷ",
        "type": "동사",
        "mean": "［방언］먹은 것이 잘 삭지 아니하여 가슴 속이 깐깐하고 괴로워 못 견디다(제주)."
    },
    "답찰": {
        "word": "답찰",
        "chosung": "ㄷㅊ",
        "type": "명사",
        "mean": "=답장(答狀)."
    },
    "답척": {
        "word": "답척",
        "chosung": "ㄷㅊ",
        "type": "명사",
        "mean": "묘지의 거리를 잴 때 땅의 높고 낮음을 따라서 줄을 땅바닥에 붙이고 치수를 헤아림."
    },
    "답청": {
        "word": "답청",
        "chosung": "ㄷㅊ",
        "type": "명사",
        "mean": "1. 봄에 파랗게 난 풀을 밟으며 산책함. 또는 그런 산책. ≒청답(靑踏)."
    },
    "답청절": {
        "word": "답청절",
        "chosung": "ㄷㅊㅈ",
        "type": "명사",
        "mean": "'삼짇날'을 달리 이르는 말. 이날 들에 나가 파랗게 난 풀을 밟는 풍습이 있는 데서 유래한다."
    },
    "답청철": {
        "word": "답청철",
        "chosung": "ㄷㅊㅊ",
        "type": "명사",
        "mean": "파랗게 난 풀을 밟으며 산책하는 봄철."
    },
    "답측": {
        "word": "답측",
        "chosung": "ㄷㅊ",
        "type": "명사",
        "mean": "현장에 가서 측량함. 또는 그런 측량."
    },
    "답치기": {
        "word": "답치기",
        "chosung": "ㄷㅊㄱ",
        "type": "명사",
        "mean": "질서 없이 함부로 덤벼들거나 생각 없이 덮어놓고 하는 짓."
    },
    "답토": {
        "word": "답토",
        "chosung": "ㄷㅌ",
        "type": "명사",
        "mean": "논으로 된 토지."
    },
    "답통": {
        "word": "답통",
        "chosung": "ㄷㅌ",
        "type": "명사",
        "mean": " 여러 사람에게 알리는 통지문에 대하여 회답함. 또는 그런 회답."
    },
    "답파": {
        "word": "답파",
        "chosung": "ㄷㅍ",
        "type": "명사",
        "mean": "험한 길이나 먼 길을 끝까지 걸어서 돌파함. ≒도파(蹈破)."
    },
    "답판": {
        "word": "답판",
        "chosung": "ㄷㅍ",
        "type": "명사",
        "mean": "［북한어］'페달'의 북한어."
    },
    "답평": {
        "word": "답평",
        "chosung": "ㄷㅍ",
        "type": "명사",
        "mean": "［북한어］1. 밟아서 평평하게 만듦. 2. 힘을 써서 세상일을 바로잡음을 비유적으로 이르는 말."
    },
    "답포": {
        "word": "답포",
        "chosung": "ㄷㅍ",
        "type": "명사",
        "mean": "외국 군함으로부터 받은 예포(禮砲)에 대한 답례로 군함이나 포대(砲臺)에서 예포를 발사함. 또는 그렇게 발사하는 예포."
    },
    "답품": {
        "word": "답품",
        "chosung": "ㄷㅍ",
        "type": "명사",
        "mean": "=답험(踏驗)."
    },
    "답향": {
        "word": "답향",
        "chosung": "ㄷㅎ",
        "type": "명사",
        "mean": "=환향(還香)."
    },
    "답험": {
        "word": "답험",
        "chosung": "ㄷㅎ",
        "type": "명사",
        "mean": "세금이나 소작료를 제대로 거두기 위하여 관련 논밭에 가서 농작(農作)의 상황을 실지로 조사하던 일. ≒답품(踏品)."
    },
    "답험법": {
        "word": "답험법",
        "chosung": "ㄷㅎㅂ",
        "type": "명사",
        "mean": "《역사》조세를 매길 대상지에 벼슬아치를 파견하여 작황을 현지에서 실지로 조사하고 세율을 정하던 방법."
    },
    "답험손실법": {
        "word": "답험손실법",
        "chosung": "ㄷㅎㅅㅅㅂ",
        "type": "명사",
        "mean": "고려 말기·조선 초기에, 관리나 토지 주인이 직접 농작의 상황을 조사하여 보고하면 작황의 손결에 따라 일정한 세금을 감면하던 세율 규정법. 고려 공양왕 3년(1391)의 과전법 실시 이후부터 조선 세종 26년(1444) 공법(貢法)을 제정할 때까지 시행하였다."
    },
    "답호": {
        "word": "답호",
        "chosung": "ㄷㅎ",
        "type": "명사",
        "mean": "조선 시대에 입던, 밑이 길고 소매가 없는 조끼형의 관복. 또는 그런 군복."
    }
}