{
    "닷": {
        "word": "닷",
        "chosung": "ㄷ",
        "type": "관형사",
        "mean": "｛'되', '말', '냥' 따위의 단위를 나타내는 말 앞에 쓰여｝ 그 수량이 다섯임을 나타내는 말."
    },
    "닷ㄱ다": {
        "word": "닷ㄱ다",
        "chosung": "ㄷㄱㄷ",
        "type": "동사",
        "mean": "［옛말］'닦다'의 옛말."
    },
    "닷곱": {
        "word": "닷곱",
        "chosung": "ㄷㄱ",
        "type": "명사",
        "mean": "다섯 홉. 반 되를 이른다.【＜닷홉≪구급방언해(1466)≫←닷+홉】"
    },
    "닷곱되": {
        "word": "닷곱되",
        "chosung": "ㄷㄱㄷ",
        "type": "명사",
        "mean": "다섯 홉 드는 되."
    },
    "닷곱방": {
        "word": "닷곱방",
        "chosung": "ㄷㄱㅂ",
        "type": "명사",
        "mean": "아주 작은 방울을 놀림조로 이르는 말."
    },
    "닷곱장님": {
        "word": "닷곱장님",
        "chosung": "ㄷㄱㅈㄴ",
        "type": "명사",
        "mean": "반쯤 장님이라는 뜻으로, 시력이 아주 약한 사람을 놀림조로 이르는 말."
    },
    "닷냥금": {
        "word": "닷냥금",
        "chosung": "ㄷㄴㄱ",
        "type": "명사",
        "mean": "［북한어］금새를 닷 냥으로 치는 일. 또는 그 금새."
    },
    "닷다": {
        "word": "닷다",
        "chosung": "ㄷㄷ",
        "type": "형용사",
        "mean": "［옛말］'다스하다'의 옛말."
    },
    "닷다시": {
        "word": "닷다시",
        "chosung": "ㄷㄷㅅ",
        "type": "부사",
        "mean": "［옛말］'따뜻이'의 옛말."
    },
    "닷닷하다": {
        "word": "닷닷하다",
        "chosung": "ㄷㄷㅎㄷ",
        "type": "형용사",
        "mean": "［방언］'따뜻하다'의 방언(제주)."
    },
    "닷뒈테기": {
        "word": "닷뒈테기",
        "chosung": "ㄷㄷㅌㄱ",
        "type": "명사",
        "mean": "［방언］닷 되 드는 크기의 솥(제주)."
    },
    "닷딸기": {
        "word": "닷딸기",
        "chosung": "ㄷㄸㄱ",
        "type": "명사",
        "mean": "=장딸기."
    },
    "닷매욘히": {
        "word": "닷매욘히",
        "chosung": "ㄷㅁㅇㅎ",
        "type": "부사",
        "mean": "［옛말］뜨뜻미지근하게."
    },
    "닷밧하다": {
        "word": "닷밧하다",
        "chosung": "ㄷㅂㅎㄷ",
        "type": "형용사",
        "mean": "［옛말］'다사롭다'의 옛말."
    },
    "닷봇ㄱ다": {
        "word": "닷봇ㄱ다",
        "chosung": "ㄷㅂㄱㄷ",
        "type": "동사",
        "mean": "［옛말］몹시 닦다. 닦고 부시다."
    },
    "닷분": {
        "word": "닷분",
        "chosung": "ㄷㅂ",
        "type": "명사",
        "mean": "다섯 푼. 한 치의 반을 이른다."
    },
    "닷븟하다": {
        "word": "닷븟하다",
        "chosung": "ㄷㅂㅎㄷ",
        "type": "동사",
        "mean": "［옛말］'달라붙다'의 옛말."
    },
    "닷새": {
        "word": "닷새",
        "chosung": "ㄷㅅ",
        "type": "명사",
        "mean": "1. 다섯 날. ≒닷샛날."
    },
    "닷새베": {
        "word": "닷새베",
        "chosung": "ㄷㅅㅂ",
        "type": "명사",
        "mean": "［북한어］'오승포'의 북한어."
    },
    "닷샛날": {
        "word": "닷샛날",
        "chosung": "ㄷㅅㄴ",
        "type": "명사",
        "mean": "1. 다섯째 날."
    },
    "닷쇄": {
        "word": "닷쇄",
        "chosung": "ㄷㅅ",
        "type": "명사",
        "mean": "［옛말］'닷새'의 옛말."
    },
    "닷오다": {
        "word": "닷오다",
        "chosung": "ㄷㅇㄷ",
        "type": "형용사",
        "mean": "［옛말］'가련하다'의 옛말. '□오-'와 수의적으로 교체된다."
    },
    "닷잡다": {
        "word": "닷잡다",
        "chosung": "ㄷㅈㄷ",
        "type": "동사",
        "mean": "［방언］'다잡다'의 방언(평북)."
    },
    "닷집": {
        "word": "닷집",
        "chosung": "ㄷㅈ",
        "type": "명사",
        "mean": "'닫집'의 잘못."
    },
    "닷짜꾸리": {
        "word": "닷짜꾸리",
        "chosung": "ㄷㅉㄲㄹ",
        "type": "명사",
        "mean": "［방언］'공기놀이'의 방언(전남)."
    },
    "닷치다": {
        "word": "닷치다",
        "chosung": "ㄷㅊㄷ",
        "type": "동사",
        "mean": "［방언］'닥치다'의 방언(전남)."
    },
    "닷하다": {
        "word": "닷하다",
        "chosung": "ㄷㅎㄷ",
        "type": "형용사",
        "mean": "［옛말］'다스하다'의 옛말."
    },
    "닷홉": {
        "word": "닷홉",
        "chosung": "ㄷㅎ",
        "type": "명사",
        "mean": "［옛말］'닷곱'의 옛말."
    }
}