{
    "닻": {
        "word": "닻",
        "chosung": "ㄷ",
        "type": "다치",
        "mean": "배를 한곳에 멈추어 있게 하기 위하여 줄에 매어 물 밑바닥으로 가라앉히는, 갈고리가 달린 기구. 갈고리가 흙바닥에 박히어 배가 움직이지 못하게 된다."
    },
    "닻가지": {
        "word": "닻가지",
        "chosung": "ㄷㄱㅈ",
        "type": "명사",
        "mean": "가지처럼 벋은, 닻에 달린 갈고리. 보통 네 갈고리이며 두 갈고리도 있다."
    },
    "닻감개": {
        "word": "닻감개",
        "chosung": "ㄷㄱㄱ",
        "type": "명사",
        "mean": "=양묘기."
    },
    "닻걸이": {
        "word": "닻걸이",
        "chosung": "ㄷㄱㅇ",
        "type": "명사",
        "mean": "1. 물 밑에 닻을 내리는 일. 2. ［북한어］닻을 비끄러매는 장치."
    },
    "닻고리": {
        "word": "닻고리",
        "chosung": "ㄷㄱㄹ",
        "type": "명사",
        "mean": "닻채의 위쪽에 닻줄을 매게 되어 있는, 쇠붙이로 된 둥근 고리."
    },
    "닻기계": {
        "word": "닻기계",
        "chosung": "ㄷㄱㄱ",
        "type": "명사",
        "mean": "［북한어］ '양묘기'의 북한어."
    },
    "닻꽃": {
        "word": "닻꽃",
        "chosung": "ㄷㄲ",
        "type": "닫꼬치",
        "mean": "《식물》용담과의 한해살이풀 또는 두해살이풀. 높이는 10~60cm이며, 잎은 마주난다. 6~8월에 녹색을 띤 엷은 노란 꽃이 취산(聚□) 꽃차례로 피고 열매는 삭과(□果)로 9~10월에 익는다. 산지의 초원에 저절로 나서 자라는데 한국, 일본, 동부 유럽 등지에 분포한다. ≒닻꽃풀. (Halenia corniculata)"
    },
    "닻꽃풀": {
        "word": "닻꽃풀",
        "chosung": "ㄷㄲㅍ",
        "type": "명사",
        "mean": "=닻꽃."
    },
    "닻나방": {
        "word": "닻나방",
        "chosung": "ㄷㄴㅂ",
        "type": "명사",
        "mean": "=뿔나비나방."
    },
    "닻나비": {
        "word": "닻나비",
        "chosung": "ㄷㄴㅂ",
        "type": "명사",
        "mean": "=뿔나비나방."
    },
    "닻낚": {
        "word": "닻낚",
        "chosung": "ㄷㄴ",
        "type": "단나끼",
        "mean": "=닻낚시."
    },
    "닻낚시": {
        "word": "닻낚시",
        "chosung": "ㄷㄴㅅ",
        "type": "명사",
        "mean": "배를 고정하여 놓고 배에서 하는 낚시. ≒닻낚."
    },
    "닻더느래": {
        "word": "닻더느래",
        "chosung": "ㄷㄷㄴㄹ",
        "type": "명사",
        "mean": "［북한어］ 나무 닻을 고정하기 위하여 이은 줄."
    },
    "닻돌": {
        "word": "닻돌",
        "chosung": "ㄷㄷ",
        "type": "명사",
        "mean": "나무로 만든 가벼운 닻을 물속에 잘 가라앉히기 위하여 매다는 돌."
    },
    "닻머물기": {
        "word": "닻머물기",
        "chosung": "ㄷㅁㅁㄱ",
        "type": "명사",
        "mean": "'묘박(錨泊)'의 북한어."
    },
    "닻밭": {
        "word": "닻밭",
        "chosung": "ㄷㅂ",
        "type": "닫빠치",
        "mean": "=묘지(錨地)."
    },
    "닻배": {
        "word": "닻배",
        "chosung": "ㄷㅂ",
        "type": "명사",
        "mean": "우리나라 전통의 고기잡이 장치의 하나. 굵은 나무 기둥에 고정한 두 개의 닻을 어장 양쪽에 설치해 놓고 그 사이에 그물을 쳐 놓아 밀물 때 흘러 들어간 물고기가 썰물 때 걸려들도록 한다."
    },
    "닻벌레": {
        "word": "닻벌레",
        "chosung": "ㄷㅂㄹ",
        "type": "명사",
        "mean": "바구밋과의 절지동물. 몸의 길이는 7~9mm이며, 누런 녹색으로 투명하다. 어릴 때에는 물벼룩처럼 생겼으나 머리 부분에 닻 같은 돌기가 생겨 기생 생활을 시작하면 몸이 막대기 모양으로 변하고 배 부분에 가시털이 생기며 다리가 없어진다. 민물고기의 아가미와 입에 기생한다. (Lernaea elegans)"
    },
    "닻벌레번티기": {
        "word": "닻벌레번티기",
        "chosung": "ㄷㅂㄹㅂㅌㄱ",
        "type": "명사",
        "mean": "물벼룩목의 곤충. 몸의 길이는 3~5mm이며, 두흉부 밖에 마디 경계가 없고 셋째, 넷째 다리는 실 모양으로 가늘다. 살아 있을 때에는 숙주의 피를 빨아 붉은색이지만 약물에 고정하면 색이 없어진다."
    },
    "닻벌레병": {
        "word": "닻벌레병",
        "chosung": "ㄷㅂㄹㅂ",
        "type": "명사",
        "mean": "'닻벌레증'의 북한어."
    },
    "닻벌레증": {
        "word": "닻벌레증",
        "chosung": "ㄷㅂㄹㅈ",
        "type": "명사",
        "mean": "민물고기에 기생충인 닻벌레가 기생하여 생기는 병. 아가미나 입 안에 기생하면 물고기가 먹이를 먹지 못하므로 쇠약해져서 죽는다."
    },
    "닻별": {
        "word": "닻별",
        "chosung": "ㄷㅂ",
        "type": "명사",
        "mean": "=카시오페이아자리."
    },
    "닻보습": {
        "word": "닻보습",
        "chosung": "ㄷㅂㅅ",
        "type": "명사",
        "mean": "［북한어］나무로 된 닻가지 끝에 씌우는, 보습의 날 모양의 쇠."
    },
    "닻보이기": {
        "word": "닻보이기",
        "chosung": "ㄷㅂㅇㄱ",
        "type": "명사",
        "mean": "［북한어］배가 출발하기 위하여 내렸던 닻을 걷어 올리는 일."
    },
    "닻봉": {
        "word": "닻봉",
        "chosung": "ㄷㅂ",
        "type": "명사",
        "mean": "=키봉돌."
    },
    "닻뿌리": {
        "word": "닻뿌리",
        "chosung": "ㄷㅃㄹ",
        "type": "명사",
        "mean": "닻채 끝에 있는 고리."
    },
    "닻사슬": {
        "word": "닻사슬",
        "chosung": "ㄷㅅㅅ",
        "type": "명사",
        "mean": "닻에 연결된 쇠사슬. ≒묘쇄."
    },
    "닻설비": {
        "word": "닻설비",
        "chosung": "ㄷㅅㅂ",
        "type": "명사",
        "mean": "［북한어］닻과 그것을 올리고 내리는 데 쓰는 배의 설비."
    },
    "닻올림": {
        "word": "닻올림",
        "chosung": "ㄷㅇㄹ",
        "type": "명사",
        "mean": "［북한어］'양묘(揚錨)'의 북한어."
    },
    "닻잡이": {
        "word": "닻잡이",
        "chosung": "ㄷㅈㅇ",
        "type": "명사",
        "mean": "닻을 올리고 내리는 일을 하는 사람."
    },
    "닻장": {
        "word": "닻장",
        "chosung": "ㄷㅈ",
        "type": "명사",
        "mean": "닻채 위에 닻줄을 매도록 가로 박은 나무나 쇠막대기."
    },
    "닻주낙": {
        "word": "닻주낙",
        "chosung": "ㄷㅈㄴ",
        "type": "명사",
        "mean": "'저연승(底延繩)'의 북한어."
    },
    "닻줄": {
        "word": "닻줄",
        "chosung": "ㄷㅈ",
        "type": "명사",
        "mean": "닻을 매다는 줄. 밧줄이나 쇠줄로 되어 있다. ≒몰잇줄·묘삭(錨索)."
    },
    "닻줄갈구리": {
        "word": "닻줄갈구리",
        "chosung": "ㄷㅈㄱㄱㄹ",
        "type": "명사",
        "mean": "［북한어］닻사슬을 끌어 오기 위한 갈고리. ※닻줄갈고리."
    },
    "닻줄멈추개": {
        "word": "닻줄멈추개",
        "chosung": "ㄷㅈㅁㅊㄱ",
        "type": "명사",
        "mean": "［북한어］풍랑의 힘이 닻줄 감는 기계에 직접 영향을 미치는 것을 막거나, 항해할 때 닻을 고정하기 위한 장치."
    },
    "닻줄바리": {
        "word": "닻줄바리",
        "chosung": "ㄷㅈㅂㄹ",
        "type": "명사",
        "mean": "바릿과의 바닷물고기. 몸은 누런 갈색인데 네 줄의 검은 갈색 세로띠가 있다. 한국의 남해, 일본, 중국, 인도 등지에 분포한다. (Epinephelus poecilonotus)"
    },
    "닻채": {
        "word": "닻채",
        "chosung": "ㄷㅊ",
        "type": "명사",
        "mean": "닻의 자루가 되는 부분."
    },
    "닻터": {
        "word": "닻터",
        "chosung": "ㄷㅌ",
        "type": "명사",
        "mean": "'묘박장'을 다듬은 말."
    },
    "닻톱": {
        "word": "닻톱",
        "chosung": "ㄷㅌ",
        "type": "명사",
        "mean": "［북한어］닻가지의 끝에 있는 삼각형 모양의 부분. 바닥에 박혀 저항을 크게 한다."
    },
    "닻혀": {
        "word": "닻혀",
        "chosung": "ㄷㅎ",
        "type": "명사",
        "mean": "닻가지의 갈라진 끝 부분."
    },
    "닻흑구": {
        "word": "닻흑구",
        "chosung": "ㄷㅎㄱ",
        "type": "명사",
        "mean": "배가 정박한 것을 나타내기 위하여 공중에 띄우는 검은색의 구(球)."
    }
}