{
    "댄": {
        "word": "댄",
        "chosung": "ㄷ",
        "type": "명사",
        "mean": "［방언］'뒤란'의 방언(강원)."
    },
    "댄네가다": {
        "word": "댄네가다",
        "chosung": "ㄷㄴㄱㄷ",
        "type": "동사",
        "mean": "［방언］'다녀가다'의 방언(평북)."
    },
    "댄네오다": {
        "word": "댄네오다",
        "chosung": "ㄷㄴㅇㄷ",
        "type": "동사",
        "mean": "［방언］'다녀오다'의 방언(평북)."
    },
    "댄니다": {
        "word": "댄니다",
        "chosung": "ㄷㄴㄷ",
        "type": "동사",
        "mean": "［방언］'다니다'의 방언(평북)."
    },
    "댄다": {
        "word": "댄다",
        "chosung": "ㄷㄷ",
        "type": "어미",
        "mean": "'-단다'의 잘못."
    },
    "댄드까비질": {
        "word": "댄드까비질",
        "chosung": "ㄷㄷㄲㅂㅈ",
        "type": "명사",
        "mean": "［방언］'까붐질'의 방언(함남)."
    },
    "댄디즘": {
        "word": "댄디즘",
        "chosung": "ㄷㄷㅈ",
        "type": "명사",
        "mean": " 겉치레, 허세 따위로 멋을 부리려는 경향. 문학에서는 정신적 귀족주의 경향으로 나타난다."
    },
    "댄마리": {
        "word": "댄마리",
        "chosung": "ㄷㅁㄹ",
        "type": "명사",
        "mean": "［방언］'용마루'의 방언(경북)."
    },
    "댄바꾸": {
        "word": "댄바꾸",
        "chosung": "ㄷㅂㄲ",
        "type": "명사",
        "mean": "［방언］'단박'의 방언(경기)."
    },
    "댄버라이트": {
        "word": "댄버라이트",
        "chosung": "ㄷㅂㄹㅇㅌ",
        "type": "명사",
        "mean": "칼슘과 붕소를 함유한 규산염 광물. 사방 정계에 속하며 황백색이거나 무색으로, 투명하고 유리나 지방광택이 있다. 변성암 속에서 난다."
    },
    "댄서": {
        "word": "댄서",
        "chosung": "ㄷㅅ",
        "type": "명사",
        "mean": "1. 무용을 전문적으로 하거나 잘하는 사람. '무용가', '무용수'로 순화. 2. 손님과 상대로 사교춤을 추는 것을 직업으로 하는 여자."
    },
    "댄스": {
        "word": "댄스",
        "chosung": "ㄷㅅ",
        "type": "명사",
        "mean": " 서양식의 사교춤."
    },
    "댄스음악": {
        "word": "댄스음악",
        "chosung": "ㄷㅅㅇㅇ",
        "type": "명사",
        "mean": "1. 무도장에서 춤을 추기 위하여 연주하는 재즈 편성의 음악. 2. 예술적인 작품 안에 포함되어 연주회에서 듣기 위한 고전으로 전승된 춤곡."
    },
    "댄스파티": {
        "word": "댄스파티",
        "chosung": "ㄷㅅㅍㅌ",
        "type": "명사",
        "mean": "=무도회."
    },
    "댄스홀": {
        "word": "댄스홀",
        "chosung": "ㄷㅅㅎ",
        "type": "명사",
        "mean": "=무도장(舞蹈場)."
    },
    "댄자기": {
        "word": "댄자기",
        "chosung": "ㄷㅈㄱ",
        "type": "부사",
        "mean": "［옛말］'단단히'의 옛말."
    },
    "댄지": {
        "word": "댄지",
        "chosung": "ㄷㅈ",
        "type": "명사",
        "mean": "［방언］'단지'의 방언(함북)."
    }
}