{
    "댐": {
        "word": "댐",
        "chosung": "ㄷ",
        "type": "명사",
        "mean": "［방언］'대합조개'의 방언(함남, 황해)."
    },
    "댐나무": {
        "word": "댐나무",
        "chosung": "ㄷㄴㅁ",
        "type": "명사",
        "mean": " 나무로 만든 기구에 마치질을 할 때 마치 자국이 나지 않도록 덧대는 나무토막."
    },
    "댐수로식발전소": {
        "word": "댐수로식발전소",
        "chosung": "ㄷㅅㄹㅅㅂㅈㅅ",
        "type": "명사",
        "mean": "댐식과 수로식의 두 가지 발전 방식을 합친 것으로, 댐과 수로에서 낙차를 이용해 전기를 일으키는 발전소."
    },
    "댐식발전": {
        "word": "댐식발전",
        "chosung": "ㄷㅅㅂㅈ",
        "type": "명사",
        "mean": "댐으로 하천을 막아 저수지를 만들고 고인 물의 낙차를 이용해 전기를 일으키는 수력 발전의 하나."
    },
    "댐식발전소": {
        "word": "댐식발전소",
        "chosung": "ㄷㅅㅂㅈㅅ",
        "type": "명사",
        "mean": "댐으로 하천을 막아 저수지를 만들고 고인 물의 낙차를 이용해 전기를 일으키는 수력 발전소."
    },
    "댐퍼": {
        "word": "댐퍼",
        "chosung": "ㄷㅍ",
        "type": "명사",
        "mean": "용수철이나 고무와 같은 탄성체 따위를 이용하여 충격이나 진동을 약하게 하는 장치. 기름의 점성 저항을 이용한 자동차의 완충기, 전기 계기의 지침의 진동을 그치게 하는 제동 장치 따위가 있다. 2. 《기계》보일러 따위의 연도(煙道)나 공기 조절 장치의 공기 통로에 설치하여 연기의 배출량, 공기의 양을 조절하기 위한 장치. 3. 《음악》피아노, 쳄발로에서 현의 진동을 눌러서 소리가 울리지 않게 하는 장치."
    },
    "댐피어": {
        "word": "댐피어",
        "chosung": "ㄷㅍㅇ",
        "type": "명사",
        "mean": "영국의 항해가(1652~1715). 1699~1701년에 오스트레일리아, 뉴기니, 뉴브리튼 섬의 탐험에 나서 댐피어 제도와 두 개의 댐피어 해협을 발견하였다."
    },
    "댐피어해협": {
        "word": "댐피어해협",
        "chosung": "ㄷㅍㅇㅎㅎ",
        "type": "명사",
        "mean": "파푸아뉴기니에 속하는 비스마르크 제도의 뉴브리튼 섬의 서단과 움보이 섬 사이에 있는 해협. 너비는 25km."
    }
}