{
    "댑바람": {
        "word": "댑바람",
        "chosung": "ㄷㅂㄹ",
        "type": "명사",
        "mean": " 북쪽에서 불어오는 큰 바람."
    },
    "댑싸리": {
        "word": "댑싸리",
        "chosung": "ㄷㅆㄹ",
        "type": "명사",
        "mean": "명아줏과의 한해살이풀. 높이는 1미터 정도이며, 잎은 어긋나고 피침 모양이다. 한여름에 연한 녹색의 꽃이 피며 줄기는 비를 만드는 재료로 쓴다. 유럽, 아시아가 원산지로 한국과 중국 등지에 분포한다. ≒지부(地膚). (Kochia scoparia)【＜댑□리＜대□리≪구급간이방언해(1489)≫←대+□리】"
    },
    "댑싸리뷔": {
        "word": "댑싸리뷔",
        "chosung": "ㄷㅆㄹㅂ",
        "type": "명사",
        "mean": "［옛말］'댑싸리비'의 옛말."
    },
    "댑싸리비": {
        "word": "댑싸리비",
        "chosung": "ㄷㅆㄹㅂ",
        "type": "명사",
        "mean": "댑싸리로 만든 비."
    },
    "댑쌀비": {
        "word": "댑쌀비",
        "chosung": "ㄷㅆㅂ",
        "type": "명사",
        "mean": "'댑싸리비'의 준말."
    }
}