{
    "댓": {
        "word": "댓",
        "chosung": "ㄷ",
        "type": "수사",
        "mean": "［관형사］ 다섯쯤 되는 수. 또는 그런 수의."
    },
    "댓ㅂ사리": {
        "word": "댓ㅂ사리",
        "chosung": "ㄷㅂㅅㄹ",
        "type": "명사",
        "mean": "［옛말］'댑싸리'의 옛말."
    },
    "댓가비": {
        "word": "댓가비",
        "chosung": "ㄷㄱㅂ",
        "type": "명사",
        "mean": "'댓개비'의 잘못."
    },
    "댓가지": {
        "word": "댓가지",
        "chosung": "ㄷㄱㅈ",
        "type": "명사",
        "mean": "1. 대나무의 가지."
    },
    "댓가지활": {
        "word": "댓가지활",
        "chosung": "ㄷㄱㅈㅎ",
        "type": "명사",
        "mean": "대나무 가지로 만든 활."
    },
    "댓가치": {
        "word": "댓가치",
        "chosung": "ㄷㄱㅊ",
        "type": "명사",
        "mean": "［옛말］'때까치'의 옛말."
    },
    "댓개비": {
        "word": "댓개비",
        "chosung": "ㄷㄱㅂ",
        "type": "명사",
        "mean": "대를 쪼개 가늘게 깎은 오리."
    },
    "댓거위": {
        "word": "댓거위",
        "chosung": "ㄷㄱㅇ",
        "type": "명사",
        "mean": "'거위'의 잘못."
    },
    "댓겁질": {
        "word": "댓겁질",
        "chosung": "ㄷㄱㅈ",
        "type": "명사",
        "mean": "［옛말］ '대껍질'의 옛말."
    },
    "댓고리": {
        "word": "댓고리",
        "chosung": "ㄷㄱㄹ",
        "type": "명사",
        "mean": "대오리로 만든 고리."
    },
    "댓고의": {
        "word": "댓고의",
        "chosung": "ㄷㄱㅇ",
        "type": "명사",
        "mean": "［옛말］죽순의 껍질."
    },
    "댓곡식": {
        "word": "댓곡식",
        "chosung": "ㄷㄱㅅ",
        "type": "명사",
        "mean": "대로 자라는 곡식."
    },
    "댓구멍": {
        "word": "댓구멍",
        "chosung": "ㄷㄱㅁ",
        "type": "명사",
        "mean": "대통의 구멍.【↖댓구무≪남명집언해(1482)≫←대+­ㅅ+구무】"
    },
    "댓구무": {
        "word": "댓구무",
        "chosung": "ㄷㄱㅁ",
        "type": "명사",
        "mean": "［옛말］'댓구멍'의 옛말. 휴지(休止) 앞에서나 자음으로 시작하는 조사와 공동격 조사 '와' 앞에 나타나며, 그 밖에 모음으로 시작하는 조사 앞에서는 '댓□'으로 나타낸다."
    },
    "댓금": {
        "word": "댓금",
        "chosung": "ㄷㄱ",
        "type": "명사",
        "mean": "물건 값의 높은 시세."
    },
    "댓닢": {
        "word": "댓닢",
        "chosung": "ㄷㄴ",
        "type": "명사",
        "mean": "［옛말］'댓잎'의 옛말."
    },
    "댓다": {
        "word": "댓다",
        "chosung": "ㄷㄷ",
        "type": "부사",
        "mean": "［북한어］(구어적으로) 덮어놓고 막. 또는 심하게 마구."
    },
    "댓닭": {
        "word": "댓닭",
        "chosung": "ㄷㄷ",
        "type": "명사",
        "mean": "《동물》닭의 한 품종. 몸이 크고 뼈대가 튼튼하며, 깃털이 성기고 근육이 매우 발달하였다. 힘이 세어 싸움닭으로 기르며 고기 맛은 좋으나 알을 많이 낳지 못한다. ≒샤모."
    },
    "댓뎌구리": {
        "word": "댓뎌구리",
        "chosung": "ㄷㄷㄱㄹ",
        "type": "명사",
        "mean": "［옛말］'딱따구리'의 옛말."
    },
    "댓돌": {
        "word": "댓돌",
        "chosung": "ㄷㄷ",
        "type": "명사",
        "mean": "1. 집채의 낙숫물이 떨어지는 곳 안쪽으로 돌려 가며 놓은 돌. ≒대석(臺石)·첨계·툇돌."
    },
    "댓두러기": {
        "word": "댓두러기",
        "chosung": "ㄷㄷㄹㄱ",
        "type": "명사",
        "mean": "［옛말］늙은 매."
    },
    "댓디": {
        "word": "댓디",
        "chosung": "ㄷㄷ",
        "type": "부사",
        "mean": "'도리어'의 방언(경남)."
    },
    "댓딜위": {
        "word": "댓딜위",
        "chosung": "ㄷㄷㅇ",
        "type": "명사",
        "mean": "［옛말］'때찔레'의 옛말."
    },
    "댓마루": {
        "word": "댓마루",
        "chosung": "ㄷㅁㄹ",
        "type": "명사",
        "mean": "［방언］'용마루'의 방언(충북)."
    },
    "댓마리": {
        "word": "댓마리",
        "chosung": "ㄷㅁㄹ",
        "type": "명사",
        "mean": "［방언］'등마루'의 방언(경북)."
    },
    "댓무우": {
        "word": "댓무우",
        "chosung": "ㄷㅁㅇ",
        "type": "명사",
        "mean": "［옛말］무. 당근."
    },
    "댓바람": {
        "word": "댓바람",
        "chosung": "ㄷㅂㄹ",
        "type": "명사",
        "mean": "1. ｛'댓바람에', '댓바람으로' 꼴로 쓰여｝ 일이나 때를 당하여 서슴지 않고 당장."
    },
    "댓살": {
        "word": "댓살",
        "chosung": "ㄷㅅ",
        "type": "명사",
        "mean": " 대나무를 가늘게 쪼갠 오리."
    },
    "댓살배기": {
        "word": "댓살배기",
        "chosung": "ㄷㅅㅂㄱ",
        "type": "명사",
        "mean": "다섯 살쯤 된 아이."
    },
    "댓새": {
        "word": "댓새",
        "chosung": "ㄷㅅ",
        "type": "명사",
        "mean": "［방언］'담뱃대'의 방언(평북)."
    },
    "댓속": {
        "word": "댓속",
        "chosung": "ㄷㅅ",
        "type": "명사",
        "mean": "대의 속. 또는 그 속의 부스러기."
    },
    "댓수풀": {
        "word": "댓수풀",
        "chosung": "ㄷㅅㅍ",
        "type": "명사",
        "mean": "'대숲'의 잘못."
    },
    "댓순": {
        "word": "댓순",
        "chosung": "ㄷㅅ",
        "type": "명사",
        "mean": "'죽순'의 잘못."
    },
    "댓슌": {
        "word": "댓슌",
        "chosung": "ㄷㅅ",
        "type": "명사",
        "mean": "［옛말］'죽순'의 옛말."
    },
    "댓잎": {
        "word": "댓잎",
        "chosung": "ㄷㅇ",
        "type": "댄니피",
        "mean": "=죽엽."
    },
    "댓잎모양아가베": {
        "word": "댓잎모양아가베",
        "chosung": "ㄷㅇㅁㅇㅇㄱㅂ",
        "type": "명사",
        "mean": "용설란과의 원예 식물. 높이는 1미터 정도이며, 잎은 짙은 녹색 바탕에 가장자리와 가운데 그리고 뒷면에 흰 줄이 있다. 용설란 가운데 최상으로 치는데 멕시코가 원산지이다. (Agave victoriaereginae)"
    },
    "댓잎색": {
        "word": "댓잎색",
        "chosung": "ㄷㅇㅅ",
        "type": "명사",
        "mean": "푸른 대나무 잎과 같이 푸른색."
    },
    "댓잎술": {
        "word": "댓잎술",
        "chosung": "ㄷㅇㅅ",
        "type": "명사",
        "mean": "=죽엽주."
    },
    "댓잎현호색": {
        "word": "댓잎현호색",
        "chosung": "ㄷㅇㅎㅎㅅ",
        "type": "명사",
        "mean": "《식물》양귀비과의 여러해살이풀. 줄기는 높이 20cm 정도이며 잎은 어긋난다. 4~5월에 붉은 꽃이 겹총상(―總狀) 꽃차례로 피고 열매는 둥글고 검다. 덩이줄기는 약용한다. (Corydalis trutschaninovii for. linearis)"
    },
    "댓조각": {
        "word": "댓조각",
        "chosung": "ㄷㅈㄱ",
        "type": "명사",
        "mean": "대를 쪼갠 조각. ≒대쪽·죽편."
    },
    "댓족": {
        "word": "댓족",
        "chosung": "ㄷㅈ",
        "type": "명사",
        "mean": "'대쪽'의 잘못."
    },
    "댓줄기": {
        "word": "댓줄기",
        "chosung": "ㄷㅈㄱ",
        "type": "명사",
        "mean": "대나무의 줄기.【댓줄기≪훈몽자회(예산 문고본)(1527)≫←대+­ㅅ+줄기】"
    },
    "댓진": {
        "word": "댓진",
        "chosung": "ㄷㅈ",
        "type": "명사",
        "mean": "=죽력(竹瀝)."
    },
    "댓진구새": {
        "word": "댓진구새",
        "chosung": "ㄷㅈㄱㅅ",
        "type": "명사",
        "mean": "댓진같이 검은 윤택이 나는 구새. 대개 흑연광이다."
    },
    "댓집": {
        "word": "댓집",
        "chosung": "ㄷㅈ",
        "type": "명사",
        "mean": " 담뱃대 물부리와 통의 담배설대를 맞추게 된 굵은 구멍."
    },
    "댓째": {
        "word": "댓째",
        "chosung": "ㄷㅉ",
        "type": "수사",
        "mean": "［관형사］ 순서가 다섯 번째쯤 되는 차례. 또는 그런 차례의."
    }
}