{
    "던": {
        "word": "던",
        "chosung": "ㄷ",
        "type": "어미",
        "mean": "｛'이다'의 어간, 용언의 어간 또는 어미 '-으시', '-었-', '-겠-' 뒤에 붙어｝ 해라할 자리에 쓰여, 과거에 직접 경험하여 새로이 알게 된 사실에 대한 물음을 나타내는 종결 어미. '-더냐'보다 더 친근하게 쓰는 말이다."
    },
    "던가": {
        "word": "던가",
        "chosung": "ㄷㄱ",
        "type": "어미",
        "mean": "｛'이다'의 어간, 용언의 어간 또는 어미 '-으시', '-었-', '-겠-' 뒤에 붙어｝ 1. 하게할 자리에 쓰여, 과거의 사실에 대한 물음을 나타내는 종결 어미."
    },
    "던갈": {
        "word": "던갈",
        "chosung": "ㄷㄱ",
        "type": "명사",
        "mean": "［방언］'전갈(傳喝)'의 방언(평안)."
    },
    "던감": {
        "word": "던감",
        "chosung": "ㄷㄱ",
        "type": "어미",
        "mean": "｛'이다'의 어간, 용언의 어간 또는 어미 '-으시-', '-었-', '-겠-' 뒤에 붙어｝ 주로 혼잣말에 쓰여, 물음의 형식을 취하여 과거의 어떤 사실에 대하여 가볍게 반박하는 뜻을 나타내는 종결 어미."
    },
    "던걸": {
        "word": "던걸",
        "chosung": "ㄷㄱ",
        "type": "어미",
        "mean": "｛'이다'의 어간, 용언의 어간 또는 어미 '-으시-', '-었-', '-겠-' 뒤에 붙어｝(구어체로) 해할 자리나 혼잣말처럼 쓰여, 화자가 과거에 경험하여 알게 된 사실이 상대편이 이미 알고 있는 바나 기대와는 다른 것임을 나타내는 종결 어미. 가벼운 반박이나 감탄의 뜻을 띤다."
    },
    "던고": {
        "word": "던고",
        "chosung": "ㄷㄱ",
        "type": "어미",
        "mean": "｛'이다'의 어간, 용언의 어간 또는 어미 '-으시-', '-었-', '-겠-' 뒤에 붙어｝(예스러운 표현으로) 1. 해라할 자리에 쓰여, 과거 사실에 대한 물음을 나타내는 종결 어미. 주로 '누구, 무엇, 언제, 어디' 따위의 의문사가 있는 문장에 쓰며 근엄한 말투를 만든다."
    },
    "던기다": {
        "word": "던기다",
        "chosung": "ㄷㄱㄷ",
        "type": "동사",
        "mean": "［옛말］판돈으로 대다. 물다."
    },
    "던다": {
        "word": "던다",
        "chosung": "ㄷㄷ",
        "type": "어미",
        "mean": "［옛말］｛동사, 형용사 어간 뒤에 붙어｝ ｛2인칭 주어와 함께 쓰여｝ -던가. -더냐."
    },
    "던달": {
        "word": "던달",
        "chosung": "ㄷㄷ",
        "type": "어미",
        "mean": "［옛말］ ｛동사, 형용사 어간 뒤에 붙어｝ -던들."
    },
    "던댄": {
        "word": "던댄",
        "chosung": "ㄷㄷ",
        "type": "어미",
        "mean": "［옛말］｛동사, 형용사 어간 뒤에 붙어｝ -던들. -더라면."
    },
    "던덕": {
        "word": "던덕",
        "chosung": "ㄷㄷ",
        "type": "명사",
        "mean": "'덩어리'의 잘못."
    },
    "던데": {
        "word": "던데",
        "chosung": "ㄷㄷ",
        "type": "어미",
        "mean": "｛'이다'의 어간, 용언의 어간 또는 어미 '-으시-', '-었-', '-겠-' 뒤에 붙어｝ 1. 뒤 절에서 어떤 일을 설명하거나 묻거나 시키거나 제안하기 위하여, 그와 상관있는 과거 사실을 회상하여 미리 말할 때에 쓰는 연결 어미."
    },
    "던데지다": {
        "word": "던데지다",
        "chosung": "ㄷㄷㅈㄷ",
        "type": "형용사",
        "mean": "［방언］미련하고 굼뜨다(함북)."
    },
    "던덴": {
        "word": "던덴",
        "chosung": "ㄷㄷ",
        "type": "어미",
        "mean": "［옛말］ ｛동사, 형용사 어간 뒤에 붙어｝ -던들. -더라면."
    },
    "던둑": {
        "word": "던둑",
        "chosung": "ㄷㄷ",
        "type": "명사",
        "mean": "［방언］'두둑'의 방언(경북)."
    },
    "던드렁": {
        "word": "던드렁",
        "chosung": "ㄷㄷㄹ",
        "type": "명사",
        "mean": "［방언］짚을 두드리는 데 쓰는, 둥글넓적한 돌판(제주)."
    },
    "던득다": {
        "word": "던득다",
        "chosung": "ㄷㄷㄷ",
        "type": "형용사",
        "mean": "［옛말］'소홀하다'의 옛말."
    },
    "던들": {
        "word": "던들",
        "chosung": "ㄷㄷ",
        "type": "어미",
        "mean": "｛어미 '-었-' 뒤에 붙어｝ '-었으면'의 뜻을 나타내는 연결 어미."
    },
    "던디": {
        "word": "던디",
        "chosung": "ㄷㄷ",
        "type": "어미",
        "mean": "［방언］'-든지'의 방언(평북)."
    },
    "던디근하다": {
        "word": "던디근하다",
        "chosung": "ㄷㄷㄱㅎㄷ",
        "type": "형용사",
        "mean": "［방언］ '덴덕지근하다'의 방언(평북)."
    },
    "던디다": {
        "word": "던디다",
        "chosung": "ㄷㄷㄷ",
        "type": "동사",
        "mean": "［방언］'던지다'의 방언(평안)."
    },
    "던롭": {
        "word": "던롭",
        "chosung": "ㄷㄹ",
        "type": "명사",
        "mean": "영국의 발명가·기업가(1840~1921). 1888년에 자전거용 공기 타이어를 발명하여, 1899년에 던롭 공기 타이어 회사를 설립하였다."
    },
    "던바": {
        "word": "던바",
        "chosung": "ㄷㅂ",
        "type": "어미",
        "mean": "｛'이다'의 어간, 용언의 어간 또는 어미 '-으시', '-었-', '-겠-' 뒤에 붙어｝(문어체로) 뒤 절에서 어떤 사실을 말하기 위하여, 그 사실이 있게 된 것과 관련된 과거의 어떤 상황을 미리 제시하는 데 쓰는 연결 어미."
    },
    "던세이니": {
        "word": "던세이니",
        "chosung": "ㄷㅅㅇㄴ",
        "type": "명사",
        "mean": "아일랜드의 작가(1878~1957). 예이츠 등과 함께 신극(新劇) 운동에 참가하여, 신화적 세계를 상징적으로 묘사하였다. 작품에 희곡 , 따위가 있다."
    },
    "던스스코터스": {
        "word": "던스스코터스",
        "chosung": "ㄷㅅㅅㅋㅌㅅ",
        "type": "명사",
        "mean": "영국의 스콜라 철학자(?1266~1308). 아퀴나스의 설을 비판하고 이성과 신앙의 분리를 강조하여 의지의 우위를 주장하였다. 정묘 박사라고 불렸다."
    },
    "던스터블": {
        "word": "던스터블",
        "chosung": "ㄷㅅㅌㅂ",
        "type": "명사",
        "mean": "영국의 작곡가(?1385~1453). 작품에 따위의 종교 음악과 세속적 가곡이 있다."
    },
    "던실하다": {
        "word": "던실하다",
        "chosung": "ㄷㅅㅎㄷ",
        "type": "형용사",
        "mean": "［방언］ '견실하다(堅實-)'의 방언(평북)."
    },
    "던안": {
        "word": "던안",
        "chosung": "ㄷㅇ",
        "type": "명사",
        "mean": "［방언］'전안(奠雁)'의 방언(평안)."
    },
    "던장": {
        "word": "던장",
        "chosung": "ㄷㅈ",
        "type": "명사",
        "mean": "［방언］'전장(田莊)'의 방언(평북)."
    },
    "던적맞다": {
        "word": "던적맞다",
        "chosung": "ㄷㅈㅁㄷ",
        "type": "형용사",
        "mean": "얄밉게 치사하고 더러운 데가 있다."
    },
    "던적스럽다": {
        "word": "던적스럽다",
        "chosung": "ㄷㅈㅅㄹㄷ",
        "type": "형용사",
        "mean": "하는 짓이 보기에 매우 치사하고 더러운 데가 있다."
    },
    "던져넣기": {
        "word": "던져넣기",
        "chosung": "ㄷㅈㄴㄱ",
        "type": "명사",
        "mean": "［북한어］1. '스로인'의 북한어. 2. 농구, 핸드볼 경기에서의 슛. 또는 그 동작."
    },
    "던져두다": {
        "word": "던져두다",
        "chosung": "ㄷㅈㄷㄷ",
        "type": "동사",
        "mean": "1. 『…을 …에/에게』 물건을 던진 채 그대로 두고 돌아보지 아니하다."
    },
    "던져떼기": {
        "word": "던져떼기",
        "chosung": "ㄷㅈㄸㄱ",
        "type": "명사",
        "mean": "돌을 던져 깨뜨려 격지 따위를 떼 내는 방법. ≒충돌 타격법."
    },
    "던지": {
        "word": "던지",
        "chosung": "ㄷㅈ",
        "type": "어미",
        "mean": "｛'이다'의 어간, 용언의 어간 또는 어미 '-으시', '-었-', '-겠-' 뒤에 붙어｝ 막연한 의문이 있는 채로 그것을 뒤 절의 사실이나 판단과 관련시키는 데 쓰는 연결 어미."
    },
    "던지기": {
        "word": "던지기",
        "chosung": "ㄷㅈㄱ",
        "type": "명사",
        "mean": "1. 육상 경기에서, 필드 경기의 한 종목. 원반, 포환, 창 따위를 멀리 가도록 던져 그 거리를 잰다. ≒투척. 2. 씨름에서, 상대편을 들어 앞으로 던지는 기술."
    },
    "던지기경기": {
        "word": "던지기경기",
        "chosung": "ㄷㅈㄱㄱㄱ",
        "type": "명사",
        "mean": "---競技 =투척 경기."
    },
    "던지기장": {
        "word": "던지기장",
        "chosung": "ㄷㅈㄱㅈ",
        "type": "명사",
        "mean": "［북한어］투척 경기를 하는 곳."
    },
    "던지다": {
        "word": "던지다",
        "chosung": "ㄷㅈㄷ",
        "type": "동사",
        "mean": "━ ⅰ『…에/에게 …을』『…으로 …을』｛'…에/에게' 대신에 '…을 향하여'가 쓰이기도 한다｝ 1. 손에 든 물건을 다른 곳에 떨어지게 팔과 손목을 움직여 공중으로 내보내다."
    },
    "던지럽다": {
        "word": "던지럽다",
        "chosung": "ㄷㅈㄹㄷ",
        "type": "형용사",
        "mean": "말이나 행동이 더럽다."
    },
    "던지롭다": {
        "word": "던지롭다",
        "chosung": "ㄷㅈㄹㄷ",
        "type": "형용사",
        "mean": "［방언］'더럽다'의 방언(전남)."
    },
    "던질낚시": {
        "word": "던질낚시",
        "chosung": "ㄷㅈㄴㅅ",
        "type": "명사",
        "mean": "=릴낚시."
    },
    "던질대": {
        "word": "던질대",
        "chosung": "ㄷㅈㄷ",
        "type": "명사",
        "mean": "=릴낚싯대."
    },
    "던질사위": {
        "word": "던질사위",
        "chosung": "ㄷㅈㅅㅇ",
        "type": "명사",
        "mean": "대접돌리기 재주의 하나. 앵두나무 막대기로 대접을 돌리다가 위로 던졌다 다시 받아 돌리는 동작이다."
    },
    "던질칼": {
        "word": "던질칼",
        "chosung": "ㄷㅈㅋ",
        "type": "명사",
        "mean": "［북한어］던지기에 편하게 만든 칼."
    },
    "던짐": {
        "word": "던짐",
        "chosung": "ㄷㅈ",
        "type": "명사",
        "mean": "=투료(投了)."
    },
    "던테": {
        "word": "던테",
        "chosung": "ㄷㅌ",
        "type": "명사",
        "mean": "'문둔테'의 잘못."
    },
    "던풀": {
        "word": "던풀",
        "chosung": "ㄷㅍ",
        "type": "명사",
        "mean": "［방언］'덩굴'의 방언(경남)."
    },
    "던하다": {
        "word": "던하다",
        "chosung": "ㄷㅎㄷ",
        "type": "동사",
        "mean": "［방언］'전하다'의 방언(평안)."
    }
}