{
    "덛": {
        "word": "덛",
        "chosung": "ㄷ",
        "type": "명사",
        "mean": "［의존명사］［옛말］덧. 사이."
    },
    "덛닙다": {
        "word": "덛닙다",
        "chosung": "ㄷㄴㄷ",
        "type": "동사",
        "mean": "［옛말］'덧입다'의 옛말."
    },
    "덛더디": {
        "word": "덛더디",
        "chosung": "ㄷㄷㄷ",
        "type": "부사",
        "mean": "［옛말］늘. 한결같이. 반드시."
    },
    "덛덛다": {
        "word": "덛덛다",
        "chosung": "ㄷㄷㄷ",
        "type": "형용사",
        "mean": "［옛말］늘 그러하다. 변함없이 같다."
    },
    "덛덛하다": {
        "word": "덛덛하다",
        "chosung": "ㄷㄷㅎㄷ",
        "type": "형용사",
        "mean": "［옛말］늘 그러하다. 변함없이 같다."
    },
    "덛브티다": {
        "word": "덛브티다",
        "chosung": "ㄷㅂㅌㄷ",
        "type": "동사",
        "mean": "［옛말］'덧붙이다'의 옛말."
    }
}