{
    "덜": {
        "word": "덜",
        "chosung": "ㄷ",
        "type": "부사",
        "mean": " 어떤 기준이나 정도가 약하게. 또는 그 이하로."
    },
    "덜거기": {
        "word": "덜거기",
        "chosung": "ㄷㄱㄱ",
        "type": "명사",
        "mean": "［방언］'수꿩'의 방언(평북)."
    },
    "덜거덕": {
        "word": "덜거덕",
        "chosung": "ㄷㄱㄷ",
        "type": "부사",
        "mean": "크고 단단한 물건이 맞부딪치는 소리."
    },
    "덜거덕덜거덕": {
        "word": "덜거덕덜거덕",
        "chosung": "ㄷㄱㄷㄷㄱㄷ",
        "type": "부사",
        "mean": "크고 단단한 물건이 자꾸 맞부딪치는 소리."
    },
    "덜거덩": {
        "word": "덜거덩",
        "chosung": "ㄷㄱㄷ",
        "type": "부사",
        "mean": "크고 단단한 물건이 부딪쳐 울리는 소리."
    },
    "덜거덩덜거덩": {
        "word": "덜거덩덜거덩",
        "chosung": "ㄷㄱㄷㄷㄱㄷ",
        "type": "부사",
        "mean": " 크고 단단한 물건이 자꾸 부딪쳐 울리는 소리."
    },
    "덜거럭": {
        "word": "덜거럭",
        "chosung": "ㄷㄱㄹ",
        "type": "부사",
        "mean": "'덜그럭'의 잘못."
    },
    "덜걱": {
        "word": "덜걱",
        "chosung": "ㄷㄱ",
        "type": "부사",
        "mean": "'덜거덕'의 준말."
    },
    "덜걱덜걱": {
        "word": "덜걱덜걱",
        "chosung": "ㄷㄱㄷㄱ",
        "type": "부사",
        "mean": "'덜거덕덜거덕'의 준말."
    },
    "덜걱마루": {
        "word": "덜걱마루",
        "chosung": "ㄷㄱㅁㄹ",
        "type": "명사",
        "mean": "긴 널조각을 허술하게 놓아서 디디는 대로 덜걱덜걱 소리가 나는 마루."
    },
    "덜겅": {
        "word": "덜겅",
        "chosung": "ㄷㄱ",
        "type": "부사",
        "mean": "'덜거덩'의 준말."
    },
    "덜겅덜겅": {
        "word": "덜겅덜겅",
        "chosung": "ㄷㄱㄷㄱ",
        "type": "부사",
        "mean": "'덜거덩덜거덩'의 준말."
    },
    "덜겅이": {
        "word": "덜겅이",
        "chosung": "ㄷㄱㅇ",
        "type": "명사",
        "mean": "'덜께기'의 잘못."
    },
    "덜게기": {
        "word": "덜게기",
        "chosung": "ㄷㄱㄱ",
        "type": "명사",
        "mean": "［방언］'수꿩'의 방언(황해)."
    },
    "덜구": {
        "word": "덜구",
        "chosung": "ㄷㄱ",
        "type": "명사",
        "mean": "［방언］'절구'의 방언(평안)."
    },
    "덜구갱이": {
        "word": "덜구갱이",
        "chosung": "ㄷㄱㄱㅇ",
        "type": "명사",
        "mean": "［방언］'절굿공이'의 방언(평남)."
    },
    "덜구다": {
        "word": "덜구다",
        "chosung": "ㄷㄱㄷ",
        "type": "동사",
        "mean": "'떨어뜨리다'의 잘못."
    },
    "덜궈기": {
        "word": "덜궈기",
        "chosung": "ㄷㄱㄱ",
        "type": "명사",
        "mean": "［방언］'수꿩'의 방언(평남)."
    },
    "덜그럭": {
        "word": "덜그럭",
        "chosung": "ㄷㄱㄹ",
        "type": "부사",
        "mean": "크고 단단한 물건이 부딪쳐 흔들리면서 맞닿는 소리."
    },
    "덜그럭덜그럭": {
        "word": "덜그럭덜그럭",
        "chosung": "ㄷㄱㄹㄷㄱㄹ",
        "type": "부사",
        "mean": "크고 단단한 물건이 자꾸 부딪쳐 흔들리면서 맞닿는 소리."
    },
    "덜그렁": {
        "word": "덜그렁",
        "chosung": "ㄷㄱㄹ",
        "type": "부사",
        "mean": "얇고 큰 쇠붙이 따위가 맞부딪치거나 스쳐 울리는 소리."
    },
    "덜그렁덜그렁": {
        "word": "덜그렁덜그렁",
        "chosung": "ㄷㄱㄹㄷㄱㄹ",
        "type": "부사",
        "mean": "얇고 큰 쇠붙이 따위가 자꾸 맞부딪치거나 스쳐 울리는 소리."
    },
    "덜기": {
        "word": "덜기",
        "chosung": "ㄷㄱ",
        "type": "명사",
        "mean": "'감력(減力)'의 북한어."
    },
    "덜기기호": {
        "word": "덜기기호",
        "chosung": "ㄷㄱㄱㅎ",
        "type": "명사",
        "mean": "'뺄셈표'의 북한어."
    },
    "덜기표": {
        "word": "덜기표",
        "chosung": "ㄷㄱㅍ",
        "type": "명사",
        "mean": "'뺄셈표'의 북한어."
    },
    "덜꺼기": {
        "word": "덜꺼기",
        "chosung": "ㄷㄲㄱ",
        "type": "명사",
        "mean": "［방언］'덜께기'의 방언(평안)."
    },
    "덜꺼덕": {
        "word": "덜꺼덕",
        "chosung": "ㄷㄲㄷ",
        "type": "부사",
        "mean": "크고 단단한 물건이 맞부딪치는 소리. '덜거덕'보다 조금 센 느낌을 준다."
    },
    "덜꺼덕덜꺼덕": {
        "word": "덜꺼덕덜꺼덕",
        "chosung": "ㄷㄲㄷㄷㄲㄷ",
        "type": "부사",
        "mean": "크고 단단한 물건이 자꾸 맞부딪치는 소리. '덜거덕덜거덕'보다 조금 센 느낌을 준다."
    },
    "덜꺼덩": {
        "word": "덜꺼덩",
        "chosung": "ㄷㄲㄷ",
        "type": "부사",
        "mean": "크고 단단한 물건이 부딪쳐 울리는 소리. '덜거덩'보다 조금 센 느낌을 준다."
    },
    "덜꺼덩덜꺼덩": {
        "word": "덜꺼덩덜꺼덩",
        "chosung": "ㄷㄲㄷㄷㄲㄷ",
        "type": "부사",
        "mean": "크고 단단한 물건이 자꾸 부딪쳐 울리는 소리. '덜거덩덜거덩'보다 조금 센 느낌을 준다."
    },
    "덜꺽": {
        "word": "덜꺽",
        "chosung": "ㄷㄲ",
        "type": "부사",
        "mean": "'덜꺼덕'의 준말."
    },
    "덜꺽덜꺽": {
        "word": "덜꺽덜꺽",
        "chosung": "ㄷㄲㄷㄲ",
        "type": "부사",
        "mean": "'덜꺼덕덜꺼덕'의 준말."
    },
    "덜껑": {
        "word": "덜껑",
        "chosung": "ㄷㄲ",
        "type": "부사",
        "mean": "'덜꺼덩'의 준말."
    },
    "덜껑덜껑": {
        "word": "덜껑덜껑",
        "chosung": "ㄷㄲㄷㄲ",
        "type": "부사",
        "mean": "'덜꺼덩덜꺼덩'의 준말."
    },
    "덜께기": {
        "word": "덜께기",
        "chosung": "ㄷㄲㄱ",
        "type": "명사",
        "mean": "늙은 수꿩."
    },
    "덜꿩나무": {
        "word": "덜꿩나무",
        "chosung": "ㄷㄲㄴㅁ",
        "type": "명사",
        "mean": "인동과의 낙엽 활엽 관목. 높이는 2미터 정도이며, 잎은 마주나고 톱니가 있다. 초여름에 흰 꽃이 취산(聚□) 꽃차례로 피고 열매는 핵과(核果)로 9월에 붉게 익는다. 애순과 열매는 식용한다. 한국 중부 이남과 일본, 중국 등지에 분포한다. (Viburnum erosum)"
    },
    "덜나기": {
        "word": "덜나기",
        "chosung": "ㄷㄴㄱ",
        "type": "명사",
        "mean": "'유효 감퇴 속도'의 북한어."
    },
    "덜나다": {
        "word": "덜나다",
        "chosung": "ㄷㄴㄷ",
        "type": "형용사",
        "mean": "미욱하고 덜떨어지다."
    },
    "덜넝이다": {
        "word": "덜넝이다",
        "chosung": "ㄷㄴㅇㄷ",
        "type": "동사",
        "mean": "［옛말］ '덜렁이다'의 옛말."
    },
    "덜다": {
        "word": "덜다",
        "chosung": "ㄷㄷ",
        "type": "동사",
        "mean": "［방언］'덖다'의 방언(평북)."
    },
    "덜닳음강": {
        "word": "덜닳음강",
        "chosung": "ㄷㄷㅇㄱ",
        "type": "명사",
        "mean": "마찰이나 충격을 잘 견디는 강철. 고망간강(高Mangan鋼)이나 흑연화강(黑鉛化鋼)이 있다."
    },
    "덜덜": {
        "word": "덜덜",
        "chosung": "ㄷㄷ",
        "type": "부사",
        "mean": "1. 춥거나 무서워서 몸을 몹시 떠는 모양."
    },
    "덜덜이": {
        "word": "덜덜이",
        "chosung": "ㄷㄷㅇ",
        "type": "명사",
        "mean": "1. 차분하지 못하고 함부로 덤비는 끼가 있는 사람."
    },
    "덜도래": {
        "word": "덜도래",
        "chosung": "ㄷㄷㄹ",
        "type": "명사",
        "mean": "'땅강아지'의 잘못."
    },
    "덜되다": {
        "word": "덜되다",
        "chosung": "ㄷㄷㄷ",
        "type": "형용사",
        "mean": "사람의 됨됨이가 경솔하고 건방지다."
    },
    "덜떨어지다": {
        "word": "덜떨어지다",
        "chosung": "ㄷㄸㅇㅈㄷ",
        "type": "형용사",
        "mean": "쇠딱지가 아직 채 떨어지지 않았다는 뜻으로, 어린아이의 수준을 벗어나지 못하여 나이에 비하여 어리고 미련함을 이르는 말."
    },
    "덜래다": {
        "word": "덜래다",
        "chosung": "ㄷㄹㄷ",
        "type": "동사",
        "mean": "［방언］'덜렁이다'의 방언(함경)."
    },
    "덜러덩": {
        "word": "덜러덩",
        "chosung": "ㄷㄹㄷ",
        "type": "부사",
        "mean": "크고 단단한 물건들이 느리게 흔들리면서 서로 닿아 울리는 소리."
    },
    "덜러덩덜러덩": {
        "word": "덜러덩덜러덩",
        "chosung": "ㄷㄹㄷㄷㄹㄷ",
        "type": "부사",
        "mean": "크고 단단한 물건들이 느리게 흔들리면서 서로 닿아 잇따라 울리는 소리."
    },
    "덜럭거리다": {
        "word": "덜럭거리다",
        "chosung": "ㄷㄹㄱㄹㄷ",
        "type": "동사",
        "mean": "［북한어］묵직한 것이 자꾸 흔들리다. ≒덜럭대다."
    },
    "덜럭대다": {
        "word": "덜럭대다",
        "chosung": "ㄷㄹㄷㄷ",
        "type": "동사",
        "mean": "［북한어］=덜럭거리다."
    },
    "덜럭덜럭": {
        "word": "덜럭덜럭",
        "chosung": "ㄷㄹㄷㄹ",
        "type": "부사",
        "mean": "［북한어］묵직한 것이 자꾸 흔들리는 모양."
    },
    "덜렁": {
        "word": "덜렁",
        "chosung": "ㄷㄹ",
        "type": "부사",
        "mean": "1. 큰 방울이나 매달린 물체 따위가 한 번 흔들리는 소리. 또는 그 모양. 2. 침착하지 못하고 거볍게 행동하는 모양. 3. 갑자기 놀라거나 겁이 나서 가슴이 뜨끔하게 울리는 모양."
    },
    "덜렁꾼": {
        "word": "덜렁꾼",
        "chosung": "ㄷㄹㄲ",
        "type": "명사",
        "mean": "=덜렁쇠."
    },
    "덜렁꾼이": {
        "word": "덜렁꾼이",
        "chosung": "ㄷㄹㄲㅇ",
        "type": "명사",
        "mean": "'덜렁쇠'의 잘못."
    },
    "덜렁덜렁": {
        "word": "덜렁덜렁",
        "chosung": "ㄷㄹㄷㄹ",
        "type": "부사",
        "mean": "1. 큰 방울이나 매달린 물체 따위가 자꾸 흔들리는 소리. 또는 그 모양."
    },
    "덜렁말": {
        "word": "덜렁말",
        "chosung": "ㄷㄹㅁ",
        "type": "명사",
        "mean": "함부로 덜렁이는 말. ≒광당마."
    },
    "덜렁쇠": {
        "word": "덜렁쇠",
        "chosung": "ㄷㄹㅅ",
        "type": "명사",
        "mean": "침착하지 못하고 몹시 덤벙거리는 사람. ≒덜렁꾼·덜렁이."
    },
    "덜렁수캐": {
        "word": "덜렁수캐",
        "chosung": "ㄷㄹㅅㅋ",
        "type": "명사",
        "mean": "［북한어］침착하지 못하고 이리저리 돌아다니기를 좋아하는 남자를 놀림조로 이르는 말."
    },
    "덜렁이": {
        "word": "덜렁이",
        "chosung": "ㄷㄹㅇ",
        "type": "명사",
        "mean": "=덜렁쇠."
    },
    "덜렁제": {
        "word": "덜렁제",
        "chosung": "ㄷㄹㅈ",
        "type": "명사",
        "mean": "'설렁제'의 잘못."
    },
    "덜렁조": {
        "word": "덜렁조",
        "chosung": "ㄷㄹㅈ",
        "type": "명사",
        "mean": "'설렁제'의 잘못."
    },
    "덜레기소리": {
        "word": "덜레기소리",
        "chosung": "ㄷㄹㄱㅅㄹ",
        "type": "명사",
        "mean": "나주 들노래의 논매기 노래 가운데 하나. 중모리 장단이며 '한벌매기 노래'라고도 한다."
    },
    "덜레덜레": {
        "word": "덜레덜레",
        "chosung": "ㄷㄹㄷㄹ",
        "type": "부사",
        "mean": "1. 단출한 몸으로 건들건들 걷거나 행동하는 모양."
    },
    "덜레스": {
        "word": "덜레스",
        "chosung": "ㄷㄹㅅ",
        "type": "명사",
        "mean": "미국의 정치가(1888~1959). 국제 연합 총회 미국 대표, 국무 장관 특별 고문을 지냈으며, 1951년에는 대통령 특사로서 대일 강화 조약, 미·일 안전 보장 조약을 성립시켰다. 1953년에 국무 장관이 되었으며 반공 정책을 폈다."
    },
    "덜레스공항": {
        "word": "덜레스공항",
        "chosung": "ㄷㄹㅅㄱㅎ",
        "type": "명사",
        "mean": "미국 워싱턴 서쪽에 있는 국제 공항."
    },
    "덜루스": {
        "word": "덜루스",
        "chosung": "ㄷㄹㅅ",
        "type": "명사",
        "mean": "미국 미네소타 주의 서쪽 끝에 있는 항만 공업 도시. 메사비 산지에서 나는 철광석과 밀을 실어 낸다."
    },
    "덜룩거리다": {
        "word": "덜룩거리다",
        "chosung": "ㄷㄹㄱㄹㄷ",
        "type": "동사",
        "mean": "［북한어］조금 무겁거나 큼직한 물건이 자꾸 흔들리다. ≒덜룩대다."
    },
    "덜룩대다": {
        "word": "덜룩대다",
        "chosung": "ㄷㄹㄷㄷ",
        "type": "동사",
        "mean": "［북한어］=덜룩거리다."
    },
    "덜룩덜룩": {
        "word": "덜룩덜룩",
        "chosung": "ㄷㄹㄷㄹ",
        "type": "부사",
        "mean": "［북한어］조금 무겁거나 큼직한 물건이 자꾸 흔들리는 모양."
    },
    "덜룽": {
        "word": "덜룽",
        "chosung": "ㄷㄹ",
        "type": "부사",
        "mean": "［북한어］1. 크고 무거운 물체를 쉽게 들어 올리거나 메는 모양."
    },
    "덜룽덜룽": {
        "word": "덜룽덜룽",
        "chosung": "ㄷㄹㄷㄹ",
        "type": "부사",
        "mean": "［북한어］1. 크고 무거운 물체를 잇따라 쉽게 들어 올리거나 메는 모양."
    },
    "덜룽스럽다": {
        "word": "덜룽스럽다",
        "chosung": "ㄷㄹㅅㄹㄷ",
        "type": "형용사",
        "mean": "성미가 찬찬하고 차분하지 않은 데가 있다."
    },
    "덜룽히": {
        "word": "덜룽히",
        "chosung": "ㄷㄹㅎ",
        "type": "부사",
        "mean": "［북한어］=덜룽."
    },
    "덜름": {
        "word": "덜름",
        "chosung": "ㄷㄹ",
        "type": "부사",
        "mean": "［북한어］옷 따위가 들리어 보이는 모양."
    },
    "덜리다": {
        "word": "덜리다",
        "chosung": "ㄷㄹㄷ",
        "type": "동사",
        "mean": "1. 『…에서』 '덜다'의 피동사."
    },
    "덜리이다": {
        "word": "덜리이다",
        "chosung": "ㄷㄹㅇㄷ",
        "type": "동사",
        "mean": "［옛말］'덜리다'의 옛말."
    },
    "덜릴수": {
        "word": "덜릴수",
        "chosung": "ㄷㄹㅅ",
        "type": "명사",
        "mean": "'피감수'의 북한어."
    },
    "덜머리": {
        "word": "덜머리",
        "chosung": "ㄷㅁㄹ",
        "type": "명사",
        "mean": "［방언］'밭다리 걸기'의 방언(제주)."
    },
    "덜머리집": {
        "word": "덜머리집",
        "chosung": "ㄷㅁㄹㅈ",
        "type": "명사",
        "mean": "《민속》1. 꼭두각시놀음에 나오는 박 첨지의 첩. 흰 얼굴에 연지를 바르고 노랑 저고리와 분홍 치마를 입고 머리를 쪽 찐 술집 여자이다. 2. 봉산 탈춤에 나오는 영감의 첩이 쓰는 흰 바탕에 입술을 붉게 칠한 탈. 또는 그 탈을 쓰고 노랑 저고리와 붉은 치마를 입고 나오는 사람. 탈춤의 일곱째 마당에 나온다."
    },
    "덜머리총각": {
        "word": "덜머리총각",
        "chosung": "ㄷㅁㄹㅊㄱ",
        "type": "명사",
        "mean": "'떠꺼머리총각'의 잘못."
    },
    "덜먹다": {
        "word": "덜먹다",
        "chosung": "ㄷㅁㄷ",
        "type": "동사",
        "mean": "［북한어］사람이나 가축이 입맛이 떨어져 제대로 먹지 않다."
    },
    "덜미": {
        "word": "덜미",
        "chosung": "ㄷㅁ",
        "type": "명사",
        "mean": "1. 목의 뒤쪽 부분과 그 아래 근처."
    },
    "덜미걸이": {
        "word": "덜미걸이",
        "chosung": "ㄷㅁㄱㅇ",
        "type": "명사",
        "mean": "씨름에서, 연장걸이를 할 때 상대편의 목을 오른팔로 감고 잡아당기는 기술."
    },
    "덜미고리": {
        "word": "덜미고리",
        "chosung": "ㄷㅁㄱㄹ",
        "type": "명사",
        "mean": "꼭두각시놀음의 인형을 담는 고리."
    },
    "덜미꾼": {
        "word": "덜미꾼",
        "chosung": "ㄷㅁㄲ",
        "type": "명사",
        "mean": " 꼭두각시놀음을 직업으로 하는 사람."
    },
    "덜미대문": {
        "word": "덜미대문",
        "chosung": "ㄷㅁㄷㅁ",
        "type": "명사",
        "mean": "'덜밋대문'의 북한어."
    },
    "덜미맞다": {
        "word": "덜미맞다",
        "chosung": "ㄷㅁㅁㄷ",
        "type": "동사",
        "mean": "화살이 과녁의 판 위에 있는 일자머리 윗부분에 맞다."
    },
    "덜미소리": {
        "word": "덜미소리",
        "chosung": "ㄷㅁㅅㄹ",
        "type": "명사",
        "mean": "판소리나 잡가의 창법에서, 크고 높은 소리를 배 속에서 바로 위로 뽑아내는 소리. ≒덜미청."
    },
    "덜미쇠": {
        "word": "덜미쇠",
        "chosung": "ㄷㅁㅅ",
        "type": "명사",
        "mean": "꼭두각시놀음에서, 으뜸 조종자를 이르는 말. ≒대잡이."
    },
    "덜미잡이": {
        "word": "덜미잡이",
        "chosung": "ㄷㅁㅈㅇ",
        "type": "명사",
        "mean": "1. 뒷덜미를 움켜잡고 끌어가는 일."
    },
    "덜미청": {
        "word": "덜미청",
        "chosung": "ㄷㅁㅊ",
        "type": "명사",
        "mean": "=덜미소리."
    },
    "덜미포장": {
        "word": "덜미포장",
        "chosung": "ㄷㅁㅍㅈ",
        "type": "명사",
        "mean": "꼭두각시놀음을 하는, 포장으로 둘러친 공중 무대. ≒포장막."
    },
    "덜밋대문": {
        "word": "덜밋대문",
        "chosung": "ㄷㅁㄷㅁ",
        "type": "명사",
        "mean": "집의 대청채 뒤에 있는 대문. 남향 집의 뒤에 북향으로 달린 대문을 이른다."
    },
    "덜성덜성": {
        "word": "덜성덜성",
        "chosung": "ㄷㅅㄷㅅ",
        "type": "부사",
        "mean": "'들썩들썩'의 잘못."
    },
    "덜성하다": {
        "word": "덜성하다",
        "chosung": "ㄷㅅㅎㄷ",
        "type": "형용사",
        "mean": "［방언］'떠들썩하다'의 방언(함북)."
    },
    "덜수갈림": {
        "word": "덜수갈림",
        "chosung": "ㄷㅅㄱㄹ",
        "type": "명사",
        "mean": "'감수 분열'의 북한어."
    },
    "덜시머": {
        "word": "덜시머",
        "chosung": "ㄷㅅㅁ",
        "type": "명사",
        "mean": "타현 악기의 하나. 사다리꼴 상자에 쳐진 금속 현을 두 개의 막대기로 두드려 연주한다. 중근동에서 유럽으로 전해져서 피아노의 전신이 되었다."
    },
    "덜썩": {
        "word": "덜썩",
        "chosung": "ㄷㅆ",
        "type": "부사",
        "mean": "［북한어］1. 사람이 갑자기 힘없이 주저앉는 소리. 또는 그 모양."
    },
    "덜썩꿍": {
        "word": "덜썩꿍",
        "chosung": "ㄷㅆㄲ",
        "type": "부사",
        "mean": "［북한어］1. 사람이 갑자기 무겁게 주저앉는 모양."
    },
    "덜썩꿍덜썩꿍": {
        "word": "덜썩꿍덜썩꿍",
        "chosung": "ㄷㅆㄲㄷㅆㄲ",
        "type": "부사",
        "mean": "［북한어］크고 두툼한 물건이 갑자기 무겁게 바닥에 자꾸 떨어지는 모양."
    },
    "덜썩덜썩": {
        "word": "덜썩덜썩",
        "chosung": "ㄷㅆㄷㅆ",
        "type": "부사",
        "mean": "［북한어］1. 여럿이 다 갑자기 힘없이 주저앉는 소리. 또는 그 모양. 2. 크고 두툼한 물건이 맥없이 바닥에 자꾸 떨어지는 소리. 또는 그 모양."
    },
    "덜쓸림합금": {
        "word": "덜쓸림합금",
        "chosung": "ㄷㅆㄹㅎㄱ",
        "type": "명사",
        "mean": "기계적 마찰을 잘 견디는 합금."
    },
    "덜이": {
        "word": "덜이",
        "chosung": "ㄷㅇ",
        "type": "명사",
        "mean": "일정한 값에서 얼마를 뺌."
    },
    "덜이다": {
        "word": "덜이다",
        "chosung": "ㄷㅇㄷ",
        "type": "동사",
        "mean": "［옛말］'덜리다'의 옛말."
    },
    "덜인견사": {
        "word": "덜인견사",
        "chosung": "ㄷㅇㄱㅅ",
        "type": "명사",
        "mean": "광택이 덜 나도록 만든 인조 견사. 세미덜 인견사와 풀덜 인견사로 구분된다."
    },
    "덜적지근하다": {
        "word": "덜적지근하다",
        "chosung": "ㄷㅈㅈㄱㅎㄷ",
        "type": "형용사",
        "mean": "［북한어］1. 맛이 조금 들척지근하다. 2. 행동이나 상태의 정도가 되지 않고 미적지근하다."
    },
    "덜짠물거북등수레벌레": {
        "word": "덜짠물거북등수레벌레",
        "chosung": "ㄷㅉㅁㄱㅂㄷㅅㄹㅂㄹ",
        "type": "명사",
        "mean": "수레벌레의 하나. 등껍데기의 앞 가장자리에 여섯 개의 뒷머리 가시가 있고 등껍데기의 가운데는 길고 큰 거북 등 모양이다. 바닷물과 민물이 섞인 염분이 적은 물에 산다."
    },
    "덜짠물물고기": {
        "word": "덜짠물물고기",
        "chosung": "ㄷㅉㅁㅁㄱㄱ",
        "type": "명사",
        "mean": "［북한어］'기수어'의 북한어."
    },
    "덜짠물호수": {
        "word": "덜짠물호수",
        "chosung": "ㄷㅉㅁㅎㅅ",
        "type": "명사",
        "mean": "'반함수호'의 북한어."
    },
    "덜커덕": {
        "word": "덜커덕",
        "chosung": "ㄷㅋㄷ",
        "type": "부사",
        "mean": "크고 단단한 물건이 맞부딪치는 소리. '덜거덕'보다 조금 거센 느낌을 준다."
    },
    "덜커덕덜커덕": {
        "word": "덜커덕덜커덕",
        "chosung": "ㄷㅋㄷㄷㅋㄷ",
        "type": "부사",
        "mean": "크고 단단한 물건이 자꾸 맞부딪치는 소리."
    },
    "덜커덩": {
        "word": "덜커덩",
        "chosung": "ㄷㅋㄷ",
        "type": "부사",
        "mean": "크고 단단한 물건이 부딪쳐 울리는 소리. '덜거덩'보다 조금 거센 느낌을 준다."
    },
    "덜커덩덜커덩": {
        "word": "덜커덩덜커덩",
        "chosung": "ㄷㅋㄷㄷㅋㄷ",
        "type": "부사",
        "mean": "크고 단단한 물건이 자꾸 부딪쳐 울리는 소리. '덜거덩덜거덩'보다 조금 거센 느낌을 준다."
    },
    "덜컥": {
        "word": "덜컥",
        "chosung": "ㄷㅋ",
        "type": "부사",
        "mean": "1. 갑자기 놀라거나 겁에 질려 가슴이 내려앉는 모양."
    },
    "덜컥덜컥": {
        "word": "덜컥덜컥",
        "chosung": "ㄷㅋㄷㅋ",
        "type": "부사",
        "mean": "1. 갑자기 놀라거나 겁에 질려 가슴이 내려앉듯이 자꾸 두근거리는 모양."
    },
    "덜컹": {
        "word": "덜컹",
        "chosung": "ㄷㅋ",
        "type": "부사",
        "mean": "'덜커덩'의 준말."
    },
    "덜컹덜컹": {
        "word": "덜컹덜컹",
        "chosung": "ㄷㅋㄷㅋ",
        "type": "부사",
        "mean": "'덜커덩덜커덩'의 준말."
    },
    "덜쿠다": {
        "word": "덜쿠다",
        "chosung": "ㄷㅋㄷ",
        "type": "동사",
        "mean": "［방언］'겯다'의 방언(평북)."
    },
    "덜큼하다": {
        "word": "덜큼하다",
        "chosung": "ㄷㅋㅎㄷ",
        "type": "형용사",
        "mean": "［북한어］산뜻한 맛이 없이 조금 달다."
    },
    "덜퉁스럽다": {
        "word": "덜퉁스럽다",
        "chosung": "ㄷㅌㅅㄹㄷ",
        "type": "형용사",
        "mean": "［북한어］성질이나 행동 따위가 찬찬하고 깐깐하지 못한 데가 있다."
    },
    "덜퉁하다": {
        "word": "덜퉁하다",
        "chosung": "ㄷㅌㅎㄷ",
        "type": "형용사",
        "mean": "［북한어］성질이나 행동 따위가 찬찬하고 깐깐하지 못하다."
    },
    "덜티다": {
        "word": "덜티다",
        "chosung": "ㄷㅌㄷ",
        "type": "동사",
        "mean": "［옛말］덜어 내다."
    },
    "덜퍼덕": {
        "word": "덜퍼덕",
        "chosung": "ㄷㅍㄷ",
        "type": "부사",
        "mean": "힘없이 주저앉거나 눕는 모양."
    },
    "덜퍽": {
        "word": "덜퍽",
        "chosung": "ㄷㅍ",
        "type": "부사",
        "mean": "［북한어］'덜퍼덕'의 북한어."
    },
    "덜퍽부리다": {
        "word": "덜퍽부리다",
        "chosung": "ㄷㅍㅂㄹㄷ",
        "type": "동사",
        "mean": "고함을 지르면서 푸지게 심술을 부리다."
    },
    "덜퍽스럽다": {
        "word": "덜퍽스럽다",
        "chosung": "ㄷㅍㅅㄹㄷ",
        "type": "형용사",
        "mean": "푸지고 탐스러운 데가 있다."
    },
    "덜퍽지다": {
        "word": "덜퍽지다",
        "chosung": "ㄷㅍㅈㄷ",
        "type": "저",
        "mean": "), -지니〕［형용사］1. 푸지고 탐스럽다."
    },
    "덜퍽하다": {
        "word": "덜퍽하다",
        "chosung": "ㄷㅍㅎㄷ",
        "type": "형용사",
        "mean": "［북한어］'덜퍽지다'의 북한어."
    },
    "덜헉덜헉": {
        "word": "덜헉덜헉",
        "chosung": "ㄷㅎㄷㅎ",
        "type": "부사",
        "mean": "［옛말］'더럭더럭'의 옛말."
    }
}