{
    "덧": {
        "word": "덧",
        "chosung": "ㄷ",
        "type": "명사",
        "mean": "얼마 안 되는 퍽 짧은 시간.【＜덛≪월인석보(1459)≫】"
    },
    "덧가래": {
        "word": "덧가래",
        "chosung": "ㄷㄱㄹ",
        "type": "명사",
        "mean": "씨름에서, 상대편의 오른쪽 다리에 자기의 오른쪽 다리를 대고 상대편의 몸을 위로 띄워서 넘기는 기술."
    },
    "덧가시책말": {
        "word": "덧가시책말",
        "chosung": "ㄷㄱㅅㅊㅁ",
        "type": "명사",
        "mean": "책말과의 조류. 몸은 보통 네 개의 세포로 이루어진 군체이다. 세포들은 달걀 모양 또는 긴 달걀 모양이며 풀색을 띤다. 고인 물에 널리 퍼져 떠돌며 산다."
    },
    "덧가지": {
        "word": "덧가지",
        "chosung": "ㄷㄱㅈ",
        "type": "명사",
        "mean": "1. 쓸데없이 더 나는 나뭇가지. 2. 필요 없는 군더더기를 비유적으로 이르는 말."
    },
    "덧간": {
        "word": "덧간",
        "chosung": "ㄷㄱ",
        "type": "명사",
        "mean": "오선 이외에 위아래에 덧붙여 그은 선과 선의 사이. ≒가선간."
    },
    "덧감": {
        "word": "덧감",
        "chosung": "ㄷㄱ",
        "type": "명사",
        "mean": "기본으로 쓰는 감에 덧붙여 쓰는 감."
    },
    "덧개비": {
        "word": "덧개비",
        "chosung": "ㄷㄱㅂ",
        "type": "명사",
        "mean": "'덧게비'의 잘못."
    },
    "덧개피다": {
        "word": "덧개피다",
        "chosung": "ㄷㄱㅍㄷ",
        "type": "동사",
        "mean": "［북한어］1. 똥에 곱 따위가 섞이면서 뒤가 무지근하여 더욱 잘 나오지 않다. 2. 비나 눈으로 늪, 웅덩이 따위에 물이 더 많이 고이다. 3. (비유적으로) 사람들이 한군데 더 많이 모이다."
    },
    "덧거름": {
        "word": "덧거름",
        "chosung": "ㄷㄱㄹ",
        "type": "명사",
        "mean": "농작물에 첫 번 거름을 준 뒤 밑거름을 보충하기 위하여 더 주는 비료. ≒뒷거름·보비(補肥)."
    },
    "덧거름기계": {
        "word": "덧거름기계",
        "chosung": "ㄷㄱㄹㄱㄱ",
        "type": "명사",
        "mean": "덧거름을 주는 데 쓰는 기계. 흔히 골갈이와 김매기를 겸해서 하게 되어 있다."
    },
    "덧거리": {
        "word": "덧거리",
        "chosung": "ㄷㄱㄹ",
        "type": "명사",
        "mean": "1. 정해진 수량 이외에 덧붙이는 물건. ≒곁들이."
    },
    "덧거리질": {
        "word": "덧거리질",
        "chosung": "ㄷㄱㄹㅈ",
        "type": "명사",
        "mean": "정해진 수량 이외에 물건을 덧붙이는 일."
    },
    "덧거리표": {
        "word": "덧거리표",
        "chosung": "ㄷㄱㄹㅍ",
        "type": "명사",
        "mean": "=경품권."
    },
    "덧거칠다": {
        "word": "덧거칠다",
        "chosung": "ㄷㄱㅊㄷ",
        "type": "형용사",
        "mean": "일이 순조롭지 못하고 까탈이 많다."
    },
    "덧거침": {
        "word": "덧거침",
        "chosung": "ㄷㄱㅊ",
        "type": "명사",
        "mean": "곡식의 잎새가 말라 죽는 병."
    },
    "덧건드리다": {
        "word": "덧건드리다",
        "chosung": "ㄷㄱㄷㄹㄷ",
        "type": "동사",
        "mean": "［북한어］얼핏 건드리거나 잘못 건드리다."
    },
    "덧걸다": {
        "word": "덧걸다",
        "chosung": "ㄷㄱㄷ",
        "type": "동사",
        "mean": "『…에 …을』 걸어 놓은 위에 겹쳐 걸다."
    },
    "덧걸리다": {
        "word": "덧걸리다",
        "chosung": "ㄷㄱㄹㄷ",
        "type": "동사",
        "mean": "『…에』 1. '덧걸다'의 피동사."
    },
    "덧걸이": {
        "word": "덧걸이",
        "chosung": "ㄷㄱㅇ",
        "type": "명사",
        "mean": "［북한어］이미 있는 집에 덧붙여 만든, 살림하는 칸."
    },
    "덧걸치다": {
        "word": "덧걸치다",
        "chosung": "ㄷㄱㅊㄷ",
        "type": "동사",
        "mean": "『…에 …을』 걸친 위에 겹쳐 걸치다."
    },
    "덧겅이": {
        "word": "덧겅이",
        "chosung": "ㄷㄱㅇ",
        "type": "명사",
        "mean": "'더껑이'의 잘못."
    },
    "덧게비": {
        "word": "덧게비",
        "chosung": "ㄷㄱㅂ",
        "type": "명사",
        "mean": "이미 있는 것에 덧대거나 덧보탬. 또는 그런 일이나 물건."
    },
    "덧게비치다": {
        "word": "덧게비치다",
        "chosung": "ㄷㄱㅂㅊㄷ",
        "type": "처",
        "mean": "), -치니〕［동사］『…에 …을』 1. 다른 것 위에 다시 엎어 대다. 2. 다른 연이 서로 얼린 위에 더 덮어 얼리다."
    },
    "덧겹닿소리": {
        "word": "덧겹닿소리",
        "chosung": "ㄷㄱㄷㅅㄹ",
        "type": "명사",
        "mean": "=차성중자음."
    },
    "덧고이다": {
        "word": "덧고이다",
        "chosung": "ㄷㄱㅇㄷ",
        "type": "동사",
        "mean": "［북한어］넘어지거나 기울어지거나 낮아지지 않도록 덧받치다."
    },
    "덧관식": {
        "word": "덧관식",
        "chosung": "ㄷㄱㅅ",
        "type": "명사",
        "mean": "［북한어］온수와 냉수를 모두 쓸 수 있도록 수도관을 두 줄로 늘이는 방식."
    },
    "덧괴다": {
        "word": "덧괴다",
        "chosung": "ㄷㄱㄷ",
        "type": "동사",
        "mean": "［북한어］'덧고이다'의 준말."
    },
    "덧구두": {
        "word": "덧구두",
        "chosung": "ㄷㄱㄷ",
        "type": "명사",
        "mean": " 1. '덧신'의 잘못. 2. ［북한어］덧신으로 신는 구두."
    },
    "덧국": {
        "word": "덧국",
        "chosung": "ㄷㄱ",
        "type": "명사",
        "mean": "［북한어］차려진 몫 외에 더 받는 국. 또는 따로 받아 덧치는 국물."
    },
    "덧국수": {
        "word": "덧국수",
        "chosung": "ㄷㄱㅅ",
        "type": "명사",
        "mean": "［북한어］차려진 몫 외에 더 받는 국수. 또는 따로 덧놓아 주는 국수사리."
    },
    "덧굳히다": {
        "word": "덧굳히다",
        "chosung": "ㄷㄱㅎㄷ",
        "type": "동사",
        "mean": "［북한어］한결 더 굳게 하다."
    },
    "덧궂다": {
        "word": "덧궂다",
        "chosung": "ㄷㄱㄷ",
        "type": "형용사",
        "mean": "1. ［옛말］몹시 궂다."
    },
    "덧궂히다": {
        "word": "덧궂히다",
        "chosung": "ㄷㄱㅎㄷ",
        "type": "동사",
        "mean": "［북한어］1. 제대로 되지 않은 일을 더욱더 그르치게 하다."
    },
    "덧그림": {
        "word": "덧그림",
        "chosung": "ㄷㄱㄹ",
        "type": "명사",
        "mean": "그림 위에 얇은 종이를 덮어 대고 본떠 그리는 그림."
    },
    "덧그물": {
        "word": "덧그물",
        "chosung": "ㄷㄱㅁ",
        "type": "명사",
        "mean": "［북한어］1. 쳐 놓은 그물 옆에 덧치는 그물."
    },
    "덧글씨": {
        "word": "덧글씨",
        "chosung": "ㄷㄱㅆ",
        "type": "명사",
        "mean": "［북한어］있는 글씨 위에 덧써 넣는 글씨."
    },
    "덧긋다": {
        "word": "덧긋다",
        "chosung": "ㄷㄱㄷ",
        "type": "동사",
        "mean": "『…에 …을』 그은 선 위에 다시 긋거나 더 긋다."
    },
    "덧기둥": {
        "word": "덧기둥",
        "chosung": "ㄷㄱㄷ",
        "type": "명사",
        "mean": " 원래 있는 기둥에 덧대는 기둥."
    },
    "덧깁다": {
        "word": "덧깁다",
        "chosung": "ㄷㄱㄷ",
        "type": "동사",
        "mean": "『…에 …을』 이미 기웠던 자리에 덧대고 깁다."
    },
    "덧깃": {
        "word": "덧깃",
        "chosung": "ㄷㄱ",
        "type": "명사",
        "mean": "［북한어］이미 있는 깃에 덧대는 깃."
    },
    "덧깔다": {
        "word": "덧깔다",
        "chosung": "ㄷㄲㄷ",
        "type": "동사",
        "mean": "『…에 …을』 깐 위에 겹쳐 깔다."
    },
    "덧깔리다": {
        "word": "덧깔리다",
        "chosung": "ㄷㄲㄹㄷ",
        "type": "동사",
        "mean": "『…에』 '덧깔다'의 피동사."
    },
    "덧껴입다": {
        "word": "덧껴입다",
        "chosung": "ㄷㄲㅇㄷ",
        "type": "동사",
        "mean": "『…에 …을』 껴입은 위에 겹쳐 껴입다."
    },
    "덧꽂다": {
        "word": "덧꽂다",
        "chosung": "ㄷㄲㄷ",
        "type": "동사",
        "mean": "『…에 …을』 꽂은 위에 겹쳐 꽂다."
    },
    "덧꽃받침잎": {
        "word": "덧꽃받침잎",
        "chosung": "ㄷㄲㅂㅊㅇ",
        "type": "명사",
        "mean": "'부악'의 북한어."
    },
    "덧끼다": {
        "word": "덧끼다",
        "chosung": "ㄷㄲㄷ",
        "type": "동사",
        "mean": "『…에 …을』 낀 것 위에 겹쳐 끼다."
    },
    "덧끼우다": {
        "word": "덧끼우다",
        "chosung": "ㄷㄲㅇㄷ",
        "type": "동사",
        "mean": "『…에/에게 …을』 '덧끼다'의 사동사."
    },
    "덧끼이다": {
        "word": "덧끼이다",
        "chosung": "ㄷㄲㅇㄷ",
        "type": "동사",
        "mean": "『…에/에게』 '덧끼다'의 피동사."
    },
    "덧나가다": {
        "word": "덧나가다",
        "chosung": "ㄷㄴㄱㄷ",
        "type": "동사",
        "mean": "［북한어］1. '엇나가다'의 북한어. 2. 엉뚱한 데로 빗나가다."
    },
    "덧나다": {
        "word": "덧나다",
        "chosung": "ㄷㄴㄷ",
        "type": "동사",
        "mean": "1. 병이나 상처 따위를 잘못 다루어 상태가 더 나빠지다."
    },
    "덧나래": {
        "word": "덧나래",
        "chosung": "ㄷㄴㄹ",
        "type": "명사",
        "mean": "［북한어］덧씌우는 이엉."
    },
    "덧나무": {
        "word": "덧나무",
        "chosung": "ㄷㄴㅁ",
        "type": "명사",
        "mean": "나무를 베어 넘어뜨릴 때 옆의 나무에 걸린 나무. ≒덧목."
    },
    "덧낚": {
        "word": "덧낚",
        "chosung": "ㄷㄴ",
        "type": "명사",
        "mean": "［북한어］'덧낚시'의 북한어."
    },
    "덧낚시": {
        "word": "덧낚시",
        "chosung": "ㄷㄴㅅ",
        "type": "명사",
        "mean": "=꾐낚시."
    },
    "덧날": {
        "word": "덧날",
        "chosung": "ㄷㄴ",
        "type": "명사",
        "mean": "대팻날 위에 덧얹어 끼우는 날. 나무의 면에 거스러미가 일어나지 않도록 한다."
    },
    "덧날개": {
        "word": "덧날개",
        "chosung": "ㄷㄴㄱ",
        "type": "명사",
        "mean": "'플랩'의 북한어."
    },
    "덧날대패": {
        "word": "덧날대패",
        "chosung": "ㄷㄴㄷㅍ",
        "type": "명사",
        "mean": "대팻날 위에 날을 덧대어 대팻밥이 곱게 나와 나무 부스러기가 생기지 않는 대패. ≒겹대패."
    },
    "덧날막이": {
        "word": "덧날막이",
        "chosung": "ㄷㄴㅁㅇ",
        "type": "명사",
        "mean": "대패의 덧날 위에 가로 끼우는 쇠."
    },
    "덧내다": {
        "word": "덧내다",
        "chosung": "ㄷㄴㄷ",
        "type": "동사",
        "mean": "［옛말］'덧내다'의 옛말."
    },
    "덧너비": {
        "word": "덧너비",
        "chosung": "ㄷㄴㅂ",
        "type": "명사",
        "mean": "'확도(擴道)'를 다듬은 말."
    },
    "덧널": {
        "word": "덧널",
        "chosung": "ㄷㄴ",
        "type": "명사",
        "mean": "'곽(槨)'을 속되게 이르는 말."
    },
    "덧널다": {
        "word": "덧널다",
        "chosung": "ㄷㄴㄷ",
        "type": "동사",
        "mean": "『…을』 널어 놓은 위에 겹쳐서 널다."
    },
    "덧널무덤": {
        "word": "덧널무덤",
        "chosung": "ㄷㄴㅁㄷ",
        "type": "명사",
        "mean": "관을 넣어 두는 널방을 나무로 만든 무덤. 평양 부근의 낙랑 고분, 경주 부근의 신라 고분이 이에 속한다. ≒목곽묘·목곽분·토광목곽묘."
    },
    "덧넣다": {
        "word": "덧넣다",
        "chosung": "ㄷㄴㄷ",
        "type": "동사",
        "mean": "［북한어］넣은 데에 겹쳐 넣다."
    },
    "덧높이": {
        "word": "덧높이",
        "chosung": "ㄷㄴㅇ",
        "type": "명사",
        "mean": "휘어진 구간의 철길에서 안쪽의 레일에 비하여 바깥쪽 레일이 높아진 높이. 차량이 굽은 구간을 통과할 수 있게 하기 위한 것이다."
    },
    "덧놓다": {
        "word": "덧놓다",
        "chosung": "ㄷㄴㄷ",
        "type": "노쏘",
        "mean": "〕［동사］『…에 …을』 놓은 위에 겹쳐 놓다."
    },
    "덧놓이다": {
        "word": "덧놓이다",
        "chosung": "ㄷㄴㅇㄷ",
        "type": "동사",
        "mean": "『…에』 '덧놓다'의 피동사."
    },
    "덧눈": {
        "word": "덧눈",
        "chosung": "ㄷㄴ",
        "type": "명사",
        "mean": "잎겨드랑이에 생기는 여러 잎눈 가운데 가장 크고 정상적인 것 이외의 잎눈. 정상적인 잎눈의 위 또는 아래나 좌우 양옆에 보통 한 개가 나지만, 때로는 여러 개가 생기기도 한다. ≒부아(副芽)."
    },
    "덧니": {
        "word": "덧니",
        "chosung": "ㄷㄴ",
        "type": "명사",
        "mean": "배냇니 곁에 포개어 난 이. 배냇니를 갈 때 제때에 뽑지 않으면 생긴다."
    },
    "덧니박이": {
        "word": "덧니박이",
        "chosung": "ㄷㄴㅂㅇ",
        "type": "명사",
        "mean": "덧니가 난 사람."
    },
    "덧니빨": {
        "word": "덧니빨",
        "chosung": "ㄷㄴㅃ",
        "type": "명사",
        "mean": "'덧니'를 속되게 이르는 말."
    },
    "덧닦다": {
        "word": "덧닦다",
        "chosung": "ㄷㄷㄷ",
        "type": "동사",
        "mean": "［북한어］닦은 것을 다시 더 닦다."
    },
    "덧단": {
        "word": "덧단",
        "chosung": "ㄷㄷ",
        "type": "명사",
        "mean": "옷단의 길이가 모자랄 때, 다른 천으로 덧댄 옷단. ≒냄단."
    },
    "덧달다": {
        "word": "덧달다",
        "chosung": "ㄷㄷㄷ",
        "type": "동사",
        "mean": "『…에 …을』 덧붙여 달거나 겹쳐 달다."
    },
    "덧달리다": {
        "word": "덧달리다",
        "chosung": "ㄷㄷㄹㄷ",
        "type": "동사",
        "mean": "『…에』 '덧달다'의 피동사."
    },
    "덧닻": {
        "word": "덧닻",
        "chosung": "ㄷㄷ",
        "type": "명사",
        "mean": "［북한어］닻이 박히는 힘을 더하기 위하여 덧달아 주는 닻."
    },
    "덧대": {
        "word": "덧대",
        "chosung": "ㄷㄷ",
        "type": "명사",
        "mean": "'부목(副木)'의 북한어."
    },
    "덧대구": {
        "word": "덧대구",
        "chosung": "ㄷㄷㄱ",
        "type": "부사",
        "mean": "［방언］'무턱대고'의 방언(함경)."
    },
    "덧대다": {
        "word": "덧대다",
        "chosung": "ㄷㄷㄷ",
        "type": "동사",
        "mean": "1. 『…에 …을』 대어 놓은 것 위에 겹쳐 대다."
    },
    "덧댄이음": {
        "word": "덧댄이음",
        "chosung": "ㄷㄷㅇㅇ",
        "type": "명사",
        "mean": "목재를 서로 맞대고 철재 또는 목재의 덧판을 한 면 또는 양면에 대고 볼트로 죄는 이음."
    },
    "덧덮다": {
        "word": "덧덮다",
        "chosung": "ㄷㄷㄷ",
        "type": "동사",
        "mean": "『…에 …을』 덮은 위에 다시 겹쳐 덮다."
    },
    "덧덮이다": {
        "word": "덧덮이다",
        "chosung": "ㄷㄷㅇㄷ",
        "type": "동사",
        "mean": "『…에』 '덧덮다'의 피동사."
    },
    "덧도리": {
        "word": "덧도리",
        "chosung": "ㄷㄷㄹ",
        "type": "명사",
        "mean": "［방언］'덧두리'의 방언(강원)."
    },
    "덧돈": {
        "word": "덧돈",
        "chosung": "ㄷㄷ",
        "type": "명사",
        "mean": "=웃돈."
    },
    "덧두기다": {
        "word": "덧두기다",
        "chosung": "ㄷㄷㄱㄷ",
        "type": "동사",
        "mean": "'포개다'의 잘못."
    },
    "덧두리": {
        "word": "덧두리",
        "chosung": "ㄷㄷㄹ",
        "type": "명사",
        "mean": "1. 정해 놓은 액수 외에 얼마만큼 더 보탬. 또는 그렇게 하는 값."
    },
    "덧드러나다": {
        "word": "덧드러나다",
        "chosung": "ㄷㄷㄹㄴㄷ",
        "type": "동사",
        "mean": "『…에/에게』 숨겨 속인 일이 남에게 알려지다."
    },
    "덧드러내다": {
        "word": "덧드러내다",
        "chosung": "ㄷㄷㄹㄴㄷ",
        "type": "동사",
        "mean": "『…에게 …을』 '덧드러나다'의 사동사."
    },
    "덧들다": {
        "word": "덧들다",
        "chosung": "ㄷㄷㄷ",
        "type": "동사",
        "mean": " 깊이 들지 않은 잠이 깨어서 다시 잘 들지 않다."
    },
    "덧들이다": {
        "word": "덧들이다",
        "chosung": "ㄷㄷㅇㄷ",
        "type": "동사",
        "mean": "『…을』 '덧들다'의 사동사."
    },
    "덧띠토기": {
        "word": "덧띠토기",
        "chosung": "ㄷㄸㅌㄱ",
        "type": "명사",
        "mean": "아가리의 단면에 원형, 타원형, 삼각형의 띠를 말아 붙인 민무늬 토기. 청동기 시대 후기에 만들어졌다. ≒점토대 토기."
    },
    "덧레루": {
        "word": "덧레루",
        "chosung": "ㄷㄹㄹ",
        "type": "명사",
        "mean": "기본 레일의 곁에 덧까는 레일. 한쪽의 레일만 마모되는 것과 차바퀴가 탈선하는 것을 막기 위하여 깐다."
    },
    "덧마루": {
        "word": "덧마루",
        "chosung": "ㄷㅁㄹ",
        "type": "명사",
        "mean": "무대의 바닥을 부분적으로 높여야 할 경우에 쓰는, 일정 규격을 가진 마루 형식의 무대 장치."
    },
    "덧마치다": {
        "word": "덧마치다",
        "chosung": "ㄷㅁㅊㄷ",
        "type": "동사",
        "mean": "［북한어］결린 데가 다시 결리거나 더 결리다."
    },
    "덧맞다": {
        "word": "덧맞다",
        "chosung": "ㄷㅁㄷ",
        "type": "동사",
        "mean": "［북한어］ 맞은 위에 다시 맞거나 더 맞다."
    },
    "덧매다": {
        "word": "덧매다",
        "chosung": "ㄷㅁㄷ",
        "type": "동사",
        "mean": "『…에 …을』 맨 위에 다시 매다."
    },
    "덧머리": {
        "word": "덧머리",
        "chosung": "ㄷㅁㄹ",
        "type": "명사",
        "mean": "［방언］'밭걸이'의 방언(제주)."
    },
    "덧먹이": {
        "word": "덧먹이",
        "chosung": "ㄷㅁㅇ",
        "type": "명사",
        "mean": "'보충사료'를 다듬은 말."
    },
    "덧메다": {
        "word": "덧메다",
        "chosung": "ㄷㅁㄷ",
        "type": "동사",
        "mean": "［북한어］멘 위에 더 메다."
    },
    "덧모": {
        "word": "덧모",
        "chosung": "ㄷㅁ",
        "type": "명사",
        "mean": "1. 모가 모자랄 때 쓰려고 나중에 더 부어 키우는 모. 2. 모내기할 때 잘못된 모나 뜬 모 따위를 빼고 보충하여 심는 모."
    },
    "덧모이": {
        "word": "덧모이",
        "chosung": "ㄷㅁㅇ",
        "type": "명사",
        "mean": "［북한어］ 이미 준 모이 위에 더 주는 모이."
    },
    "덧목": {
        "word": "덧목",
        "chosung": "ㄷㅁ",
        "type": "명사",
        "mean": "=덧나무."
    },
    "덧무늬": {
        "word": "덧무늬",
        "chosung": "ㄷㅁㄴ",
        "type": "명사",
        "mean": "그릇 몸에 띠 모양의 흙을 덧붙여 만든 무늬."
    },
    "덧무늬그릇": {
        "word": "덧무늬그릇",
        "chosung": "ㄷㅁㄴㄱㄹ",
        "type": "명사",
        "mean": "'덧무늬 토기'의 북한어."
    },
    "덧무늬토기": {
        "word": "덧무늬토기",
        "chosung": "ㄷㅁㄴㅌㄱ",
        "type": "명사",
        "mean": "그릇의 표면이 약간 돋아 나오게 띠 모양으로 흙을 덧붙여 무늬를 만든 토기. 빗살무늬 토기보다 시기적으로 앞서는 것으로 알려져 있다."
    },
    "덧문": {
        "word": "덧문",
        "chosung": "ㄷㅁ",
        "type": "명사",
        "mean": "1. 문짝 바깥쪽에 덧다는 문."
    },
    "덧묻다": {
        "word": "덧묻다",
        "chosung": "ㄷㅁㄷ",
        "type": "동사",
        "mean": "『…에』 1. 묻은 것 위에 더 묻다."
    },
    "덧묻히다": {
        "word": "덧묻히다",
        "chosung": "ㄷㅁㅎㄷ",
        "type": "동사",
        "mean": "『…에 …을』 1. '덧묻다'의 사동사."
    },
    "덧물": {
        "word": "덧물",
        "chosung": "ㄷㅁ",
        "type": "명사",
        "mean": "《농업》모내기를 한 후에 덧대는 논물."
    },
    "덧물겁": {
        "word": "덧물겁",
        "chosung": "ㄷㅁㄱ",
        "type": "명사",
        "mean": "거푸집에서, 덧물을 붓는 공간. 주물 제품이 굳을 때 생기는 여러 가지 결함이 이 부분에 생기므로 특히 주의해야 하는 부분이다."
    },
    "덧물림": {
        "word": "덧물림",
        "chosung": "ㄷㅁㄹ",
        "type": "명사",
        "mean": "원래의 칸살 밖으로 낸 툇간."
    },
    "덧물보호법": {
        "word": "덧물보호법",
        "chosung": "ㄷㅁㅂㅎㅂ",
        "type": "명사",
        "mean": "덧물의 열이 밖으로 나가지 못하도록 막거나 덧물에 열을 더하여 주는 방법."
    },
    "덧물집헌데": {
        "word": "덧물집헌데",
        "chosung": "ㄷㅁㅈㅎㄷ",
        "type": "명사",
        "mean": "'천포창(天疱瘡)'의 북한어."
    },
    "덧미끼": {
        "word": "덧미끼",
        "chosung": "ㄷㅁㄲ",
        "type": "명사",
        "mean": "［북한어］1. 물고기를 모으기 위하여 낚시질을 하기 전에 뿌리는 미끼. 2. 낚시질을 하면서 더 주는 미끼."
    },
    "덧밀다": {
        "word": "덧밀다",
        "chosung": "ㄷㅁㄷ",
        "type": "동사",
        "mean": "［북한어］미는 위에 겹쳐서 밀다."
    },
    "덧밀리다": {
        "word": "덧밀리다",
        "chosung": "ㄷㅁㄹㄷ",
        "type": "동사",
        "mean": "［북한어］'덧밀다'의 피동사."
    },
    "덧바르다": {
        "word": "덧바르다",
        "chosung": "ㄷㅂㄹㄷ",
        "type": "동사",
        "mean": "『…에 …을』 바른 위에 겹쳐 바르다."
    },
    "덧바지": {
        "word": "덧바지",
        "chosung": "ㄷㅂㅈ",
        "type": "명사",
        "mean": "속바지 위에 입는 통이 넓은 큰 바지."
    },
    "덧박공": {
        "word": "덧박공",
        "chosung": "ㄷㅂㄱ",
        "type": "명사",
        "mean": "맞배집에서 박공 위에 붙이는 널빤지."
    },
    "덧발이": {
        "word": "덧발이",
        "chosung": "ㄷㅂㅇ",
        "type": "명사",
        "mean": "［방언］'덧니'의 방언(제주)."
    },
    "덧발파": {
        "word": "덧발파",
        "chosung": "ㄷㅂㅍ",
        "type": "명사",
        "mean": "'자유 폭파'의 북한어."
    },
    "덧밥": {
        "word": "덧밥",
        "chosung": "ㄷㅂ",
        "type": "명사",
        "mean": "1. 먹을 만큼 먹은 뒤에 더 먹는 밥. ≒가첨밥. 2. ［북한어］된장이나 고추장을 담글 때, 메주에 섞는 찐 밥. 장맛을 더 좋게 한다. 3. ［북한어］정해진 양 이외에 따로 더 주는 밥. ≒덧식사."
    },
    "덧방": {
        "word": "덧방",
        "chosung": "ㄷㅂ",
        "type": "명사",
        "mean": "=가지방(加地枋). 2. 이미 있는 것 위에 다른 것을 덧대는 일. 또는 그런 물건."
    },
    "덧방나무": {
        "word": "덧방나무",
        "chosung": "ㄷㅂㄴㅁ",
        "type": "명사",
        "mean": "수레의 양쪽 가장자리에 덧대는 나무."
    },
    "덧배기": {
        "word": "덧배기",
        "chosung": "ㄷㅂㄱ",
        "type": "명사",
        "mean": "물레의 판 쪽이 좋지 못할 때 전부 다시 대어 고치는 일."
    },
    "덧배잡이줄": {
        "word": "덧배잡이줄",
        "chosung": "ㄷㅂㅈㅇㅈ",
        "type": "명사",
        "mean": "'배잡잇줄'의 북한어."
    },
    "덧버선": {
        "word": "덧버선",
        "chosung": "ㄷㅂㅅ",
        "type": "명사",
        "mean": "1. 버선 위에 겹쳐 신는 큰 버선."
    },
    "덧베개": {
        "word": "덧베개",
        "chosung": "ㄷㅂㄱ",
        "type": "명사",
        "mean": "베개가 낮아서 높이려고 그 위에 겹쳐 놓는 다른 베개나 물건."
    },
    "덧벽": {
        "word": "덧벽",
        "chosung": "ㄷㅂ",
        "type": "명사",
        "mean": "'흉벽(胸壁)'의 북한어."
    },
    "덧보": {
        "word": "덧보",
        "chosung": "ㄷㅂ",
        "type": "명사",
        "mean": "약한 들보를 보다 튼튼하게 하기 위하여 곁들이는 들보."
    },
    "덧보기": {
        "word": "덧보기",
        "chosung": "ㄷㅂㄱ",
        "type": "명사",
        "mean": "남사당놀이의 다섯째 놀이. 탈놀음으로, 춤보다는 재담과 몸놀림이 우세한 풍자극이다. ≒덧뵈기."
    },
    "덧보기놀음": {
        "word": "덧보기놀음",
        "chosung": "ㄷㅂㄱㄴㅇ",
        "type": "명사",
        "mean": "1. =탈놀음. 2. =산대놀음."
    },
    "덧보기쇠": {
        "word": "덧보기쇠",
        "chosung": "ㄷㅂㄱㅅ",
        "type": "명사",
        "mean": "탈놀이꾼의 우두머리. ≒덧뵈기쇠."
    },
    "덧보기춤": {
        "word": "덧보기춤",
        "chosung": "ㄷㅂㄱㅊ",
        "type": "명사",
        "mean": "탈을 쓰고 농악 장단에 맞추어 추는 춤. 경상도 지방의 들놀음이나 오광대놀이에서 사용되는 대표적인 춤사위이다. ≒덧뵈기춤."
    },
    "덧보이다": {
        "word": "덧보이다",
        "chosung": "ㄷㅂㅇㄷ",
        "type": "동사",
        "mean": "『…에』보이는 것 위에 겹쳐 보이다."
    },
    "덧보태다": {
        "word": "덧보태다",
        "chosung": "ㄷㅂㅌㄷ",
        "type": "동사",
        "mean": "『…에 …을』 보탠 것 위에 겹쳐 보태다."
    },
    "덧뵈기": {
        "word": "덧뵈기",
        "chosung": "ㄷㅂㄱ",
        "type": "명사",
        "mean": "=덧보기."
    },
    "덧뵈기쇠": {
        "word": "덧뵈기쇠",
        "chosung": "ㄷㅂㄱㅅ",
        "type": "명사",
        "mean": "=덧보기쇠."
    },
    "덧뵈기장단": {
        "word": "덧뵈기장단",
        "chosung": "ㄷㅂㄱㅈㄷ",
        "type": "명사",
        "mean": "농악 장단의 하나."
    },
    "덧뵈기춤": {
        "word": "덧뵈기춤",
        "chosung": "ㄷㅂㄱㅊ",
        "type": "명사",
        "mean": "=덧보기춤."
    },
    "덧뵈기치다": {
        "word": "덧뵈기치다",
        "chosung": "ㄷㅂㄱㅊㄷ",
        "type": "처",
        "mean": "), -치니〕［동사］《민속》부산광역시 동래에서, 지신밟기를 하다."
    },
    "덧부록하다": {
        "word": "덧부록하다",
        "chosung": "ㄷㅂㄹㅎㄷ",
        "type": "형용사",
        "mean": "［옛말］'더부룩하다'의 옛말."
    },
    "덧불": {
        "word": "덧불",
        "chosung": "ㄷㅂ",
        "type": "명사",
        "mean": "［북한어］있는 불에 덧놓아 피우는 불."
    },
    "덧불리다": {
        "word": "덧불리다",
        "chosung": "ㄷㅂㄹㄷ",
        "type": "동사",
        "mean": "『…을』 더 많아지게 하다."
    },
    "덧불안": {
        "word": "덧불안",
        "chosung": "ㄷㅂㅇ",
        "type": "명사",
        "mean": "［북한어］불안 위에 덧붙여진 불안."
    },
    "덧붙다": {
        "word": "덧붙다",
        "chosung": "ㄷㅂㄷ",
        "type": "동사",
        "mean": "『…에』 1. 붙은 위에 겹쳐 붙다."
    },
    "덧붙이": {
        "word": "덧붙이",
        "chosung": "ㄷㅂㅇ",
        "type": "명사",
        "mean": "1. 물건이 겹쳐 붙는 일. 또는 그 물건. 2. 사람이 군더더기로 딸려 있는 일. 또는 그 사람."
    },
    "덧붙이다": {
        "word": "덧붙이다",
        "chosung": "ㄷㅂㅇㄷ",
        "type": "동사",
        "mean": "『…에 …을』 1. '덧붙다'의 사동사."
    },
    "덧붙이말": {
        "word": "덧붙이말",
        "chosung": "ㄷㅂㅇㅁ",
        "type": "명사",
        "mean": "'파생어'의 북한어."
    },
    "덧붙이무늬": {
        "word": "덧붙이무늬",
        "chosung": "ㄷㅂㅇㅁㄴ",
        "type": "명사",
        "mean": "덧붙이는 방법으로 새긴 무늬."
    },
    "덧붙이애기버섯": {
        "word": "덧붙이애기버섯",
        "chosung": "ㄷㅂㅇㅇㄱㅂㅅ",
        "type": "명사",
        "mean": "송이버섯과의 버섯. 색갓버섯과의 늙은 버섯에 더부살이를 한다. 갓은 처음에는 흰색이다가, 자라면서 가운데 부분부터 살이 연한 밤색의 가루 덩이로 변한다. 여름부터 가을까지 나무숲에 난다."
    },
    "덧붙인돈": {
        "word": "덧붙인돈",
        "chosung": "ㄷㅂㅇㄷ",
        "type": "명사",
        "mean": "사회주의 사회에서, 생산물의 유통을 담당한 자재 기관이나 상품 유통 기관들이 차지하는 판매 수입의 일부."
    },
    "덧붙임": {
        "word": "덧붙임",
        "chosung": "ㄷㅂㅇ",
        "type": "명사",
        "mean": "=이강음(移强音)."
    },
    "덧붙임대": {
        "word": "덧붙임대",
        "chosung": "ㄷㅂㅇㄷ",
        "type": "명사",
        "mean": "전봇대를 지지하기 위해 연이어서 만든 대."
    },
    "덧붙임법": {
        "word": "덧붙임법",
        "chosung": "ㄷㅂㅇㅂ",
        "type": "명사",
        "mean": "'파생법'의 북한어."
    },
    "덧붙임주머니": {
        "word": "덧붙임주머니",
        "chosung": "ㄷㅂㅇㅈㅁㄴ",
        "type": "명사",
        "mean": "따로 만들어서 덧대는 주머니."
    },
    "덧비료": {
        "word": "덧비료",
        "chosung": "ㄷㅂㄹ",
        "type": "명사",
        "mean": "'덧거름'의 북한어."
    },
    "덧빗": {
        "word": "덧빗",
        "chosung": "ㄷㅂ",
        "type": "명사",
        "mean": "이발기의 밑바닥에 덧끼는, 빗 모양으로 된 쇠붙이. 머리털을 조금 길게 깎기 위해서 끼운다."
    },
    "덧뿌리다": {
        "word": "덧뿌리다",
        "chosung": "ㄷㅃㄹㄷ",
        "type": "동사",
        "mean": "『…을』 씨 따위를 뿌린 뒤에 다시 뿌리거나 더 뿌리다."
    },
    "덧살": {
        "word": "덧살",
        "chosung": "ㄷㅅ",
        "type": "명사",
        "mean": "［북한어］1. 덧붙은 살이라는 뜻으로, 두드러지게 오른 살을 이르는 말."
    },
    "덧살멍석골뱅이": {
        "word": "덧살멍석골뱅이",
        "chosung": "ㄷㅅㅁㅅㄱㅂㅇ",
        "type": "명사",
        "mean": "골뱅이의 하나. 껍데기는 실꾸리 모양으로 두껍고 단단하다. 겉면에 여러 가지 규칙적인 조각 무늬와 새 무늬가 있다. 모래 바닥 또는 진흙 바닥에 사는데 우리 나라의 서해와 남해 연안에 분포한다."
    },
    "덧살창": {
        "word": "덧살창",
        "chosung": "ㄷㅅㅊ",
        "type": "명사",
        "mean": "창문 바깥쪽에 덧댄 창. 나무오리나 대오리 또는 쇳조각으로 살을 대어 맞추어서 만든다."
    },
    "덧새기다": {
        "word": "덧새기다",
        "chosung": "ㄷㅅㄱㄷ",
        "type": "동사",
        "mean": "『…에 …을』 새긴 위에 다시 새기거나 더 새기다."
    },
    "덧새벽": {
        "word": "덧새벽",
        "chosung": "ㄷㅅㅂ",
        "type": "명사",
        "mean": "《건설》벽이나 천장, 방바닥에 발랐던 새벽이 상했을 때, 그 벽 위에 덧바르는 새벽."
    },
    "덧생장": {
        "word": "덧생장",
        "chosung": "ㄷㅅㅈ",
        "type": "명사",
        "mean": "조성(組成)을 달리하는 결정의 둘레에 다른 결정이 생기는 일."
    },
    "덧서까래": {
        "word": "덧서까래",
        "chosung": "ㄷㅅㄲㄹ",
        "type": "명사",
        "mean": "지붕의 물매를 잡기 위하여 서까래 위에 덧걸어 지붕을 꾸미는 서까래."
    },
    "덧선": {
        "word": "덧선",
        "chosung": "ㄷㅅ",
        "type": "명사",
        "mean": "'덧줄'의 북한어."
    },
    "덧세우다": {
        "word": "덧세우다",
        "chosung": "ㄷㅅㅇㄷ",
        "type": "동사",
        "mean": "『…을』 본래 있는 위에 겹쳐 세우다."
    },
    "덧셈": {
        "word": "덧셈",
        "chosung": "ㄷㅅ",
        "type": "명사",
        "mean": "몇 개의 수나 식 따위를 합하여 계산함. 또는 그런 셈. ≒가산(加算)."
    },
    "덧셈법": {
        "word": "덧셈법",
        "chosung": "ㄷㅅㅂ",
        "type": "명사",
        "mean": "《수학》덧셈을 하는 방법. ≒가법(加法)."
    },
    "덧셈부호": {
        "word": "덧셈부호",
        "chosung": "ㄷㅅㅂㅎ",
        "type": "명사",
        "mean": "=덧셈표."
    },
    "덧셈정리": {
        "word": "덧셈정리",
        "chosung": "ㄷㅅㅈㄹ",
        "type": "명사",
        "mean": "1. 두 각의 합의 삼각 함수를 각각의 삼각 함수로 나타내는 방법. 예를 들면 sin(α+β)sinαcosβ+cosαsinβ 따위가 있다. ≒가법 정리. 2. 몇 개의 배반 사건 가운데 어떤 사건이 일어날 확률은 각 사건이 일어날 확률의 합과 같다는 정리. ≒가법 정리."
    },
    "덧셈표": {
        "word": "덧셈표",
        "chosung": "ㄷㅅㅍ",
        "type": "명사",
        "mean": "덧셈의 부호인 '+'를 이르는 말. ≒더하기표·덧셈 부호·보탬표·플러스."
    },
    "덧소금": {
        "word": "덧소금",
        "chosung": "ㄷㅅㄱ",
        "type": "명사",
        "mean": "젓을 담그거나 채소를 절일 때, 맨 위에 소복이 뿌려 얹어 놓는 소금."
    },
    "덧소리": {
        "word": "덧소리",
        "chosung": "ㄷㅅㄹ",
        "type": "명사",
        "mean": "'배음(倍音)'의 북한어."
    },
    "덧손실": {
        "word": "덧손실",
        "chosung": "ㄷㅅㅅ",
        "type": "명사",
        "mean": "전기 기계에서, 기본 손실 외에 이차적인 전자기적 요인들에 의해서 생기는 손실."
    },
    "덧손질": {
        "word": "덧손질",
        "chosung": "ㄷㅅㅈ",
        "type": "명사",
        "mean": "손질한 것을 다시 손질함."
    },
    "덧솟다": {
        "word": "덧솟다",
        "chosung": "ㄷㅅㄷ",
        "type": "동사",
        "mean": "두드러진 곳에 더 내밀어 솟다."
    },
    "덧쇠": {
        "word": "덧쇠",
        "chosung": "ㄷㅅ",
        "type": "명사",
        "mean": "［북한어］'덧날'의 북한어."
    },
    "덧수": {
        "word": "덧수",
        "chosung": "ㄷㅅ",
        "type": "명사",
        "mean": "일정하게 놓은 수 위에 덧놓는 수."
    },
    "덧식사": {
        "word": "덧식사",
        "chosung": "ㄷㅅㅅ",
        "type": "명사",
        "mean": "［북한어］=덧밥."
    },
    "덧신": {
        "word": "덧신",
        "chosung": "ㄷㅅ",
        "type": "명사",
        "mean": "1. 구두가 젖거나 더러워지지 않게 하려고 구두 위에 덧신는, 얇은 고무로 만든 씌우개."
    },
    "덧신기다": {
        "word": "덧신기다",
        "chosung": "ㄷㅅㄱㄷ",
        "type": "동사",
        "mean": "『…에게 …을』 '덧신다'의 사동사."
    },
    "덧신다": {
        "word": "덧신다",
        "chosung": "ㄷㅅㄷ",
        "type": "동사",
        "mean": "『…에 …을』 신은 위에 겹치어 신다."
    },
    "덧싣다": {
        "word": "덧싣다",
        "chosung": "ㄷㅅㄷ",
        "type": "동사",
        "mean": "『…에 …을』 실은 위에 더 싣다."
    },
    "덧실뜨개": {
        "word": "덧실뜨개",
        "chosung": "ㄷㅅㄸㄱ",
        "type": "명사",
        "mean": "'덧실 편조직'의 북한어."
    },
    "덧실리다": {
        "word": "덧실리다",
        "chosung": "ㄷㅅㄹㄷ",
        "type": "동사",
        "mean": "『…에』 '덧싣다'의 피동사."
    },
    "덧실이떼": {
        "word": "덧실이떼",
        "chosung": "ㄷㅅㅇㄸ",
        "type": "명사",
        "mean": "초두목과 어린 가지를 덧실은 뗏목."
    },
    "덧실편조직": {
        "word": "덧실편조직",
        "chosung": "ㄷㅅㅍㅈㅈ",
        "type": "명사",
        "mean": "대바늘뜨기에서, 이미 뜬 것 위에 다른 색의 실로 덮어씌워 뜨는 일."
    },
    "덧심": {
        "word": "덧심",
        "chosung": "ㄷㅅ",
        "type": "명사",
        "mean": "원래의 심 위에 덧대는 천. 특정한 부분의 형태를 살리거나 해어지는 것을 막기 위해 댄다."
    },
    "덧심기": {
        "word": "덧심기",
        "chosung": "ㄷㅅㄱ",
        "type": "명사",
        "mean": "모내기가 끝난 논이나 파종이 끝난 밭에 남아 있는 빈 자리를 모나 씨앗으로 메우는 일."
    },
    "덧심다": {
        "word": "덧심다",
        "chosung": "ㄷㅅㄷ",
        "type": "동사",
        "mean": "『…에 …을』 모내기를 하거나 씨를 뿌린 밭에 싹이 날 때 빈 자리를 찾아 다른 모나 씨앗을 다시 심다."
    },
    "덧싸다": {
        "word": "덧싸다",
        "chosung": "ㄷㅆㄷ",
        "type": "동사",
        "mean": "『…을 …에』『…을 …으로』 싼 위에 겹쳐 싸다."
    },
    "덧쌓다": {
        "word": "덧쌓다",
        "chosung": "ㄷㅆㄷ",
        "type": "싸쏘",
        "mean": "〕［동사］『…을 …에』『…을 …으로』 쌓은 위에 겹쳐 쌓다."
    },
    "덧쌓이다": {
        "word": "덧쌓이다",
        "chosung": "ㄷㅆㅇㄷ",
        "type": "동사",
        "mean": "『…에』'덧쌓다'의 피동사."
    },
    "덧쓰기": {
        "word": "덧쓰기",
        "chosung": "ㄷㅆㄱ",
        "type": "명사",
        "mean": "［북한어］'추기(追記)'의 북한어."
    },
    "덧쓰다": {
        "word": "덧쓰다",
        "chosung": "ㄷㅆㄷ",
        "type": "동사",
        "mean": "［북한어］1. '추기하다(追記-)'의 북한어."
    },
    "덧씀": {
        "word": "덧씀",
        "chosung": "ㄷㅆ",
        "type": "명사",
        "mean": "［북한어］'추기(追記)'의 북한어."
    },
    "덧씌우개": {
        "word": "덧씌우개",
        "chosung": "ㄷㅆㅇㄱ",
        "type": "명사",
        "mean": "책 표지 위에 덧씌우는 것."
    },
    "덧씌우다": {
        "word": "덧씌우다",
        "chosung": "ㄷㅆㅇㄷ",
        "type": "동사",
        "mean": "［북한어］1. '덧쓰다'의 사동사. 2. '덧쓰다'의 사동사."
    },
    "덧안경": {
        "word": "덧안경",
        "chosung": "ㄷㅇㄱ",
        "type": "명사",
        "mean": "［북한어］안경을 낀 위에 겹쳐 낀 안경."
    },
    "덧앉다": {
        "word": "덧앉다",
        "chosung": "ㄷㅇㄷ",
        "type": "안꼬",
        "mean": "〕［동사］『…에』 앉은 위에 겹쳐 앉다."
    },
    "덧앉히다": {
        "word": "덧앉히다",
        "chosung": "ㄷㅇㅎㄷ",
        "type": "동사",
        "mean": "［북한어］'덧앉다'의 사동사."
    },
    "덧양말": {
        "word": "덧양말",
        "chosung": "ㄷㅇㅁ",
        "type": "명사",
        "mean": "양말을 신은 위에 겹쳐 신는, 목이 짧은 양말."
    },
    "덧양판": {
        "word": "덧양판",
        "chosung": "ㄷㅇㅍ",
        "type": "명사",
        "mean": "대패질할 때, 양판 위에 덧놓는 좁고 길쭉한 나무. 때로는 양판 옆에 층이 지게 붙여 놓고 쓰기도 한다."
    },
    "덧언치": {
        "word": "덧언치",
        "chosung": "ㄷㅇㅊ",
        "type": "명사",
        "mean": "'겉언치'의 잘못."
    },
    "덧얹다": {
        "word": "덧얹다",
        "chosung": "ㄷㅇㄷ",
        "type": "언꼬",
        "mean": "〕［동사］『…에 …을』 얹은 위에 겹쳐 얹다."
    },
    "덧얹히다": {
        "word": "덧얹히다",
        "chosung": "ㄷㅇㅎㄷ",
        "type": "동사",
        "mean": "［북한어］'덧얹다'의 피동사."
    },
    "덧얼다": {
        "word": "덧얼다",
        "chosung": "ㄷㅇㄷ",
        "type": "동사",
        "mean": "『…에』언 위에 겹쳐 얼다."
    },
    "덧얼음": {
        "word": "덧얼음",
        "chosung": "ㄷㅇㅇ",
        "type": "명사",
        "mean": "얼음 위에 겹쳐 얼어붙은 얼음."
    },
    "덧얽어매다": {
        "word": "덧얽어매다",
        "chosung": "ㄷㅇㅇㅁㄷ",
        "type": "동사",
        "mean": "［북한어］얽어맨 위에 겹쳐 얽어매다."
    },
    "덧얽히다": {
        "word": "덧얽히다",
        "chosung": "ㄷㅇㅎㄷ",
        "type": "얼켜",
        "mean": "), -얽히니［얼키니］〕［동사］얽힌 데 겹쳐 얽히다."
    },
    "덧업시": {
        "word": "덧업시",
        "chosung": "ㄷㅇㅅ",
        "type": "부사",
        "mean": "［옛말］'덧없이'의 옛말."
    },
    "덧없다": {
        "word": "덧없다",
        "chosung": "ㄷㅇㄷ",
        "type": "업써",
        "mean": ", -없는[엄-], -없지［업찌］〕［형용사］1. 알지 못하는 가운데 지나가는 시간이 매우 빠르다."
    },
    "덧엉기다": {
        "word": "덧엉기다",
        "chosung": "ㄷㅇㄱㄷ",
        "type": "동사",
        "mean": "［북한어］엉긴 위에 겹쳐 엉기다."
    },
    "덧엎치다": {
        "word": "덧엎치다",
        "chosung": "ㄷㅇㅊㄷ",
        "type": "업처",
        "mean": "), -엎치니[업--]〕［동사］1. 엎친 위에 다시 엎치다. 2. ［북한어］어떤 일이 잇따라 일어나 겹치다."
    },
    "덧엮다": {
        "word": "덧엮다",
        "chosung": "ㄷㅇㄷ",
        "type": "동사",
        "mean": "『…을 …에』『…을 …으로』 엮은 위에 더 엮다."
    },
    "덧올리다": {
        "word": "덧올리다",
        "chosung": "ㄷㅇㄹㄷ",
        "type": "동사",
        "mean": "［북한어］올린 위에 겹쳐 올리다."
    },
    "덧옷": {
        "word": "덧옷",
        "chosung": "ㄷㅇ",
        "type": "명사",
        "mean": "1. 겉에 덧입는 옷."
    },
    "덧울리다": {
        "word": "덧울리다",
        "chosung": "ㄷㅇㄹㄷ",
        "type": "동사",
        "mean": "［북한어］ 어떤 울림에 껴묻어서 소리가 나다."
    },
    "덧울림": {
        "word": "덧울림",
        "chosung": "ㄷㅇㄹ",
        "type": "명사",
        "mean": "'배음(倍音)'의 북한어."
    },
    "덧의족": {
        "word": "덧의족",
        "chosung": "ㄷㅇㅈ",
        "type": "명사",
        "mean": " 모양이 변형된 발에 덧대는 의족."
    },
    "덧이": {
        "word": "덧이",
        "chosung": "ㄷㅇ",
        "type": "명사",
        "mean": "1. '덧니'의 잘못. 2. ［북한어］'덧니'의 북한어."
    },
    "덧이박이": {
        "word": "덧이박이",
        "chosung": "ㄷㅇㅂㅇ",
        "type": "명사",
        "mean": "［북한어］'덧니박이'의 북한어."
    },
    "덧이발": {
        "word": "덧이발",
        "chosung": "ㄷㅇㅂ",
        "type": "명사",
        "mean": "［북한어］'덧니'의 북한어."
    },
    "덧인쇄": {
        "word": "덧인쇄",
        "chosung": "ㄷㅇㅅ",
        "type": "명사",
        "mean": "인쇄한 위에 겹쳐서 하는 인쇄. 윤을 내려고 다색 인쇄물에 바니시를 덮어 인쇄하거나, 먹색을 인쇄한 위에 투명한 흰 잉크로 인쇄하는 따위이다."
    },
    "덧입다": {
        "word": "덧입다",
        "chosung": "ㄷㅇㄷ",
        "type": "동사",
        "mean": "『…에 …을』 옷을 입은 위에 겹쳐 입다."
    },
    "덧입히다": {
        "word": "덧입히다",
        "chosung": "ㄷㅇㅎㄷ",
        "type": "동사",
        "mean": "『…에게 …을』 1. '덧입다'의 사동사."
    },
    "덧잠": {
        "word": "덧잠",
        "chosung": "ㄷㅈ",
        "type": "명사",
        "mean": "잘 만큼 잔 후에 또 더 자는 잠. ≒가첨잠."
    },
    "덧잡다": {
        "word": "덧잡다",
        "chosung": "ㄷㅈㄷ",
        "type": "동사",
        "mean": "『…에 …을』 잡은 위에 덧얹어 잡다."
    },
    "덧장벽": {
        "word": "덧장벽",
        "chosung": "ㄷㅈㅂ",
        "type": "명사",
        "mean": "장벽 위에 더 쌓은 장벽."
    },
    "덧장판": {
        "word": "덧장판",
        "chosung": "ㄷㅈㅍ",
        "type": "명사",
        "mean": "헌 장판 위에 덧바르는 장판."
    },
    "덧장화": {
        "word": "덧장화",
        "chosung": "ㄷㅈㅎ",
        "type": "명사",
        "mean": "신발 위에 겹쳐 신는 장화. 주로 독을 막거나 지저분한 물질이 옷에 묻는 것을 막으려고 신는다."
    },
    "덧저고리": {
        "word": "덧저고리",
        "chosung": "ㄷㅈㄱㄹ",
        "type": "명사",
        "mean": "저고리 위에 겹쳐 입는 저고리."
    },
    "덧정": {
        "word": "덧정",
        "chosung": "ㄷㅈ",
        "type": "명사",
        "mean": "｛주로 '없다'와 함께 쓰여｝ 끌리는 마음."
    },
    "덧조각": {
        "word": "덧조각",
        "chosung": "ㄷㅈㄱ",
        "type": "명사",
        "mean": "이미 있는 위에 다른 것을 덧대는 조각."
    },
    "덧주다": {
        "word": "덧주다",
        "chosung": "ㄷㅈㄷ",
        "type": "동사",
        "mean": "［북한어］1. 한 번 준 뒤에 또 주다."
    },
    "덧주머니": {
        "word": "덧주머니",
        "chosung": "ㄷㅈㅁㄴ",
        "type": "명사",
        "mean": "［북한어］'덧붙임주머니'의 북한어."
    },
    "덧줄": {
        "word": "덧줄",
        "chosung": "ㄷㅈ",
        "type": "명사",
        "mean": "오선의 아래나 위에 필요에 따라 더 긋는 짧은 선."
    },
    "덧지다": {
        "word": "덧지다",
        "chosung": "ㄷㅈㄷ",
        "type": "저",
        "mean": "), -지니〕［명사］『…을』 진 위에 더 지다."
    },
    "덧지붕": {
        "word": "덧지붕",
        "chosung": "ㄷㅈㅂ",
        "type": "명사",
        "mean": "지붕 물매를 잡기 위하여 서까래를 덧대어 꾸민 지붕. ≒헛지붕."
    },
    "덧짊다": {
        "word": "덧짊다",
        "chosung": "ㄷㅈㄷ",
        "type": "동사",
        "mean": "［북한어］짊은 위에 더 짊다. ≒덧치다."
    },
    "덧짐": {
        "word": "덧짐",
        "chosung": "ㄷㅈ",
        "type": "명사",
        "mean": "1. 지거나 실은 짐 위에 더 얹은 짐."
    },
    "덧집": {
        "word": "덧집",
        "chosung": "ㄷㅈ",
        "type": "명사",
        "mean": "［북한어］집이나 시설물을 보호하려고 그것을 둘러막아 덧지은 집."
    },
    "덧짓다": {
        "word": "덧짓다",
        "chosung": "ㄷㅈㄷ",
        "type": "동사",
        "mean": "［북한어］1. 피멍이 덧쌓여 심하게 지다. 2. (비유적으로) 고통과 괴로움이 더하다."
    },
    "덧쪼각": {
        "word": "덧쪼각",
        "chosung": "ㄷㅉㄱ",
        "type": "명사",
        "mean": "［북한어］'덧조각'의 북한어."
    },
    "덧창": {
        "word": "덧창",
        "chosung": "ㄷㅊ",
        "type": "명사",
        "mean": "=겉창."
    },
    "덧창문": {
        "word": "덧창문",
        "chosung": "ㄷㅊㅁ",
        "type": "명사",
        "mean": "=겉창."
    },
    "덧천": {
        "word": "덧천",
        "chosung": "ㄷㅊ",
        "type": "명사",
        "mean": "무엇에 덧놓거나 덧대는 데 쓰는 천."
    },
    "덧치다": {
        "word": "덧치다",
        "chosung": "ㄷㅊㄷ",
        "type": "동사",
        "mean": " 1. '더치다'의 잘못. 2. ［북한어］'더치다'의 북한어."
    },
    "덧치마": {
        "word": "덧치마",
        "chosung": "ㄷㅊㅁ",
        "type": "명사",
        "mean": "옷의 색깔이나 옷 모양을 돋보이게 하기 위하여 한복 치마 위에 겹쳐 입는 치마."
    },
    "덧치마저고리": {
        "word": "덧치마저고리",
        "chosung": "ㄷㅊㅁㅈㄱㄹ",
        "type": "명사",
        "mean": "한복 치마저고리에 겹쳐 입는 치마저고리."
    },
    "덧칠": {
        "word": "덧칠",
        "chosung": "ㄷㅊ",
        "type": "명사",
        "mean": "그릇을 굽기 전에, 고운 진흙을 푼 물에 담가서 겉면에 얇은 막을 입히는 일. ≒장피(粧被)."
    },
    "덧탄": {
        "word": "덧탄",
        "chosung": "ㄷㅌ",
        "type": "명사",
        "mean": "'가탄(加炭)'을 다듬은 말."
    },
    "덧탄감": {
        "word": "덧탄감",
        "chosung": "ㄷㅌㄱ",
        "type": "명사",
        "mean": "'가탄제(加炭劑)'를 다듬은 말."
    },
    "덧토시": {
        "word": "덧토시",
        "chosung": "ㄷㅌㅅ",
        "type": "명사",
        "mean": "토시 위에 겹쳐 끼는 토시."
    },
    "덧판": {
        "word": "덧판",
        "chosung": "ㄷㅍ",
        "type": "명사",
        "mean": "［북한어］덧놓거나 덧붙여 놓는 판."
    },
    "덧판이음": {
        "word": "덧판이음",
        "chosung": "ㄷㅍㅇㅇ",
        "type": "명사",
        "mean": "판을 맞대어 놓고 그 위에 덧판을 대어 용접 따위로 이어 붙이는 방법. ≒덧판잇손."
    },
    "덧판잇손": {
        "word": "덧판잇손",
        "chosung": "ㄷㅍㅇㅅ",
        "type": "명사",
        "mean": "=덧판이음."
    },
    "덧포개다": {
        "word": "덧포개다",
        "chosung": "ㄷㅍㄱㄷ",
        "type": "동사",
        "mean": "［북한어］포갠 위에 더 포개거나 덧붙여 포개다."
    },
    "덧폭": {
        "word": "덧폭",
        "chosung": "ㄷㅍ",
        "type": "명사",
        "mean": "1. 도포 뒷자락에 덧댄 딴 폭. 2. ［북한어］치마 같은 옷에서, 한 번 돌고 남아서 다시 감기는 폭."
    },
    "덧홈대": {
        "word": "덧홈대",
        "chosung": "ㄷㅎㄷ",
        "type": "명사",
        "mean": "창문을 이중으로 달기 위하여 덧대는 창문틀."
    },
    "덧흙": {
        "word": "덧흙",
        "chosung": "ㄷㅎ",
        "type": "명사",
        "mean": "［북한어］덧깔아 주는 흙."
    }
}