{
    "덫": {
        "word": "덫",
        "chosung": "ㄷ",
        "type": "더치",
        "mean": "1. 짐승을 꾀어 잡는 기구."
    },
    "덫놓이": {
        "word": "덫놓이",
        "chosung": "ㄷㄴㅇ",
        "type": "명사",
        "mean": "［북한어］짐승을 잡기 위하여 덫을 놓는 일."
    },
    "덫사냥": {
        "word": "덫사냥",
        "chosung": "ㄷㅅㄴ",
        "type": "명사",
        "mean": "덫을 놓아 짐승을 잡음. 또는 그런 일."
    },
    "덫틀": {
        "word": "덫틀",
        "chosung": "ㄷㅌ",
        "type": "명사",
        "mean": "=벼락틀."
    },
    "덫활": {
        "word": "덫활",
        "chosung": "ㄷㅎ",
        "type": "명사",
        "mean": "짐승을 잡으려고 덫에 장치한 활. ≒와궁(窩弓)."
    }
}