{
    "덴": {
        "word": "덴",
        "chosung": "ㄷ",
        "type": "어미",
        "mean": "［방언］'-다고'의 방언(제주)."
    },
    "덴겁": {
        "word": "덴겁",
        "chosung": "ㄷㄱ",
        "type": "명사",
        "mean": "［북한어］뜻밖의 일을 당하거나 겁에 질려 어찌할 바를 모르고 허둥지둥함."
    },
    "덴덕스럽다": {
        "word": "덴덕스럽다",
        "chosung": "ㄷㄷㅅㄹㄷ",
        "type": "형용사",
        "mean": "산뜻하고 개운한 맛이 없고 좀 더러운 느낌이 있다."
    },
    "덴덕지근": {
        "word": "덴덕지근",
        "chosung": "ㄷㄷㅈㄱ",
        "type": "명사",
        "mean": "'덴덕지근하다'의 어근."
    },
    "덴둥이": {
        "word": "덴둥이",
        "chosung": "ㄷㄷㅇ",
        "type": "명사",
        "mean": "1. 불에 데어서 얼굴이나 몸에 상처가 많이 난 사람을 낮잡아 이르는 말."
    },
    "덴드로븀": {
        "word": "덴드로븀",
        "chosung": "ㄷㄷㄹㅂ",
        "type": "명사",
        "mean": "난초과의 덴드로븀속을 통틀어 이르는 말. 줄기는 가늘고 잎은 피침 모양으로 낙엽성과 상록성이 다 있다. 흰색, 노란색, 자색 따위의 꽃이 총상(總狀) 꽃차례로 핀다. 열대 아시아에 1,000여 종이 자란다."
    },
    "덴마크": {
        "word": "덴마크",
        "chosung": "ㄷㅁㅋ",
        "type": "명사",
        "mean": "유럽 서북부 유틀란트 반도와 그 부속 도서(島嶼)로 이루어진 입헌 군주국. 낙농업과 조선·정밀 공업이 발달하였으며, 사회 보장 제도가 잘 정비되어 있다. 주민은 게르만계이며, 주요 언어는 덴마크 어이다. 수도는 코펜하겐, 면적은 4만 3075㎢."
    },
    "덴마크어": {
        "word": "덴마크어",
        "chosung": "ㄷㅁㅋㅇ",
        "type": "명사",
        "mean": "인도·유럽 어족의 게르만 어파 가운데 북게르만 어군에 속한 언어. 덴마크와 페로 제도(Faeroe諸島)에서 쓰인다."
    },
    "덴마크연합왕국": {
        "word": "덴마크연합왕국",
        "chosung": "ㄷㅁㅋㅇㅎㅇㄱ",
        "type": "명사",
        "mean": "1397년에 덴마크, 스웨덴, 노르웨이가 칼마르의 회맹(會盟)으로 연합하여 만든 왕국. 1523년에 스웨덴의 독립으로 해체되었다."
    },
    "덴마크체조": {
        "word": "덴마크체조",
        "chosung": "ㄷㅁㅋㅊㅈ",
        "type": "명사",
        "mean": "Denmark體操 덴마크의 부크(Bukh, N.)가 창안한 맨손 체조. 독일과 스웨덴 체조의 장점을 취한 것으로, 힘차고 연속적이며 율동적이다. ≒기본 체조."
    },
    "덴마크해협": {
        "word": "덴마크해협",
        "chosung": "ㄷㅁㅋㅎㅎ",
        "type": "명사",
        "mean": "북대서양의 아이슬란드와 그린란드 사이에 있는 해협. 일부는 북극권에 포함되어 있다. 폭은 400km."
    },
    "덴바람": {
        "word": "덴바람",
        "chosung": "ㄷㅂㄹ",
        "type": "명사",
        "mean": "=된바람."
    },
    "덴버": {
        "word": "덴버",
        "chosung": "ㄷㅂ",
        "type": "명사",
        "mean": "미국 콜로라도 주 중부, 로키 산맥 기슭에 있는 상공업 도시. 목축·야금의 중심지이며, 철도·항공 교통의 요지이다. 높고 건조하여 요양소가 많은 관광지로서 주도(州都)이다."
    },
    "덴시토메터": {
        "word": "덴시토메터",
        "chosung": "ㄷㅅㅌㅁㅌ",
        "type": "명사",
        "mean": "'덴시토미터'의 북한어."
    },
    "덴시토미터": {
        "word": "덴시토미터",
        "chosung": "ㄷㅅㅌㅁㅌ",
        "type": "명사",
        "mean": "스펙트럼선의 세기, 사진 건판의 검기 따위를 재는 데 쓰는 광도계."
    },
    "덴장": {
        "word": "덴장",
        "chosung": "ㄷㅈ",
        "type": "명사",
        "mean": "［방언］'전장'의 방언(평북)."
    },
    "덴중이": {
        "word": "덴중이",
        "chosung": "ㄷㅈㅇ",
        "type": "명사",
        "mean": "'덴둥이'의 잘못."
    },
    "덴지다": {
        "word": "덴지다",
        "chosung": "ㄷㅈㄷ",
        "type": "동사",
        "mean": "［방언］'던지다'의 방언(함남)."
    },
    "덴추": {
        "word": "덴추",
        "chosung": "ㄷㅊ",
        "type": "명사",
        "mean": "［방언］'단추'의 방언(전남)."
    },
    "덴푸라": {
        "word": "덴푸라",
        "chosung": "ㄷㅍㄹ",
        "type": "명사",
        "mean": " '튀김'으로 순화.【】"
    }
}