{
    "뎔": {
        "word": "뎔",
        "chosung": "ㄷ",
        "type": "명사",
        "mean": "［옛말］'절'의 옛말."
    },
    "뎔귀": {
        "word": "뎔귀",
        "chosung": "ㄷㄱ",
        "type": "명사",
        "mean": "［방언］'절구'의 방언(함북)."
    },
    "뎔우다": {
        "word": "뎔우다",
        "chosung": "ㄷㅇㄷ",
        "type": "동사",
        "mean": "［옛말］겯다. 절이다."
    },
    "뎔이": {
        "word": "뎔이",
        "chosung": "ㄷㅇ",
        "type": "부사",
        "mean": "［옛말］짧게."
    }
}