{
    "뎡": {
        "word": "뎡",
        "chosung": "ㄷ",
        "type": "명사",
        "mean": "［의존명사］［옛말］돈을 세는 단위. 한 뎡은 쉰 냥에 해당한다."
    },
    "뎡가": {
        "word": "뎡가",
        "chosung": "ㄷㄱ",
        "type": "명사",
        "mean": "［옛말］'정가〔荊芥〕'의 옛말."
    },
    "뎡강모디": {
        "word": "뎡강모디",
        "chosung": "ㄷㄱㅁㄷ",
        "type": "명사",
        "mean": "［방언］'무릎뼈'의 방언(함북)."
    },
    "뎡개": {
        "word": "뎡개",
        "chosung": "ㄷㄱ",
        "type": "명사",
        "mean": "［방언］'정강이'의 방언(함북)."
    },
    "뎡게": {
        "word": "뎡게",
        "chosung": "ㄷㄱ",
        "type": "대명사",
        "mean": "［방언］'저기'의 방언(함북)."
    },
    "뎡바기": {
        "word": "뎡바기",
        "chosung": "ㄷㅂㄱ",
        "type": "명사",
        "mean": "［옛말］'정수리(頂-)'의 옛말."
    },
    "뎡색하다": {
        "word": "뎡색하다",
        "chosung": "ㄷㅅㅎㄷ",
        "type": "동사",
        "mean": "［옛말］'정색하다(正色-)'의 옛말."
    },
    "뎡샹": {
        "word": "뎡샹",
        "chosung": "ㄷㅅ",
        "type": "명사",
        "mean": "［옛말］'정상(禎祥)'의 옛말."
    },
    "뎡샹다외다": {
        "word": "뎡샹다외다",
        "chosung": "ㄷㅅㄷㅇㄷ",
        "type": "형용사",
        "mean": "［옛말］'상서롭다(祥瑞-)'의 옛말."
    },
    "뎡어긔": {
        "word": "뎡어긔",
        "chosung": "ㄷㅇㄱ",
        "type": "명사",
        "mean": "［의존명사］［옛말］'저기'의 옛말."
    },
    "뎡자": {
        "word": "뎡자",
        "chosung": "ㄷㅈ",
        "type": "명사",
        "mean": "［옛말］'정자(亭子)'의 옛말."
    },
    "뎡재인": {
        "word": "뎡재인",
        "chosung": "ㄷㅈㅇ",
        "type": "명사",
        "mean": "［옛말］정재(呈才)를 하는 사람."
    },
    "뎡졀": {
        "word": "뎡졀",
        "chosung": "ㄷㅈ",
        "type": "명사",
        "mean": "［옛말］'정절(貞節)'의 옛말."
    },
    "뎡졀하다": {
        "word": "뎡졀하다",
        "chosung": "ㄷㅈㅎㄷ",
        "type": "형용사",
        "mean": "［옛말］절개가 곧다."
    },
    "뎡졍하다": {
        "word": "뎡졍하다",
        "chosung": "ㄷㅈㅎㄷ",
        "type": "형용사",
        "mean": "［옛말］정정하다. 정직하다01."
    },
    "뎡죵": {
        "word": "뎡죵",
        "chosung": "ㄷㅈ",
        "type": "명사",
        "mean": "［옛말］'정종(□腫)'의 옛말."
    },
    "뎡하다": {
        "word": "뎡하다",
        "chosung": "ㄷㅎㄷ",
        "type": "동사",
        "mean": "［옛말］'정하다(定-)'의 옛말."
    },
    "뎡향배": {
        "word": "뎡향배",
        "chosung": "ㄷㅎㅂ",
        "type": "명사",
        "mean": "［옛말］배의 하나."
    }
}