{
    "뎨": {
        "word": "뎨",
        "chosung": "ㄷ",
        "type": "부사",
        "mean": "［옛말］저기에."
    },
    "뎨긔하다": {
        "word": "뎨긔하다",
        "chosung": "ㄷㄱㅎㄷ",
        "type": "동사",
        "mean": "［옛말］'제기하다(提起-)'의 옛말."
    },
    "뎨깁": {
        "word": "뎨깁",
        "chosung": "ㄷㄱ",
        "type": "명사",
        "mean": "［옛말］표를 모은 책."
    },
    "뎨목": {
        "word": "뎨목",
        "chosung": "ㄷㅁ",
        "type": "명사",
        "mean": "［옛말］'제목(題目)'의 옛말."
    },
    "뎨미다": {
        "word": "뎨미다",
        "chosung": "ㄷㅁㄷ",
        "type": "동사",
        "mean": "［옛말］'저미다'의 옛말."
    },
    "뎨사하다": {
        "word": "뎨사하다",
        "chosung": "ㄷㅅㅎㄷ",
        "type": "동사",
        "mean": "［옛말］제사(題辭)를 내리다."
    },
    "뎨수": {
        "word": "뎨수",
        "chosung": "ㄷㅅ",
        "type": "명사",
        "mean": "［옛말］'제수(弟嫂)'의 옛말."
    },
    "뎨슈하다": {
        "word": "뎨슈하다",
        "chosung": "ㄷㅅㅎㄷ",
        "type": "동사",
        "mean": "［옛말］'제수하다(除授-)'의 옛말."
    },
    "뎨시": {
        "word": "뎨시",
        "chosung": "ㄷㅅ",
        "type": "명사",
        "mean": "［옛말］'도제(徒弟)'의 옛말."
    },
    "뎨육": {
        "word": "뎨육",
        "chosung": "ㄷㅇ",
        "type": "명사",
        "mean": "［옛말］'제육'의 옛말."
    },
    "뎨일": {
        "word": "뎨일",
        "chosung": "ㄷㅇ",
        "type": "명사",
        "mean": "［옛말］'제일(第一)'의 옛말."
    },
    "뎨자": {
        "word": "뎨자",
        "chosung": "ㄷㅈ",
        "type": "명사",
        "mean": "［옛말］'제자(弟子)'의 옛말."
    },
    "뎨젹하다": {
        "word": "뎨젹하다",
        "chosung": "ㄷㅈㅎㄷ",
        "type": "동사",
        "mean": "［옛말］'저축하다(貯蓄-)'의 옛말."
    },
    "뎨튝": {
        "word": "뎨튝",
        "chosung": "ㄷㅌ",
        "type": "명사",
        "mean": "［옛말］'저축(貯蓄)'의 옛말."
    }
}