{
    "돐": {
        "word": "돐",
        "chosung": "ㄷ",
        "type": "명사",
        "mean": "［옛말］일 주년."
    },
    "돐불휘": {
        "word": "돐불휘",
        "chosung": "ㄷㅂㅎ",
        "type": "명사",
        "mean": "［옛말］돌의 밑동."
    },
    "돐비늘": {
        "word": "돐비늘",
        "chosung": "ㄷㅂㄴ",
        "type": "명사",
        "mean": "［옛말］'돌비늘'의 옛말."
    },
    "돐풀이": {
        "word": "돐풀이",
        "chosung": "ㄷㅍㅇ",
        "type": "명사",
        "mean": "시집간 뒤 일 년 만에 친정집을 찾아가는 것. ※돌풀이."
    }
}