{
    "돔": {
        "word": "돔",
        "chosung": "ㄷ",
        "type": "명사",
        "mean": "'도미'의 준말."
    },
    "돔구장": {
        "word": "돔구장",
        "chosung": "ㄷㄱㅈ",
        "type": "명사",
        "mean": "전체를 둥근 지붕으로 덮은 구장. 1965년 미국의 텍사스 주 휴스턴에 건설된 아스트로 돔이 세계 최초이며, 전천후로 경기가 가능하다는 장점이 있다."
    },
    "돔라": {
        "word": "돔라",
        "chosung": "ㄷㄹ",
        "type": "명사",
        "mean": "러시아 민속 악기의 하나. 만돌린과 비슷하면서 자루가 길고, 세 개의 금속으로 된 줄이 있다."
    },
    "돔리스망원경": {
        "word": "돔리스망원경",
        "chosung": "ㄷㄹㅅㅁㅇㄱ",
        "type": "명사",
        "mean": "망원경을 보호하는 둥근 지붕이 없어 경통(鏡筒) 부분이 노출된 망원경."
    },
    "돔바르다": {
        "word": "돔바르다",
        "chosung": "ㄷㅂㄹㄷ",
        "type": "형용사",
        "mean": "1. 매우 인색하다. 2. 조금도 인정이 없다."
    },
    "돔박생이": {
        "word": "돔박생이",
        "chosung": "ㄷㅂㅅㅇ",
        "type": "명사",
        "mean": "［방언］'동박새'의 방언(제주)."
    },
    "돔발상어": {
        "word": "돔발상어",
        "chosung": "ㄷㅂㅅㅇ",
        "type": "명사",
        "mean": "돔발상엇과의 바닷물고기. 몸의 길이는 140cm 정도이며, 푸른 갈색이다. 주둥이는 길고 뾰족하며 가슴지느러미가 길고 두 개의 등지느러미 앞에 뿔 모양의 날카로운 가시가 하나씩 있다. 난태생으로 한국, 일본, 동남 중국해 등지에 분포한다. (Squalus mitsukurii)"
    },
    "돔발상어목": {
        "word": "돔발상어목",
        "chosung": "ㄷㅂㅅㅇㅁ",
        "type": "명사",
        "mean": "《동물》연골어강의 한 목. 뒷지느러미가 없고 등지느러미에 가시가 있는 것이 많으며 아가미구멍은 가슴지느러미 앞에 있다. 돔발상엇과가 있다. (Squaliformes)"
    },
    "돔발상엇과": {
        "word": "돔발상엇과",
        "chosung": "ㄷㅂㅅㅇㄱ",
        "type": "명사",
        "mean": "연골어강 돔발상어목의 한 과. 등지느러미의 앞 끝에 한 개의 가시가 있는 것이 특징이다. 곱상어, 돔발상어, 도돔발상어 따위가 있다. (Squalidae)"
    },
    "돔방중우": {
        "word": "돔방중우",
        "chosung": "ㄷㅂㅈㅇ",
        "type": "명사",
        "mean": "［방언］'잠방이'의 방언(경남)."
    },
    "돔방총": {
        "word": "돔방총",
        "chosung": "ㄷㅂㅊ",
        "type": "명사",
        "mean": "총열이 매우 짧은 총."
    },
    "돔배기": {
        "word": "돔배기",
        "chosung": "ㄷㅂㄱ",
        "type": "명사",
        "mean": "［방언］'돔발상어'의 방언(경북)."
    },
    "돔뱀": {
        "word": "돔뱀",
        "chosung": "ㄷㅂ",
        "type": "명사",
        "mean": "［방언］'도마뱀'의 방언(경북)."
    },
    "돔베": {
        "word": "돔베",
        "chosung": "ㄷㅂ",
        "type": "명사",
        "mean": "［방언］'도마'의 방언(제주)."
    },
    "돔부다": {
        "word": "돔부다",
        "chosung": "ㄷㅂㄷ",
        "type": "동사",
        "mean": "［방언］'훔치다'의 방언(전남)."
    },
    "돔부리장단": {
        "word": "돔부리장단",
        "chosung": "ㄷㅂㄹㅈㄷ",
        "type": "명사",
        "mean": "은율 탈춤의 팔먹중춤에서 쓰는 장단."
    },
    "돔부콩": {
        "word": "돔부콩",
        "chosung": "ㄷㅂㅋ",
        "type": "명사",
        "mean": "［방언］'광저기'의 방언(전남)."
    },
    "돔비": {
        "word": "돔비",
        "chosung": "ㄷㅂ",
        "type": "명사",
        "mean": "［방언］'동부'의 방언(경상, 제주)."
    },
    "돔코르": {
        "word": "돔코르",
        "chosung": "ㄷㅋㄹ",
        "type": "명사",
        "mean": "대성당 부속의 합창대."
    },
    "돔페리돈": {
        "word": "돔페리돈",
        "chosung": "ㄷㅍㄹㄷ",
        "type": "명사",
        "mean": "위장관 기능 조절제의 하나. 구토, 복부 팽만감, 식욕 부진, 약제 투여에 의한 소화 불량 따위에 사용한다."
    }
}