{
    "돕다": {
        "word": "돕다",
        "chosung": "ㄷㄷ",
        "type": "동사",
        "mean": "━ ⅰ『…을』 1. 남이 하는 일이 잘되도록 거들거나 힘을 보태다."
    },
    "돕지": {
        "word": "돕지",
        "chosung": "ㄷㅈ",
        "type": "명사",
        "mean": "갑옷이나 마고자 따위의 섶. 앞을 여미지 아니하고 두 쪽이 나란히 맞닿도록 만든 것이다. ≒개금(開襟)."
    },
    "돕지텰릭": {
        "word": "돕지텰릭",
        "chosung": "ㄷㅈㅌㄹ",
        "type": "명사",
        "mean": "［옛말］'더그레'의 옛말."
    }
}