{
    "돗": {
        "word": "돗",
        "chosung": "ㄷ",
        "type": "어미",
        "mean": "［옛말］｛다른 어미 앞에 붙어｝ 강조의 의미를 나타내는 어미."
    },
    "돗ㄱ": {
        "word": "돗ㄱ",
        "chosung": "ㄷㄱ",
        "type": "명사",
        "mean": "［옛말］'돛'의 옛말."
    },
    "돗가락": {
        "word": "돗가락",
        "chosung": "ㄷㄱㄹ",
        "type": "명사",
        "mean": "윷놀이에서, 윷을 던지기 전에 잘못하여 윷짝 하나가 먼저 흘러 떨어지면 그것이 '도'가 날 징조라 하여 이르는 말."
    },
    "돗가비": {
        "word": "돗가비",
        "chosung": "ㄷㄱㅂ",
        "type": "명사",
        "mean": "［옛말］'도깨비'의 옛말."
    },
    "돗것": {
        "word": "돗것",
        "chosung": "ㄷㄱ",
        "type": "명사",
        "mean": "［방언］돼지의 먹이(제주)."
    },
    "돗고기": {
        "word": "돗고기",
        "chosung": "ㄷㄱㄱ",
        "type": "명사",
        "mean": "［옛말］피라미와 비슷한 모양의 검은 물고기."
    },
    "돗괭이바람": {
        "word": "돗괭이바람",
        "chosung": "ㄷㄱㅇㅂㄹ",
        "type": "명사",
        "mean": "'회오리바람'의 북한어."
    },
    "돗궹이": {
        "word": "돗궹이",
        "chosung": "ㄷㄱㅇ",
        "type": "명사",
        "mean": "［방언］'회오리바람'의 방언(제주)."
    },
    "돗귀": {
        "word": "돗귀",
        "chosung": "ㄷㄱ",
        "type": "명사",
        "mean": "［옛말］'도끼'의 옛말."
    },
    "돗귀마리": {
        "word": "돗귀마리",
        "chosung": "ㄷㄱㅁㄹ",
        "type": "명사",
        "mean": "［옛말］'도꼬마리'의 옛말."
    },
    "돗나물": {
        "word": "돗나물",
        "chosung": "ㄷㄴㅁ",
        "type": "명사",
        "mean": "'돌나물'의 잘못."
    },
    "돗다": {
        "word": "돗다",
        "chosung": "ㄷㄷ",
        "type": "어미",
        "mean": "［옛말］｛동사, 형용사 어간 뒤에 붙어｝ -도다."
    },
    "돗대": {
        "word": "돗대",
        "chosung": "ㄷㄷ",
        "type": "명사",
        "mean": "［옛말］'돛대'의 옛말."
    },
    "돗대기새우": {
        "word": "돗대기새우",
        "chosung": "ㄷㄷㄱㅅㅇ",
        "type": "명사",
        "mean": "돗대기새웃과의 하나. 몸의 길이와 색깔이 백하와 비슷한데 대체로 투명하나 붉은색 반점이 드문드문 있다. 백하와 함께 잘 잡히므로 새우젓에서 흔히 볼 수 있다. (Leptochela gracilis)"
    },
    "돗대기새웃과": {
        "word": "돗대기새웃과",
        "chosung": "ㄷㄷㄱㅅㅇㄱ",
        "type": "명사",
        "mean": "절지동물 갑각강 십각목의 한 과. 이마의 뿔은 짧아서 작은 가지 모양이다. 셋째 발 이하는 곁가지가 있고 첫째 발과 둘째 발은 집게로 되어 있다. 돗대기새우, 둥근돗대기새우 따위가 있다. (Pasiphaeidae)"
    },
    "돗더": {
        "word": "돗더",
        "chosung": "ㄷㄷ",
        "type": "어미",
        "mean": "［옛말］｛다른 어미 앞에 붙어｝ -더-."
    },
    "돗데기시장": {
        "word": "돗데기시장",
        "chosung": "ㄷㄷㄱㅅㅈ",
        "type": "명사",
        "mean": "'도떼기시장'의 잘못."
    },
    "돗돔": {
        "word": "돗돔",
        "chosung": "ㄷㄷ",
        "type": "명사",
        "mean": "반딧불게르칫과의 바닷물고기. 몸의 길이는 2m에 이르고 타원형이며, 갈색이고 배는 흰색이다. 입이 크며 아래턱이 위턱보다 나와 있고 비늘은 둥글다. 한국, 일본 등지에 분포한다. (Stereolepis doederleini)"
    },
    "돗바날": {
        "word": "돗바날",
        "chosung": "ㄷㅂㄴ",
        "type": "명사",
        "mean": "［옛말］'돗바늘'의 옛말."
    },
    "돗바늘": {
        "word": "돗바늘",
        "chosung": "ㄷㅂㄴ",
        "type": "명사",
        "mean": "매우 크고 굵은 바늘. 돗자리, 구두, 가죽 따위의 단단한 것이나 이불처럼 두꺼운 것을 꿰매는 데 쓴다.【＜돗바□≪훈몽자회(예산 문고본)(1527)≫←돗+바□】"
    },
    "돗밭": {
        "word": "돗밭",
        "chosung": "ㄷㅂ",
        "type": "명사",
        "mean": "윷판의 맨 첫 밭. 윷놀이를 시작하여 '도'가 났을 때 말을 놓는 자리이다."
    },
    "돗벌레": {
        "word": "돗벌레",
        "chosung": "ㄷㅂㄹ",
        "type": "명사",
        "mean": "가두배추밤나비, 배추밤나비, 밀밤나비 따위의 애벌레를 통틀어 이르는 말. 주로 작물의 뿌리목을 잘라 먹어 식물을 죽인다."
    },
    "돗베기": {
        "word": "돗베기",
        "chosung": "ㄷㅂㄱ",
        "type": "명사",
        "mean": "'돗바늘'의 잘못."
    },
    "돗보리": {
        "word": "돗보리",
        "chosung": "ㄷㅂㄹ",
        "type": "명사",
        "mean": "［방언］'바구미'의 방언(제주)."
    },
    "돗보전": {
        "word": "돗보전",
        "chosung": "ㄷㅂㅈ",
        "type": "명사",
        "mean": "［방언］'돗자리'의 방언(함남, 황해)."
    },
    "돗보젓": {
        "word": "돗보젓",
        "chosung": "ㄷㅂㅈ",
        "type": "명사",
        "mean": "'돗자리'의 잘못."
    },
    "돗솔": {
        "word": "돗솔",
        "chosung": "ㄷㅅ",
        "type": "명사",
        "mean": "［방언］'돼지털'의 방언(제주)."
    },
    "돗수에": {
        "word": "돗수에",
        "chosung": "ㄷㅅㅇ",
        "type": "명사",
        "mean": "［방언］'방가지똥'의 방언(제주)."
    },
    "돗자루": {
        "word": "돗자루",
        "chosung": "ㄷㅈㄹ",
        "type": "명사",
        "mean": "［방언］'돗자리'의 방언(전남)."
    },
    "돗자리": {
        "word": "돗자리",
        "chosung": "ㄷㅈㄹ",
        "type": "명사",
        "mean": "+자리】"
    },
    "돗자리수": {
        "word": "돗자리수",
        "chosung": "ㄷㅈㄹㅅ",
        "type": "명사",
        "mean": "수놓는 방법의 하나. 돗자리나 바구니같이 엮은 모양을 수놓거나, 탑·바위·꽃 따위를 수놓을 때 쓴다."
    },
    "돗줄레": {
        "word": "돗줄레",
        "chosung": "ㄷㅈㄹ",
        "type": "명사",
        "mean": "［방언］'율모기'의 방언(제주)."
    },
    "돗짚요": {
        "word": "돗짚요",
        "chosung": "ㄷㅈㅇ",
        "type": "명사",
        "mean": "=다다미."
    },
    "돗짚자리": {
        "word": "돗짚자리",
        "chosung": "ㄷㅈㅈㄹ",
        "type": "명사",
        "mean": "=다다미."
    },
    "돗짚자리방": {
        "word": "돗짚자리방",
        "chosung": "ㄷㅈㅈㄹㅂ",
        "type": "명사",
        "mean": "다다미를 깐 방."
    },
    "돗총이": {
        "word": "돗총이",
        "chosung": "ㄷㅊㅇ",
        "type": "명사",
        "mean": " 몸의 털빛이 검푸른 말."
    },
    "돗토리": {
        "word": "돗토리",
        "chosung": "ㄷㅌㄹ",
        "type": "명사",
        "mean": "《지명》일본 돗토리 현의 북동부에 있는 시. 현청 소재지이다."
    },
    "돗토리현": {
        "word": "돗토리현",
        "chosung": "ㄷㅌㄹㅎ",
        "type": "명사",
        "mean": "縣 《지명》일본 주고쿠(中國) 지방의 북동부에 있는 현. 배가 많이 나고 생사(生絲), 종이, 참치 따위가 나며 목축도 활발하다. 현청 소재지는 돗토리, 면적은 3,493㎢."
    },
    "돗통": {
        "word": "돗통",
        "chosung": "ㄷㅌ",
        "type": "명사",
        "mean": "［방언］'돼지우리'의 방언(제주)."
    },
    "돗틀": {
        "word": "돗틀",
        "chosung": "ㄷㅌ",
        "type": "명사",
        "mean": "돗자리를 짜는 틀."
    },
    "돗헤치": {
        "word": "돗헤치",
        "chosung": "ㄷㅎㅊ",
        "type": "명사",
        "mean": "［방언］'돼지띠'의 방언(제주)."
    }
}