{
    "돛": {
        "word": "돛",
        "chosung": "ㄷ",
        "type": "도치",
        "mean": "배 바닥에 세운 기둥에 매어 펴 올리고 내리고 할 수 있도록 만든 넓은 천. 바람을 받아 배를 가게 한다."
    },
    "돛끈": {
        "word": "돛끈",
        "chosung": "ㄷㄲ",
        "type": "명사",
        "mean": "［북한어］돛을 매는 데 쓰는 끈."
    },
    "돛단배": {
        "word": "돛단배",
        "chosung": "ㄷㄷㅂ",
        "type": "명사",
        "mean": "돛을 단 배. ≒돛배·범선(帆船)."
    },
    "돛달이매듭": {
        "word": "돛달이매듭",
        "chosung": "ㄷㄷㅇㅁㄷ",
        "type": "명사",
        "mean": "매듭이 풀리지 아니하도록 두 벌 겹쳐 감아서 조이는 밧줄 거는 방식."
    },
    "돛대": {
        "word": "돛대",
        "chosung": "ㄷㄷ",
        "type": "명사",
        "mean": "돛을 달기 위하여 배 바닥에 세운 기둥. ≒마스트·범장(帆檣)·선장(船檣)·의간(□杆)·장간(檣竿)."
    },
    "돛대등": {
        "word": "돛대등",
        "chosung": "ㄷㄷㄷ",
        "type": "명사",
        "mean": "［북한어］배의 돛대 윗부분에 설치하여 선수 방향을 비치는 흰색 등불."
    },
    "돛대치기": {
        "word": "돛대치기",
        "chosung": "ㄷㄷㅊㄱ",
        "type": "명사",
        "mean": "농악에서, 상모를 수직으로 세우는 동작."
    },
    "돛돔": {
        "word": "돛돔",
        "chosung": "ㄷㄷ",
        "type": "명사",
        "mean": "'돗돔'의 잘못."
    },
    "돛물뱀": {
        "word": "돛물뱀",
        "chosung": "ㄷㅁㅂ",
        "type": "명사",
        "mean": "바다뱀과의 바닷물고기. 뱀장어와 비슷하며, 등지느러미와 뒷지느러미가 몹시 낮고 머리의 옆줄 감각 구멍은 흑점 가운데에 열려 있다. 한국, 남중국해, 인도양 등지에 분포한다. (Pisodonophis zophistius)"
    },
    "돛배": {
        "word": "돛배",
        "chosung": "ㄷㅂ",
        "type": "명사",
        "mean": "=돛단배."
    },
    "돛베": {
        "word": "돛베",
        "chosung": "ㄷㅂ",
        "type": "명사",
        "mean": "=돛천."
    },
    "돛사공": {
        "word": "돛사공",
        "chosung": "ㄷㅅㄱ",
        "type": "명사",
        "mean": "［북한어］돛단배의 사공."
    },
    "돛살": {
        "word": "돛살",
        "chosung": "ㄷㅅ",
        "type": "명사",
        "mean": "얕은 바닷가에 돌이나 나무로 울타리를 쌓고 그물을 쳐서 물을 따라 흘러 들어온 물고기를 가두는 시설. 우리나라 서남 해안에서 행하여지고 있다."
    },
    "돛새치": {
        "word": "돛새치",
        "chosung": "ㄷㅅㅊ",
        "type": "명사",
        "mean": "황새칫과의 바닷물고기. 몸의 길이는 2.5미터 정도이며, 짙푸른 색이고 옆구리에 푸르스름한 점무늬가 있다. 비늘은 작고 주둥이가 칼처럼 뾰족하며 등지느러미가 돛을 단 것 같다. 한국, 일본, 대만 등지에 분포한다. ≒파초기어. (Istiophorus platypterus)"
    },
    "돛스케트": {
        "word": "돛스케트",
        "chosung": "ㄷㅅㅋㅌ",
        "type": "명사",
        "mean": "［북한어］스케이트를 신고 몸에 작은 돛을 부착하여 바람의 힘으로 얼음 위를 달리는 겨울철 스포츠. ※돛스케이트."
    },
    "돛양태": {
        "word": "돛양태",
        "chosung": "ㄷㅇㅌ",
        "type": "명사",
        "mean": "돛양탯과의 바닷물고기. 몸의 길이는 18cm 정도이고, 잿빛 갈색 바탕에 검은색·흰색의 작은 점이 위쪽에 흩어져 있으며 배는 흰색이다. 입은 작으며 아래턱이 위턱보다 길고 등지느러미는 두 개인데 비늘이 없다. 한국, 일본, 중국 등지에 분포한다. (Repomucenus lunatus)"
    },
    "돛양탯과": {
        "word": "돛양탯과",
        "chosung": "ㄷㅇㅌㄱ",
        "type": "명사",
        "mean": "조기강 농어목의 한 과. 몸이 납작하고 아가미 뚜껑에 큰 가시가 있다. 전 세계의 온대와 열대 수역에 분포한다. 꽁지양태, 동갈양태, 돛양태, 실양태 따위가 있다. (Callionymidae)"
    },
    "돛자락": {
        "word": "돛자락",
        "chosung": "ㄷㅈㄹ",
        "type": "명사",
        "mean": "돛의 늘어진 부분."
    },
    "돛자리": {
        "word": "돛자리",
        "chosung": "ㄷㅈㄹ",
        "type": "명사",
        "mean": "큰개자리의 동남쪽 하늘에 있는 돛 모양의 별자리. 고대의 아르고자리를 네 개의 별자리로 나눈 것 가운데 하나로, 4월 초순의 저녁 무렵에 자오선을 통과한다. ≒범좌(帆座)."
    },
    "돛줄임줄": {
        "word": "돛줄임줄",
        "chosung": "ㄷㅈㅇㅈ",
        "type": "명사",
        "mean": "돛을 올렸다 접어 내렸다 하는 줄."
    },
    "돛천": {
        "word": "돛천",
        "chosung": "ㄷㅊ",
        "type": "명사",
        "mean": "돛을 만드는 데 쓰는 질긴 천. ≒돛베·범포(帆布)."
    },
    "돛폭": {
        "word": "돛폭",
        "chosung": "ㄷㅍ",
        "type": "명사",
        "mean": "1. 돛의 너비. 2. 돛을 이루고 있는 넓은 천. ≒안옷."
    }
}