{
    "돝": {
        "word": "돝",
        "chosung": "ㄷ",
        "type": "명사",
        "mean": "1. ［방언］'돼지'의 방언(함경). 2. ［옛말］'돼지'의 옛말."
    },
    "돝고기": {
        "word": "돝고기",
        "chosung": "ㄷㄱㄱ",
        "type": "명사",
        "mean": "［북한어］'돼지고기'를 예스럽게 이르는 말."
    },
    "돝벌기": {
        "word": "돝벌기",
        "chosung": "ㄷㅂㄱ",
        "type": "명사",
        "mean": "=잎벌레."
    },
    "돝잠": {
        "word": "돝잠",
        "chosung": "ㄷㅈ",
        "type": "명사",
        "mean": "［북한어］돼지가 자는 잠."
    }
}